comparison,method,m,epoch,update,train_loss_step,train_acc_step,train_eval_loss,train_eval_acc,test_loss,test_acc,generalization_gap,elapsed_sec
same_epochs,sgd,,1,391,1.795425571975708,0.33566,1.533639309463501,0.45182,1.5287175388336183,0.4532,-0.0013799999999999923,7.985783100128174
same_epochs,sgd,,2,782,1.522574246444702,0.4424,1.5154650009155273,0.4649,1.5209591451644897,0.4611,0.00379999999999997,14.905455827713013
same_epochs,sgd,,3,1173,1.3996360201263427,0.4902,1.3244507665252685,0.52042,1.3347948356628418,0.517,0.0034199999999999786,21.899232149124146
same_epochs,sgd,,4,1564,1.3157110158538818,0.52662,1.253332562828064,0.55662,1.267767691040039,0.5495,0.007120000000000015,28.885113954544067
same_epochs,sgd,,5,1955,1.2413726933670044,0.55224,1.1307992839050294,0.59428,1.153999195766449,0.587,0.007280000000000064,35.942591428756714
same_epochs,sgd,,6,2346,1.1792877850341796,0.57782,1.1165101837539673,0.6018,1.143650072479248,0.5927,0.009099999999999997,43.08123755455017
same_epochs,sgd,,7,2737,1.1338673956298828,0.59558,1.1534803130340576,0.60084,1.1799869787216186,0.5905,0.010340000000000016,50.20056700706482
same_epochs,sgd,,8,3128,1.0901261259460449,0.6124,1.0463496758651734,0.63076,1.0822877323150635,0.62,0.010759999999999992,57.174031496047974
same_epochs,sgd,,9,3519,1.061758801612854,0.62196,1.0183834712982178,0.64294,1.04873184299469,0.6325,0.010440000000000005,64.31748414039612
same_epochs,sgd,,10,3910,1.0341235856437683,0.63108,0.9464521880340576,0.6663,0.9812609539031982,0.6539,0.012399999999999967,71.4737958908081
same_epochs,sgd,,11,4301,1.001824435043335,0.64312,0.9754771738052368,0.6577,1.0233848656654358,0.6437,0.013999999999999901,78.70173597335815
same_epochs,sgd,,12,4692,0.9778396897125244,0.6541,0.930930832748413,0.66818,0.9801887558937072,0.6568,0.011379999999999946,85.61518049240112
same_epochs,sgd,,13,5083,0.9523980471801757,0.66116,0.929162294883728,0.6747,0.9860810692787171,0.6608,0.013899999999999912,94.58230257034302
same_epochs,sgd,,14,5474,0.9244454738235474,0.67284,0.8417441133880615,0.70232,0.9012144699096679,0.6746,0.027720000000000078,101.67374181747437
same_epochs,sgd,,15,5865,0.9042440103149414,0.67986,0.8329215054512024,0.70572,0.8937247343063355,0.6883,0.01741999999999999,110.2857141494751
same_epochs,sgd,,16,6256,0.8895208114242553,0.68356,0.8063379337310791,0.7145,0.8755782143592834,0.6905,0.02400000000000002,117.14951586723328
same_epochs,sgd,,17,6647,0.8758939701843261,0.68752,0.8205670014762878,0.71444,0.8881870958328247,0.6923,0.022139999999999938,124.37326860427856
same_epochs,sgd,,18,7038,0.8573523558235169,0.69678,0.8007880710601807,0.71372,0.8831522649765015,0.6861,0.027619999999999978,131.45247793197632
same_epochs,sgd,,19,7429,0.8421659172439575,0.70016,0.8336752994155884,0.70818,0.9142698988914489,0.682,0.02617999999999998,138.60439920425415
same_epochs,sgd,,20,7820,0.826841876411438,0.70784,0.7626783554077149,0.73004,0.85201156873703,0.7067,0.023340000000000027,145.74351859092712
same_epochs,sgd,,21,8211,0.8174443516159058,0.71084,0.8046187954330445,0.71898,0.8899355628967285,0.6929,0.026079999999999992,152.8867609500885
same_epochs,sgd,,22,8602,0.8053101749801636,0.71628,0.7482339032173156,0.73798,0.8352954698562622,0.7096,0.02837999999999996,159.9011504650116
same_epochs,sgd,,23,8993,0.7995839298629761,0.71822,0.7223987553405762,0.748,0.8197199956893921,0.7165,0.03149999999999997,166.89743638038635
same_epochs,sgd,,24,9384,0.7829657204818725,0.72432,0.7188018591499329,0.7492,0.8274061832427978,0.7134,0.03579999999999994,173.78852081298828
same_epochs,sgd,,25,9775,0.7662872924423217,0.73096,0.7125749831962586,0.749,0.8180436341285705,0.7195,0.02949999999999997,180.742737531662
same_epochs,sgd,,26,10166,0.7655127544021606,0.72898,0.710661774559021,0.74804,0.8156576266288758,0.7155,0.03254000000000001,188.9876058101654
same_epochs,sgd,,27,10557,0.7490083285522461,0.73582,0.6970209243583679,0.75242,0.8141027222633361,0.7132,0.03922000000000003,195.9730679988861
same_epochs,sgd,,28,10948,0.7393218101692199,0.7407,0.6698864705085754,0.76718,0.7812283593177796,0.7335,0.03367999999999993,203.13987469673157
same_epochs,sgd,,29,11339,0.726055022945404,0.74424,0.64738935962677,0.77262,0.7741591510772705,0.732,0.04061999999999999,210.23282384872437
same_epochs,sgd,,30,11730,0.7171852087783813,0.74718,0.6629942634773255,0.76786,0.79147234249115,0.7293,0.03856000000000004,217.34626698493958
same_epochs,sgd,,31,12121,0.7070454238891601,0.7513,0.6877950623703003,0.7571,0.821967049407959,0.7161,0.041000000000000036,224.27019238471985
same_epochs,sgd,,32,12512,0.7025906295776367,0.75152,0.6166254866409302,0.7829,0.746519501876831,0.742,0.04090000000000005,231.32700395584106
same_epochs,sgd,,33,12903,0.6928370357322693,0.75582,0.6448563230895996,0.77338,0.7805692041397094,0.7328,0.04057999999999995,238.26394176483154
same_epochs,sgd,,34,13294,0.6912300342178345,0.75642,0.6447305197525024,0.77212,0.7771220155715942,0.7356,0.03652,245.42053484916687
same_epochs,sgd,,35,13685,0.6786126293373108,0.7617,0.6080143916702271,0.7881,0.7538357101440429,0.7403,0.047800000000000065,252.42893958091736
same_epochs,sgd,,36,14076,0.6711345599746704,0.764,0.6013854846572876,0.78754,0.7546500991821289,0.7415,0.04603999999999997,259.507648229599
same_epochs,sgd,,37,14467,0.6553663230323792,0.77032,0.6137597582626343,0.78432,0.7614981212615967,0.7383,0.04602000000000006,266.61164021492004
same_epochs,sgd,,38,14858,0.654718209323883,0.77098,0.6142998244285583,0.7811,0.7708111424446106,0.7367,0.044399999999999995,273.5798544883728
same_epochs,sgd,,39,15249,0.6483461575317383,0.7695,0.6103049599456787,0.7816,0.7656478278160095,0.7366,0.04499999999999993,280.51109862327576
same_epochs,sgd,,40,15640,0.6363445271873475,0.77612,0.5477273139953613,0.80956,0.7045918566703796,0.7566,0.052959999999999896,287.56825137138367
same_epochs,sgd,,41,16031,0.6375788530540466,0.77598,0.5467903925514221,0.80734,0.71032623462677,0.7564,0.050939999999999985,294.68032574653625
same_epochs,sgd,,42,16422,0.6216503444766999,0.78072,0.5666202340888977,0.79996,0.7493304348945617,0.7492,0.05076000000000003,301.59934735298157
same_epochs,sgd,,43,16813,0.6183777784824371,0.7825,0.5761917443084716,0.79628,0.7459287916183471,0.7473,0.048980000000000024,308.71140217781067
same_epochs,sgd,,44,17204,0.6131543124008179,0.78186,0.5807000907135009,0.79358,0.751473230791092,0.7438,0.049779999999999935,315.7795159816742
same_epochs,sgd,,45,17595,0.6025799317359924,0.78588,0.5700982762145996,0.8012,0.7594712362289429,0.7435,0.057699999999999974,322.87030935287476
same_epochs,sgd,,46,17986,0.5980138973140716,0.78906,0.5351322307968139,0.81344,0.7258835800170899,0.7532,0.06024000000000007,329.8779573440552
same_epochs,sgd,,47,18377,0.5898358889961243,0.79308,0.5299586729431153,0.81104,0.7144446875095367,0.7584,0.05264000000000002,338.8525333404541
same_epochs,sgd,,48,18768,0.5867287354278564,0.79362,0.5017503099441528,0.82524,0.707105221748352,0.7646,0.06064000000000003,345.7166254520416
same_epochs,sgd,,49,19159,0.5811682120323182,0.79524,0.5326718070983887,0.8127,0.7378127007007599,0.7511,0.06159999999999999,353.31705045700073
same_epochs,sgd,,50,19550,0.5736779319477081,0.79778,0.48367217363357545,0.82966,0.6952988040924072,0.7666,0.06306,360.49368810653687
same_epochs,sgd,,51,19941,0.5644960855007172,0.79982,0.5097897222328186,0.81988,0.7187160862445832,0.7564,0.06348000000000009,367.94890213012695
same_epochs,sgd,,52,20332,0.5633408232116699,0.80172,0.48399470443725584,0.82992,0.6962775117874146,0.767,0.06291999999999998,375.16748666763306
same_epochs,sgd,,53,20723,0.5501794203281403,0.80562,0.4840901498222351,0.82878,0.7020523258209228,0.7638,0.06497999999999993,382.15624737739563
same_epochs,sgd,,54,21114,0.5491179299926758,0.80694,0.45408445329666136,0.84168,0.6738679922580719,0.7718,0.06987999999999994,389.212917804718
same_epochs,sgd,,55,21505,0.5433605532741547,0.81082,0.49347922283172607,0.82554,0.7222884565830231,0.7604,0.06514000000000009,396.2051866054535
same_epochs,sgd,,56,21896,0.5371282724761963,0.80922,0.4526973034095764,0.84132,0.6929479694366455,0.7702,0.07111999999999996,403.2035059928894
same_epochs,sgd,,57,22287,0.5356530927467347,0.81046,0.46017292373657226,0.83898,0.70148080534935,0.7673,0.07167999999999997,410.2844612598419
same_epochs,sgd,,58,22678,0.5215728772544861,0.816,0.485792047328949,0.82888,0.7300095520019532,0.7561,0.07277999999999996,417.43648076057434
same_epochs,sgd,,59,23069,0.5174093832206726,0.81494,0.41141788997650147,0.85558,0.6565956201553345,0.782,0.07357999999999998,424.5548119544983
same_epochs,sgd,,60,23460,0.5188484383964539,0.81584,0.44289900728225706,0.8428,0.6893119869232178,0.7708,0.07199999999999995,432.759818315506
same_epochs,sgd,,61,23851,0.5088953192329406,0.82022,0.431222278175354,0.84824,0.6848558765888214,0.7731,0.07513999999999998,440.9328246116638
same_epochs,sgd,,62,24242,0.5087868536186219,0.82064,0.43382637714385985,0.84804,0.6966484540462494,0.7681,0.07994000000000001,448.080904006958
same_epochs,sgd,,63,24633,0.4882978585624695,0.82808,0.43587525644302366,0.84998,0.7083418245315551,0.7667,0.08327999999999991,455.19578313827515
same_epochs,sgd,,64,25024,0.4969032975578308,0.82444,0.42946765602111814,0.84816,0.7018783582687378,0.771,0.07716,462.09583926200867
same_epochs,sgd,,65,25415,0.4923048025131226,0.82426,0.41672864994049075,0.85514,0.6913320914268494,0.7662,0.08894000000000002,469.19613122940063
same_epochs,sgd,,66,25806,0.4861650564575195,0.82856,0.4526596325492859,0.83898,0.7441780330657959,0.7548,0.08417999999999992,476.28638315200806
same_epochs,sgd,,67,26197,0.4813602446174622,0.82714,0.403092795829773,0.85824,0.6818440353393554,0.7759,0.08233999999999997,483.33285117149353
same_epochs,sgd,,68,26588,0.47528356552124024,0.83274,0.3862983219528198,0.86568,0.6741303262233734,0.7767,0.08898000000000006,490.2559492588043
same_epochs,sgd,,69,26979,0.47256006385803223,0.83248,0.3990110732650757,0.8594,0.684715745639801,0.7738,0.08560000000000001,497.31053161621094
same_epochs,sgd,,70,27370,0.457462779750824,0.83862,0.3855469427108765,0.86362,0.6786900644302368,0.7754,0.08822000000000008,504.39968037605286
same_epochs,sgd,,71,27761,0.4596035897445679,0.83606,0.44214945587158205,0.84464,0.7410898609161377,0.7561,0.08853999999999995,511.3319511413574
same_epochs,sgd,,72,28152,0.45177045930862425,0.8416,0.3666930054855347,0.87248,0.6633082659721374,0.7836,0.08888000000000007,518.4311072826385
same_epochs,sgd,,73,28543,0.45527180841445924,0.8372,0.3671922178840637,0.87064,0.6856203017234802,0.7767,0.09394000000000002,525.3901312351227
same_epochs,sgd,,74,28934,0.44630871643066405,0.84176,0.35150330297470095,0.87666,0.6563868854522705,0.7837,0.09296000000000004,532.5385141372681
same_epochs,sgd,,75,29325,0.4380910917186737,0.84332,0.3617562584686279,0.87184,0.6898272213935852,0.7749,0.09693999999999992,539.6503913402557
same_epochs,sgd,,76,29716,0.43898345831871033,0.84594,0.3498363492202759,0.87774,0.6835753693580627,0.7782,0.09953999999999996,546.7582981586456
same_epochs,sgd,,77,30107,0.43615485518455505,0.84648,0.3512956522274017,0.87836,0.6649271039009095,0.7814,0.09696000000000005,553.768257856369
same_epochs,sgd,,78,30498,0.42204096159934995,0.84832,0.3618129002189636,0.87386,0.703434352016449,0.7732,0.10065999999999997,560.8734610080719
same_epochs,sgd,,79,30889,0.42404422125816343,0.84976,0.31982246128082276,0.88964,0.6486127717971801,0.7876,0.10204000000000002,567.8164491653442
same_epochs,sgd,,80,31280,0.4159256833648682,0.85168,0.3356130834388733,0.88284,0.6741552490234375,0.7803,0.10253999999999996,574.7501850128174
same_epochs,sgd,,81,31671,0.4178284298706055,0.85348,0.3657570655441284,0.8738,0.7173301297187805,0.7737,0.10009999999999997,581.7095155715942
same_epochs,sgd,,82,32062,0.4142833681297302,0.85366,0.32580161737442015,0.88504,0.6641528441429139,0.7836,0.10144000000000009,588.9048943519592
same_epochs,sgd,,83,32453,0.40445700808525087,0.85614,0.31344764486312865,0.88992,0.6574760060310364,0.7838,0.10611999999999999,595.9392354488373
same_epochs,sgd,,84,32844,0.40462385907173154,0.85622,0.3237391066360474,0.88856,0.6689359055519104,0.7867,0.10186000000000006,603.0244994163513
same_epochs,sgd,,85,33235,0.4010253334236145,0.85776,0.32052284299850464,0.887,0.6771393323421478,0.7827,0.10430000000000006,610.167496919632
same_epochs,sgd,,86,33626,0.3939060932064056,0.85962,0.3218834602165222,0.88858,0.6866195185661316,0.7845,0.10408000000000006,617.2507929801941
same_epochs,sgd,,87,34017,0.3885345142364502,0.86228,0.3108843238639832,0.89112,0.6800390250205993,0.7851,0.10602,624.5629534721375
same_epochs,sgd,,88,34408,0.38734417667388915,0.86214,0.28349313022613526,0.90186,0.6554288577079773,0.788,0.11385999999999996,631.5351729393005
same_epochs,sgd,,89,34799,0.3799204339790344,0.86522,0.2882103113365173,0.89996,0.6617272227287293,0.7901,0.10985999999999996,638.6483755111694
same_epochs,sgd,,90,35190,0.3751013773012161,0.86588,0.3036618672180176,0.89306,0.6927516993999481,0.7822,0.11085999999999996,645.6829745769501
same_epochs,sgd,,91,35581,0.37740397002220155,0.86502,0.317205165014267,0.88738,0.6987427488803863,0.7757,0.11168,652.8435926437378
same_epochs,sgd,,92,35972,0.3748529484272003,0.8686,0.28330971603393557,0.90122,0.664380308175087,0.7855,0.11572000000000005,661.3202228546143
same_epochs,sgd,,93,36363,0.36630076290130614,0.87,0.30228986083984377,0.89178,0.7061171977996826,0.7733,0.11848000000000003,668.552089214325
same_epochs,sgd,,94,36754,0.3730811657142639,0.86636,0.2712024059867859,0.90646,0.6701080907821655,0.7878,0.1186600000000001,676.7771172523499
same_epochs,sgd,,95,37145,0.36145941088676453,0.87224,0.27960835639953613,0.90176,0.6861792643070221,0.7815,0.12026000000000003,683.701185464859
same_epochs,sgd,,96,37536,0.3561219327354431,0.87348,0.2728465323638916,0.90434,0.6830808285236358,0.7805,0.12384000000000006,690.8090190887451
same_epochs,sgd,,97,37927,0.35092135429382326,0.87558,0.25314763998031614,0.91146,0.6725434967517853,0.7894,0.12206000000000006,697.8824861049652
same_epochs,sgd,,98,38318,0.3485396834945679,0.87678,0.27795484550476074,0.90188,0.7092664487361908,0.7814,0.12048000000000003,704.9925355911255
same_epochs,sgd,,99,38709,0.34239323645591735,0.87676,0.26560129095077517,0.90524,0.690170352602005,0.7884,0.11684000000000005,711.9452173709869
same_epochs,sgd,,100,39100,0.3445217787742615,0.87772,0.25736481859207155,0.90974,0.6828171167373657,0.7876,0.12214000000000003,718.9903697967529
same_epochs,sgd,,101,39491,0.33571466386795046,0.88046,0.2494016514778137,0.91228,0.6883141067504883,0.785,0.12727999999999995,726.0482094287872
same_epochs,sgd,,102,39882,0.3371516125059128,0.88098,0.24553872765541077,0.91516,0.6701905760765076,0.786,0.12915999999999994,733.0044219493866
same_epochs,sgd,,103,40273,0.3329452524185181,0.88142,0.22991565172195436,0.92116,0.6609448521614075,0.791,0.13015999999999994,740.0975379943848
same_epochs,sgd,,104,40664,0.3320636288833618,0.88112,0.24228416013717652,0.91448,0.6903463403463364,0.7819,0.13257999999999992,747.4379315376282
same_epochs,sgd,,105,41055,0.32609221898078916,0.8844,0.22297214909553528,0.92162,0.6728437091827393,0.7915,0.13012,754.5968236923218
same_epochs,sgd,,106,41446,0.3204076191139221,0.88644,0.2514694843006134,0.912,0.7108398564338684,0.7823,0.12970000000000004,761.700784444809
same_epochs,sgd,,107,41837,0.31955167287826536,0.88616,0.26403275650024416,0.90552,0.7199863480567932,0.7824,0.12312000000000001,768.6267292499542
same_epochs,sgd,,108,42228,0.3158962332201004,0.88812,0.2213593421459198,0.92444,0.6762216294527054,0.7881,0.13634000000000002,775.6710703372955
same_epochs,sgd,,109,42619,0.31372416299819944,0.88724,0.22747520424842835,0.9209,0.6944696160793304,0.7851,0.13580000000000003,782.7994430065155
same_epochs,sgd,,110,43010,0.30828854850769044,0.88958,0.23725427030563354,0.91876,0.7072304927825928,0.7884,0.13036000000000003,789.9659843444824
same_epochs,sgd,,111,43401,0.3133545433139801,0.88796,0.22566325276374816,0.92096,0.7080074431419373,0.7833,0.13766,797.01575922966
same_epochs,sgd,,112,43792,0.30045325966835024,0.89246,0.20235250314712525,0.93056,0.6931847709655762,0.7916,0.13896000000000008,804.056075334549
same_epochs,sgd,,113,44183,0.302912685379982,0.89248,0.23227479850769042,0.91772,0.7147781621932984,0.7817,0.13602000000000003,811.1510543823242
same_epochs,sgd,,114,44574,0.29961732397079466,0.89216,0.2516402562046051,0.90868,0.7359911806106567,0.7826,0.12608000000000008,819.0376951694489
same_epochs,sgd,,115,44965,0.2872566668319702,0.8975,0.18894461673736573,0.935,0.6704881691932678,0.7934,0.14160000000000006,826.1701138019562
same_epochs,sgd,,116,45356,0.28790934930801393,0.89782,0.22771530444145202,0.92064,0.7382991768598557,0.7809,0.13973999999999998,833.2439165115356
same_epochs,sgd,,117,45747,0.28919208676815034,0.89548,0.20498674039840697,0.9275,0.7035030067443848,0.7844,0.1431,840.1594605445862
same_epochs,sgd,,118,46138,0.28327133256435394,0.89954,0.2017794002532959,0.92908,0.7205729714393616,0.7886,0.14048000000000005,847.0776319503784
same_epochs,sgd,,119,46529,0.281406903924942,0.89936,0.1916401872062683,0.93246,0.6969371391296386,0.7978,0.13466,853.9733953475952
same_epochs,sgd,,120,46920,0.26741121467590334,0.90544,0.1958495158672333,0.93174,0.7113813000679016,0.7924,0.13934000000000002,861.0250260829926
same_epochs,sgd,,121,47311,0.27524693432807923,0.901,0.20456803991317749,0.92968,0.7258663749217987,0.7867,0.14298,868.1518230438232
same_epochs,sgd,,122,47702,0.2757324680328369,0.9013,0.21221607984542848,0.92608,0.7162112211227417,0.7875,0.13858000000000004,876.0916798114777
same_epochs,sgd,,123,48093,0.2698864484548569,0.90408,0.18309567450523376,0.93706,0.7079305414199829,0.7931,0.14395999999999998,883.0389964580536
same_epochs,sgd,,124,48484,0.26347034071922304,0.90656,0.15887858946800232,0.94626,0.6973921005249023,0.797,0.14925999999999995,889.9633302688599
same_epochs,sgd,,125,48875,0.258507360868454,0.90594,0.18521288006782533,0.9351,0.7388128507614136,0.7936,0.14150000000000007,896.8689835071564
same_epochs,sgd,,126,49266,0.26038736421585085,0.9064,0.1621318382358551,0.94406,0.6906867606163025,0.7981,0.14595999999999998,903.9694075584412
same_epochs,sgd,,127,49657,0.25989715993881224,0.90748,0.17518517749786378,0.93848,0.7347042440414429,0.7873,0.15117999999999998,910.8302011489868
same_epochs,sgd,,128,50048,0.2610914128112793,0.90698,0.17026267417907714,0.942,0.7073367691040039,0.794,0.1479999999999999,957.5632121562958
same_epochs,sgd,,129,50439,0.24553097188472747,0.91364,0.15210859473228455,0.94864,0.6828794132232666,0.7972,0.15144000000000002,964.6489024162292
same_epochs,sgd,,130,50830,0.2531428064203262,0.90978,0.17087870822906495,0.94082,0.7274205745697021,0.7915,0.14932,972.0624544620514
same_epochs,sgd,,131,51221,0.24566132690429687,0.91102,0.1827189350605011,0.93492,0.7476420680999756,0.7875,0.14742,1018.4322109222412
same_epochs,sgd,,132,51612,0.2419654924058914,0.9149,0.17316791109085083,0.94066,0.7240830852746963,0.7865,0.15416000000000007,1025.4543268680573
same_epochs,sgd,,133,52003,0.23824941737174987,0.91462,0.172159029340744,0.93938,0.7340094882488251,0.7885,0.15088000000000001,1076.2129456996918
same_epochs,sgd,,134,52394,0.24076559163093567,0.91356,0.16116193576335908,0.94268,0.7238297183990479,0.7938,0.14888,1083.3518242835999
same_epochs,sgd,,135,52785,0.23957150079727174,0.91354,0.16308058626174926,0.94114,0.759630098605156,0.7917,0.14944000000000002,1090.5158689022064
same_epochs,sgd,,136,53176,0.23336487328052521,0.91552,0.1683679443836212,0.93966,0.7476189785003662,0.7867,0.1529600000000001,1137.6465618610382
same_epochs,sgd,,137,53567,0.23008798392295837,0.91854,0.14242926022052765,0.9501,0.7109288719177246,0.7974,0.15269999999999995,1144.6852724552155
same_epochs,sgd,,138,53958,0.22726430121421815,0.91816,0.16980568245410918,0.93992,0.7410207063674926,0.7926,0.14732,1195.2741901874542
same_epochs,sgd,,139,54349,0.22684594937324523,0.91872,0.15772652958393096,0.94522,0.7461747646331787,0.7933,0.15191999999999994,1202.4185926914215
same_epochs,sgd,,140,54740,0.2279305192375183,0.91782,0.14996254761695862,0.94818,0.7325886719226837,0.7959,0.15227999999999997,1209.6831600666046
same_epochs,sgd,,141,55131,0.22968031400203706,0.9181,0.14247078986644746,0.95034,0.7210243295669556,0.8003,0.15003999999999995,1256.6553332805634
same_epochs,sgd,,142,55522,0.2219281228351593,0.92172,0.18852655876159669,0.93142,0.7857588129997254,0.7828,0.14861999999999997,1263.6442649364471
same_epochs,sgd,,143,55913,0.22207004006385803,0.91994,0.1465014868927002,0.94898,0.7380308086395264,0.7911,0.15788000000000002,1270.8643186092377
same_epochs,sgd,,144,56304,0.21953296131134034,0.92236,0.14045457649230958,0.95046,0.739073346567154,0.7957,0.15476,1318.0152354240417
same_epochs,sgd,,145,56695,0.20483501670837403,0.92776,0.13341368671894074,0.95344,0.7570499385356904,0.7918,0.16164,1325.1344113349915
same_epochs,sgd,,146,57086,0.21614087800502776,0.92372,0.12808478987693786,0.956,0.7571186157226563,0.7953,0.16069999999999995,1348.8309631347656
same_epochs,sgd,,147,57477,0.21469474228858948,0.92354,0.13992371799468994,0.9521,0.7430856548309326,0.7933,0.15879999999999994,1355.828593969345
same_epochs,sgd,,148,57868,0.20944104057312013,0.92386,0.1408465859556198,0.94984,0.753950531077385,0.7953,0.15454,1363.1877839565277
same_epochs,sgd,,149,58259,0.20455480166435241,0.92756,0.123524454164505,0.95756,0.7400622488975525,0.7952,0.16235999999999995,1371.160638332367
same_epochs,sgd,,150,58650,0.20050174822330474,0.92878,0.12185458554267883,0.95886,0.7496102590560914,0.7958,0.1630600000000001,1378.067701101303
same_epochs,sgd,,151,59041,0.2032349889421463,0.92684,0.11483282611846923,0.96202,0.7438016777992249,0.7983,0.16371999999999998,1385.241676568985
same_epochs,sgd,,152,59432,0.19456233989715577,0.9311,0.14499993550777435,0.94972,0.7665676301479339,0.793,0.15671999999999997,1392.333705663681
same_epochs,sgd,,153,59823,0.1984282953262329,0.9292,0.10952902310371398,0.9635,0.7425652602195739,0.7982,0.1653,1399.3417134284973
same_epochs,sgd,,154,60214,0.18986965303421022,0.9326,0.12181345828533173,0.9589,0.7658086446762085,0.7956,0.1633,1407.2877049446106
same_epochs,sgd,,155,60605,0.19174408394813539,0.93154,0.11695243611335754,0.9604,0.7628895462036133,0.7948,0.16560000000000008,1414.2579154968262
same_epochs,sgd,,156,60996,0.19591968872070312,0.92992,0.11393946028709412,0.96126,0.7483759430885315,0.8024,0.15886,1421.2766320705414
same_epochs,sgd,,157,61387,0.1864420714044571,0.93368,0.11482917610168457,0.96104,0.7571785298347473,0.7949,0.16613999999999995,1428.4157943725586
same_epochs,sgd,,158,61778,0.18128527513504028,0.93486,0.13940566306591035,0.95142,0.7880752746105194,0.7928,0.1586200000000001,1435.3861758708954
same_epochs,sgd,,159,62169,0.1832469280052185,0.93436,0.1119281032037735,0.96058,0.7796752805709839,0.7937,0.16688000000000003,1442.3165805339813
same_epochs,sgd,,160,62560,0.18402028515815735,0.93408,0.12087517594337463,0.95766,0.7542905685901642,0.7914,0.16625999999999996,1449.2253866195679
same_epochs,sgd,,161,62951,0.1891013397693634,0.933,0.13499315647125243,0.9518,0.7952334824562073,0.7878,0.16400000000000003,1456.1650576591492
same_epochs,sgd,,162,63342,0.1803200434732437,0.9359,0.10555995777606964,0.96408,0.7414916316986084,0.8029,0.1611800000000001,1463.2921183109283
same_epochs,sgd,,163,63733,0.17217561281204224,0.93872,0.11421846737384796,0.96056,0.7744683082580567,0.7964,0.16415999999999997,1470.38356924057
same_epochs,sgd,,164,64124,0.18134526242256163,0.93514,0.09986034341096878,0.96564,0.7595274731636047,0.7987,0.1669400000000001,1477.4023652076721
same_epochs,sgd,,165,64515,0.18037681323051452,0.93626,0.0972478946352005,0.9672,0.754215451335907,0.7967,0.17049999999999998,1484.2779035568237
same_epochs,sgd,,166,64906,0.17892538049221038,0.93538,0.11903654592037201,0.96044,0.7880730478286743,0.7893,0.17113999999999996,1491.3017792701721
same_epochs,sgd,,167,65297,0.16698699139595033,0.94026,0.10911914865493774,0.96192,0.7635209199905395,0.7958,0.16612000000000005,1498.2546763420105
same_epochs,sgd,,168,65688,0.17920544906139374,0.93572,0.10106238106250763,0.9655,0.7772894397735596,0.7972,0.1683,1505.3566012382507
same_epochs,sgd,,169,66079,0.1643623010802269,0.9433,0.10735745277404785,0.9643,0.78596616563797,0.7991,0.1652,1512.4675137996674
same_epochs,sgd,,170,66470,0.16694134162902832,0.94026,0.12814281444072723,0.95496,0.8087574614524842,0.7871,0.16786,1519.4819014072418
same_epochs,sgd,,171,66861,0.17360750933647157,0.93684,0.10151523327112198,0.96614,0.7818424936294556,0.799,0.16713999999999996,1526.434779882431
same_epochs,sgd,,172,67252,0.1669836577987671,0.93966,0.09761184440374375,0.96704,0.7741845911026001,0.7958,0.17124000000000006,1533.5696573257446
same_epochs,sgd,,173,67643,0.16880647183418274,0.93946,0.16756873626708985,0.9414,0.8883887931823731,0.7795,0.16190000000000004,1540.6901786327362
same_epochs,sgd,,174,68034,0.16400506414651872,0.94194,0.09856846082687377,0.9662,0.7822374732017517,0.7969,0.1692999999999999,1547.606303691864
same_epochs,sgd,,175,68425,0.1503791090297699,0.94706,0.10003578453540803,0.96498,0.8094131833076477,0.7965,0.16847999999999996,1554.8038160800934
same_epochs,sgd,,176,68816,0.16096106390953063,0.94232,0.1159860657787323,0.9582,0.8504609937667846,0.7915,0.16670000000000007,1561.8681962490082
same_epochs,sgd,,177,69207,0.1558396975374222,0.94606,0.10958372634887695,0.96224,0.8207242162704468,0.7908,0.17144000000000004,1568.9945743083954
same_epochs,sgd,,178,69598,0.15383507239818572,0.94556,0.07925871266841888,0.97462,0.7860024998664856,0.7957,0.17892000000000008,1575.901867866516
same_epochs,sgd,,179,69989,0.153409749751091,0.94528,0.09765292999744415,0.96616,0.8254302370071411,0.7958,0.17036000000000007,1582.8538174629211
same_epochs,sgd,,180,70380,0.15253905824661254,0.94684,0.10777709598064422,0.96344,0.8328756839752197,0.7935,0.16993999999999998,1589.957997560501
same_epochs,sgd,,181,70771,0.13931936962127686,0.9512,0.08711433717727661,0.97032,0.8138979303359986,0.7885,0.18181999999999998,1596.8939788341522
same_epochs,sgd,,182,71162,0.1528184142780304,0.94462,0.11423538482189179,0.95972,0.8558721163272858,0.7849,0.17481999999999998,1603.8286619186401
same_epochs,sgd,,183,71553,0.14208893005371093,0.9495,0.08711247457504273,0.97066,0.7931320906162262,0.7956,0.17506,1610.7585022449493
same_epochs,sgd,,184,71944,0.15113497832775116,0.94574,0.11165599927663804,0.96136,0.8410432795524597,0.7891,0.17225999999999997,1617.7906527519226
same_epochs,sgd,,185,72335,0.1442878995847702,0.94948,0.080166129155159,0.97462,0.7638057987213135,0.8006,0.17402000000000006,1624.9591279029846
same_epochs,sgd,,186,72726,0.14083701981306077,0.95016,0.09594132719039918,0.96612,0.8323206386566162,0.7921,0.17401999999999995,1632.0711824893951
same_epochs,sgd,,187,73117,0.14092998282432556,0.95026,0.08066120998382569,0.97426,0.7867788921356201,0.7969,0.17735999999999996,1639.2220141887665
same_epochs,sgd,,188,73508,0.13791184339523316,0.95244,0.10106628751516342,0.96542,0.8303774082183838,0.7918,0.17362,1646.1985411643982
same_epochs,sgd,,189,73899,0.14147995855331422,0.95026,0.08662718718051911,0.96984,0.8119568140983582,0.7952,0.17464000000000002,1654.5183928012848
same_epochs,sgd,,190,74290,0.14371726541996002,0.94942,0.07141410858154297,0.97702,0.7827004027366639,0.799,0.17801999999999996,1661.5570092201233
same_epochs,sgd,,191,74681,0.1318253735923767,0.9532,0.07905702926874161,0.97346,0.8124622197151184,0.7969,0.17655999999999994,1669.1386654376984
same_epochs,sgd,,192,75072,0.13778276853561403,0.9509,0.08771480621814728,0.96952,0.833622501373291,0.7956,0.17392000000000007,1676.166822195053
same_epochs,sgd,,193,75463,0.13444736231803894,0.95306,0.06859962585926056,0.9776,0.7938376652240753,0.8035,0.17410000000000003,1683.1563069820404
same_epochs,sgd,,194,75854,0.12811305558681488,0.95578,0.09348982369184494,0.9667,0.8456243057250976,0.7961,0.17059999999999997,1690.2576701641083
same_epochs,sgd,,195,76245,0.13888669008255006,0.9513,0.07750381513834,0.97398,0.8131066489696502,0.7982,0.17577999999999994,1697.3591887950897
same_epochs,sgd,,196,76636,0.12752986194849014,0.95498,0.07711132988810539,0.9744,0.8393726949691772,0.796,0.1784,1704.3020524978638
same_epochs,sgd,,197,77027,0.13122445893526077,0.95418,0.07645769464612007,0.9743,0.8254392408370972,0.8002,0.17410000000000003,1711.4522604942322
same_epochs,sgd,,198,77418,0.1324232555103302,0.95332,0.10093595873832703,0.96506,0.8771451433181763,0.7892,0.17586000000000002,1719.4875910282135
same_epochs,sgd,,199,77809,0.1276576306629181,0.95488,0.08155584512710572,0.9729,0.8406745587348938,0.7999,0.17299999999999993,1726.582243680954
same_epochs,sgd,,200,78200,0.12718926499843597,0.9554,0.08294300180435181,0.9715,0.8346370244026184,0.7966,0.17490000000000006,1733.8144738674164
same_epochs,sgd,,201,78591,0.12725493139743804,0.95496,0.07965636274337769,0.97168,0.8417942653656005,0.7975,0.17418,1740.8434927463531
same_epochs,sgd,,202,78982,0.12699524542331694,0.95502,0.06006648708820343,0.9808,0.8180299330711365,0.8035,0.1773,1748.3651056289673
same_epochs,sgd,,203,79373,0.12405434813499451,0.95698,0.09014426645040512,0.96872,0.8615708991527558,0.7965,0.17222000000000004,1755.5606498718262
same_epochs,sgd,,204,79764,0.1247506123304367,0.95582,0.06908432349681855,0.9768,0.8329229421138763,0.7939,0.18289999999999995,1762.5836713314056
same_epochs,sgd,,205,80155,0.12201597226381301,0.95714,0.08849912091255188,0.96974,0.8544552701950073,0.7949,0.17484,1798.6926250457764
same_epochs,sgd,,206,80546,0.12267350109338761,0.95746,0.0842687186384201,0.97132,0.854991605091095,0.7936,0.17772,1805.612835407257
same_epochs,sgd,,207,80937,0.12121933504104614,0.95798,0.057246139562129976,0.98094,0.8302969973564148,0.8017,0.17924000000000007,1812.5364747047424
same_epochs,sgd,,208,81328,0.1227928591799736,0.95658,0.06700622109889984,0.97714,0.8547172145366668,0.7977,0.17944000000000004,1819.8302869796753
same_epochs,sgd,,209,81719,0.11757539514064788,0.95856,0.08067126967430115,0.97258,0.8490759557723999,0.793,0.17957999999999996,1826.9091577529907
same_epochs,sgd,,210,82110,0.11347748396754265,0.95928,0.08006042749881745,0.9726,0.8908101371765137,0.7889,0.18369999999999997,1835.038957118988
same_epochs,sgd,,211,82501,0.12022146437168121,0.95736,0.07667198065280914,0.97482,0.8336854866981507,0.7984,0.17642000000000002,1842.0604920387268
same_epochs,sgd,,212,82892,0.11980705685615539,0.95764,0.07298595026016236,0.97564,0.8379268303871155,0.7978,0.17784,1848.9991023540497
same_epochs,sgd,,213,83283,0.11224223230838776,0.96062,0.08413615387916565,0.97084,0.8735708023071289,0.7966,0.17424000000000006,1856.196412563324
same_epochs,sgd,,214,83674,0.11357377749919892,0.95896,0.07158795012950897,0.97614,0.8411322805404663,0.7978,0.17834000000000005,1863.4057807922363
same_epochs,sgd,,215,84065,0.10823679454803467,0.96184,0.06005462036371231,0.97996,0.8181408424377441,0.7961,0.18386000000000002,1870.45760846138
same_epochs,sgd,,216,84456,0.10908259147167206,0.96228,0.0834397069787979,0.97056,0.881841918182373,0.795,0.17555999999999994,1877.4231493473053
same_epochs,sgd,,217,84847,0.11414969310283661,0.95972,0.09292168685674668,0.96702,0.890423668384552,0.7904,0.17662,1884.5036036968231
same_epochs,sgd,,218,85238,0.11055383491039276,0.96126,0.06304069956302642,0.97848,0.8374071279048919,0.7984,0.18008000000000002,1891.4918639659882
same_epochs,sgd,,219,85629,0.11314031450271607,0.96042,0.05982481206178665,0.97938,0.836334370803833,0.8023,0.17708000000000002,1898.4042575359344
same_epochs,sgd,,220,86020,0.10562402457237244,0.96222,0.06487353027582168,0.9773,0.8457951682567596,0.7988,0.1785,1905.453207731247
same_epochs,sgd,,221,86411,0.1046777258348465,0.96382,0.07497851759433746,0.97472,0.8848250698089599,0.796,0.17872,1912.519779920578
same_epochs,sgd,,222,86802,0.11064834240913392,0.96172,0.05682096176147461,0.98182,0.8357979254722595,0.8035,0.17832000000000003,1919.4683442115784
same_epochs,sgd,,223,87193,0.10821895756721496,0.95998,0.06011304464578628,0.97998,0.8300629826545716,0.8045,0.17547999999999997,1926.317084312439
same_epochs,sgd,,224,87584,0.09653458675861358,0.96638,0.07801856680870056,0.97364,0.8920893200874329,0.7984,0.17523999999999995,1975.1673011779785
same_epochs,sgd,,225,87975,0.10233947637796402,0.96386,0.053173002346754074,0.98188,0.838615465927124,0.8056,0.17628,1982.3606157302856
same_epochs,sgd,,226,88366,0.1077735562157631,0.96166,0.0479528299844265,0.98454,0.8255612700462341,0.8012,0.18333999999999995,1989.4335143566132
same_epochs,sgd,,227,88757,0.10400063847541809,0.96382,0.05122143138408661,0.9825,0.8329456558704377,0.8008,0.18170000000000008,2036.6151955127716
same_epochs,sgd,,228,89148,0.10732835008144379,0.96236,0.05713979051589966,0.9813,0.8456223965167999,0.8068,0.1745,2043.6922190189362
same_epochs,sgd,,229,89539,0.11174562677383423,0.96074,0.06648727697849274,0.97816,0.8406982522010803,0.801,0.17715999999999998,2050.703478574753
same_epochs,sgd,,230,89930,0.09552451261043549,0.96718,0.0561370792388916,0.9808,0.8485659449577332,0.7994,0.1814,2099.0100812911987
same_epochs,sgd,,231,90321,0.09842244992733001,0.96498,0.050276721296310424,0.98366,0.8149569602966309,0.8057,0.17796,2106.1197485923767
same_epochs,sgd,,232,90712,0.1003068228006363,0.96504,0.05750437146902084,0.98072,0.8370629542350769,0.8074,0.17332000000000003,2155.7463779449463
same_epochs,sgd,,233,91103,0.10233137271404266,0.96402,0.05471062384366989,0.98274,0.8299127643585205,0.7984,0.18433999999999995,2162.6565432548523
same_epochs,sgd,,234,91494,0.09583155539512635,0.96646,0.060025215277671816,0.9795,0.8609232709884643,0.7991,0.1804,2169.765967607498
same_epochs,sgd,,235,91885,0.09624646227359772,0.96658,0.06576905998945236,0.97834,0.8695148599624634,0.7959,0.18243999999999994,2217.511548280716
same_epochs,sgd,,236,92276,0.1015842513012886,0.96356,0.06511926807880401,0.97828,0.8811554243087768,0.7949,0.18338,2225.6987342834473
same_epochs,sgd,,237,92667,0.09596497598171234,0.966,0.07727251996040345,0.97314,0.8944479537010193,0.7887,0.18444000000000005,2232.652580499649
same_epochs,sgd,,238,93058,0.09697834486722946,0.96604,0.054617240364551546,0.98194,0.8401793928146363,0.8045,0.17744000000000004,2278.702828168869
same_epochs,sgd,,239,93449,0.10212396020650864,0.96448,0.05572068239092827,0.98166,0.8442480910301209,0.7967,0.18496,2285.852176427841
same_epochs,sgd,,240,93840,0.09035415909528732,0.9691,0.048265111383199694,0.98438,0.8284858927726746,0.8056,0.17878000000000005,2336.3685822486877
same_epochs,sgd,,241,94231,0.09474400661945342,0.9665,0.06527064985752105,0.97748,0.888122431564331,0.7997,0.17778000000000005,2343.352653503418
same_epochs,sgd,,242,94622,0.09600578311920166,0.96642,0.05039870295166969,0.98358,0.8482013517379761,0.8047,0.17888000000000004,2350.4554450511932
same_epochs,sgd,,243,95013,0.09671901249885559,0.9653,0.05550053883552551,0.98138,0.8619780960083008,0.8038,0.17758000000000007,2398.1378960609436
same_epochs,sgd,,244,95404,0.09217155531406403,0.9677,0.053128876640796664,0.98214,0.8578189940452575,0.8001,0.18203999999999998,2405.1053779125214
same_epochs,sgd,,245,95795,0.09238218769133091,0.96784,0.06237262979745865,0.979,0.8913071335792542,0.7976,0.1814,2455.511244058609
same_epochs,sgd,,246,96186,0.09190439700841904,0.96648,0.05526158816277981,0.9805,0.8507962139129639,0.8054,0.17510000000000003,2462.427535057068
same_epochs,sgd,,247,96577,0.09258167687654495,0.96736,0.06791535177469253,0.9772,0.8871274562835694,0.7974,0.17979999999999996,2469.532953977585
same_epochs,sgd,,248,96968,0.08374029529809952,0.97036,0.05205578237175942,0.98256,0.8670415682792664,0.8045,0.17806,2516.9323234558105
same_epochs,sgd,,249,97359,0.09509050072193145,0.96638,0.05079858331680298,0.9843,0.8776694753646851,0.8025,0.18179999999999996,2523.873251438141
same_epochs,sgd,,250,97750,0.09137238196134567,0.969,0.050354552400112156,0.9834,0.8672707457065583,0.8019,0.1815000000000001,2530.843875646591
same_epochs,sgd,,251,98141,0.08521983607530594,0.97062,0.05492109093904495,0.9818,0.8901655483245849,0.7991,0.18269999999999997,2578.387167930603
same_epochs,sgd,,252,98532,0.09473011524200439,0.96692,0.06841533504724502,0.97606,0.8982902451515198,0.7956,0.18046000000000006,2585.3624727725983
same_epochs,sgd,,253,98923,0.08850610751569271,0.96876,0.0733794146180153,0.97402,0.897544088935852,0.7946,0.17942000000000002,2593.416304588318
same_epochs,sgd,,254,99314,0.09198769121170045,0.96836,0.03994269519090653,0.98744,0.8369448182106018,0.8064,0.18103999999999998,2600.372507095337
same_epochs,sgd,,255,99705,0.08714341363430023,0.96944,0.04628550174474716,0.9854,0.8670734148025513,0.8007,0.1847000000000001,2607.5630280971527
same_epochs,sgd,,256,100096,0.08045665162801742,0.9724,0.06443360522270203,0.97864,0.9245041225433349,0.7959,0.1827399999999999,2614.5266542434692
same_epochs,sgd,,257,100487,0.08016154795765877,0.97192,0.04560960345029831,0.98514,0.8835106566429138,0.8024,0.18274,2621.6334331035614
same_epochs,sgd,,258,100878,0.08072680235385894,0.9717,0.04608496160328388,0.9843,0.8687868458271026,0.8026,0.18169999999999997,2628.6771614551544
same_epochs,sgd,,259,101269,0.08499330041408538,0.97096,0.05104071940004826,0.98328,0.8929702701568604,0.798,0.18528,2636.1613998413086
same_epochs,sgd,,260,101660,0.08181922836840153,0.97202,0.0529620300090313,0.98212,0.8814792320251464,0.8016,0.18052,2643.121254682541
same_epochs,sgd,,261,102051,0.08669261353969573,0.9697,0.04642126114606857,0.98506,0.8707991882324219,0.8071,0.17796,2650.105733394623
same_epochs,sgd,,262,102442,0.0855706683409214,0.9706,0.044896675852537156,0.98558,0.8735259967803956,0.806,0.17957999999999996,2657.8806879520416
same_epochs,sgd,,263,102833,0.0744040204834938,0.97402,0.05411388564109802,0.9817,0.8965781852722168,0.8001,0.18159999999999998,2664.7654886245728
same_epochs,sgd,,264,103224,0.080050220515728,0.9726,0.04458171648025513,0.98576,0.8792525611877441,0.8027,0.18306,2671.6264255046844
same_epochs,sgd,,265,103615,0.08002188676595688,0.9721,0.04852705117225647,0.98364,0.8917559764862061,0.8008,0.18284,2678.696038722992
same_epochs,sgd,,266,104006,0.08876150605201721,0.96916,0.04736539837777615,0.98376,0.8968745368957519,0.8026,0.18116,2685.768480539322
same_epochs,sgd,,267,104397,0.08598296650648117,0.96948,0.04259513958215713,0.98622,0.8758972418785095,0.8103,0.17591999999999997,2692.75359749794
same_epochs,sgd,,268,104788,0.07324226016044617,0.97446,0.04584795415043831,0.98462,0.8940637475967407,0.7989,0.18572,2699.7012243270874
same_epochs,sgd,,269,105179,0.07985561319351196,0.97216,0.04843254136621952,0.98368,0.8819807247161865,0.8005,0.18318,2706.6163625717163
same_epochs,sgd,,270,105570,0.08694442891597748,0.9692,0.05596882430672646,0.98086,0.884232656288147,0.8002,0.18065999999999993,2714.3499658107758
same_epochs,sgd,,271,105961,0.07794488914728165,0.97272,0.052372577732801434,0.9825,0.8829353854179383,0.7995,0.18300000000000005,2721.5108182430267
same_epochs,sgd,,272,106352,0.0816443030500412,0.97088,0.039536413266658785,0.98684,0.8645219371795654,0.8035,0.18334000000000006,2728.488567829132
same_epochs,sgd,,273,106743,0.08311369367361068,0.97114,0.06749401506662368,0.97716,0.9472368558883667,0.791,0.18616,2735.501225233078
same_epochs,sgd,,274,107134,0.07765450010299682,0.97344,0.04825427226781845,0.98364,0.8762746138572692,0.8003,0.18333999999999995,2742.4126482009888
same_epochs,sgd,,275,107525,0.07658716291069985,0.97374,0.03803752910673618,0.98772,0.859095697593689,0.8053,0.18242000000000003,2749.8598732948303
same_epochs,sgd,,276,107916,0.07716127028226852,0.9723,0.05983588733196259,0.97936,0.9110474555969238,0.7974,0.18196,2756.8789460659027
same_epochs,sgd,,277,108307,0.07912221251010895,0.97218,0.044433571070432665,0.98492,0.887058907032013,0.8027,0.18222000000000005,2763.9864780902863
same_epochs,sgd,,278,108698,0.07189395700931549,0.97496,0.04113474737644195,0.98648,0.8694889483451843,0.8056,0.18088000000000004,2771.016712665558
same_epochs,sgd,,279,109089,0.07428194720864296,0.97402,0.051987456740140915,0.98236,0.915062628364563,0.7992,0.18316,2778.072546005249
same_epochs,sgd,,280,109480,0.07180886033833027,0.97464,0.05344891301631927,0.9819,0.9454333065032959,0.7958,0.18610000000000004,2785.0989327430725
same_epochs,sgd,,281,109871,0.07943211136817932,0.97246,0.04492051177084446,0.98526,0.9056318638801575,0.7964,0.18886000000000003,2792.1199581623077
same_epochs,sgd,,282,110262,0.07416958493709565,0.974,0.034898725485801696,0.98932,0.8468888187408448,0.8088,0.18052,2799.0492672920227
same_epochs,sgd,,283,110653,0.0742583454823494,0.97442,0.052877635516524316,0.9821,0.8974198199748993,0.8022,0.17989999999999995,2806.5679726600647
same_epochs,sgd,,284,111044,0.0734893269276619,0.97454,0.03622888183116913,0.98854,0.8695878867149353,0.8057,0.18284,2813.4604799747467
same_epochs,sgd,,285,111435,0.06853671604156494,0.97604,0.03894836992442608,0.98698,0.8920671347618103,0.801,0.18597999999999992,2820.5344145298004
same_epochs,sgd,,286,111826,0.0729875133061409,0.97424,0.04779985662937164,0.98344,0.9059876382827758,0.8007,0.18274,2827.3774592876434
same_epochs,sgd,,287,112217,0.07867693779230117,0.97236,0.04101987019956112,0.98696,0.8720454714775085,0.8054,0.18155999999999994,2834.5179805755615
same_epochs,sgd,,288,112608,0.06859265498638153,0.97664,0.03694038866460323,0.98836,0.8682990320205688,0.8054,0.18296,2841.4992678165436
same_epochs,sgd,,289,112999,0.0715616276359558,0.97476,0.03690637589812279,0.98816,0.8908224584579468,0.8019,0.1862600000000001,2848.413405895233
same_epochs,sgd,,290,113390,0.07494133917450904,0.9728,0.0395408775639534,0.98746,0.8929685700416565,0.802,0.18545999999999996,2855.325557231903
same_epochs,sgd,,291,113781,0.07240555151939392,0.97476,0.04008931496858597,0.9866,0.8712182228088379,0.8013,0.18530000000000002,2862.31364774704
same_epochs,sgd,,292,114172,0.07121122941374779,0.97592,0.06842712908744812,0.97642,0.9247832761764526,0.7925,0.18391999999999997,2869.414061307907
same_epochs,sgd,,293,114563,0.07320424957752228,0.97414,0.04649440415263176,0.98454,0.899422748374939,0.8005,0.18403999999999998,2876.5522685050964
same_epochs,sgd,,294,114954,0.07585306121826171,0.97378,0.051895464279651644,0.98242,0.9093205598831177,0.8031,0.17931999999999992,2883.577404499054
same_epochs,sgd,,295,115345,0.0699592276751995,0.976,0.03746633622169494,0.98774,0.8943026205062866,0.8048,0.18294,2890.6782784461975
same_epochs,sgd,,296,115736,0.06444337183475495,0.97804,0.045869449944496155,0.98442,0.9046390712738037,0.7961,0.18831999999999993,2936.352297067642
same_epochs,sgd,,297,116127,0.0722466178703308,0.97474,0.05504399229884148,0.9816,0.9280951034545899,0.7987,0.18290000000000006,2943.469604253769
same_epochs,sgd,,298,116518,0.07383892399191856,0.97446,0.03374447454869747,0.98942,0.8667982919692994,0.8061,0.18331999999999993,2950.623463153839
same_epochs,sgd,,299,116909,0.06425792246580124,0.97746,0.0450701105093956,0.98508,0.922594875049591,0.8013,0.18377999999999994,2997.739264011383
same_epochs,sgd,,300,117300,0.06670645245552063,0.97654,0.05305197897434235,0.98146,0.9286019931793212,0.8032,0.17825999999999997,3005.033627510071
same_epochs,sgd,,301,117691,0.06292774855017662,0.97858,0.04116528316736221,0.98634,0.871912211227417,0.8032,0.18313999999999997,3055.6463668346405
same_epochs,sgd,,302,118082,0.07400875595808029,0.97462,0.05604685615599155,0.98094,0.9259585348129272,0.7984,0.18254000000000004,3062.7915728092194
same_epochs,sgd,,303,118473,0.06604890627384186,0.97746,0.027431542726159094,0.99122,0.8393616250991821,0.8131,0.17811999999999995,3070.0137610435486
same_epochs,sgd,,304,118864,0.0645924708467722,0.9774,0.03278149123072624,0.9893,0.8779741512298584,0.8107,0.17859999999999998,3116.976110935211
same_epochs,sgd,,305,119255,0.07289353217363358,0.9742,0.03257965339660644,0.98978,0.8619571344375611,0.8049,0.18488000000000004,3124.082417011261
same_epochs,sgd,,306,119646,0.06821794828176499,0.97674,0.027780583345890047,0.99168,0.8721285640716553,0.8044,0.18728,3131.1713585853577
same_epochs,sgd,,307,120037,0.06388875316143036,0.97776,0.03633630462169647,0.98806,0.8864082025527954,0.8022,0.18586000000000003,3178.3856666088104
same_epochs,sgd,,308,120428,0.06345678782045841,0.97768,0.034544078929424286,0.98916,0.8952379817485809,0.8077,0.18146000000000007,3185.3628907203674
same_epochs,sgd,,309,120819,0.06287276954889298,0.97826,0.053922134160995484,0.9816,0.9676793647766113,0.7908,0.19080000000000008,3236.0847849845886
same_epochs,sgd,,310,121210,0.06308369373321533,0.97858,0.0367935728931427,0.98766,0.9171553690910339,0.8095,0.17815999999999999,3243.050463438034
same_epochs,sgd,,311,121601,0.06775992407798767,0.97662,0.03390412321448326,0.98866,0.8766879718780518,0.8066,0.18206,3251.263030767441
same_epochs,sgd,,312,121992,0.060555780841112135,0.9799,0.03690565847873688,0.98786,0.9118224460601807,0.7991,0.18875999999999993,3297.455735683441
same_epochs,sgd,,313,122383,0.06405070357561111,0.97722,0.035724595524072644,0.98864,0.8901728922843933,0.8087,0.17994,3304.494907617569
same_epochs,sgd,,314,122774,0.06153900874853134,0.97848,0.04401670149505139,0.9855,0.9247179809570313,0.8005,0.18500000000000005,3355.2691280841827
same_epochs,sgd,,315,123165,0.06829866751790047,0.97544,0.034862191712856296,0.98854,0.9085370445251465,0.8019,0.18664000000000003,3362.3396043777466
same_epochs,sgd,,316,123556,0.06669122336626053,0.97646,0.03879016457557678,0.98672,0.9016548392295838,0.8073,0.17942000000000002,3369.336476802826
same_epochs,sgd,,317,123947,0.06173216246902943,0.97872,0.03287945641875267,0.98954,0.8777424299240112,0.8021,0.18743999999999994,3416.6472351551056
same_epochs,sgd,,318,124338,0.05583222494482994,0.98062,0.053828126950263976,0.98188,0.9649128694534301,0.7948,0.18708000000000002,3423.585319042206
same_epochs,sgd,,319,124729,0.06825081934809685,0.97582,0.04281743572950363,0.98598,0.9295248378276825,0.8042,0.18177999999999994,3430.6656482219696
same_epochs,sgd,,320,125120,0.06319556493639945,0.97846,0.038679266567230225,0.98632,0.9038653287887574,0.8052,0.18111999999999995,3478.0111129283905
same_epochs,sgd,,321,125511,0.06067837129294872,0.97864,0.04436861610651016,0.98494,0.9099737606048584,0.8028,0.18214000000000008,3485.171730518341
same_epochs,sgd,,322,125902,0.055720662088394164,0.98024,0.036682254055738446,0.98774,0.9108837656497956,0.8024,0.18533999999999995,3535.718003511429
same_epochs,sgd,,323,126293,0.053870981488227845,0.98104,0.059487901494503025,0.97954,0.9894172962188721,0.79,0.18953999999999993,3542.7521328926086
same_epochs,sgd,,324,126684,0.06632500627994538,0.9771,0.04232364747464657,0.98628,0.898861604309082,0.8033,0.18298000000000003,3549.6349453926086
same_epochs,sgd,,325,127075,0.05506502197742462,0.98132,0.041674058215618134,0.98588,0.9283715928077698,0.8011,0.18477999999999994,3597.1113307476044
same_epochs,sgd,,326,127466,0.06317418705701829,0.9781,0.04222726361751556,0.98636,0.9352078666687011,0.8011,0.18525999999999998,3603.9987411499023
same_epochs,sgd,,327,127857,0.058505503213405606,0.97946,0.03290854756772518,0.989,0.9111635282516479,0.8059,0.18310000000000004,3610.82825422287
same_epochs,sgd,,328,128248,0.06406312628984451,0.97794,0.04341699222683906,0.98512,0.9400694743156434,0.8035,0.18162,3658.5717508792877
same_epochs,sgd,,329,128639,0.06380478336215019,0.97796,0.045050192888975146,0.98444,0.9240682311058045,0.7991,0.18533999999999995,3665.5442023277283
same_epochs,sgd,,330,129030,0.06146696748256683,0.97968,0.054200754376649854,0.9814,0.9484537815093994,0.7934,0.18800000000000006,3716.229075908661
same_epochs,sgd,,331,129421,0.06098494509935379,0.97882,0.037568457861542705,0.98776,0.9168463514089584,0.8019,0.18586000000000003,3723.3305945396423
same_epochs,sgd,,332,129812,0.06642291199684143,0.97682,0.049707059478759766,0.9835,0.9249765646934509,0.7993,0.18420000000000003,3730.2431511878967
same_epochs,sgd,,333,130203,0.05736389321208,0.98048,0.035512275516986845,0.98854,0.9199574709892273,0.8034,0.18513999999999997,3777.527394771576
same_epochs,sgd,,334,130594,0.056978598318099975,0.9805,0.026434897760152818,0.99146,0.8725772814750672,0.8104,0.18106,3784.5464725494385
same_epochs,sgd,,335,130985,0.05708267447471619,0.9804,0.049077827918529514,0.983,0.9371822570800781,0.8012,0.18179999999999996,3835.27832198143
same_epochs,sgd,,336,131376,0.06054514974594116,0.97868,0.030851653177142144,0.99032,0.9083284457683564,0.8076,0.18272,3842.6936461925507
same_epochs,sgd,,337,131767,0.06249190418362618,0.9784,0.030257540175914765,0.99036,0.8718515295028687,0.8102,0.18016,3849.684693813324
same_epochs,sgd,,338,132158,0.06147318167924881,0.97894,0.029900351049900055,0.99084,0.8907865356445313,0.8079,0.1829400000000001,3896.7181100845337
same_epochs,sgd,,339,132549,0.05507504595041275,0.98078,0.04579146645069122,0.98426,0.9599878072738648,0.7956,0.18866000000000005,3903.6341507434845
same_epochs,sgd,,340,132940,0.06336061006247998,0.97874,0.034077302517294884,0.98842,0.9045601254463196,0.8055,0.18291999999999997,3910.546496629715
same_epochs,sgd,,341,133331,0.05806521873354912,0.9804,0.039093867777585986,0.98676,0.9174090202331543,0.8069,0.17986000000000002,3958.0260348320007
same_epochs,sgd,,342,133722,0.05322449229955673,0.98136,0.037879234575629236,0.98744,0.9155402225494385,0.8045,0.18294,3965.1475710868835
same_epochs,sgd,,343,134113,0.05676066257596016,0.98088,0.03377533102810383,0.98912,0.9104760003089905,0.8074,0.18172,4016.1586978435516
same_epochs,sgd,,344,134504,0.06399617787718773,0.97796,0.031256012229323386,0.98992,0.8905577184677124,0.8055,0.18442000000000003,4023.0910980701447
same_epochs,sgd,,345,134895,0.054927185519933704,0.98146,0.03003239905834198,0.99032,0.9014057168960571,0.8042,0.18611999999999995,4030.016660928726
same_epochs,sgd,,346,135286,0.05926107367753983,0.97958,0.030376641973257065,0.99056,0.874432223701477,0.8075,0.18306,4077.286102294922
same_epochs,sgd,,347,135677,0.05557489721536636,0.98164,0.03620190906286239,0.98816,0.8979838917732239,0.8081,0.18006,4084.1897768974304
same_epochs,sgd,,348,136068,0.05922785941720009,0.98002,0.03511697909116745,0.98816,0.9051928897857666,0.8036,0.18456000000000006,4091.1427426338196
same_epochs,sgd,,349,136459,0.04977575969696045,0.9828,0.03327689917504788,0.98884,0.9025351961135865,0.8081,0.18074,4138.637958288193
same_epochs,sgd,,350,136850,0.053574698030948636,0.98118,0.05983050390005112,0.97986,0.9872703275680542,0.7944,0.18545999999999996,4145.614868879318
same_epochs,sgd,,351,137241,0.057038171879053114,0.98012,0.028313673357963563,0.9908,0.8897028085231781,0.8075,0.18330000000000002,4196.31600689888
same_epochs,sgd,,352,137632,0.05878133252501488,0.97938,0.039784232988357544,0.98664,0.9051999975204468,0.8066,0.18003999999999998,4203.30904507637
same_epochs,sgd,,353,138023,0.05998262755393982,0.9798,0.046713839435577394,0.9849,0.9127975982666016,0.8034,0.1815,4210.4818749427795
same_epochs,sgd,,354,138414,0.05832743404150009,0.97992,0.03479475968122482,0.98834,0.8864000720977783,0.8109,0.17744000000000004,4257.649532318115
same_epochs,sgd,,355,138805,0.05622230343818665,0.98068,0.03379382367134094,0.98892,0.9203122197628021,0.8051,0.18381999999999998,4264.675467252731
same_epochs,sgd,,356,139196,0.050508408732414245,0.98308,0.024997980687618257,0.9921,0.9137629262924194,0.8071,0.18499999999999994,4315.424845933914
same_epochs,sgd,,357,139587,0.05296757890760899,0.98218,0.04261412793338299,0.98596,0.9464103008270264,0.8021,0.1838599999999999,4322.298842668533
same_epochs,sgd,,358,139978,0.047824212727546694,0.98374,0.038173050422668456,0.98736,0.9381858491897583,0.8029,0.18446000000000007,4329.2280032634735
same_epochs,sgd,,359,140369,0.05528424629569054,0.98094,0.03242137927770614,0.98896,0.936361943244934,0.8028,0.18616,4377.180308818817
same_epochs,sgd,,360,140760,0.05299969556808472,0.98178,0.027756667459011078,0.9914,0.9102265933036804,0.804,0.1873999999999999,4384.064448595047
same_epochs,sgd,,361,141151,0.06135146678805351,0.97844,0.03669280182600022,0.98814,0.905824858880043,0.8041,0.18403999999999998,4390.999873161316
same_epochs,sgd,,362,141542,0.05770179305672646,0.98036,0.03637445563316345,0.98782,0.935558390045166,0.8013,0.18652000000000002,4438.602090597153
same_epochs,sgd,,363,141933,0.0601669661796093,0.97938,0.029371272501945496,0.99074,0.8929239883422851,0.8049,0.18584,4445.747782230377
same_epochs,sgd,,364,142324,0.045459170820713046,0.9855,0.030712636133432388,0.98992,0.9049243363380433,0.8047,0.18522000000000005,4495.9474811553955
same_epochs,sgd,,365,142715,0.05127368912816048,0.98208,0.03897983072757721,0.98672,0.9167622932434082,0.8062,0.18052,4502.877353429794
same_epochs,sgd,,366,143106,0.05390273792743683,0.98128,0.03645033188819885,0.98788,0.9234173927783966,0.8071,0.18077999999999994,4509.899872779846
same_epochs,sgd,,367,143497,0.05650739390730858,0.98026,0.034698788830041884,0.98852,0.9018752758026123,0.8056,0.18291999999999997,4557.395334005356
same_epochs,sgd,,368,143888,0.050236625645160675,0.98308,0.034501345468759534,0.98914,0.9106272457122803,0.8064,0.18274,4564.383871793747
same_epochs,sgd,,369,144279,0.05438709035873413,0.9811,0.035703094252347946,0.98798,0.9384798415184021,0.8045,0.18347999999999998,4571.360417127609
same_epochs,sgd,,370,144670,0.05092277759432793,0.98206,0.025070287885665895,0.99238,0.8579110520362854,0.8105,0.18188000000000004,4618.900484085083
same_epochs,sgd,,371,145061,0.0580039994597435,0.98002,0.03301356894850731,0.98928,0.9135640158653259,0.8065,0.18278000000000005,4625.987354516983
same_epochs,sgd,,372,145452,0.04967466796755791,0.98308,0.03283655214071274,0.9891,0.9032743905067444,0.8056,0.1835,4676.520262718201
same_epochs,sgd,,373,145843,0.05780894663095474,0.9799,0.05000961586475372,0.98274,0.9528137034416199,0.7958,0.18694,4683.509806394577
same_epochs,sgd,,374,146234,0.04660675592392683,0.984,0.023615779505968094,0.99252,0.8965774991512299,0.8118,0.18072,4690.455411195755
same_epochs,sgd,,375,146625,0.05225503831028938,0.98222,0.027661649602651595,0.99118,0.9111486864089966,0.8064,0.18477999999999994,4737.904656887054
same_epochs,sgd,,376,147016,0.04708855719089508,0.98374,0.03046853236913681,0.99004,0.9121136620521545,0.8033,0.18674000000000002,4744.824285745621
same_epochs,sgd,,377,147407,0.049779261445999146,0.9824,0.03696342550516128,0.98748,0.9356447347640992,0.8004,0.18708000000000002,4795.52183508873
same_epochs,sgd,,378,147798,0.049887635085582735,0.98292,0.03263195232629776,0.98902,0.9288694189071656,0.8038,0.18522000000000005,4802.422290563583
same_epochs,sgd,,379,148189,0.046132395403385165,0.98438,0.0512289231801033,0.98254,0.9496839723587036,0.7974,0.18513999999999997,4809.399412155151
same_epochs,sgd,,380,148580,0.04858397710889578,0.98346,0.04249465234279633,0.98534,0.9403752053260803,0.798,0.18733999999999995,4857.044721364975
same_epochs,sgd,,381,148971,0.049126466443538665,0.98334,0.03429679322332144,0.9889,0.906821230173111,0.8075,0.1814,4864.1364114284515
same_epochs,sgd,,382,149362,0.05489541467308998,0.98074,0.039790357040166854,0.9864,0.9212516927719117,0.8016,0.18480000000000008,4871.091269493103
same_epochs,sgd,,383,149753,0.04582310955345631,0.98418,0.032600337280035016,0.98944,0.9253046472549439,0.8009,0.18854000000000004,4918.447751045227
same_epochs,sgd,,384,150144,0.0557539195227623,0.98048,0.03896406974554062,0.98712,0.9238040893554688,0.803,0.18411999999999995,4925.604973077774
same_epochs,sgd,,385,150535,0.050085927531719206,0.98272,0.03553723779439926,0.98812,0.9477393652915954,0.8038,0.18432000000000004,4976.0578789711
same_epochs,sgd,,386,150926,0.05043460543394089,0.98326,0.029733829430937768,0.9898,0.9037839826583862,0.809,0.18079999999999996,4983.144998550415
same_epochs,sgd,,387,151317,0.05663229623675346,0.98068,0.032778228432536125,0.9896,0.9278092666625977,0.8036,0.18600000000000005,4990.350337028503
same_epochs,sgd,,388,151708,0.050345215731859204,0.98262,0.033405493031144144,0.9884,0.9329988877296448,0.8066,0.18179999999999996,5037.664506673813
same_epochs,sgd,,389,152099,0.05248753515005112,0.9818,0.025946716091036798,0.99196,0.8823356848716736,0.8079,0.18406,5044.716141462326
same_epochs,sgd,,390,152490,0.04777937323331833,0.98368,0.022819453600049017,0.99256,0.8861752181053162,0.8134,0.17915999999999999,5095.248980522156
same_epochs,sgd,,391,152881,0.048676380417346954,0.98312,0.03402936668395996,0.98854,0.917725782585144,0.809,0.17953999999999992,5103.013746023178
same_epochs,sgd,,392,153272,0.053971252439022066,0.9814,0.03997607146680355,0.98628,0.9465403737068177,0.8037,0.18258000000000008,5109.924229860306
same_epochs,sgd,,393,153663,0.05304016262888908,0.9819,0.028215665702819824,0.99094,0.8973400958061218,0.8057,0.18524000000000007,5156.536913156509
same_epochs,sgd,,394,154054,0.04770103194892406,0.98382,0.02296531838953495,0.99316,0.8731923269271851,0.8141,0.17906,5163.46489405632
same_epochs,sgd,,395,154445,0.0466633290541172,0.98456,0.0252279243850708,0.99146,0.9091783751487732,0.8061,0.18535999999999997,5170.420446395874
same_epochs,sgd,,396,154836,0.05404348686218262,0.9813,0.03537009976863861,0.98846,0.9379318719863892,0.8025,0.18596000000000001,5217.938773393631
same_epochs,sgd,,397,155227,0.05259964973211288,0.98172,0.0355363223695755,0.98802,0.9148207715034485,0.8007,0.18732000000000004,5225.323420763016
same_epochs,sgd,,398,155618,0.04571143214046955,0.98448,0.037688391625881196,0.98692,0.9416789518356323,0.8013,0.18562,5275.685193538666
same_epochs,sgd,,399,156009,0.04646678517341614,0.98396,0.034295513005256656,0.98856,0.9399070854187012,0.8048,0.18376000000000003,5283.563608407974
same_epochs,sgd,,400,156400,0.04875514609336853,0.98368,0.048159986171126365,0.98378,0.9538499700546265,0.7996,0.18418,5290.557001590729
same_epochs,sgd,,401,156791,0.04791241954267025,0.98374,0.027503565589785575,0.9911,0.9009191063404083,0.8048,0.18630000000000002,5337.148099660873
same_epochs,sgd,,402,157182,0.05134959984898567,0.98224,0.04923811615288257,0.98348,0.9620223790645599,0.7978,0.18568000000000007,5344.087353229523
same_epochs,sgd,,403,157573,0.04894929831713438,0.98338,0.03921896616578102,0.98644,0.9653100396156311,0.7956,0.19084,5351.177076339722
same_epochs,sgd,,404,157964,0.047753593608140944,0.98356,0.03588476995944977,0.98806,0.926987819480896,0.8044,0.18366000000000005,5398.604023933411
same_epochs,sgd,,405,158355,0.051683431374430655,0.98154,0.026867242594361306,0.99114,0.9141941534042358,0.8088,0.18234000000000006,5405.493965387344
same_epochs,sgd,,406,158746,0.04248470794171095,0.98566,0.02134307347178459,0.99328,0.9020040596008301,0.8118,0.18148000000000009,5456.45498752594
same_epochs,sgd,,407,159137,0.05373333477497101,0.98172,0.033824160566926005,0.98882,0.9221388357162476,0.8037,0.18512000000000006,5463.550013065338
same_epochs,sgd,,408,159528,0.04710205155849457,0.98398,0.054980245521068574,0.98162,0.9915894456863403,0.7948,0.1868200000000001,5470.496599197388
same_epochs,sgd,,409,159919,0.0486018657296896,0.98334,0.03579457560300827,0.98818,0.9323236384391784,0.7999,0.1882799999999999,5517.561079740524
same_epochs,sgd,,410,160310,0.05108946766555309,0.9823,0.03069080961585045,0.99006,0.9208122927665711,0.8036,0.18646000000000007,5524.448070049286
same_epochs,sgd,,411,160701,0.0441171686065197,0.9852,0.024562649661302567,0.99232,0.9040709949493408,0.8072,0.18511999999999995,5575.332722902298
same_epochs,sgd,,412,161092,0.040918707664012906,0.98622,0.029238192237615587,0.99048,0.9420516715049744,0.8016,0.18888000000000005,5583.080167770386
same_epochs,sgd,,413,161483,0.044846402928829195,0.98488,0.034573377365469934,0.98898,0.9352358327388763,0.8003,0.18867999999999996,5590.2637095451355
same_epochs,sgd,,414,161874,0.049728695461452005,0.98276,0.027256742168664933,0.9913,0.9089075476646423,0.8091,0.18219999999999992,5636.856965065002
same_epochs,sgd,,415,162265,0.04808269965410233,0.9836,0.030207774173915385,0.99004,0.9302778456687927,0.8027,0.18734000000000006,5643.998633146286
same_epochs,sgd,,416,162656,0.04261574723720551,0.98612,0.03833534271240235,0.98708,0.9730477353096009,0.8012,0.18587999999999993,5651.160639762878
same_epochs,sgd,,417,163047,0.04981225250840187,0.98314,0.03239820138990879,0.9896,0.9247089579105378,0.8014,0.18820000000000003,5698.341315984726
same_epochs,sgd,,418,163438,0.05031528010249138,0.98244,0.024655526874363422,0.99186,0.8931108812332154,0.8102,0.18165999999999993,5705.538210391998
same_epochs,sgd,,419,163829,0.05110523163795471,0.98214,0.03304996766328812,0.98894,0.9118114123344422,0.8061,0.18284,5755.909654855728
same_epochs,sgd,,420,164220,0.04813511222720146,0.983,0.04172155891418457,0.98638,0.9248716981887818,0.8014,0.18498000000000003,5763.300045251846
same_epochs,sgd,,421,164611,0.04120622687101364,0.98598,0.02179680792748928,0.99296,0.8787531631469726,0.8137,0.17925999999999997,5770.182821750641
same_epochs,sgd,,422,165002,0.05258440675258636,0.9813,0.03479784375756979,0.98832,0.9181031303405762,0.8019,0.18642000000000003,5817.310200214386
same_epochs,sgd,,423,165393,0.051779253948330876,0.9821,0.027714781403541566,0.99104,0.8926069787025451,0.8062,0.18484,5824.271228790283
same_epochs,sgd,,424,165784,0.04908596136808396,0.9827,0.03518987259626388,0.98818,0.9151367157936097,0.8039,0.18428,5831.692591428757
same_epochs,sgd,,425,166175,0.04798733619451523,0.98342,0.029575796220600605,0.99024,0.9147202763557434,0.8039,0.18634000000000006,5878.642308473587
same_epochs,sgd,,426,166566,0.054863979301452634,0.98108,0.034015044057369236,0.98894,0.9323348051071167,0.8039,0.1850400000000001,5885.617005586624
same_epochs,sgd,,427,166957,0.052337141226530076,0.98262,0.033833953924775124,0.98852,0.9220175093650818,0.8022,0.18631999999999993,5936.534590244293
same_epochs,sgd,,428,167348,0.04141006272315979,0.9862,0.034408982752561566,0.98864,0.923446230506897,0.8076,0.18103999999999998,5943.669277906418
same_epochs,sgd,,429,167739,0.04465118404865265,0.98438,0.02198960817307234,0.99318,0.8823256152629853,0.8121,0.1810799999999999,5950.704300165176
same_epochs,sgd,,430,168130,0.04344308341503143,0.98484,0.028936866029202937,0.9906,0.9153866610527038,0.8079,0.18270000000000008,5997.946514129639
same_epochs,sgd,,431,168521,0.04896748819947243,0.98332,0.024743888549804686,0.99198,0.9065306462287903,0.8103,0.18167999999999995,6006.19752407074
same_epochs,sgd,,432,168912,0.044563493843078616,0.98474,0.036512608734369276,0.9871,0.9496994836807251,0.8036,0.1835,6055.707095384598
same_epochs,sgd,,433,169303,0.04690897085189819,0.98324,0.023802135447114705,0.9923,0.924285617351532,0.8029,0.1894,6062.855562210083
same_epochs,sgd,,434,169694,0.04429070715159178,0.9849,0.03454545456707477,0.98892,0.9439531852722168,0.8038,0.18512000000000006,6069.999707460403
same_epochs,sgd,,435,170085,0.04991022840380668,0.98274,0.044663725323677066,0.98506,0.9455916796684265,0.7947,0.19036000000000008,6117.0220856666565
same_epochs,sgd,,436,170476,0.05001700694918632,0.98316,0.029505613273978232,0.99078,0.9157498574256897,0.8002,0.19057999999999997,6124.060020446777
same_epochs,sgd,,437,170867,0.04645722308337689,0.98326,0.020045342752337457,0.99424,0.8871950883865356,0.812,0.18223999999999996,6131.513432025909
same_epochs,sgd,,438,171258,0.03803644156396389,0.98694,0.024851344239711762,0.99222,0.9151120700836182,0.8058,0.18642000000000003,6179.968899965286
same_epochs,sgd,,439,171649,0.03909160607337952,0.98636,0.019847448906302453,0.99386,0.9027668421745301,0.8108,0.18306,6186.861491441727
same_epochs,sgd,,440,172040,0.034193643182516095,0.98858,0.021653972102999686,0.9931,0.9106938690185546,0.8093,0.18379999999999996,6236.203632354736
same_epochs,sgd,,441,172431,0.05128924663484097,0.98208,0.025742167098224165,0.9917,0.8999942191123962,0.8083,0.1834,6243.154161691666
same_epochs,sgd,,442,172822,0.050183889948129654,0.98302,0.030577183080911636,0.99026,0.92596834192276,0.8039,0.18636000000000008,6250.213848590851
same_epochs,sgd,,443,173213,0.042707865956425665,0.9854,0.02004652527064085,0.99398,0.8821315623283387,0.8109,0.18308000000000002,6297.6829035282135
same_epochs,sgd,,444,173604,0.04141189294576645,0.98572,0.023074128971099853,0.9927,0.9300198468208313,0.8055,0.18720000000000003,6304.69377207756
same_epochs,sgd,,445,173995,0.04096098264098168,0.98628,0.024158166985511778,0.99238,0.9034082048416138,0.8076,0.18478000000000006,6355.358259439468
same_epochs,sgd,,446,174386,0.04858201345443726,0.9832,0.031484191175699235,0.9896,0.9234941206932068,0.8049,0.1847000000000001,6362.23549246788
same_epochs,sgd,,447,174777,0.041680710352659224,0.98616,0.02158948735833168,0.99288,0.930026925086975,0.8018,0.19108000000000003,6369.396071195602
same_epochs,sgd,,448,175168,0.04485582750201225,0.98484,0.0202291628241539,0.99372,0.9068374774932861,0.8022,0.19152000000000002,6416.751902103424
same_epochs,sgd,,449,175559,0.036453830806314945,0.988,0.02212290061414242,0.99288,0.9097795744895935,0.8075,0.18538,6423.910908937454
same_epochs,sgd,,450,175950,0.04329405629992485,0.98546,0.06374311779737472,0.97838,1.0332400047302246,0.7917,0.18668000000000007,6431.856804609299
same_epochs,sgd,,451,176341,0.04305832588195801,0.9851,0.02906879862844944,0.9904,0.9093750101566315,0.8043,0.18609999999999993,6478.232209920883
same_epochs,sgd,,452,176732,0.04379390302479267,0.98518,0.023753584060519934,0.99252,0.9047258709907532,0.8072,0.18531999999999993,6485.420629024506
same_epochs,sgd,,453,177123,0.04466738987326622,0.98528,0.027392198680639267,0.99114,0.8898182188987732,0.8115,0.17964000000000002,6535.955585718155
same_epochs,sgd,,454,177514,0.04511972603440285,0.98508,0.034755951070785523,0.9882,0.9196657048225403,0.8001,0.18809999999999993,6543.006902456284
same_epochs,sgd,,455,177905,0.04119906194984913,0.98556,0.0338528609663248,0.98954,0.9385706576347351,0.8036,0.18594,6549.919808626175
same_epochs,sgd,,456,178296,0.035703560789823535,0.98782,0.025434506268799305,0.99124,0.918769105052948,0.8058,0.18544000000000005,6597.286794185638
same_epochs,sgd,,457,178687,0.04791996823817492,0.9836,0.031651310927271845,0.98956,0.9194845670223236,0.8031,0.18645999999999996,6604.215788841248
same_epochs,sgd,,458,179078,0.0383814277613163,0.98716,0.025171690348386764,0.99158,0.9361006083965302,0.8064,0.18518,6611.194129943848
same_epochs,sgd,,459,179469,0.03961874814748764,0.98652,0.026459156514406203,0.9913,0.9217971150159836,0.8054,0.18589999999999995,6658.676216840744
same_epochs,sgd,,460,179860,0.04367267198443413,0.98496,0.032250827181339266,0.9897,0.9422658131837844,0.8042,0.1855,6665.591003417969
same_epochs,sgd,,461,180251,0.038974710564613345,0.98622,0.02278295252919197,0.99244,0.9211879495620727,0.8098,0.18264000000000002,6716.410664796829
same_epochs,sgd,,462,180642,0.04352141646981239,0.98458,0.03079123276025057,0.9896,0.9157918160915375,0.8031,0.1865,6723.66850566864
same_epochs,sgd,,463,181033,0.052850699915885924,0.98222,0.028807859306335448,0.98996,0.9160131196975708,0.8069,0.18306,6730.736108541489
same_epochs,sgd,,464,181424,0.049458885498046876,0.98298,0.026332188942730428,0.9913,0.8867759326934814,0.8073,0.18399999999999994,6777.997341394424
same_epochs,sgd,,465,181815,0.047104027322530745,0.98456,0.0263803746765852,0.99148,0.8941133399009704,0.8085,0.18298000000000003,6785.2359364032745
same_epochs,sgd,,466,182206,0.04208429825425148,0.9858,0.02975352518066764,0.99008,0.9114248279571533,0.8099,0.18018,6835.47749376297
same_epochs,sgd,,467,182597,0.04034458394825458,0.98654,0.02629704759478569,0.99118,0.9107063464641572,0.8088,0.18238,6842.564023733139
same_epochs,sgd,,468,182988,0.037167200130224225,0.98742,0.024592679359912873,0.99164,0.9068654027462005,0.8064,0.18523999999999996,6849.44149017334
same_epochs,sgd,,469,183379,0.04100431806027889,0.98598,0.02812049864411354,0.99094,0.9141505638599395,0.8062,0.18474000000000002,6896.890935659409
same_epochs,sgd,,470,183770,0.045480167754888536,0.9843,0.03401692801713944,0.98876,0.9341249206542969,0.8012,0.18755999999999995,6903.857692241669
same_epochs,sgd,,471,184161,0.047369015481472015,0.98426,0.04877621254324913,0.98344,0.9588886654853821,0.7961,0.18733999999999995,6910.94423532486
same_epochs,sgd,,472,184552,0.046617893795967105,0.98406,0.03050916471481323,0.98984,0.915003430891037,0.8025,0.18734000000000006,6958.252403259277
same_epochs,sgd,,473,184943,0.04424791068345308,0.98478,0.03208485464960337,0.98898,0.9169545504570007,0.8048,0.18418,6965.293570518494
same_epochs,sgd,,474,185334,0.044582062394022945,0.98524,0.03804737681269646,0.98704,0.9318913092136383,0.8001,0.18694,7016.094745397568
same_epochs,sgd,,475,185725,0.04093070715904236,0.9857,0.02235561275720596,0.99324,0.884655362033844,0.8092,0.18403999999999998,7023.154726028442
same_epochs,sgd,,476,186116,0.04029796231985092,0.98612,0.028329481353759765,0.9907,0.9404484772205353,0.8027,0.18800000000000006,7030.24653506279
same_epochs,sgd,,477,186507,0.03992214385390282,0.98624,0.018983738252669573,0.99428,0.9049376329421998,0.812,0.18228,7077.444914102554
same_epochs,sgd,,478,186898,0.03435829862833023,0.98822,0.02862929129242897,0.99032,0.9371022533416749,0.8044,0.18591999999999997,7084.362744569778
same_epochs,sgd,,479,187289,0.036053061847686765,0.98762,0.02419550390958786,0.99222,0.9273151677131652,0.8041,0.18811999999999995,7134.988801717758
same_epochs,sgd,,480,187680,0.03936224680185318,0.9869,0.02003045469880104,0.99358,0.9226641689300538,0.8066,0.18698000000000004,7142.040587902069
same_epochs,sgd,,481,188071,0.036640861436128616,0.98734,0.023226508873701094,0.99236,0.9067056125164032,0.8058,0.18656000000000006,7149.763024568558
same_epochs,sgd,,482,188462,0.0450704704618454,0.98532,0.03458696582555771,0.98778,0.9345489214897156,0.8056,0.18218,7196.600886106491
same_epochs,sgd,,483,188853,0.04204442723274231,0.98616,0.0304899736559391,0.99,0.9503025711059571,0.805,0.18499999999999994,7203.544542312622
same_epochs,sgd,,484,189244,0.04843988163709641,0.98304,0.022900225436091423,0.99262,0.9139667189598083,0.8083,0.18431999999999993,7210.59902381897
same_epochs,sgd,,485,189635,0.04187821581035853,0.9858,0.021832752906084062,0.99308,0.8965013257026673,0.808,0.1850799999999999,7257.828448057175
same_epochs,sgd,,486,190026,0.039182028580904006,0.98654,0.019707209913730622,0.99412,0.8684098089694977,0.8151,0.17901999999999996,7265.062952756882
same_epochs,sgd,,487,190417,0.031809438902139664,0.98972,0.03126300115287304,0.9896,0.9419621627807617,0.8039,0.1857000000000001,7315.59475851059
same_epochs,sgd,,488,190808,0.035562650206685066,0.98824,0.022981223903894423,0.99308,0.924656067276001,0.8051,0.18797999999999992,7322.580264568329
same_epochs,sgd,,489,191199,0.03674956131905317,0.98746,0.04365054674267769,0.98548,0.9905800134658813,0.7959,0.18957999999999997,7329.979809761047
same_epochs,sgd,,490,191590,0.04328357152163982,0.98506,0.032922005493640896,0.98926,0.9622945011138916,0.8024,0.18686000000000003,7377.084741592407
same_epochs,sgd,,491,191981,0.043486171203851696,0.9852,0.01892175727903843,0.99398,0.898886667251587,0.8055,0.18847999999999998,7384.126249790192
same_epochs,sgd,,492,192372,0.0399600034737587,0.98656,0.030848547553420067,0.98976,0.9621966220855713,0.8021,0.18765999999999994,7391.057709932327
same_epochs,sgd,,493,192763,0.03941490196347237,0.98674,0.022770215639472006,0.99258,0.922910970067978,0.8075,0.18508000000000002,7438.398980855942
same_epochs,sgd,,494,193154,0.0340318093419075,0.98842,0.012874049501270055,0.99638,0.8759932026863099,0.8204,0.17598000000000003,7445.539390325546
same_epochs,sgd,,495,193545,0.03663170072853565,0.9876,0.02352411521434784,0.9924,0.9116665012359619,0.8105,0.18189999999999995,7496.17933011055
same_epochs,sgd,,496,193936,0.04604702261924744,0.984,0.031813873243927954,0.98922,0.9346549629688263,0.8026,0.18662,7503.151107788086
same_epochs,sgd,,497,194327,0.03824758340239525,0.987,0.027887443395853043,0.99052,0.9164166620254517,0.8061,0.18441999999999992,7510.126188516617
same_epochs,sgd,,498,194718,0.04339119436830282,0.9852,0.03395580621123314,0.9885,0.9327378168106079,0.808,0.1805,7557.3810913562775
same_epochs,sgd,,499,195109,0.04192693334460258,0.98568,0.02398681848168373,0.9922,0.9044022115707397,0.8107,0.1815,7564.543634653091
same_epochs,sgd,,500,195500,0.03481688891649246,0.98798,0.031112188918590546,0.98974,0.9576683559417725,0.8068,0.18294,7615.2319712638855
same_epochs,sgd,,501,195891,0.03999698400497437,0.9863,0.039560006126761436,0.9867,0.9537914409637451,0.8018,0.18490000000000006,7622.404480218887
same_epochs,sgd,,502,196282,0.05652661996483803,0.98042,0.03581076857566833,0.98798,0.9503464822769165,0.8017,0.18628,7629.422629356384
same_epochs,sgd,,503,196673,0.0444287691360712,0.98492,0.03285511991858482,0.98878,0.9275925809860229,0.8009,0.18788000000000005,7676.591162919998
same_epochs,sgd,,504,197064,0.039919673461169,0.9861,0.035379455037117,0.98844,0.9537147985458374,0.7958,0.19264000000000003,7683.547601938248
same_epochs,sgd,,505,197455,0.04216612163424492,0.98562,0.024810278258919717,0.99196,0.9121797248840332,0.8103,0.18165999999999993,7690.543987035751
same_epochs,sgd,,506,197846,0.043508266313672064,0.98474,0.02348479501962662,0.99282,0.9119497983455658,0.8101,0.18272,7737.919369935989
same_epochs,sgd,,507,198237,0.04039626080513001,0.9863,0.023394228717684745,0.99232,0.9021322338104248,0.8128,0.17952,7745.023202419281
same_epochs,sgd,,508,198628,0.03762836246132851,0.98696,0.02385612428843975,0.99182,0.9127628584861756,0.8057,0.18612000000000006,7795.685074567795
same_epochs,sgd,,509,199019,0.04032318490564823,0.98688,0.043208049515485764,0.98572,0.9626688745498657,0.7983,0.18742000000000003,7802.670311689377
same_epochs,sgd,,510,199410,0.043610987738370896,0.98474,0.029442632360458375,0.99022,0.9420067563056945,0.8038,0.18642000000000003,7809.640758275986
same_epochs,sgd,,511,199801,0.04111987954556942,0.98578,0.028372969157993793,0.99114,0.9291059402942657,0.8084,0.18274,7857.0820524692535
same_epochs,sgd,,512,200192,0.03814985437840223,0.9872,0.03428018017232418,0.9887,0.9278326128005981,0.8007,0.18800000000000006,7864.189691543579
same_epochs,sgd,,513,200583,0.03552441206946969,0.988,0.023370512583851814,0.99276,0.8954485466957093,0.8109,0.18186000000000002,7871.130671262741
same_epochs,sgd,,514,200974,0.04434543944835663,0.9846,0.028789591648578645,0.99076,0.8933504858970642,0.8046,0.18616,7918.495128154755
same_epochs,sgd,,515,201365,0.03677379772245884,0.98758,0.022220684621036053,0.99246,0.9039192068099976,0.8095,0.18296,7925.456566810608
same_epochs,sgd,,516,201756,0.0359733846706152,0.98824,0.024809231575727463,0.99212,0.9340538928031922,0.8096,0.18252000000000002,7976.168788194656
same_epochs,sgd,,517,202147,0.04511477170467377,0.9843,0.03378428954809904,0.9888,0.9388342807769775,0.8013,0.1875,7983.180027484894
same_epochs,sgd,,518,202538,0.04321625569224358,0.98532,0.02132389372617006,0.9934,0.9281833735466003,0.8062,0.18719999999999992,7990.143600702286
same_epochs,sgd,,519,202929,0.03580310740590095,0.98828,0.03289150441288948,0.98928,0.9435918138027192,0.8027,0.18658000000000008,8037.625371456146
same_epochs,sgd,,520,203320,0.03129323925197124,0.99026,0.020337391209602356,0.994,0.9145394236564636,0.8093,0.18469999999999998,8044.75598192215
same_epochs,sgd,,521,203711,0.035837203183174134,0.9879,0.027305641150474548,0.99114,0.9519724442481995,0.8042,0.18694,8095.361841201782
same_epochs,sgd,,522,204102,0.04088895230621099,0.98614,0.021436696029901503,0.9933,0.8882147753238678,0.8093,0.18399999999999994,8102.418929100037
same_epochs,sgd,,523,204493,0.043170883851051334,0.98532,0.04782417207241058,0.9843,1.0013274672508239,0.7888,0.1955,8109.444849491119
same_epochs,sgd,,524,204884,0.044509815974235534,0.9848,0.02910875912964344,0.9904,0.9472820775508881,0.8057,0.18469999999999998,8156.688145399094
same_epochs,sgd,,525,205275,0.04035148173570633,0.98638,0.016761160962581633,0.99502,0.8823313247680664,0.8115,0.18352000000000002,8163.621776580811
same_epochs,sgd,,526,205666,0.04077616977453232,0.98646,0.031469581817388535,0.98966,0.9212132603645324,0.8057,0.18396,8170.656757354736
same_epochs,sgd,,527,206057,0.0393805540573597,0.98714,0.03862902785301209,0.98742,0.9547162969827652,0.7976,0.18982,8218.014778137207
same_epochs,sgd,,528,206448,0.03889388026356697,0.98658,0.029307581572532652,0.99006,0.9264778778553009,0.8057,0.18436000000000008,8225.609377622604
same_epochs,sgd,,529,206839,0.03948238661289215,0.98682,0.022363901590704918,0.99242,0.8864303530216217,0.8088,0.18362,8275.861246347427
same_epochs,sgd,,530,207230,0.04041455387949944,0.98628,0.03605885199904442,0.9879,0.9397014979362488,0.8044,0.1835,8282.757848024368
same_epochs,sgd,,531,207621,0.03994997339963913,0.9867,0.03287095535337925,0.98916,0.9287180652618409,0.8021,0.18706,8289.862481355667
same_epochs,sgd,,532,208012,0.0396913888835907,0.98608,0.031631881308555605,0.98956,0.9092483040809631,0.8059,0.18366000000000005,8337.317225456238
same_epochs,sgd,,533,208403,0.03346790103673935,0.98908,0.02410830010175705,0.99216,0.9261098612785339,0.8077,0.18446000000000007,8344.492309331894
same_epochs,sgd,,534,208794,0.03763959695339203,0.98748,0.02248628254532814,0.9927,0.9158720621109009,0.8101,0.18259999999999998,8351.574498176575
same_epochs,sgd,,535,209185,0.04157798010647297,0.98554,0.017615293941497804,0.99472,0.9136355579853058,0.811,0.18372,8398.563333272934
same_epochs,sgd,,536,209576,0.03702735118448734,0.98756,0.028633734229803084,0.99062,0.9431413130760193,0.8048,0.18581999999999999,8405.786118984222
same_epochs,sgd,,537,209967,0.03630283324480057,0.98788,0.03141971365571022,0.98964,0.937226894569397,0.8003,0.18933999999999995,8456.417308807373
same_epochs,sgd,,538,210358,0.03913046507835388,0.9865,0.02278236054122448,0.99274,0.9210674330711365,0.8098,0.18294,8464.611759185791
same_epochs,sgd,,539,210749,0.04388607646584511,0.98476,0.038351340475082395,0.98678,0.9365259967803955,0.8003,0.18647999999999998,8472.046898126602
same_epochs,sgd,,540,211140,0.04459766885757446,0.9849,0.032393318348526955,0.9897,0.9096649209976196,0.8081,0.18159999999999998,8517.720750331879
same_epochs,sgd,,541,211531,0.039535054524540904,0.98692,0.027398382300138472,0.99116,0.9445466794729233,0.8067,0.18446000000000007,8525.11295413971
same_epochs,sgd,,542,211922,0.033066706668138504,0.98922,0.02497144850730896,0.99162,0.9278178274154663,0.8053,0.18631999999999993,8575.54641008377
same_epochs,sgd,,543,212313,0.037196927466988564,0.98722,0.018397482399642468,0.99438,0.909180421257019,0.8104,0.18398000000000003,8582.769444465637
same_epochs,sgd,,544,212704,0.03831217285335064,0.98718,0.025233494661152364,0.99142,0.9114272356987,0.8042,0.18721999999999994,8589.82750082016
same_epochs,sgd,,545,213095,0.04243754283487797,0.9859,0.021395421241819857,0.99304,0.9107730173110962,0.8101,0.18294,8636.83045721054
same_epochs,sgd,,546,213486,0.033267629964351654,0.98892,0.0196986517778039,0.99408,0.9065617519378663,0.8106,0.18347999999999998,8643.70883512497
same_epochs,sgd,,547,213877,0.03375693247199058,0.9883,0.019045751000642777,0.99394,0.9211642936706543,0.8078,0.18614000000000008,8650.655926942825
same_epochs,sgd,,548,214268,0.0346789580963552,0.98836,0.01767715838909149,0.9944,0.9097095277786255,0.8098,0.1846,8698.336113929749
same_epochs,sgd,,549,214659,0.03855561456114054,0.98658,0.032749608619213104,0.98898,0.9554321384429931,0.7991,0.18987999999999994,8705.296466112137
same_epochs,sgd,,550,215050,0.04287203533768654,0.9851,0.02440318325996399,0.99178,0.9164131156921387,0.8067,0.18508000000000002,8756.008699893951
same_epochs,sgd,,551,215441,0.044911814088225366,0.98436,0.03411042790293693,0.98892,0.9648811782836914,0.7985,0.19042000000000003,8762.945219993591
same_epochs,sgd,,552,215832,0.03935714046239853,0.98658,0.025333586677610875,0.9919,0.9302027494430541,0.8055,0.1864,8769.968674182892
same_epochs,sgd,,553,216223,0.038240610226392746,0.98706,0.020215628816336394,0.99312,0.8977103530883789,0.8061,0.18701999999999996,8817.385089635849
same_epochs,sgd,,554,216614,0.03953269188463688,0.9869,0.026190209189653396,0.99154,0.9053741631627082,0.8075,0.18403999999999998,8824.592694759369
same_epochs,sgd,,555,217005,0.03912271180510521,0.9864,0.018342024562656878,0.99434,0.8821819589614868,0.8126,0.18174,8831.68916296959
same_epochs,sgd,,556,217396,0.04491214115023613,0.98508,0.03620615135490894,0.98794,0.9233032722949982,0.8028,0.18514000000000008,8878.919580698013
same_epochs,sgd,,557,217787,0.04481038775920868,0.98498,0.018063345313072205,0.99436,0.8661605745315551,0.8125,0.18186000000000002,8885.82617855072
same_epochs,sgd,,558,218178,0.037561777100861074,0.98768,0.01993537862867117,0.99384,0.8778151823997498,0.8151,0.1787399999999999,8936.522822380066
same_epochs,sgd,,559,218569,0.03772561981201172,0.98762,0.025227857700586317,0.9914,0.8949845109939575,0.8044,0.18699999999999994,8943.439921855927
same_epochs,sgd,,560,218960,0.034017017181515695,0.98832,0.01918025501832366,0.99404,0.8897583606719971,0.8119,0.18214000000000008,8950.436784744263
same_epochs,sgd,,561,219351,0.036913539249897,0.98772,0.023408918766975404,0.99196,0.9283077608108521,0.8058,0.18616,8997.810106992722
same_epochs,sgd,,562,219742,0.03178993825852871,0.98982,0.021894974770545958,0.99266,0.8986461126327515,0.8107,0.18196,9004.886249303818
same_epochs,sgd,,563,220133,0.042655341238379475,0.98596,0.024121458127498628,0.99206,0.9028777413368225,0.8069,0.1851600000000001,9055.569110393524
same_epochs,sgd,,564,220524,0.040989498032033445,0.9863,0.024040019860267638,0.99164,0.9175476622581482,0.8063,0.18533999999999995,9062.544241905212
same_epochs,sgd,,565,220915,0.03425611576795578,0.9883,0.028454296000003813,0.9907,0.9162906421661376,0.8058,0.18490000000000006,9069.6175198555
same_epochs,sgd,,566,221306,0.041140266575813295,0.98624,0.03347506821632385,0.98948,0.9104319011688232,0.8085,0.18098000000000003,9116.887442827225
same_epochs,sgd,,567,221697,0.04289066480398178,0.9852,0.02749095097064972,0.99106,0.912530180644989,0.8021,0.18896000000000002,9123.920624494553
same_epochs,sgd,,568,222088,0.04045758680254221,0.98724,0.026185886849164963,0.99122,0.9100617311477661,0.8045,0.18672,9131.006672859192
same_epochs,sgd,,569,222479,0.03985737978577614,0.98648,0.027031622071266175,0.99144,0.8918199283599854,0.8088,0.18264000000000002,9178.275020599365
same_epochs,sgd,,570,222870,0.040298003818392755,0.9866,0.0225609183216095,0.99278,0.896876329421997,0.8119,0.18088000000000004,9185.290419101715
same_epochs,sgd,,571,223261,0.038318639438152315,0.987,0.02426210986852646,0.99228,0.943777552318573,0.8056,0.18668000000000007,9236.508329629898
same_epochs,sgd,,572,223652,0.038343876275420186,0.98758,0.020902460625767706,0.9929,0.8832835230350494,0.8115,0.1814,9243.525720119476
same_epochs,sgd,,573,224043,0.034805490819811824,0.98838,0.038407240293025974,0.9869,0.9627234801292419,0.7982,0.18869999999999998,9250.522894620895
same_epochs,sgd,,574,224434,0.0343780380320549,0.9884,0.023460250539183616,0.99286,0.9122929419517517,0.8034,0.18945999999999996,9297.471246480942
same_epochs,sgd,,575,224825,0.035875559148788455,0.98752,0.027871211862564086,0.99062,0.9316351620674134,0.8033,0.18731999999999993,9304.676749706268
same_epochs,sgd,,576,225216,0.035168766744732856,0.98818,0.02566195829629898,0.99082,0.930287675666809,0.8029,0.1879200000000001,9355.319807767868
same_epochs,sgd,,577,225607,0.03668728477358818,0.98764,0.024923447648286818,0.9921,0.9132527910232544,0.8078,0.18430000000000002,9362.397483587265
same_epochs,sgd,,578,225998,0.032910421707034114,0.98884,0.03285428888857365,0.98866,0.9388096050262451,0.8036,0.18506,9369.453893899918
same_epochs,sgd,,579,226389,0.03519887249946594,0.98826,0.031037421840429305,0.98964,0.9375467670440674,0.7977,0.19194,9416.650434970856
same_epochs,sgd,,580,226780,0.03554200769305229,0.98812,0.02928160374760628,0.99038,0.9205241270065307,0.8031,0.18728,9423.562719106674
same_epochs,sgd,,581,227171,0.03834999867141247,0.98696,0.01927113781750202,0.99408,0.9062416282653809,0.8097,0.18438,9432.154414892197
same_epochs,sgd,,582,227562,0.03334255005061627,0.9888,0.02151436438679695,0.993,0.9080962364196777,0.8031,0.18989999999999996,9478.209951877594
same_epochs,sgd,,583,227953,0.035636789781451225,0.98836,0.021249224462509157,0.99324,0.9099893453598022,0.808,0.18523999999999996,9485.436874389648
same_epochs,sgd,,584,228344,0.037140334062576295,0.98712,0.024429445912837983,0.99208,0.9169298229694366,0.8078,0.18428,9536.082822561264
same_epochs,sgd,,585,228735,0.033537406808137896,0.98902,0.02442412658393383,0.99198,0.9343417797088623,0.8089,0.18308000000000002,9543.184385299683
same_epochs,sgd,,586,229126,0.03878836359292269,0.98686,0.03527217987060547,0.98864,0.9441440443038941,0.8025,0.18613999999999997,9550.220632314682
same_epochs,sgd,,587,229517,0.036494783537387845,0.98778,0.025928004857897757,0.99136,0.9328705079078674,0.8033,0.18806,9597.432901144028
same_epochs,sgd,,588,229908,0.0391732638156414,0.98706,0.03443272851705551,0.98826,0.918810854434967,0.8034,0.18486000000000002,9604.441833019257
same_epochs,sgd,,589,230299,0.03734684863567352,0.9876,0.031180927263498307,0.9895,0.9403294770240783,0.8013,0.18820000000000003,9611.490355730057
same_epochs,sgd,,590,230690,0.04485632747888565,0.98472,0.025610641438663005,0.99126,0.8949448949813843,0.8096,0.18166000000000004,9658.779396295547
same_epochs,sgd,,591,231081,0.035000744213163855,0.98804,0.021953090232610703,0.99302,0.8871862980842591,0.8084,0.18462,9665.98294377327
same_epochs,sgd,,592,231472,0.02982401899218559,0.9901,0.019609030947685242,0.99382,0.9107832454681396,0.8078,0.18602000000000007,9716.335147857666
same_epochs,sgd,,593,231863,0.033182969563007356,0.98898,0.021523819437623024,0.99318,0.9295134477376937,0.8064,0.18677999999999995,9723.516117095947
same_epochs,sgd,,594,232254,0.03302117625012994,0.98882,0.021094005752801896,0.99318,0.9152504262924195,0.8086,0.18457999999999997,9730.457198381424
same_epochs,sgd,,595,232645,0.035526316990852354,0.98808,0.02212261731863022,0.99256,0.9000297287940979,0.806,0.18655999999999995,9777.809343338013
same_epochs,sgd,,596,233036,0.03261824929870665,0.98858,0.018362113528251647,0.99368,0.8994773764133454,0.8065,0.18718,9786.322428941727
same_epochs,sgd,,597,233427,0.040848240772485736,0.98598,0.02588749440252781,0.99176,0.9046032661437988,0.8076,0.18416,9835.594007253647
same_epochs,sgd,,598,233818,0.04004308116614819,0.98638,0.028390439289808275,0.99072,0.9132873922348023,0.8061,0.18462,9842.650203227997
same_epochs,sgd,,599,234209,0.03616598473548889,0.98766,0.047033455777168276,0.98526,0.9316878821372986,0.8001,0.18516,9849.705581903458
same_epochs,sgd,,600,234600,0.03306063001692295,0.98906,0.028950598599910737,0.99058,0.928920694231987,0.8009,0.18968000000000007,9897.422944545746
same_epochs,sgd,,601,234991,0.036015131131410597,0.98752,0.027128303892612456,0.99116,0.9182784701347351,0.8063,0.18486000000000002,9904.5106549263
same_epochs,sgd,,602,235382,0.034243804985582826,0.9885,0.036050343109369276,0.98786,0.9280065341949463,0.7998,0.18806,9911.501728057861
same_epochs,sgd,,603,235773,0.0395471689131856,0.98592,0.02882839233994484,0.99058,0.933598722076416,0.7987,0.19188000000000005,9958.600120067596
same_epochs,sgd,,604,236164,0.03734644189894199,0.98742,0.022144829961657526,0.99264,0.9125918828010559,0.8035,0.18913999999999997,9965.55944108963
same_epochs,sgd,,605,236555,0.03707273247599602,0.9873,0.02506481161236763,0.992,0.9047811581611633,0.8035,0.1885,10016.150285243988
same_epochs,sgd,,606,236946,0.042198286416828636,0.98542,0.019923454337716102,0.9936,0.896320471572876,0.8113,0.18230000000000002,10023.224249362946
same_epochs,sgd,,607,237337,0.03456038913011551,0.98866,0.01791639164209366,0.99432,0.8957294354438782,0.8076,0.18672,10030.178457736969
same_epochs,sgd,,608,237728,0.03440601899683476,0.98822,0.019800490791499616,0.99346,0.88511256275177,0.8108,0.18266000000000004,10077.617036104202
same_epochs,sgd,,609,238119,0.03807452018022537,0.9868,0.030277837819457053,0.99016,0.9170466253280639,0.8035,0.18666000000000005,10084.560990095139
same_epochs,sgd,,610,238510,0.041528961238265036,0.98556,0.027611960154771804,0.99098,0.9288465632438659,0.8058,0.18518,10135.281695604324
same_epochs,sgd,,611,238901,0.04379700790196657,0.98498,0.026699486548900603,0.99102,0.9053209908485412,0.807,0.18401999999999996,10142.363021373749
same_epochs,sgd,,612,239292,0.03430421115785837,0.98856,0.021444790377914906,0.99366,0.9046962141036987,0.805,0.18865999999999994,10149.419155597687
same_epochs,sgd,,613,239683,0.03217263001322746,0.98914,0.02071899558067322,0.99386,0.931684885597229,0.8011,0.19275999999999993,10196.619588136673
same_epochs,sgd,,614,240074,0.03571039154887199,0.9883,0.03411818817257881,0.98818,0.9510460519790649,0.8028,0.18538,10203.631423950195
same_epochs,sgd,,615,240465,0.033393431382775306,0.9889,0.030610047771930694,0.98932,0.9345594305992126,0.8011,0.18821999999999994,10210.756121397018
same_epochs,sgd,,616,240856,0.0339034953135252,0.98898,0.021475066809654237,0.9924,0.9224293739318847,0.8059,0.1865,10258.045447349548
same_epochs,sgd,,617,241247,0.037466940045952794,0.98766,0.028807045580148696,0.9905,0.933740682888031,0.801,0.1895,10264.977885007858
same_epochs,sgd,,618,241638,0.03617780800759792,0.9875,0.02773435838162899,0.991,0.914260893535614,0.8071,0.18389999999999995,10315.7342274189
same_epochs,sgd,,619,242029,0.03778374854266644,0.98784,0.018796483969688416,0.99406,0.8796999381065369,0.8128,0.1812600000000001,10323.79142999649
same_epochs,sgd,,620,242420,0.038842635188698765,0.98698,0.038201038692295554,0.98774,0.956136184501648,0.7978,0.18994,10330.787545681
same_epochs,sgd,,621,242811,0.03338413115948439,0.98922,0.020998223470151425,0.9934,0.9156855522155761,0.806,0.1873999999999999,10377.348132371902
same_epochs,sgd,,622,243202,0.03433554451644421,0.9887,0.02555295203179121,0.99156,0.9180453727722168,0.8076,0.18396,10385.769792318344
same_epochs,sgd,,623,243593,0.03085702736079693,0.99006,0.015688082958459856,0.99534,0.8871677190780639,0.8113,0.18403999999999998,10393.023597955704
same_epochs,sgd,,624,243984,0.033243310610353946,0.98892,0.03231997824788094,0.98966,0.9359231539726257,0.8056,0.18406,10438.797265052795
same_epochs,sgd,,625,244375,0.03300542997479439,0.98896,0.020727962545156478,0.99348,0.8900189951896668,0.807,0.18647999999999998,10445.859132528305
same_epochs,sgd,,626,244766,0.03697251047581434,0.98768,0.024505986422300337,0.99194,0.9039171728610993,0.8065,0.18544000000000005,10496.407127141953
same_epochs,sgd,,627,245157,0.03531961380720139,0.98872,0.02553392288208008,0.99158,0.921004432964325,0.8063,0.18528,10503.30950975418
same_epochs,sgd,,628,245548,0.037593179894089696,0.98706,0.022650554265379905,0.99246,0.9057662123680115,0.8046,0.18786000000000003,10510.331728935242
same_epochs,sgd,,629,245939,0.032882958958745004,0.98912,0.024963833931684495,0.99196,0.9235783796310425,0.8075,0.18445999999999996,10557.80389714241
same_epochs,sgd,,630,246330,0.03390734330892563,0.98892,0.02181357567846775,0.99332,0.9304113305568695,0.8045,0.18882,10564.758889198303
same_epochs,sgd,,631,246721,0.034833887054920194,0.98844,0.01728863891005516,0.995,0.894734247303009,0.8084,0.1866,10615.51570391655
same_epochs,sgd,,632,247112,0.03589189132332802,0.98798,0.024312226430177688,0.99234,0.9050408392906188,0.8081,0.18423999999999996,10622.432608604431
same_epochs,sgd,,633,247503,0.0411928544819355,0.98626,0.029591538693010806,0.98972,0.9237792510986328,0.7986,0.19112000000000007,10629.394238233566
same_epochs,sgd,,634,247894,0.03593248784065246,0.98806,0.02639192387342453,0.99148,0.90292359790802,0.8032,0.18828,10676.816259622574
same_epochs,sgd,,635,248285,0.03561572239637375,0.98804,0.0208606004434824,0.99344,0.9059823904037475,0.8095,0.18394,10683.762753009796
same_epochs,sgd,,636,248676,0.026485055659413337,0.99124,0.012658165100812913,0.99606,0.8725908411979675,0.8123,0.18375999999999992,10690.95033121109
same_epochs,sgd,,637,249067,0.03107162074804306,0.98938,0.024485212709754706,0.9922,0.9079945419311524,0.8058,0.1864,10738.394238710403
same_epochs,sgd,,638,249458,0.03581570068895817,0.9883,0.028686058011054994,0.99064,0.9428039979457855,0.7992,0.19143999999999994,10745.547537088394
same_epochs,sgd,,639,249849,0.03155027716755867,0.98998,0.02620104397058487,0.99134,0.9247143137931824,0.8056,0.18574000000000002,10795.888381958008
same_epochs,sgd,,640,250240,0.03568724912762642,0.98844,0.022181975812911987,0.99252,0.9007104359149933,0.8048,0.18772,10802.823557138443
same_epochs,sgd,,641,250631,0.03553190566986799,0.98836,0.016556736288070677,0.99518,0.9055892810821533,0.8064,0.18877999999999995,10810.839521169662
same_epochs,sgd,,642,251022,0.0350030561375618,0.98818,0.022018657709360123,0.99266,0.9221598298072815,0.8075,0.18516,10857.437261104584
same_epochs,sgd,,643,251413,0.038424261201620104,0.9872,0.025093612508773802,0.9923,0.9366539564132691,0.8018,0.1905,10864.494131803513
same_epochs,sgd,,644,251804,0.03396551744699478,0.98896,0.025689333054423332,0.99158,0.9027926979064942,0.8055,0.18608000000000002,10871.402941703796
same_epochs,sgd,,645,252195,0.03689121920347214,0.98784,0.02884936150968075,0.99076,0.9268310309410095,0.8039,0.18686000000000003,10919.07161450386
same_epochs,sgd,,646,252586,0.04067045019835234,0.98626,0.02241366545319557,0.99248,0.8675944313049316,0.81,0.18247999999999998,10925.986280202866
same_epochs,sgd,,647,252977,0.03800137045800686,0.98708,0.04335143059372902,0.98502,0.9711322123527527,0.7922,0.19282,10976.486401796341
same_epochs,sgd,,648,253368,0.036995486903190614,0.98796,0.02356525414586067,0.99228,0.8909171256542205,0.8054,0.18688000000000005,10983.467427015305
same_epochs,sgd,,649,253759,0.036668663369715214,0.9881,0.02050395676255226,0.99368,0.8748189011573791,0.8085,0.18518,10990.69368481636
same_epochs,sgd,,650,254150,0.03781565325558186,0.98798,0.030334701685905456,0.99038,0.9287550388336182,0.7996,0.19078000000000006,11037.942637205124
same_epochs,sgd,,651,254541,0.03256327570140362,0.98874,0.03047669205725193,0.99028,0.909036602640152,0.8034,0.18688000000000005,11045.195359945297
same_epochs,sgd,,652,254932,0.035495357860326766,0.98834,0.03871240835666657,0.9871,0.948597537112236,0.7991,0.18799999999999994,11095.589187145233
same_epochs,sgd,,653,255323,0.036115577274560925,0.98736,0.019820432180017233,0.99362,0.8962973044395447,0.8099,0.18372,11102.544107675552
same_epochs,sgd,,654,255714,0.03629190459728241,0.98806,0.022102055962085723,0.99306,0.8962290597438812,0.808,0.18506,11110.625681877136
same_epochs,sgd,,655,256105,0.03555163880586624,0.98774,0.03465092552185058,0.9886,0.9519013378143311,0.7968,0.19180000000000008,11157.03276515007
same_epochs,sgd,,656,256496,0.03619597857952118,0.988,0.032727347287535666,0.98884,0.9484904081344604,0.7974,0.19144000000000005,11164.151284217834
same_epochs,sgd,,657,256887,0.03216382122635841,0.9893,0.03442109224259853,0.98874,0.980982122707367,0.8036,0.18513999999999997,11171.258235692978
same_epochs,sgd,,658,257278,0.03897031294882298,0.98664,0.025089482935667037,0.99202,0.9247680130958558,0.8063,0.18572,11218.763858795166
same_epochs,sgd,,659,257669,0.03469737273573875,0.98892,0.021687287087440492,0.99314,0.9042893421649932,0.8066,0.18654000000000004,11225.98187303543
same_epochs,sgd,,660,258060,0.03373815349280834,0.98918,0.022992789157629014,0.99272,0.9093897309303284,0.8079,0.1848200000000001,11276.144601106644
same_epochs,sgd,,661,258451,0.03344062976360321,0.9886,0.021531145521998404,0.99318,0.9118217803239822,0.8077,0.18547999999999998,11283.259367704391
same_epochs,sgd,,662,258842,0.032302761637568476,0.98924,0.03072969133377075,0.9901,0.9290943524360656,0.8024,0.18769999999999998,11290.416586637497
same_epochs,sgd,,663,259233,0.040277561776041984,0.98628,0.02733885719537735,0.9911,0.9258072827339172,0.8037,0.1874,11337.537476301193
same_epochs,sgd,,664,259624,0.037439568742215636,0.98736,0.04376768439054489,0.98514,0.9415284670352936,0.7969,0.18823999999999996,11344.443469524384
same_epochs,sgd,,665,260015,0.029863014040589334,0.99012,0.026737093514204027,0.9913,0.9302997906684876,0.8018,0.1895,11395.300386428833
same_epochs,sgd,,666,260406,0.03946757837295532,0.9872,0.020417133769989014,0.99328,0.8978390658378601,0.8049,0.1883800000000001,11402.580274820328
same_epochs,sgd,,667,260797,0.03374915894210338,0.98854,0.021098311844170093,0.99354,0.9130595553398132,0.8048,0.18874000000000002,11409.627206087112
same_epochs,sgd,,668,261188,0.035555241892933846,0.988,0.04438361073732376,0.9856,0.9872694370269776,0.7908,0.19480000000000008,11456.63109588623
same_epochs,sgd,,669,261579,0.043147314130663875,0.98536,0.019801008709073066,0.99368,0.8882509331703186,0.81,0.18367999999999995,11463.614601373672
same_epochs,sgd,,670,261970,0.04237863990187645,0.9854,0.028967144348621368,0.99016,0.9000460746765137,0.8068,0.18336000000000008,11470.796162128448
same_epochs,sgd,,671,262361,0.03927638536989689,0.9865,0.04365779238939285,0.98576,0.9285805377006531,0.7964,0.18935999999999997,11518.271831035614
same_epochs,sgd,,672,262752,0.03580885152578354,0.98826,0.031475381664037703,0.98946,0.9188351194381714,0.8005,0.18896000000000002,11525.330985546112
same_epochs,sgd,,673,263143,0.0339473395717144,0.9888,0.023347696243524552,0.99232,0.9069212755799293,0.8097,0.18262,11575.759555101395
same_epochs,sgd,,674,263534,0.03419307148784399,0.98856,0.022829495995640756,0.99284,0.9252899085044861,0.8022,0.19063999999999992,11583.48222541809
same_epochs,sgd,,675,263925,0.03208377864003181,0.98952,0.026834331043958663,0.99124,0.9167739941596985,0.8052,0.18603999999999998,11591.527320623398
same_epochs,sgd,,676,264316,0.03442933688089252,0.98846,0.024939152344465254,0.99164,0.9167455177307129,0.8023,0.18933999999999995,11637.16278219223
same_epochs,sgd,,677,264707,0.03177297182023525,0.98942,0.022953761031627655,0.99268,0.916667949104309,0.8037,0.18898000000000004,11644.283370256424
same_epochs,sgd,,678,265098,0.027640477264523507,0.99078,0.016906262249946593,0.99486,0.8867620288848876,0.8129,0.18196,11651.3198158741
same_epochs,sgd,,679,265489,0.029826813466548918,0.99002,0.023678125260472298,0.99208,0.9334879190444946,0.8059,0.18618,11698.686656951904
same_epochs,sgd,,680,265880,0.0281520417535305,0.99094,0.014618145070672035,0.99534,0.8786925923347473,0.8136,0.18174,11705.62139248848
same_epochs,sgd,,681,266271,0.030032175805568696,0.99022,0.02822062305688858,0.99098,0.9271452179908752,0.801,0.18997999999999993,11756.356419324875
same_epochs,sgd,,682,266662,0.041436629046797756,0.98564,0.03362278274059296,0.98856,0.9340502605438232,0.804,0.18455999999999995,11763.444134235382
same_epochs,sgd,,683,267053,0.03623766795516014,0.98802,0.01915801362156868,0.99428,0.8806363183498382,0.8122,0.18208000000000002,11770.86612868309
same_epochs,sgd,,684,267444,0.037052088361978534,0.9875,0.029523688383102417,0.99034,0.9402966480255127,0.8023,0.18803999999999998,11818.802956819534
same_epochs,sgd,,685,267835,0.03692647561550141,0.9875,0.03696893240451813,0.98704,0.9678565498352051,0.7969,0.19013999999999998,11826.01217675209
same_epochs,sgd,,686,268226,0.03261767932727933,0.98886,0.01899487761735916,0.99392,0.9031641345977783,0.8097,0.18422000000000005,11875.549253702164
same_epochs,sgd,,687,268617,0.03389556472659111,0.98918,0.026711112916469573,0.99132,0.9173780430793762,0.8071,0.18421999999999994,11882.473257541656
same_epochs,sgd,,688,269008,0.03151326540708542,0.98956,0.024439074860811233,0.99192,0.9074192789077759,0.8078,0.18412000000000006,11889.545142650604
same_epochs,sgd,,689,269399,0.03386456930220127,0.98914,0.014741133424192667,0.99532,0.8882672291755677,0.8102,0.18511999999999995,11936.905950307846
same_epochs,sgd,,690,269790,0.030843982691764832,0.98968,0.03659430030941963,0.98768,0.940722176361084,0.7995,0.18818000000000001,11943.922604084015
same_epochs,sgd,,691,270181,0.030268091519773006,0.99018,0.017497249068021775,0.99486,0.9154935091018677,0.8078,0.18706,11950.858181476593
same_epochs,sgd,,692,270572,0.03344054242968559,0.98886,0.02453194132566452,0.99226,0.9022431519031525,0.8077,0.18456000000000006,11998.217036247253
same_epochs,sgd,,693,270963,0.0388899736070633,0.98666,0.01971648058116436,0.99392,0.8941182277202606,0.8108,0.18312000000000006,12005.357132434845
same_epochs,sgd,,694,271354,0.035392885715067386,0.98758,0.017276422102451325,0.99452,0.9054999312877655,0.8053,0.18921999999999994,12056.00328040123
same_epochs,sgd,,695,271745,0.03293368961334228,0.98882,0.025966629503965378,0.99122,0.9153841795921326,0.8031,0.18811999999999995,12063.125852108002
same_epochs,sgd,,696,272136,0.0354001159876585,0.98854,0.01839452663630247,0.99394,0.9168027437210083,0.8072,0.18674000000000002,12070.252566099167
same_epochs,sgd,,697,272527,0.03206811775565147,0.98946,0.026332967567443848,0.99168,0.914147458076477,0.7995,0.19218000000000002,12117.373533964157
same_epochs,sgd,,698,272918,0.033661810225248334,0.98902,0.021365838737487795,0.99338,0.9176182816505433,0.8042,0.18918000000000001,12124.478259325027
same_epochs,sgd,,699,273309,0.03835278102755547,0.98728,0.02675492280304432,0.9909,0.9288121762752533,0.7994,0.1915,12175.047273159027
same_epochs,sgd,,700,273700,0.03468207878828049,0.9887,0.05217757490634918,0.9832,0.9826675329208374,0.792,0.19119999999999993,12182.003769874573
same_epochs,sgd,,701,274091,0.0337621403747797,0.98912,0.02162420566558838,0.9933,0.9010871740341186,0.8067,0.1866,12188.91443991661
same_epochs,sgd,,702,274482,0.03139711506843567,0.9897,0.028449864617586137,0.99044,0.9376320991516113,0.8012,0.18923999999999996,12236.495293855667
same_epochs,sgd,,703,274873,0.030126172644495963,0.9902,0.025345212411284446,0.99154,0.9373272038459778,0.7968,0.19474000000000002,12243.3906955719
same_epochs,sgd,,704,275264,0.03171546530753374,0.99,0.0261574743783474,0.99132,0.936591555595398,0.8023,0.18901999999999997,12250.52689409256
same_epochs,sgd,,705,275655,0.04501956146359443,0.98474,0.03475442575454712,0.9879,0.9282736805915832,0.7997,0.18820000000000003,12297.894221067429
same_epochs,sgd,,706,276046,0.030881094049811365,0.9897,0.02191257860124111,0.99278,0.9206358616828918,0.8051,0.18767999999999996,12304.915262699127
same_epochs,sgd,,707,276437,0.03779914642691612,0.98784,0.025687142205834387,0.99144,0.9222304904937744,0.8003,0.19113999999999998,12355.820063114166
same_epochs,sgd,,708,276828,0.028587085166573524,0.99068,0.01729803732484579,0.99454,0.8855881065368653,0.8112,0.18333999999999995,12362.793745994568
same_epochs,sgd,,709,277219,0.03735728052586317,0.98702,0.02200417252510786,0.99286,0.905566986656189,0.8065,0.18635999999999997,12369.772934675217
same_epochs,sgd,,710,277610,0.03153177171647549,0.9891,0.014763474378883838,0.99518,0.897897306060791,0.8082,0.18697999999999992,12417.031216859818
same_epochs,sgd,,711,278001,0.03684103493332863,0.98762,0.03257916651725769,0.98932,0.9591061262130738,0.7949,0.19441999999999993,12424.040144443512
same_epochs,sgd,,712,278392,0.027468740557730197,0.99076,0.021782823514938356,0.99272,0.9167867067337037,0.8089,0.1838200000000001,12430.922198534012
same_epochs,sgd,,713,278783,0.03255596986413002,0.98914,0.02414344445466995,0.99256,0.9349943596839905,0.7989,0.19365999999999994,12478.463739395142
same_epochs,sgd,,714,279174,0.039268746440261605,0.9868,0.041433975102901456,0.98642,0.9436320048332214,0.8023,0.18411999999999995,12485.658784389496
same_epochs,sgd,,715,279565,0.035046194505691526,0.9882,0.02178304179549217,0.99296,0.9071345927238464,0.8092,0.18375999999999992,12536.41817522049
same_epochs,sgd,,716,279956,0.033467357490062716,0.98894,0.022713418366909027,0.99278,0.9175222203254699,0.8041,0.18867999999999996,12543.443567752838
same_epochs,sgd,,717,280347,0.03148961780011654,0.98924,0.03410224352121353,0.98866,0.9239891736030579,0.8023,0.18635999999999997,12550.5038356781
same_epochs,sgd,,718,280738,0.033205792574286463,0.98922,0.02403795900821686,0.99174,0.8893915175914764,0.8066,0.18513999999999997,12597.50238108635
same_epochs,sgd,,719,281129,0.033775103771090505,0.98894,0.03496951678872109,0.98832,0.9504670400619507,0.7974,0.19091999999999998,12604.641382694244
same_epochs,sgd,,720,281520,0.03496601651608944,0.98864,0.02266155957683921,0.99296,0.890383094072342,0.8098,0.18316,12655.270751714706
same_epochs,sgd,,721,281911,0.034464055270552636,0.9884,0.015259071005433798,0.9956,0.8699295253753662,0.813,0.1826000000000001,12662.241531848907
same_epochs,sgd,,722,282302,0.03421877584069967,0.98884,0.019275021695792673,0.99382,0.921302841758728,0.8056,0.18822000000000005,12669.326408863068
same_epochs,sgd,,723,282693,0.030041132095754146,0.99008,0.022653081533908843,0.99298,0.9149405288219452,0.8042,0.18877999999999995,12716.890568494797
same_epochs,sgd,,724,283084,0.034456286817789075,0.98884,0.025325696581602098,0.99174,0.9415734376907349,0.7984,0.19333999999999996,12723.897551059723
same_epochs,sgd,,725,283475,0.03336561029791832,0.9889,0.04208838245630264,0.98624,0.9462252653121949,0.7973,0.18894,12730.968836545944
same_epochs,sgd,,726,283866,0.03910337049424648,0.98668,0.0284530162101984,0.99096,0.9136836891233922,0.801,0.1899599999999999,12778.033634662628
same_epochs,sgd,,727,284257,0.031658001729846,0.99012,0.022854620850086212,0.99262,0.8889402391433716,0.8051,0.1875199999999999,12785.058490991592
same_epochs,sgd,,728,284648,0.030593183102607727,0.98982,0.029786729533672333,0.98964,0.9446659170150756,0.7998,0.18984,12835.733347415924
same_epochs,sgd,,729,285039,0.030831434417366983,0.98986,0.023509933121800424,0.99182,0.9321377375602722,0.8052,0.18662,12842.846359491348
same_epochs,sgd,,730,285430,0.03288302785873413,0.98892,0.01815351024746895,0.99432,0.9063755539178848,0.8074,0.18691999999999998,12849.94186925888
same_epochs,sgd,,731,285821,0.030195245506763457,0.9904,0.018037280740886927,0.99446,0.8875824931144715,0.8058,0.18866000000000005,12897.427474975586
same_epochs,sgd,,732,286212,0.03449440142154694,0.98822,0.033151945223808287,0.98884,0.9666582919597626,0.7976,0.19124000000000008,12904.523731946945
same_epochs,sgd,,733,286603,0.03281600685447454,0.9896,0.02047989478111267,0.99346,0.8928217153072358,0.807,0.18645999999999996,12911.649043083191
same_epochs,sgd,,734,286994,0.032233150399327275,0.9887,0.032017350734472275,0.98888,0.9704814561843872,0.7966,0.19228,12958.997939825058
same_epochs,sgd,,735,287385,0.03547004900276661,0.98822,0.02590333852633834,0.99184,0.9028022374153137,0.8019,0.1899400000000001,12966.123103618622
same_epochs,sgd,,736,287776,0.0344110820376873,0.98886,0.022979607765674592,0.9923,0.9075442970275879,0.8059,0.1864,13016.298123836517
same_epochs,sgd,,737,288167,0.03895810254752636,0.98692,0.02608768418073654,0.9917,0.9207522344589233,0.8017,0.19000000000000006,13023.28519320488
same_epochs,sgd,,738,288558,0.038635767365694046,0.98732,0.023720244091153145,0.99238,0.9139594479560852,0.8015,0.19088000000000005,13030.400037527084
same_epochs,sgd,,739,288949,0.03443341411411762,0.9883,0.01756872070223093,0.99452,0.90232796626091,0.8062,0.18831999999999993,13077.855394124985
same_epochs,sgd,,740,289340,0.0366509003674984,0.98778,0.0158332768663764,0.99494,0.8899783264160156,0.806,0.18894,13085.035239696503
same_epochs,sgd,,741,289731,0.033628900882005694,0.98858,0.01934100383222103,0.99394,0.9016767776489257,0.7997,0.19424000000000008,13135.457578897476
same_epochs,sgd,,742,290122,0.032951181535720825,0.98906,0.021342417001575232,0.99308,0.8851474555969239,0.8048,0.18828,13142.395305395126
same_epochs,sgd,,743,290513,0.03038765227496624,0.98948,0.017403359800577164,0.99478,0.8890172324180603,0.8059,0.18888000000000005,13150.9411277771
same_epochs,sgd,,744,290904,0.03486949040353298,0.98878,0.02539946783363819,0.99214,0.9036466035366059,0.8032,0.18894,13196.84489107132
same_epochs,sgd,,745,291295,0.03657090849518776,0.98776,0.028132250341176987,0.99088,0.91176254196167,0.8051,0.18577999999999995,13203.90023469925
same_epochs,sgd,,746,291686,0.03319021926999092,0.98902,0.03429709480255842,0.98846,0.9524431201934814,0.7945,0.19396000000000002,13211.096546411514
same_epochs,sgd,,747,292077,0.029441903494894506,0.99038,0.016243345923274755,0.9949,0.9069981689929962,0.8074,0.1875,13258.82145023346
same_epochs,sgd,,748,292468,0.035465627250671386,0.98864,0.018162503672838212,0.99474,0.8985602729797363,0.8084,0.18633999999999995,13265.845207691193
same_epochs,sgd,,749,292859,0.03898046221315861,0.987,0.01865650728583336,0.99426,0.9033428778648377,0.8054,0.18886000000000003,13316.063222408295
same_epochs,sgd,,750,293250,0.03495189788579941,0.98854,0.024164999012947084,0.9923,0.9226735252380371,0.8029,0.1894,13323.219609498978
same_epochs,sgd,,751,293641,0.029166599397361277,0.99032,0.02615050481557846,0.99148,0.9186635715484619,0.8072,0.18428,13330.342864513397
same_epochs,sgd,,752,294032,0.03679430831134319,0.9878,0.014930864485651254,0.9954,0.8901180722236633,0.8099,0.1855,13377.398683547974
same_epochs,sgd,,753,294423,0.03745264631509781,0.9871,0.025574029810428618,0.99192,0.9106201467990875,0.8038,0.18812000000000006,13384.61428451538
same_epochs,sgd,,754,294814,0.033803003268241885,0.9886,0.01748628088235855,0.99438,0.922548092842102,0.8071,0.18728,13438.273997545242
same_epochs,sgd,,755,295205,0.03608363217413425,0.98824,0.018066265794038774,0.99434,0.8929269642353058,0.8064,0.18794,13445.262840270996
same_epochs,sgd,,756,295596,0.0350244584107399,0.988,0.03519087028026581,0.98856,0.9508460615158081,0.801,0.18755999999999995,13452.181187868118
same_epochs,sgd,,757,295987,0.037424005741477015,0.988,0.03087793932557106,0.98948,0.94898942694664,0.7961,0.19338,13496.442044973373
same_epochs,sgd,,758,296378,0.03565642978847027,0.98788,0.018445832246392964,0.99404,0.8939747601509094,0.8058,0.18824000000000007,13503.593829154968
same_epochs,sgd,,759,296769,0.03153540520191193,0.98966,0.015257145371437074,0.9952,0.9000842631816864,0.809,0.18619999999999992,13510.609476566315
same_epochs,sgd,,760,297160,0.026289306518137455,0.99188,0.01414568511903286,0.99566,0.8977980058670044,0.8098,0.18586000000000003,13558.832513570786
same_epochs,sgd,,761,297551,0.03377602119505405,0.98902,0.020497765959352255,0.99356,0.9201716725349426,0.805,0.18855999999999995,13566.636118650436
same_epochs,sgd,,762,297942,0.036845063840150835,0.98794,0.025595646030902863,0.9919,0.9058638812065124,0.8011,0.19079999999999997,13616.368134260178
same_epochs,sgd,,763,298333,0.03456693229496479,0.98874,0.03285574380874634,0.98898,0.945288703918457,0.7963,0.19267999999999996,13623.313385009766
same_epochs,sgd,,764,298724,0.033247086154818535,0.98924,0.0380623676276207,0.98714,0.9572278719902039,0.7965,0.19064000000000003,13630.357340812683
same_epochs,sgd,,765,299115,0.042888044302612546,0.98596,0.01956947703719139,0.99326,0.8699154084682464,0.8053,0.18796000000000002,13677.153066396713
same_epochs,sgd,,766,299506,0.031219414275586607,0.99014,0.016015181974172593,0.9952,0.8623139867782593,0.8122,0.18299999999999994,13684.082984685898
same_epochs,sgd,,767,299897,0.033980490207076074,0.98858,0.016256914707422257,0.99512,0.8861566552639007,0.8095,0.18562,13691.162851572037
same_epochs,sgd,,768,300288,0.03332147867977619,0.98922,0.028947460280656815,0.99068,0.9422090002059936,0.7956,0.19508000000000003,13738.601492404938
same_epochs,sgd,,769,300679,0.0339302706182003,0.98876,0.02792155791759491,0.9909,0.9104426205635071,0.8015,0.1894,13745.554293870926
same_epochs,sgd,,770,301070,0.028372913154661655,0.99136,0.015062628379464149,0.99538,0.8861602544784546,0.8086,0.18678000000000006,13796.605391979218
same_epochs,sgd,,771,301461,0.02968336155049503,0.9899,0.030228668038845063,0.9893,0.9180740765810013,0.8057,0.18359999999999999,13803.74233698845
same_epochs,sgd,,772,301852,0.02931745863765478,0.9909,0.017059367898106574,0.99464,0.8824553533554077,0.8096,0.18503999999999998,13810.69413638115
same_epochs,sgd,,773,302243,0.031291765741109846,0.98974,0.02596421219229698,0.99118,0.9246843950271606,0.8027,0.18847999999999998,13857.675281524658
same_epochs,sgd,,774,302634,0.03339993810355663,0.98918,0.027275944936871528,0.9908,0.9177101001381874,0.8039,0.18690000000000007,13864.676419258118
same_epochs,sgd,,775,303025,0.03650816308438778,0.98778,0.024961112276911737,0.9917,0.9246678956985473,0.7996,0.19210000000000005,13915.333842754364
same_epochs,sgd,,776,303416,0.03231625644207001,0.98934,0.019568100841641425,0.99418,0.8952598141670227,0.8083,0.18587999999999993,13922.293816804886
same_epochs,sgd,,777,303807,0.02976411512374878,0.99024,0.022977278936505318,0.9926,0.8946660768508912,0.8053,0.18730000000000002,13929.68142414093
same_epochs,sgd,,778,304198,0.02823132506072521,0.99002,0.05682534889638424,0.98158,1.000604831314087,0.7896,0.19198000000000004,13976.970192193985
same_epochs,sgd,,779,304589,0.043742033504843715,0.98556,0.024245870674550533,0.9922,0.878184167766571,0.8079,0.18430000000000002,13984.766421556473
same_epochs,sgd,,780,304980,0.02576561858609319,0.99168,0.017774464808106422,0.99438,0.8865439690589905,0.8084,0.18598000000000003,13991.814185857773
same_epochs,sgd,,781,305371,0.03015354448258877,0.99002,0.02023436465755105,0.99346,0.8998367547988891,0.8065,0.18696000000000002,14038.197931528091
same_epochs,sgd,,782,305762,0.03526946402221918,0.98812,0.028635471372902392,0.99106,0.9288815133094788,0.7985,0.19256000000000006,14045.362546682358
same_epochs,sgd,,783,306153,0.03479279434144497,0.98798,0.01703388789653778,0.99474,0.8771825721263885,0.8104,0.18433999999999995,14095.982071399689
same_epochs,sgd,,784,306544,0.02727791909277439,0.99126,0.01197341098099947,0.9965,0.9053031305313111,0.8099,0.1866000000000001,14103.017455101013
same_epochs,sgd,,785,306935,0.03595652635931969,0.98788,0.02713490306198597,0.9911,0.9214967965483666,0.8007,0.1904,14109.932169437408
same_epochs,sgd,,786,307326,0.040649908016324045,0.98674,0.02504478853523731,0.99192,0.9064670221567154,0.8028,0.18912000000000007,14157.651442050934
same_epochs,sgd,,787,307717,0.03379481205105782,0.98864,0.02787201940536499,0.99116,0.9055275048255921,0.8062,0.18496,14164.67647242546
same_epochs,sgd,,788,308108,0.03424919822707772,0.9887,0.03833470537364483,0.98742,0.9454713884353638,0.7962,0.19121999999999995,14171.824241161346
same_epochs,sgd,,789,308499,0.032202058102488516,0.98978,0.017405732712745668,0.99438,0.8795724028110504,0.8105,0.18388000000000004,14218.66991186142
same_epochs,sgd,,790,308890,0.0369324900791049,0.98756,0.025293609022051095,0.99196,0.9300735584259033,0.8016,0.19035999999999997,14225.712779283524
same_epochs,sgd,,791,309281,0.031101113692820072,0.98958,0.020374849637001754,0.99386,0.8996410626411439,0.8096,0.18425999999999998,14276.344130039215
same_epochs,sgd,,792,309672,0.03223894387722016,0.98942,0.017557158211618663,0.9943,0.8895323783874511,0.8124,0.18189999999999995,14283.367191553116
same_epochs,sgd,,793,310063,0.03168587046444416,0.98938,0.027782861062288285,0.99088,0.9531847246170044,0.7995,0.19138,14290.56152844429
same_epochs,sgd,,794,310454,0.03485922832369805,0.98872,0.026424366520047187,0.99124,0.8927425956726074,0.8106,0.18064000000000002,14337.85033750534
same_epochs,sgd,,795,310845,0.03504306438088417,0.98824,0.02471929872751236,0.99178,0.9191611979484559,0.8054,0.18638,14344.750251293182
same_epochs,sgd,,796,311236,0.031539196788668636,0.98958,0.019090028246343135,0.99404,0.8854495913505555,0.8121,0.18194,14395.602507829666
same_epochs,sgd,,797,311627,0.03255153751254082,0.9891,0.03416698969632387,0.98872,0.9559830542564393,0.7954,0.19332000000000005,14402.497267961502
same_epochs,sgd,,798,312018,0.03555268174171448,0.9881,0.027562782993912696,0.99118,0.9195774231910706,0.7995,0.19167999999999996,14409.437305927277
same_epochs,sgd,,799,312409,0.0339438680422306,0.9889,0.02540974383056164,0.99196,0.9175365438461304,0.805,0.1869599999999999,14456.85253071785
same_epochs,sgd,,800,312800,0.03634484232366085,0.98774,0.03206665853559971,0.98998,0.9128864507675171,0.7977,0.19228,14464.081146240234
same_epochs,sgd,,801,313191,0.02653835920125246,0.99158,0.016140623710155486,0.9948,0.8940041807174682,0.8102,0.1846,14471.028792858124
same_epochs,sgd,,802,313582,0.02835886741757393,0.99062,0.028437859064638613,0.991,0.9384170400619507,0.8001,0.19089999999999996,14518.177021980286
same_epochs,sgd,,803,313973,0.03172437240496278,0.9898,0.017558767753541468,0.99472,0.8876679599761963,0.8098,0.18492000000000008,14525.137030601501
same_epochs,sgd,,804,314364,0.02953281361013651,0.99006,0.016861547416299583,0.99468,0.8940758916854858,0.8098,0.18488000000000004,14575.938663721085
same_epochs,sgd,,805,314755,0.032399988627433776,0.9894,0.02902318979382515,0.9903,0.9546375757217407,0.799,0.19129999999999991,14582.890307426453
same_epochs,sgd,,806,315146,0.03105396791100502,0.98984,0.019092832478135823,0.99386,0.9020411628723145,0.8066,0.18725999999999998,14589.801958799362
same_epochs,sgd,,807,315537,0.04258423076629639,0.98584,0.033125257871001956,0.9893,0.9571381556510925,0.7969,0.1923999999999999,14637.298224687576
same_epochs,sgd,,808,315928,0.031176121258735656,0.98926,0.027138662025928496,0.99126,0.939896854019165,0.8011,0.19016,14644.979208946228
same_epochs,sgd,,809,316319,0.038787663708925245,0.98712,0.0161352650500834,0.99504,0.8874903244972229,0.8074,0.18764000000000003,14652.04938173294
same_epochs,sgd,,810,316710,0.03486849639713764,0.98822,0.018169161781966685,0.99438,0.916381591129303,0.8025,0.19188000000000005,14698.77872300148
same_epochs,sgd,,811,317101,0.031182151807546615,0.99018,0.024471412563323976,0.99238,0.9359959671020508,0.7986,0.19378000000000006,14705.842769145966
same_epochs,sgd,,812,317492,0.03200507542550564,0.98914,0.034982292795777324,0.98866,0.9540953017234802,0.798,0.19065999999999994,14756.53701877594
same_epochs,sgd,,813,317883,0.033250067392587665,0.98898,0.022966452807188033,0.99252,0.938372916316986,0.8039,0.18862,14763.617243289948
same_epochs,sgd,,814,318274,0.03814817333400249,0.9873,0.024188242218196394,0.99242,0.885639802646637,0.8079,0.18452000000000002,14770.740283966064
same_epochs,sgd,,815,318665,0.03517286361306906,0.9888,0.02441571417927742,0.99216,0.8944374122619629,0.805,0.18716,14817.795926809311
same_epochs,sgd,,816,319056,0.034211263681054115,0.9892,0.018643682258725168,0.99424,0.896255572271347,0.8033,0.19094,14824.899453163147
same_epochs,sgd,,817,319447,0.029792482504844665,0.99006,0.03266047727227211,0.98884,0.9243302855014801,0.8017,0.18714000000000008,14875.748287439346
same_epochs,sgd,,818,319838,0.03198569949820638,0.98954,0.030047819662094116,0.98978,0.9482258337020874,0.7939,0.19587999999999994,14883.300890684128
same_epochs,sgd,,819,320229,0.029351515686511995,0.99058,0.028086114270687104,0.99118,0.9566956617355347,0.8014,0.18977999999999995,14890.477370262146
same_epochs,sgd,,820,320620,0.030702428683042526,0.98966,0.02451864923775196,0.99184,0.9193371772766114,0.8041,0.18774000000000002,14937.207209825516
same_epochs,sgd,,821,321011,0.03826240246653557,0.98758,0.023190841237902642,0.99236,0.9136312702178955,0.806,0.18635999999999997,14944.41667509079
same_epochs,sgd,,822,321402,0.03420110625848174,0.98876,0.02256946944564581,0.99272,0.9100831545829773,0.8038,0.1889200000000001,14951.53039264679
same_epochs,sgd,,823,321793,0.029335905518978835,0.99054,0.014369333692491054,0.99568,0.8954581743717194,0.8108,0.18488000000000004,14998.510797262192
same_epochs,sgd,,824,322184,0.03047814062833786,0.99012,0.016348119294196366,0.99484,0.9063013309955597,0.8076,0.18723999999999996,15005.723019838333
same_epochs,sgd,,825,322575,0.02724354823499918,0.99116,0.015647861052751542,0.99498,0.8880105362653732,0.8121,0.18287999999999993,15056.08635377884
same_epochs,sgd,,826,322966,0.03294362519145012,0.98906,0.021985923976302148,0.99306,0.9185668622016907,0.8022,0.19086000000000003,15063.00058722496
same_epochs,sgd,,827,323357,0.037506722227334977,0.98766,0.020055021696090698,0.99366,0.8841113534450531,0.8044,0.18925999999999998,15070.012723445892
same_epochs,sgd,,828,323748,0.031171693367063998,0.98972,0.016818945699483157,0.99476,0.8945681793451309,0.808,0.18675999999999993,15117.494067907333
same_epochs,sgd,,829,324139,0.028466829182505607,0.9906,0.029536215291023255,0.9901,0.9142205347537994,0.7975,0.1926,15124.745567798615
same_epochs,sgd,,830,324530,0.0319918454182148,0.98924,0.02532206015586853,0.99186,0.923120879125595,0.7997,0.19216,15175.2016351223
same_epochs,sgd,,831,324921,0.03493940654873848,0.98874,0.02979576759815216,0.99032,0.945939354801178,0.8007,0.18962,15182.385949850082
same_epochs,sgd,,832,325312,0.02842018432378769,0.99074,0.0231713291656971,0.99272,0.9389007817268371,0.805,0.18772,15189.640386104584
same_epochs,sgd,,833,325703,0.028872089139819146,0.99068,0.023587304789423943,0.9924,0.9091730817317962,0.8029,0.1895,15237.048699855804
same_epochs,sgd,,834,326094,0.03243610867023468,0.98918,0.02990190513134003,0.98986,0.936029093170166,0.7969,0.1929599999999999,15244.336516857147
same_epochs,sgd,,835,326485,0.034044383899569514,0.98916,0.023472514758110047,0.99222,0.9328395300388336,0.7985,0.19372,15252.619962453842
same_epochs,sgd,,836,326876,0.03051558669567108,0.9905,0.028362449375987052,0.99056,0.9214577522277833,0.802,0.18855999999999995,15298.73038482666
same_epochs,sgd,,837,327267,0.03960505855664611,0.98686,0.02583300747036934,0.99186,0.9299464872598648,0.8019,0.18996000000000002,15305.841979503632
same_epochs,sgd,,838,327658,0.031326063147485254,0.9898,0.021621977469921113,0.99316,0.9076948610305786,0.8032,0.18996000000000002,15355.91418838501
same_epochs,sgd,,839,328049,0.030100219221711157,0.99018,0.024359477277994156,0.99222,0.9313926346778869,0.7995,0.19272,15362.85527920723
same_epochs,sgd,,840,328440,0.022373119513988494,0.99266,0.018182689534574747,0.99424,0.9236519952774048,0.803,0.19123999999999997,15369.828631162643
same_epochs,sgd,,841,328831,0.03189124700546265,0.98934,0.024338765266537665,0.99184,0.9503483658790588,0.7991,0.19274000000000002,15417.638920545578
same_epochs,sgd,,842,329222,0.03476789597809315,0.98826,0.01688338171571493,0.99458,0.9125820329666138,0.8054,0.18918000000000001,15424.501244783401
same_epochs,sgd,,843,329613,0.026066664556860925,0.9918,0.016805082324147225,0.99484,0.9268932171344757,0.8061,0.1887399999999999,15431.409636735916
same_epochs,sgd,,844,330004,0.031064563014507295,0.98928,0.032955894100666044,0.98906,0.9371151376724243,0.8025,0.18656000000000006,15478.697615385056
same_epochs,sgd,,845,330395,0.03542469943672419,0.98752,0.030011540665477513,0.99042,0.9451861263275146,0.7986,0.19182,15485.900001049042
same_epochs,sgd,,846,330786,0.03451929676294327,0.9882,0.020590033333450556,0.99342,0.8962984637737275,0.8073,0.18611999999999995,15537.310181856155
same_epochs,sgd,,847,331177,0.028584878272414207,0.99084,0.014977326408624649,0.995,0.8994992154121398,0.8091,0.18589999999999995,15544.327999830246
same_epochs,sgd,,848,331568,0.03350903652220964,0.98894,0.026799905714690684,0.99132,0.9401765509605408,0.7986,0.19272,15551.392974376678
same_epochs,sgd,,849,331959,0.031470256028324366,0.9894,0.023871661021709442,0.9923,0.9534469472885132,0.8023,0.18999999999999995,15597.991400718689
same_epochs,sgd,,850,332350,0.03455225514322519,0.98822,0.026172765928506852,0.99142,0.9430613706827163,0.8011,0.19031999999999993,15605.462039232254
same_epochs,sgd,,851,332741,0.031786977716088294,0.98962,0.01794491230607033,0.9948,0.9106147340774536,0.8074,0.1874,15655.58164858818
same_epochs,sgd,,852,333132,0.03343844116389751,0.98922,0.039172138905525206,0.98712,0.9566047455787658,0.7947,0.19242000000000004,15662.684462547302
same_epochs,sgd,,853,333523,0.03298126741290092,0.98898,0.018717063668370247,0.99392,0.9118989059448243,0.8079,0.18602000000000007,15669.5735309124
same_epochs,sgd,,854,333914,0.02521695049315691,0.99194,0.027428237903118134,0.99096,0.9454991637706757,0.7981,0.19285999999999992,15716.928538560867
same_epochs,sgd,,855,334305,0.040966971749067306,0.98624,0.030949858434200287,0.99006,0.9401166531562806,0.7977,0.1923600000000001,15723.867399930954
same_epochs,sgd,,856,334696,0.027559174195826052,0.99078,0.01587807755678892,0.99532,0.8902007003784179,0.8072,0.18811999999999995,15730.791020393372
same_epochs,sgd,,857,335087,0.03133868698418141,0.98926,0.019734807065576315,0.99348,0.9105354241847992,0.8039,0.18958000000000008,15778.41908788681
same_epochs,sgd,,858,335478,0.028426304361522197,0.9907,0.01767102375805378,0.9947,0.9060244446754455,0.8052,0.1895,15785.363184928894
same_epochs,sgd,,859,335869,0.03154674598634243,0.9898,0.019947537017166613,0.99358,0.9240369992256164,0.8021,0.19147999999999998,15836.018023014069
same_epochs,sgd,,860,336260,0.034241611397862436,0.9888,0.026018029743731023,0.9913,0.9385289819717407,0.799,0.19229999999999992,15843.054008245468
same_epochs,sgd,,861,336651,0.031179688294678928,0.98952,0.015605256047099829,0.99514,0.8925919165611267,0.8079,0.18724000000000007,15851.25708270073
same_epochs,sgd,,862,337042,0.02892325318649411,0.99024,0.024142184845209122,0.99194,0.9479471248626709,0.7953,0.19664000000000004,15897.598979473114
same_epochs,sgd,,863,337433,0.028025873546004294,0.99092,0.02361396166458726,0.99232,0.9355290462970733,0.8056,0.18672,15904.710040807724
same_epochs,sgd,,864,337824,0.035731508913338185,0.98782,0.026013041294813157,0.99152,0.9339504506587982,0.7976,0.19391999999999998,15955.459860086441
same_epochs,sgd,,865,338215,0.032235119231939315,0.98944,0.02351814819127321,0.99296,0.9377266937732697,0.7982,0.19475999999999993,15962.549054145813
same_epochs,sgd,,866,338606,0.03494498785048723,0.9885,0.018123922510147095,0.99434,0.9165521831035613,0.8081,0.18623999999999996,15971.082087755203
same_epochs,sgd,,867,338997,0.03494268372297287,0.98826,0.029956810104250907,0.98984,0.9439680426120758,0.7955,0.19434000000000007,16017.14015507698
same_epochs,sgd,,868,339388,0.03339307642132044,0.9889,0.027248547509610654,0.9911,0.9182122904777527,0.8023,0.18879999999999997,16025.260922908783
same_epochs,sgd,,869,339779,0.03389838491499424,0.98874,0.017497441939413546,0.99492,0.8874029464244843,0.8069,0.18802000000000008,16032.905704975128
same_epochs,sgd,,870,340170,0.032920644642412664,0.98882,0.046894462462067604,0.98498,1.002095927453041,0.785,0.19997999999999994,16078.150349378586
same_epochs,sgd,,871,340561,0.03378862814843655,0.98904,0.021121048368215562,0.99306,0.9057543288886547,0.8034,0.18966000000000005,16085.065432548523
same_epochs,sgd,,872,340952,0.034091258665919305,0.98868,0.01565887296795845,0.9953,0.8986773533821106,0.8086,0.18669999999999998,16136.223961114883
same_epochs,sgd,,873,341343,0.02849727185189724,0.99086,0.02075248167403042,0.9937,0.9187699927330018,0.8043,0.1894,16143.258672475815
same_epochs,sgd,,874,341734,0.0283405482468009,0.99124,0.019042895323336126,0.994,0.9227305770397186,0.8008,0.19320000000000004,16150.383000135422
same_epochs,sgd,,875,342125,0.02956705703675747,0.99032,0.014418728652000428,0.99558,0.8960925963401795,0.804,0.19157999999999997,16197.391434192657
same_epochs,sgd,,876,342516,0.0315359829056263,0.98968,0.021099179248809816,0.9933,0.9196437846422195,0.8027,0.1906,16204.321461439133
same_epochs,sgd,,877,342907,0.03026821370959282,0.99004,0.02515847286492586,0.99176,0.9442713326930999,0.7983,0.19345999999999997,16211.379724025726
same_epochs,sgd,,878,343298,0.03115142166227102,0.99012,0.018258600372076033,0.99446,0.9252305287837982,0.8014,0.19306,16258.735426902771
same_epochs,sgd,,879,343689,0.032260218246132136,0.98914,0.026819458146095276,0.99118,0.9348168966293335,0.7985,0.19267999999999996,16265.661371707916
same_epochs,sgd,,880,344080,0.029718055946826936,0.99002,0.017935626512765885,0.99402,0.9041917406082153,0.8055,0.18852000000000002,16316.300420045853
same_epochs,sgd,,881,344471,0.031671636285185815,0.98902,0.020892054122090338,0.99326,0.9158297553300857,0.8039,0.18936000000000008,16323.262361049652
same_epochs,sgd,,882,344862,0.039462076507806775,0.98668,0.023635202466100454,0.99228,0.9069625366687775,0.8016,0.19068000000000007,16331.150372743607
same_epochs,sgd,,883,345253,0.03307407085955143,0.98928,0.022999367738962172,0.99292,0.9185188666343689,0.8031,0.18982,16377.836793899536
same_epochs,sgd,,884,345644,0.031870488301366566,0.98928,0.021647443329393865,0.99272,0.9001573127746582,0.805,0.18772,16384.90396809578
same_epochs,sgd,,885,346035,0.030571054677069186,0.98974,0.020672329366207123,0.99346,0.8831509847640991,0.8123,0.18116,16435.50738811493
same_epochs,sgd,,886,346426,0.03084767881244421,0.99002,0.017843775252699853,0.99454,0.8908757881641388,0.8067,0.18784,16442.547142982483
same_epochs,sgd,,887,346817,0.026172230040989817,0.99168,0.01285825445279479,0.99588,0.8996988456726074,0.8089,0.18698000000000004,16449.653627872467
same_epochs,sgd,,888,347208,0.03738330154061317,0.98712,0.02190177474603057,0.99306,0.9267222555160523,0.798,0.19506,16497.306964874268
same_epochs,sgd,,889,347599,0.031466378970742226,0.98946,0.01331912565857172,0.99618,0.8896957606315613,0.8051,0.19107999999999992,16504.273173093796
same_epochs,sgd,,890,347990,0.032438010976314546,0.9891,0.016988708616420628,0.99468,0.9013907732486725,0.8026,0.19208000000000003,16511.223202228546
same_epochs,sgd,,891,348381,0.037459801431298255,0.98758,0.015163681735396384,0.99528,0.8792725825309753,0.8092,0.18608000000000002,16558.31804037094
same_epochs,sgd,,892,348772,0.036789146630764005,0.9878,0.029781452897787095,0.9903,0.9261247533798218,0.7988,0.1915,16565.44203400612
same_epochs,sgd,,893,349163,0.036089162771701815,0.98774,0.020649736396074297,0.99374,0.8920295945167541,0.8076,0.18613999999999997,16616.036855697632
same_epochs,sgd,,894,349554,0.03426886956572533,0.98888,0.016169953764677048,0.9949,0.8979157551944256,0.8088,0.18610000000000004,16622.936554193497
same_epochs,sgd,,895,349945,0.027708370785117148,0.9912,0.020256460350751876,0.99378,0.8942286170959473,0.8068,0.18698000000000004,16629.86064505577
same_epochs,sgd,,896,350336,0.041738977817296984,0.98628,0.019112817671298982,0.99368,0.8834101015567779,0.806,0.18767999999999996,16677.42845225334
same_epochs,sgd,,897,350727,0.031106550991535187,0.98998,0.019490557838007808,0.99408,0.9098730737686157,0.8026,0.19147999999999998,16684.368556022644
same_epochs,sgd,,898,351118,0.027723110076785087,0.99112,0.026984486649036406,0.99124,0.9319261315345764,0.7982,0.19304,16691.4314930439
same_epochs,sgd,,899,351509,0.0270255510032177,0.99068,0.022900116690695287,0.99268,0.9086842474937439,0.8033,0.18938,16738.98879981041
same_epochs,sgd,,900,351900,0.031056612169146538,0.9903,0.016771591217666866,0.99484,0.8965313432216644,0.8078,0.18703999999999998,16745.95286297798
same_epochs,sgd,,901,352291,0.02516081625342369,0.99232,0.029070995415449143,0.99006,0.9432320838928223,0.797,0.19306,16796.484124183655
same_epochs,sgd,,902,352682,0.032149955321252345,0.98884,0.01911555225491524,0.99376,0.9179401829719543,0.8064,0.18735999999999997,16803.53148341179
same_epochs,sgd,,903,353073,0.02961062961578369,0.99054,0.023918343826532365,0.9922,0.9196958039283752,0.8005,0.19169999999999998,16810.965215206146
same_epochs,sgd,,904,353464,0.03274340994298458,0.9891,0.019057162654101848,0.99402,0.9171316968202591,0.8044,0.18962,16857.894401550293
same_epochs,sgd,,905,353855,0.03500276385128498,0.98834,0.02149037678837776,0.9933,0.9115220627307892,0.8039,0.1894,16864.806418180466
same_epochs,sgd,,906,354246,0.029634082584381105,0.99026,0.03225907424807548,0.98952,0.9661995963096619,0.7952,0.19431999999999994,16915.601243257523
same_epochs,sgd,,907,354637,0.032489051035642626,0.9893,0.02949207408964634,0.99056,0.9191300750732422,0.8033,0.18725999999999998,16922.476313591003
same_epochs,sgd,,908,355028,0.028096800817847253,0.99072,0.02360383343823254,0.99254,0.926558107805252,0.8023,0.19023999999999996,16929.54941034317
same_epochs,sgd,,909,355419,0.03637504297733307,0.98748,0.05450262883782387,0.98106,1.012909586238861,0.7845,0.19656000000000007,16977.033989429474
same_epochs,sgd,,910,355810,0.031966292182803155,0.98958,0.03430777768149972,0.98916,0.9471778827667237,0.7982,0.19096000000000002,16983.90879869461
same_epochs,sgd,,911,356201,0.03631384660392999,0.98798,0.024337263951301574,0.99226,0.9038646299362183,0.8046,0.18766000000000005,16990.866631507874
same_epochs,sgd,,912,356592,0.034136926100552085,0.98878,0.027161654698252678,0.99088,0.9115720319747925,0.8031,0.18777999999999995,17038.41036272049
same_epochs,sgd,,913,356983,0.037025918447971345,0.98722,0.01844523859858513,0.994,0.8635363464832306,0.8083,0.18569999999999998,17045.258328437805
same_epochs,sgd,,914,357374,0.03455956657886505,0.98854,0.02870241344690323,0.99072,0.9273721596240997,0.7997,0.19102000000000008,17096.005929470062
same_epochs,sgd,,915,357765,0.02788190488964319,0.99116,0.030729275333881378,0.9899,0.9798841264724731,0.7976,0.19230000000000003,17102.99474644661
same_epochs,sgd,,916,358156,0.023810257752537728,0.99256,0.030735041386783124,0.99,0.9540626811981201,0.799,0.19099999999999995,17109.958144903183
same_epochs,sgd,,917,358547,0.030111046607494356,0.98988,0.019208615206480026,0.99402,0.9220621232748032,0.8015,0.19252000000000002,17157.40363931656
same_epochs,sgd,,918,358938,0.032805225321650505,0.9886,0.020587379639148713,0.99338,0.9143548033237457,0.8038,0.18958000000000008,17164.323044538498
same_epochs,sgd,,919,359329,0.03029087085723877,0.9898,0.015440928519666195,0.99534,0.8915480313301086,0.8096,0.18574000000000002,17215.131142616272
same_epochs,sgd,,920,359720,0.028353878781050442,0.9905,0.036739308385849,0.98774,0.9870734298706054,0.7989,0.1888399999999999,17222.050562143326
same_epochs,sgd,,921,360111,0.03306917774066329,0.98862,0.022667803815603255,0.993,0.9177890694141388,0.8041,0.18889999999999996,17229.03847360611
same_epochs,sgd,,922,360502,0.02527680486738682,0.99156,0.013440455354601144,0.99568,0.9036186996936798,0.8101,0.18557999999999997,17276.59913611412
same_epochs,sgd,,923,360893,0.031272131478488445,0.98986,0.026264706279039384,0.99128,0.9194978888273239,0.8044,0.18688000000000005,17283.712184906006
same_epochs,sgd,,924,361284,0.0333093455696106,0.98918,0.035777790484428404,0.98864,0.9510624904632569,0.7945,0.19413999999999998,17290.856596708298
same_epochs,sgd,,925,361675,0.039848909934163096,0.98664,0.019365280607938767,0.99414,0.8845878451347351,0.807,0.18713999999999997,17337.981243610382
same_epochs,sgd,,926,362066,0.030869702330231667,0.99016,0.017412263617515564,0.99432,0.9069774876594543,0.8067,0.18762,17344.92931318283
same_epochs,sgd,,927,362457,0.03387606904104352,0.9888,0.029481756348609924,0.99068,0.9220665179252624,0.8018,0.18888000000000005,17395.555267333984
same_epochs,sgd,,928,362848,0.03363168430268765,0.98898,0.01862217907488346,0.9942,0.8968164619445801,0.805,0.18919999999999992,17402.422689437866
same_epochs,sgd,,929,363239,0.029911511949151755,0.99032,0.01839015392303467,0.99454,0.9073250377655029,0.8068,0.18774000000000002,17409.5002014637
same_epochs,sgd,,930,363630,0.029993330739736555,0.99004,0.017179423683285712,0.9946,0.9018003227233887,0.8068,0.18780000000000008,17457.002870082855
same_epochs,sgd,,931,364021,0.028462459662854673,0.99084,0.018390261468440295,0.9943,0.9128956370353699,0.8069,0.1874,17464.17250561714
same_epochs,sgd,,932,364412,0.03203238318264484,0.98982,0.025357143121659757,0.99156,0.942677029800415,0.7989,0.19265999999999994,17472.346331357956
same_epochs,sgd,,933,364803,0.03575742880433798,0.9878,0.026359443818330764,0.99114,0.9270165606498718,0.7985,0.19264000000000003,17518.472158670425
same_epochs,sgd,,934,365194,0.029970006888210773,0.98998,0.014504471654295921,0.99588,0.869455938911438,0.8121,0.18377999999999994,17525.45744228363
same_epochs,sgd,,935,365585,0.026187804148197175,0.99108,0.018490328262150288,0.9947,0.8879759463310242,0.8038,0.19090000000000007,17576.103025197983
same_epochs,sgd,,936,365976,0.028442626109421252,0.9906,0.017473151594549416,0.9949,0.9252007697582245,0.8069,0.18800000000000006,17583.16419696808
same_epochs,sgd,,937,366367,0.03582790295034647,0.9885,0.028744091618061067,0.99096,0.9362217487335205,0.8007,0.19025999999999998,17591.604257583618
same_epochs,sgd,,938,366758,0.02983047262966633,0.99014,0.017902641734182833,0.99434,0.9095239272594452,0.8052,0.18913999999999997,17637.94109940529
same_epochs,sgd,,939,367149,0.024916989585161208,0.99182,0.01241065437912941,0.99606,0.886296798992157,0.8084,0.18765999999999994,17645.071833372116
same_epochs,sgd,,940,367540,0.02855998691111803,0.99042,0.014848951626420021,0.9952,0.9153712405204772,0.8059,0.18930000000000002,17695.42691540718
same_epochs,sgd,,941,367931,0.034064260135293005,0.98894,0.02566722173690796,0.99152,0.9283329250335693,0.8008,0.19072,17702.48539376259
same_epochs,sgd,,942,368322,0.030524002827852965,0.98986,0.020333920852541924,0.99356,0.8995429397583008,0.8071,0.18645999999999996,17709.434507369995
same_epochs,sgd,,943,368713,0.036749364378452304,0.98786,0.012607982984632254,0.99648,0.8627252594470978,0.8093,0.18718,17756.716277837753
same_epochs,sgd,,944,369104,0.028532262707650663,0.9911,0.018678048865795136,0.99456,0.8764909508705139,0.8078,0.18676000000000004,17763.817029953003
same_epochs,sgd,,945,369495,0.027030841418355704,0.99138,0.020549277284666895,0.99352,0.8898320251464844,0.8066,0.18691999999999998,17770.77498936653
same_epochs,sgd,,946,369886,0.02933957428753376,0.99024,0.025551416627168654,0.99164,0.9285709287643432,0.8019,0.18974000000000002,17818.23228764534
same_epochs,sgd,,947,370277,0.029836336355805397,0.99038,0.01819579974293709,0.99414,0.8993242535114289,0.8045,0.18964000000000003,17825.36151099205
same_epochs,sgd,,948,370668,0.02888138178706169,0.99072,0.01572138859152794,0.99494,0.9155105528831482,0.8111,0.18384,17875.880249500275
same_epochs,sgd,,949,371059,0.027151833127737047,0.9914,0.05236535908460617,0.98218,1.0243129293441773,0.7854,0.19678000000000007,17882.803594827652
same_epochs,sgd,,950,371450,0.034466964160501955,0.98892,0.023112464670836927,0.99268,0.9109397731781006,0.804,0.18867999999999996,17889.76504254341
same_epochs,sgd,,951,371841,0.03212459542840719,0.98886,0.014623229971528054,0.99542,0.8995111646652222,0.8057,0.18972,17937.24183678627
same_epochs,sgd,,952,372232,0.030694821652770043,0.9897,0.023957019505500794,0.99236,0.9412996451377869,0.7981,0.19426,17944.376128435135
same_epochs,sgd,,953,372623,0.030093169488310815,0.99036,0.029717882679700852,0.99004,0.9104438055038452,0.802,0.18803999999999998,17951.507328748703
same_epochs,sgd,,954,373014,0.02908126219302416,0.99088,0.029564959214925766,0.9899,0.9481020134925843,0.7945,0.19540000000000002,17999.38582277298
same_epochs,sgd,,955,373405,0.03160377811551094,0.98942,0.031018197727799415,0.98976,0.9583624825000763,0.7991,0.19065999999999994,18006.279356479645
same_epochs,sgd,,956,373796,0.029802229759693145,0.99062,0.026108770999908448,0.99128,0.9155986512184143,0.7994,0.19188000000000005,18056.429659366608
same_epochs,sgd,,957,374187,0.029366345630288126,0.99078,0.021239676005244255,0.993,0.9507655637264252,0.8003,0.19269999999999998,18063.47785758972
same_epochs,sgd,,958,374578,0.027641262368708848,0.99122,0.019422828081548212,0.99416,0.9325303680419922,0.8047,0.18946000000000007,18071.373339891434
same_epochs,sgd,,959,374969,0.028328961956501007,0.99068,0.02843940253317356,0.99136,0.9560937643051147,0.7995,0.19186000000000003,18117.97993326187
same_epochs,sgd,,960,375360,0.03566681176304817,0.9885,0.02409874714553356,0.99236,0.9166985609054565,0.8036,0.18876000000000004,18125.166766166687
same_epochs,sgd,,961,375751,0.03579474422216415,0.9881,0.02353387244939804,0.99226,0.9139870085000992,0.8056,0.18666000000000005,18175.508405447006
same_epochs,sgd,,962,376142,0.03363997284650803,0.98858,0.0246277343416214,0.99202,0.923029764175415,0.8008,0.19122000000000006,18182.61666059494
same_epochs,sgd,,963,376533,0.028700495563149454,0.99074,0.021734529843330384,0.99308,0.9343771872520447,0.7999,0.1931799999999999,18189.497415065765
same_epochs,sgd,,964,376924,0.030289858258366584,0.98978,0.029425871349573137,0.99038,0.9570442606925964,0.7982,0.19218000000000002,18236.916088581085
same_epochs,sgd,,965,377315,0.029744105758070946,0.99064,0.021411620792746545,0.99292,0.938189122390747,0.8025,0.19042000000000003,18243.75839471817
same_epochs,sgd,,966,377706,0.028972661811858414,0.99042,0.02351519506931305,0.9921,0.9263824948310853,0.8061,0.18599999999999994,18250.820197582245
same_epochs,sgd,,967,378097,0.032024997766017915,0.98982,0.017167410489916803,0.99434,0.9259908973693848,0.8081,0.18623999999999996,18299.273426532745
same_epochs,sgd,,968,378488,0.031927492648363115,0.98926,0.041558100460767744,0.98614,0.959853844833374,0.796,0.19013999999999998,18306.424242019653
same_epochs,sgd,,969,378879,0.029418656624257564,0.99052,0.035112652390003204,0.98892,0.9899671119689941,0.7911,0.19782,18356.113015651703
same_epochs,sgd,,970,379270,0.0342167442221567,0.98932,0.021841921912431717,0.99286,0.9356526344299316,0.803,0.18985999999999992,18363.135505914688
same_epochs,sgd,,971,379661,0.03131577810183168,0.98974,0.01492429489582777,0.99512,0.9084664685249328,0.81,0.18511999999999995,18370.220779418945
same_epochs,sgd,,972,380052,0.022032251335829495,0.9928,0.0178436169141531,0.9944,0.9387435649871826,0.8014,0.19299999999999995,18417.466965913773
same_epochs,sgd,,973,380443,0.030819919573366644,0.9898,0.01912331447958946,0.99376,0.9171737717628479,0.805,0.18875999999999993,18424.32615160942
same_epochs,sgd,,974,380834,0.028644543364197014,0.99072,0.02074034875512123,0.99302,0.9429885938644409,0.8024,0.19062,18475.17524790764
same_epochs,sgd,,975,381225,0.03219438788712025,0.9899,0.024824887678772212,0.9919,0.961726775932312,0.7994,0.1925,18482.2753970623
same_epochs,sgd,,976,381616,0.02823706545472145,0.99094,0.04027561670660973,0.9865,0.9593015138626099,0.7942,0.19230000000000003,18489.365639925003
same_epochs,sgd,,977,382007,0.03231458072274923,0.98882,0.030646572213768958,0.99004,0.9385214383125305,0.7984,0.19164000000000003,18536.600340127945
same_epochs,sgd,,978,382398,0.03256653428465128,0.98946,0.02848966162443161,0.99132,0.9450201489448548,0.7989,0.19241999999999992,18543.52022433281
same_epochs,sgd,,979,382789,0.03331687506437302,0.98938,0.02033103850737214,0.99372,0.9207336717605591,0.8038,0.1899200000000001,18550.39453315735
same_epochs,sgd,,980,383180,0.03164542776495218,0.98938,0.024774553159475327,0.9921,0.9165443583488464,0.8018,0.19030000000000002,18597.824503660202
same_epochs,sgd,,981,383571,0.027712753582000732,0.99108,0.022345283760130407,0.99256,0.9328102385282516,0.805,0.18755999999999995,18604.857656478882
same_epochs,sgd,,982,383962,0.024991868422627447,0.99174,0.034329538254737856,0.98904,0.9559461187362671,0.7968,0.19224000000000008,18656.10169005394
same_epochs,sgd,,983,384353,0.029554479689002038,0.99058,0.0186677601210773,0.99416,0.9143250361442566,0.8068,0.18736000000000008,18663.16397881508
same_epochs,sgd,,984,384744,0.034983936368227005,0.98852,0.019921466236114502,0.99366,0.8964568512916565,0.8067,0.18696000000000002,18671.532252550125
same_epochs,sgd,,985,385135,0.0334597681581974,0.98876,0.01860059533007443,0.99384,0.9143893208503723,0.8078,0.18603999999999998,18717.07110786438
same_epochs,sgd,,986,385526,0.03211079939186573,0.98962,0.016925136308521032,0.99484,0.9131847557067871,0.8065,0.18833999999999995,18723.98943543434
same_epochs,sgd,,987,385917,0.03245888909876347,0.98916,0.03377667977750301,0.9891,0.9501123196125031,0.7975,0.1916,18730.932785749435
same_epochs,sgd,,988,386308,0.03471956829622388,0.98842,0.019236591036319733,0.99382,0.8812219863891602,0.8099,0.18392000000000008,18778.48781633377
same_epochs,sgd,,989,386699,0.032620892485976216,0.98956,0.023080299165248872,0.99258,0.9054454805374146,0.8094,0.18318,18785.64630961418
same_epochs,sgd,,990,387090,0.02930949900239706,0.99038,0.020590232174396515,0.9938,0.902395707988739,0.8045,0.18930000000000002,18836.24799489975
same_epochs,sgd,,991,387481,0.029772708816230297,0.98984,0.0215371965906024,0.99304,0.9288339660167694,0.7996,0.19344000000000006,18843.242346048355
same_epochs,sgd,,992,387872,0.03249332096815109,0.9892,0.017579707602262497,0.99454,0.8929882943153381,0.8087,0.18584,18850.13741326332
same_epochs,sgd,,993,388263,0.027163033300638198,0.99098,0.017970866391658784,0.99418,0.9159387451171875,0.8077,0.18647999999999998,18897.70639872551
same_epochs,sgd,,994,388654,0.032801846229434016,0.9893,0.02441923888206482,0.99206,0.922768222618103,0.8028,0.1892600000000001,18904.948205709457
same_epochs,sgd,,995,389045,0.02874556412562728,0.99074,0.015340649327039718,0.99528,0.8967161596775055,0.8096,0.18568000000000007,18955.571523189545
same_epochs,sgd,,996,389436,0.03145624915659428,0.98992,0.01795647890895605,0.99438,0.9169520231246948,0.8068,0.18758000000000008,18962.479548692703
same_epochs,sgd,,997,389827,0.027424955554306508,0.99126,0.02954248138308525,0.9905,0.9464062327384949,0.7991,0.19140000000000001,18969.53094625473
same_epochs,sgd,,998,390218,0.034005135175585746,0.98866,0.021854507756382226,0.9934,0.9176366512298584,0.803,0.1903999999999999,19016.774097442627
same_epochs,sgd,,999,390609,0.02688959623888135,0.99148,0.02301361831456423,0.99274,0.941984374332428,0.8011,0.19163999999999992,19024.067708969116
same_epochs,sgd,,1000,391000,0.03419118270754814,0.98838,0.032239316956996916,0.9894,0.9297452247619629,0.8023,0.18709999999999993,19031.156134605408
