comparison,method,m,epoch,update,train_loss_step,train_acc_step,train_eval_loss,train_eval_acc,test_loss,test_acc,generalization_gap,elapsed_sec
same_epochs,n_sam,,1,1,2.5342758110046386,0.09856,2.4061963261413575,0.08322,2.4046311946868895,0.085,-0.0017800000000000038,45.40304207801819
same_epochs,n_sam,,2,2,2.4059699108123778,0.0866,2.373654492263794,0.09204,2.3715913215637205,0.0955,-0.0034600000000000047,56.04118227958679
same_epochs,n_sam,,3,3,2.382157625579834,0.09346,2.3609531187438964,0.093,2.358602400970459,0.0935,-0.0005000000000000004,101.97806286811829
same_epochs,n_sam,,4,4,2.3693623233032226,0.09296,2.3702735725402833,0.09402,2.3679507537841795,0.0925,0.0015200000000000075,112.59630608558655
same_epochs,n_sam,,5,5,2.3764767861938476,0.09306,2.361487467956543,0.1003,2.359727757644653,0.0991,0.0012000000000000066,123.19446849822998
same_epochs,n_sam,,6,6,2.365017044830322,0.09992,2.3117813884735106,0.09726,2.3099316596984862,0.0994,-0.002140000000000003,165.6082649230957
same_epochs,n_sam,,7,7,2.3123478790283203,0.09896,2.3108354585266113,0.13238,2.309289524841309,0.1353,-0.002920000000000006,176.19363951683044
same_epochs,n_sam,,8,8,2.314001978302002,0.13196,2.3461330884552,0.1181,2.344973854827881,0.1148,0.0032999999999999974,221.9749777317047
same_epochs,n_sam,,9,9,2.350581766586304,0.12648,2.3566776625061037,0.11612,2.3554292053222654,0.1147,0.0014200000000000046,232.54856777191162
same_epochs,n_sam,,10,10,2.3629676557922363,0.1237,2.3304030260467528,0.15276,2.328701021194458,0.1533,-0.0005399999999999849,242.9795024394989
same_epochs,n_sam,,11,11,2.3395027793884275,0.1571,2.30541680229187,0.16616,2.3033488037109375,0.1692,-0.003039999999999987,285.62815165519714
same_epochs,n_sam,,12,12,2.3161328985595704,0.15262,2.2821753065490724,0.14898,2.2800858417510987,0.1552,-0.006220000000000003,296.3217453956604
same_epochs,n_sam,,13,13,2.291656641616821,0.13952,2.2620445295715332,0.13184,2.260337178039551,0.132,-0.00015999999999999348,342.05777740478516
same_epochs,n_sam,,14,14,2.2686158122253417,0.12864,2.2480661637878416,0.17256,2.246860102081299,0.1726,-4.000000000001225e-05,352.71054005622864
same_epochs,n_sam,,15,15,2.2522870193481443,0.16474,2.2559543585968016,0.12418,2.2551162628173826,0.1243,-0.00011999999999999511,363.30109119415283
same_epochs,n_sam,,16,16,2.2597941188812256,0.1223,2.2483632360076906,0.18028,2.2473816314697266,0.1834,-0.0031200000000000117,405.6049325466156
same_epochs,n_sam,,17,17,2.2551687328338623,0.17714,2.2411240381622313,0.17734,2.2398115783691406,0.1786,-0.0012600000000000111,416.2127060890198
same_epochs,n_sam,,18,18,2.251987128982544,0.16996,2.234074349899292,0.19338,2.232598725128174,0.1983,-0.004920000000000008,462.02691864967346
same_epochs,n_sam,,19,19,2.2456335570526123,0.18104,2.2335913047027587,0.183,2.232169645690918,0.1879,-0.0049000000000000155,472.62684297561646
same_epochs,n_sam,,20,20,2.242252173309326,0.17384,2.2345762272644043,0.17896,2.233269752883911,0.1794,-0.00043999999999999595,483.28596019744873
same_epochs,n_sam,,21,21,2.239395883102417,0.17614,2.2288191719055175,0.18366,2.2274468536376952,0.1872,-0.0035400000000000154,525.704098701477
same_epochs,n_sam,,22,22,2.233623915939331,0.17844,2.2180402238464354,0.18846,2.2164970054626463,0.197,-0.00854000000000002,536.3141376972198
same_epochs,n_sam,,23,23,2.2255187432861328,0.18308,2.210696881637573,0.2047,2.209104633331299,0.2066,-0.0019000000000000128,582.0788896083832
same_epochs,n_sam,,24,24,2.2194366819763185,0.19922,2.2088159199523925,0.20436,2.2070816665649415,0.207,-0.0026399999999999757,592.6905665397644
same_epochs,n_sam,,25,25,2.2209512085723877,0.19222,2.2043468769836427,0.20146,2.2025284255981443,0.2075,-0.00603999999999999,603.2621955871582
same_epochs,n_sam,,26,26,2.2156441767120363,0.1925,2.198064494552612,0.20752,2.1962798473358154,0.2116,-0.00408,645.8405930995941
same_epochs,n_sam,,27,27,2.2074479961395266,0.20486,2.1952215521240235,0.21442,2.1933676651000975,0.2195,-0.005080000000000001,656.5307929515839
same_epochs,n_sam,,28,28,2.2039997969055176,0.20888,2.193589702911377,0.20858,2.1915703155517576,0.2132,-0.004620000000000013,702.2466442584991
same_epochs,n_sam,,29,29,2.201938211517334,0.2019,2.1874818067932127,0.21434,2.1853787662506106,0.2182,-0.0038600000000000023,712.7999997138977
same_epochs,n_sam,,30,30,2.196586647491455,0.20394,2.1808992976379393,0.2173,2.1787523487091063,0.2202,-0.0029000000000000137,723.3698270320892
same_epochs,n_sam,,31,31,2.1899953508758543,0.20414,2.175716862030029,0.21982,2.173488914871216,0.2235,-0.0036800000000000166,765.858283996582
same_epochs,n_sam,,32,32,2.18520508102417,0.21342,2.171102496948242,0.21106,2.16870090637207,0.2122,-0.0011400000000000021,776.428195476532
same_epochs,n_sam,,33,33,2.182181259918213,0.20724,2.167002079925537,0.21764,2.164527982711792,0.2186,-0.0009599999999999886,822.1330878734589
same_epochs,n_sam,,34,34,2.176960001678467,0.21248,2.162362115020752,0.22486,2.159819292449951,0.2292,-0.004339999999999983,832.7042562961578
same_epochs,n_sam,,35,35,2.172221216430664,0.22282,2.1576920417785646,0.2279,2.1550353172302246,0.2326,-0.00470000000000001,843.165943145752
same_epochs,n_sam,,36,36,2.1670403102111817,0.2232,2.154329925842285,0.23548,2.151615963745117,0.2374,-0.001920000000000005,885.8003599643707
same_epochs,n_sam,,37,37,2.1624657876586912,0.22016,2.1496659783935548,0.23852,2.1468486083984377,0.2419,-0.003379999999999994,896.4185264110565
same_epochs,n_sam,,38,38,2.158494133453369,0.22616,2.1440260117340086,0.23904,2.141090206336975,0.2406,-0.0015600000000000058,942.1560959815979
same_epochs,n_sam,,39,39,2.153406961135864,0.22926,2.140186450881958,0.23034,2.1373014381408693,0.2334,-0.003060000000000007,952.6309659481049
same_epochs,n_sam,,40,40,2.146883638305664,0.22506,2.136672173461914,0.2284,2.1338612453460692,0.2325,-0.00410000000000002,963.1143083572388
same_epochs,n_sam,,41,41,2.143421804885864,0.2269,2.1309379489898683,0.24204,2.1279950550079345,0.2466,-0.0045600000000000085,1005.7912819385529
same_epochs,n_sam,,42,42,2.1382380432891845,0.23726,2.1256905824279784,0.2501,2.1226266876220703,0.2526,-0.0025000000000000022,1016.4290552139282
same_epochs,n_sam,,43,43,2.1347855485534666,0.23798,2.1216448804473877,0.25006,2.118581496429443,0.2514,-0.0013400000000000079,1062.032241344452
same_epochs,n_sam,,44,44,2.1283871142578126,0.23952,2.1189344275665283,0.24862,2.115978528404236,0.25,-0.0013799999999999923,1072.5985832214355
same_epochs,n_sam,,45,45,2.12517227355957,0.23888,2.115880421600342,0.24146,2.113010131263733,0.2458,-0.004339999999999983,1083.2078881263733
same_epochs,n_sam,,46,46,2.120365386657715,0.23734,2.1099415479278565,0.24456,2.1069674989700315,0.2486,-0.004039999999999988,1125.5706052780151
same_epochs,n_sam,,47,47,2.1147073603820803,0.24142,2.1045905364990234,0.2519,2.101584479904175,0.2544,-0.0025000000000000022,1136.1772048473358
same_epochs,n_sam,,48,48,2.110756418457031,0.24636,2.1004057298278807,0.2559,2.0974284620285033,0.2592,-0.0032999999999999696,1181.9255366325378
same_epochs,n_sam,,49,49,2.107186724395752,0.24226,2.0959014076995848,0.2572,2.0929270877838135,0.2618,-0.004599999999999993,1192.5637922286987
same_epochs,n_sam,,50,50,2.1013698152923586,0.24678,2.091275851287842,0.25524,2.0882778312683103,0.2578,-0.002559999999999951,1203.2693753242493
same_epochs,n_sam,,51,51,2.094949346618652,0.24918,2.086578963699341,0.25456,2.083561781311035,0.2585,-0.003939999999999999,1245.6180770397186
same_epochs,n_sam,,52,52,2.0921016193389894,0.25048,2.082474952316284,0.25782,2.0795118434906006,0.2612,-0.003379999999999994,1256.2152202129364
same_epochs,n_sam,,53,53,2.086727591018677,0.25322,2.0767830030059815,0.2617,2.0737892892837526,0.262,-0.00030000000000002247,1301.9424924850464
same_epochs,n_sam,,54,54,2.081370233230591,0.25314,2.0706093114471438,0.2632,2.067583941268921,0.267,-0.0038000000000000256,1312.5412154197693
same_epochs,n_sam,,55,55,2.0754784517669678,0.2544,2.0659070780944826,0.2642,2.0629946857452395,0.2684,-0.004200000000000037,1323.187232017517
same_epochs,n_sam,,56,56,2.0714114665222167,0.25778,2.0606773137664796,0.26482,2.0577723529815675,0.2661,-0.0012800000000000034,1365.6590597629547
same_epochs,n_sam,,57,57,2.0665025519561766,0.2581,2.0548326109313964,0.26658,2.0518899044036867,0.2697,-0.0031200000000000117,1376.2640855312347
same_epochs,n_sam,,58,58,2.060983283081055,0.26002,2.049722806930542,0.26798,2.0468131624221804,0.2726,-0.004620000000000013,1421.9528784751892
same_epochs,n_sam,,59,59,2.0560708071136475,0.26422,2.0441626331329346,0.26868,2.041239361190796,0.2735,-0.0048200000000000465,1432.4817728996277
same_epochs,n_sam,,60,60,2.0521814775085447,0.26414,2.0381381629943847,0.27074,2.0351905319213865,0.2748,-0.004060000000000008,1443.0462772846222
same_epochs,n_sam,,61,61,2.0445159064483645,0.26676,2.032015403366089,0.27252,2.0290333393096924,0.2772,-0.0046800000000000175,1485.603819847107
same_epochs,n_sam,,62,62,2.039592210235596,0.26906,2.0269440131378174,0.27436,2.024010912132263,0.2787,-0.0043400000000000105,1496.1401762962341
same_epochs,n_sam,,63,63,2.033736132965088,0.2698,2.019639756011963,0.27756,2.016509243583679,0.2825,-0.00494,1541.839693069458
same_epochs,n_sam,,64,64,2.0296416453552246,0.27252,2.0153946035003663,0.278,2.01235613822937,0.2845,-0.00649999999999995,1552.3901152610779
same_epochs,n_sam,,65,65,2.0238450894927977,0.274,2.0082189427185058,0.27944,2.0049598094940184,0.2866,-0.00716,1562.86035323143
same_epochs,n_sam,,66,66,2.01885543838501,0.2717,2.003476577835083,0.27854,2.000212431716919,0.2869,-0.008359999999999979,1605.3200640678406
same_epochs,n_sam,,67,67,2.01272428024292,0.274,1.997822770614624,0.28066,1.9944619590759278,0.2902,-0.009539999999999993,1615.9141583442688
same_epochs,n_sam,,68,68,2.0098977895355223,0.27526,1.9899370169067383,0.28444,1.9862789993286132,0.2908,-0.006359999999999977,1661.7474911212921
same_epochs,n_sam,,69,69,2.001113285217285,0.28044,1.9879280694580077,0.28514,1.984544008255005,0.2932,-0.008060000000000012,1672.322523355484
same_epochs,n_sam,,70,70,1.9991458617401123,0.28066,1.9764887072753907,0.28756,1.9724229164123535,0.2931,-0.005540000000000045,1682.8838670253754
same_epochs,n_sam,,71,71,1.9940968237304688,0.28516,1.9809473121643066,0.28584,1.9777166528701782,0.2925,-0.006659999999999999,1725.4263007640839
same_epochs,n_sam,,72,72,1.989670918045044,0.28296,1.9684449742889405,0.2895,1.9645373781204223,0.2946,-0.005099999999999993,1735.9284064769745
same_epochs,n_sam,,73,73,1.983579591217041,0.28362,1.970683996810913,0.29104,1.967424356842041,0.2962,-0.005159999999999998,1781.6493980884552
same_epochs,n_sam,,74,74,1.9797721466064453,0.2856,1.9601574673461915,0.29176,1.956259302330017,0.2972,-0.00544,1792.2260313034058
same_epochs,n_sam,,75,75,1.9745598155975341,0.28642,1.967202118988037,0.28878,1.9642093704223633,0.2948,-0.006020000000000025,1802.6767632961273
same_epochs,n_sam,,76,76,1.971613618850708,0.28982,1.955117702178955,0.29338,1.9514973287582398,0.298,-0.004620000000000013,1845.4070498943329
same_epochs,n_sam,,77,77,1.9700125689697265,0.2857,1.9566678269958495,0.2959,1.953623134803772,0.2998,-0.0039000000000000146,1856.0519351959229
same_epochs,n_sam,,78,78,1.966652392730713,0.29098,1.9544947383880615,0.2946,1.951569829940796,0.3019,-0.007300000000000029,1901.8134090900421
same_epochs,n_sam,,79,79,1.9619700633239745,0.29278,1.9475720942687988,0.29624,1.9442840847015381,0.2996,-0.003359999999999974,1912.3830444812775
same_epochs,n_sam,,80,80,1.9583867408752442,0.29218,1.9492088958740235,0.2954,1.9463794094085693,0.3012,-0.005800000000000027,1922.9765787124634
same_epochs,n_sam,,81,81,1.9582689921569825,0.2908,1.9417417865753175,0.29804,1.9388392251968385,0.301,-0.0029599999999999627,1965.5334355831146
same_epochs,n_sam,,82,82,1.9534826179504394,0.2925,1.9393432231140137,0.30118,1.9366125988006593,0.3033,-0.0021200000000000108,1976.1735258102417
same_epochs,n_sam,,83,83,1.950256121444702,0.29524,1.9355145793914794,0.30118,1.9326873449325561,0.3053,-0.0041200000000000125,2021.930685043335
same_epochs,n_sam,,84,84,1.9477497216033937,0.29426,1.9303277300262451,0.30296,1.9274151107788087,0.3082,-0.005239999999999967,2032.5791199207306
same_epochs,n_sam,,85,85,1.9426889682769775,0.29802,1.9313922138214112,0.30258,1.9287333431243896,0.3075,-0.00491999999999998,2043.3689653873444
same_epochs,n_sam,,86,86,1.9425352547454835,0.29552,1.9196035214233398,0.30712,1.9163028610229491,0.3112,-0.0040799999999999725,2085.5184392929077
same_epochs,n_sam,,87,87,1.9400818183898927,0.299,1.9240111193847655,0.30764,1.921147289276123,0.3095,-0.0018599999999999728,2096.1608357429504
same_epochs,n_sam,,88,88,1.9369764450073241,0.29982,1.9216084074401856,0.30762,1.9188433799743652,0.3157,-0.008079999999999976,2141.864738702774
same_epochs,n_sam,,89,89,1.9341016004943847,0.29834,1.9143851807403565,0.30966,1.9111461530685425,0.3176,-0.007940000000000003,2152.488867998123
same_epochs,n_sam,,90,90,1.9349056379699707,0.29978,1.9160793860626222,0.30966,1.9129314924240113,0.3191,-0.009440000000000004,2163.0387465953827
same_epochs,n_sam,,91,91,1.9302809809875487,0.303,1.9158377370452881,0.30934,1.9129597131729126,0.3138,-0.0044600000000000195,2205.4069459438324
same_epochs,n_sam,,92,92,1.924490419998169,0.30596,1.9109701374816894,0.30802,1.9079266513824462,0.3119,-0.0038799999999999946,2215.9250209331512
same_epochs,n_sam,,93,93,1.9263233209991455,0.29968,1.9113914167785644,0.30558,1.908528985595703,0.3124,-0.006819999999999993,2261.801441192627
same_epochs,n_sam,,94,94,1.923382191619873,0.2996,1.9095235054016113,0.30794,1.9066054023742676,0.3145,-0.00656000000000001,2272.3210401535034
same_epochs,n_sam,,95,95,1.9205380406188965,0.30378,1.9005634318542481,0.3164,1.897064906692505,0.321,-0.004599999999999993,2282.796489238739
same_epochs,n_sam,,96,96,1.9173002534484864,0.30764,1.900043568649292,0.31936,1.8965248067855836,0.3229,-0.003540000000000043,2325.5030376911163
same_epochs,n_sam,,97,97,1.9133588039398193,0.31288,1.896527071762085,0.31868,1.8932285892486573,0.3244,-0.005720000000000003,2336.042361974716
same_epochs,n_sam,,98,98,1.9111523972320557,0.31264,1.89853279586792,0.31498,1.895344873046875,0.3233,-0.008319999999999994,2381.7781183719635
same_epochs,n_sam,,99,99,1.9114819539642334,0.30652,1.8902786322784424,0.31292,1.8865254291534423,0.3195,-0.00658000000000003,2392.277673482895
same_epochs,n_sam,,100,100,1.9078615532684327,0.30516,1.892809994430542,0.31206,1.8891158363342284,0.3175,-0.00544,2402.8061423301697
same_epochs,n_sam,,101,101,1.9050098338317871,0.30392,1.8915793434143067,0.31586,1.8878993244171143,0.3256,-0.009740000000000026,2445.4188888072968
same_epochs,n_sam,,102,102,1.9042905186462402,0.31028,1.8798371934509277,0.32558,1.8755643531799315,0.3327,-0.007120000000000015,2456.0619990825653
same_epochs,n_sam,,103,103,1.901783638458252,0.31474,1.8842107051849366,0.32536,1.8800280735015868,0.3311,-0.005740000000000023,2501.993550300598
same_epochs,n_sam,,104,104,1.8983470581054687,0.31648,1.880345114440918,0.32542,1.8760802656173705,0.3341,-0.008680000000000021,2512.567049741745
same_epochs,n_sam,,105,105,1.8977560256576538,0.31548,1.8811070848083495,0.32218,1.877049564743042,0.3292,-0.007019999999999971,2523.2324669361115
same_epochs,n_sam,,106,106,1.8966795823669433,0.31302,1.8822423609924317,0.31706,1.8783384202957154,0.3254,-0.008340000000000014,2565.4557209014893
same_epochs,n_sam,,107,107,1.8928812873077392,0.31192,1.872595547027588,0.32292,1.8681555295944214,0.3305,-0.007580000000000031,2576.050770044327
same_epochs,n_sam,,108,108,1.8892865267944337,0.31442,1.8758093379211427,0.3247,1.8713847929000855,0.3321,-0.007400000000000018,2621.9152953624725
same_epochs,n_sam,,109,109,1.8885635542297363,0.31674,1.865783079071045,0.3286,1.8611089630126953,0.3356,-0.007000000000000006,2632.4373054504395
same_epochs,n_sam,,110,110,1.8863849061584472,0.3173,1.8708213639831544,0.3276,1.8666679466247558,0.3332,-0.005599999999999994,2642.952479124069
same_epochs,n_sam,,111,111,1.883084354171753,0.32074,1.870277598876953,0.3295,1.8662005172729492,0.3349,-0.00539999999999996,2685.450340270996
same_epochs,n_sam,,112,112,1.8805455387878418,0.321,1.8596179096984864,0.32994,1.8551244218826295,0.3395,-0.009560000000000013,2695.9283788204193
same_epochs,n_sam,,113,113,1.8788628801727294,0.32122,1.8620109502410889,0.32834,1.8576450246810914,0.3371,-0.00875999999999999,2741.8834733963013
same_epochs,n_sam,,114,114,1.8760057474136353,0.319,1.860716692428589,0.32892,1.8564110813140868,0.3363,-0.007379999999999998,2752.3971984386444
same_epochs,n_sam,,115,115,1.8748827717590333,0.32024,1.856590955810547,0.33046,1.8521749187469483,0.3386,-0.008140000000000036,2762.952173948288
same_epochs,n_sam,,116,116,1.8707484531402587,0.32242,1.8567664949035645,0.3313,1.8523637853622437,0.3363,-0.0050000000000000044,2805.500497817993
same_epochs,n_sam,,117,117,1.8699092556762695,0.32592,1.8494674156188964,0.33422,1.8450111461639405,0.342,-0.007780000000000009,2816.0973341464996
same_epochs,n_sam,,118,118,1.8685454779815673,0.32438,1.8526195955657958,0.33422,1.8484389667510985,0.3381,-0.0038799999999999946,2861.8228328227997
same_epochs,n_sam,,119,119,1.867571374130249,0.32456,1.8451175327301026,0.3342,1.8405623710632324,0.3422,-0.008000000000000007,2872.3032734394073
same_epochs,n_sam,,120,120,1.8622586878204346,0.32948,1.8503976097869872,0.33032,1.8457490619659425,0.3353,-0.0049799999999999844,2882.8483011722565
same_epochs,n_sam,,121,121,1.861764468460083,0.3241,1.8425654475402833,0.33502,1.837765676879883,0.3412,-0.006180000000000019,2925.289265871048
same_epochs,n_sam,,122,122,1.8580548511123658,0.3251,1.840763132171631,0.33774,1.8362889091491699,0.3442,-0.006460000000000021,2935.897450685501
same_epochs,n_sam,,123,123,1.857303370399475,0.3288,1.8428385858917236,0.3397,1.8383475015640258,0.3423,-0.002599999999999991,2981.8012368679047
same_epochs,n_sam,,124,124,1.856283596801758,0.32874,1.8314699040985107,0.3413,1.8264039436340331,0.347,-0.005699999999999983,2992.289391040802
same_epochs,n_sam,,125,125,1.8566050366592408,0.32996,1.8378780828857422,0.33564,1.8330750881195068,0.3406,-0.00496000000000002,3002.8695664405823
same_epochs,n_sam,,126,126,1.8552340557098388,0.3277,1.8435634716033935,0.33282,1.8390457054138183,0.3402,-0.007379999999999998,3045.3458733558655
same_epochs,n_sam,,127,127,1.8529219512557984,0.32946,1.8296919751739502,0.33922,1.8249040452957153,0.3468,-0.007579999999999976,3055.9417037963867
same_epochs,n_sam,,128,128,1.8500953940582276,0.33004,1.82938654586792,0.34188,1.824613928413391,0.3477,-0.005819999999999992,3101.6654889583588
same_epochs,n_sam,,129,129,1.849251752319336,0.332,1.8295547611999512,0.3434,1.825016220474243,0.3472,-0.0038000000000000256,3112.253661632538
same_epochs,n_sam,,130,130,1.8443283124542236,0.33346,1.8251162340545655,0.3438,1.8204470199584961,0.3483,-0.004500000000000004,3122.835706472397
same_epochs,n_sam,,131,131,1.8442804247283935,0.33552,1.829201672668457,0.34238,1.8244262374877929,0.3483,-0.005919999999999981,3165.0965938568115
same_epochs,n_sam,,132,132,1.8433972801971437,0.33398,1.8221767225646972,0.34402,1.8173937236785889,0.3491,-0.005080000000000029,3175.7363188266754
same_epochs,n_sam,,133,133,1.840787451095581,0.33494,1.8206723779296874,0.34436,1.8162664066314698,0.3487,-0.0043400000000000105,3221.5331451892853
same_epochs,n_sam,,134,134,1.8377820547103882,0.33734,1.8193896974182129,0.34666,1.8150138427734375,0.3491,-0.0024399999999999977,3232.0011262893677
same_epochs,n_sam,,135,135,1.8385812915802002,0.33786,1.8120936992645265,0.34778,1.8073929943084717,0.3526,-0.0048200000000000465,3242.556802511215
same_epochs,n_sam,,136,136,1.8364946813201903,0.33384,1.8182444609069823,0.34668,1.8137488109588622,0.3508,-0.0041200000000000125,3285.1834094524384
same_epochs,n_sam,,137,137,1.8345090404510498,0.33754,1.8113039538574218,0.34952,1.8064497192382813,0.3549,-0.005379999999999996,3295.6395614147186
same_epochs,n_sam,,138,138,1.831813378829956,0.33976,1.8097611108398437,0.35156,1.8047583263397218,0.3558,-0.0042400000000000215,3341.5766773223877
same_epochs,n_sam,,139,139,1.829095135192871,0.34092,1.8079741040420532,0.3528,1.8031440769195557,0.3575,-0.004699999999999982,3352.1930663585663
same_epochs,n_sam,,140,140,1.8266598178100586,0.34124,1.8077158157730102,0.3503,1.8028795574188232,0.3549,-0.004599999999999993,3362.7562935352325
same_epochs,n_sam,,141,141,1.8263522912979127,0.34062,1.8015856347274781,0.34992,1.7963291654586793,0.3565,-0.006579999999999975,3405.228600502014
same_epochs,n_sam,,142,142,1.8207496244812011,0.34244,1.804883316001892,0.34882,1.7996733516693115,0.3546,-0.005780000000000007,3415.7559218406677
same_epochs,n_sam,,143,143,1.8220943304824828,0.33888,1.8007672480010986,0.35102,1.7956990116119385,0.3554,-0.004379999999999995,3461.5811977386475
same_epochs,n_sam,,144,144,1.8180550844573975,0.34102,1.7965293548583985,0.35602,1.7913091423034668,0.3601,-0.0040799999999999725,3472.150604248047
same_epochs,n_sam,,145,145,1.8161595199584961,0.34534,1.7978346251678468,0.35744,1.7924974893569947,0.3617,-0.0042600000000000415,3482.6769382953644
same_epochs,n_sam,,146,146,1.8151009697723388,0.3453,1.785575645675659,0.36132,1.780142297744751,0.365,-0.0036800000000000166,3525.2983417510986
same_epochs,n_sam,,147,147,1.8117668656158448,0.34676,1.7935390406036378,0.3561,1.7885451747894288,0.3611,-0.004999999999999949,3535.964175462723
same_epochs,n_sam,,148,148,1.8100308263397218,0.34578,1.7952189389038087,0.35306,1.7901588176727294,0.3581,-0.005039999999999989,3581.5906705856323
same_epochs,n_sam,,149,149,1.809399023361206,0.34626,1.7824355071258544,0.3557,1.7768016998291016,0.3586,-0.002899999999999958,3592.2672986984253
same_epochs,n_sam,,150,150,1.8047817944717408,0.34574,1.7890158263397218,0.35458,1.783488238143921,0.3607,-0.006120000000000014,3602.973562479019
same_epochs,n_sam,,151,151,1.8049055813980102,0.3461,1.7912907931137085,0.3561,1.7862489604949952,0.3625,-0.006399999999999961,3645.175811290741
same_epochs,n_sam,,152,152,1.8064427359390258,0.34802,1.7808586056518554,0.36136,1.7756294092178344,0.3649,-0.0035399999999999876,3655.747222185135
same_epochs,n_sam,,153,153,1.8050737701797486,0.348,1.7844862674331665,0.36104,1.7793044969558716,0.3647,-0.0036599999999999966,3701.6884920597076
same_epochs,n_sam,,154,154,1.8013384796142577,0.35166,1.780938016319275,0.36162,1.775614821243286,0.365,-0.003379999999999994,3712.359583377838
same_epochs,n_sam,,155,155,1.7980994374847412,0.35076,1.7795127951049805,0.35884,1.7742949600219726,0.3636,-0.0047599999999999865,3722.8553042411804
same_epochs,n_sam,,156,156,1.7974797591781617,0.35132,1.7813861374664306,0.35858,1.776207745361328,0.3639,-0.005319999999999991,3765.4352946281433
same_epochs,n_sam,,157,157,1.7965611614608765,0.34958,1.7728520458221435,0.36254,1.7675246532440185,0.3663,-0.003760000000000041,3775.9792091846466
same_epochs,n_sam,,158,158,1.796202692527771,0.35132,1.7758961109161377,0.36334,1.7708940738677978,0.3645,-0.0011599999999999944,3821.660240650177
same_epochs,n_sam,,159,159,1.792356209640503,0.3502,1.767572435836792,0.36576,1.7624240266799927,0.3705,-0.004740000000000022,3832.230669260025
same_epochs,n_sam,,160,160,1.7927781164169312,0.35224,1.7722810158920288,0.3637,1.767185771751404,0.3671,-0.0033999999999999586,3842.762670516968
same_epochs,n_sam,,161,161,1.788422183227539,0.35474,1.7706928188705444,0.3634,1.7651940214157105,0.3651,-0.0016999999999999793,3885.321850538254
same_epochs,n_sam,,162,162,1.789359108505249,0.35288,1.763352269668579,0.36598,1.7575805252075196,0.3708,-0.004819999999999991,3895.9604394435883
same_epochs,n_sam,,163,163,1.7875680981826783,0.35296,1.7701148693847657,0.36408,1.764731262588501,0.3688,-0.004720000000000002,3941.5941870212555
same_epochs,n_sam,,164,164,1.7846280926895142,0.35638,1.7636342391967774,0.36682,1.7580812522888183,0.3704,-0.0035800000000000276,3952.2478878498077
same_epochs,n_sam,,165,165,1.7819902179336549,0.35812,1.762827646408081,0.36806,1.757197886657715,0.3733,-0.005240000000000022,3962.846764087677
same_epochs,n_sam,,166,166,1.7810584824371338,0.3568,1.7602837073516846,0.36918,1.7546096685409547,0.373,-0.00381999999999999,4005.2021882534027
same_epochs,n_sam,,167,167,1.7760573802947999,0.35604,1.7615927206420898,0.36764,1.7561512321472168,0.3708,-0.003159999999999996,4015.857274055481
same_epochs,n_sam,,168,168,1.779148507385254,0.35616,1.7551256762695313,0.37024,1.7494984428405762,0.3719,-0.0016599999999999948,4061.558540582657
same_epochs,n_sam,,169,169,1.772171407546997,0.36032,1.7574330130767821,0.37066,1.7518034269332885,0.3733,-0.002640000000000031,4072.2252728939056
same_epochs,n_sam,,170,170,1.7743401148986817,0.35866,1.7507460596084594,0.37114,1.7451612300872803,0.3742,-0.0030599999999999516,4082.731222629547
same_epochs,n_sam,,171,171,1.7711935462188722,0.35864,1.756495923500061,0.36976,1.751289934539795,0.3694,0.00035999999999997145,4125.411506175995
same_epochs,n_sam,,172,172,1.7713254615020753,0.36064,1.7503941326522827,0.37068,1.744807918548584,0.3751,-0.0044199999999999795,4136.00466966629
same_epochs,n_sam,,173,173,1.768242548866272,0.35816,1.7457097580718994,0.37378,1.7396746522903443,0.3757,-0.0019199999999999773,4181.777106285095
same_epochs,n_sam,,174,174,1.7640311263656616,0.36176,1.7522731271362304,0.37088,1.7464702577590943,0.3727,-0.0018199999999999883,4192.279131650925
same_epochs,n_sam,,175,175,1.7648722894668578,0.35922,1.7439039658355713,0.37456,1.7380018814086915,0.3761,-0.0015399999999999858,4202.939968824387
same_epochs,n_sam,,176,176,1.7637928923797608,0.36156,1.746009443359375,0.3751,1.740190522003174,0.3787,-0.003599999999999992,4245.27845788002
same_epochs,n_sam,,177,177,1.7620318395996093,0.36108,1.7369251502227783,0.37608,1.7306276817321777,0.3788,-0.00272,4255.9058294296265
same_epochs,n_sam,,178,178,1.7611082445907593,0.36176,1.7443832385635376,0.37216,1.738506900024414,0.3759,-0.003740000000000021,4301.525477409363
same_epochs,n_sam,,179,179,1.7589284192276,0.36258,1.7439610919952393,0.37266,1.7381865104675294,0.3759,-0.0032400000000000206,4312.094370365143
same_epochs,n_sam,,180,180,1.7587119982910155,0.36368,1.732013829421997,0.37972,1.7257131771087646,0.3834,-0.0036800000000000166,4322.59575510025
same_epochs,n_sam,,181,181,1.7575442810821533,0.36562,1.7381196447753906,0.37918,1.7320258670806885,0.3793,-0.00012000000000000899,4365.3032767772675
same_epochs,n_sam,,182,182,1.7535505544662475,0.367,1.730778725013733,0.38074,1.724952219390869,0.3812,-0.00045999999999996044,4375.845015764236
same_epochs,n_sam,,183,183,1.7553244436645508,0.36664,1.7394008471679687,0.37598,1.734090287208557,0.3775,-0.0015200000000000213,4421.583455085754
same_epochs,n_sam,,184,184,1.7532233838272095,0.3649,1.7396798618316651,0.37396,1.734323203277588,0.3768,-0.002840000000000009,4432.212779760361
same_epochs,n_sam,,185,185,1.7515316654205322,0.36606,1.7229432147216797,0.37708,1.7165498647689819,0.3805,-0.0034199999999999786,4442.798288822174
same_epochs,n_sam,,186,186,1.750666562576294,0.36674,1.7319964672088624,0.37622,1.7258672454833985,0.3785,-0.0022800000000000042,4485.275957107544
same_epochs,n_sam,,187,187,1.7469386984634399,0.36556,1.735480523147583,0.37596,1.7299568912506103,0.3781,-0.0021399999999999753,4495.819902420044
same_epochs,n_sam,,188,188,1.7458181029510498,0.3695,1.724838158531189,0.38134,1.7191865716934205,0.3834,-0.0020600000000000063,4541.6070210933685
same_epochs,n_sam,,189,189,1.747077647781372,0.36848,1.7288858386230468,0.38154,1.723442624282837,0.3813,0.00024000000000001798,4552.368623495102
same_epochs,n_sam,,190,190,1.7444570959854127,0.36734,1.7293354455184937,0.38104,1.723727166748047,0.3828,-0.0017599999999999838,4563.068956613541
same_epochs,n_sam,,191,191,1.7459891088485717,0.36818,1.7205688694000245,0.38064,1.714548087310791,0.3836,-0.002960000000000018,4605.452855348587
same_epochs,n_sam,,192,192,1.7451079650497436,0.36698,1.72716453704834,0.37824,1.721176778793335,0.3802,-0.0019599999999999618,4616.012569904327
same_epochs,n_sam,,193,193,1.7443520196914672,0.36822,1.722082348060608,0.38122,1.7160816844940185,0.3833,-0.0020799999999999708,4661.706629514694
same_epochs,n_sam,,194,194,1.7397674724960328,0.36832,1.719907601852417,0.38304,1.7141634489059447,0.3861,-0.003060000000000007,4672.250111341476
same_epochs,n_sam,,195,195,1.741651655921936,0.37068,1.7182066143798829,0.3845,1.7125593883514405,0.3863,-0.0017999999999999683,4682.73796916008
same_epochs,n_sam,,196,196,1.7401992547225953,0.37116,1.7195828533935547,0.3821,1.7137929529190064,0.3833,-0.0011999999999999789,4725.278964281082
same_epochs,n_sam,,197,197,1.736447784500122,0.3705,1.7166029161834717,0.38282,1.710356251525879,0.3856,-0.0027800000000000047,4735.83073925972
same_epochs,n_sam,,198,198,1.7335566213226319,0.37248,1.7134669457626344,0.38456,1.7069515882492066,0.3885,-0.003939999999999999,4781.491914272308
same_epochs,n_sam,,199,199,1.7368594323730469,0.37222,1.7130347262191772,0.38446,1.70657220993042,0.3877,-0.003239999999999965,4792.095455408096
same_epochs,n_sam,,200,200,1.7322995148468017,0.37184,1.7140872400665284,0.38524,1.707698655319214,0.3868,-0.0015599999999999503,4802.625837087631
same_epochs,n_sam,,201,201,1.7288855823135376,0.3751,1.7047834644317628,0.38846,1.6980856964111328,0.3879,0.0005600000000000049,4845.098495483398
same_epochs,n_sam,,202,202,1.7269974645614623,0.37324,1.7132257390975951,0.38586,1.7071039953231812,0.3868,-0.0009399999999999964,4855.782594203949
same_epochs,n_sam,,203,203,1.7252006634140014,0.37666,1.7051020302963258,0.38724,1.6985769382476807,0.3899,-0.002660000000000051,4901.336649894714
same_epochs,n_sam,,204,204,1.7217738409805299,0.37618,1.7052747866058349,0.38654,1.6985951793670655,0.3887,-0.0021599999999999953,4911.907949209213
same_epochs,n_sam,,205,205,1.722054677810669,0.37556,1.708085726852417,0.3842,1.7016639219284058,0.3877,-0.003500000000000003,4922.380199432373
same_epochs,n_sam,,206,206,1.719409941368103,0.37468,1.6959290524291992,0.38964,1.6892281116485595,0.3926,-0.002960000000000018,4964.943518638611
same_epochs,n_sam,,207,207,1.7197675024795531,0.37858,1.7067678063964844,0.38798,1.7006850967407225,0.39,-0.0020200000000000218,4975.445069074631
same_epochs,n_sam,,208,208,1.7203421863555908,0.37774,1.6996602388763429,0.38876,1.6933572891235351,0.3901,-0.0013400000000000079,5021.347754716873
same_epochs,n_sam,,209,209,1.7160500417327882,0.37812,1.6978468084716798,0.38854,1.6915810722351075,0.3907,-0.0021599999999999953,5031.9263796806335
same_epochs,n_sam,,210,210,1.7178895645523071,0.37656,1.7021143065643312,0.3888,1.6959382232666016,0.3911,-0.0023000000000000242,5042.4749920368195
same_epochs,n_sam,,211,211,1.7145592058563233,0.37906,1.6882709536743163,0.39192,1.6813789136886597,0.3941,-0.0021800000000000153,5084.861214160919
same_epochs,n_sam,,212,212,1.7153568524169922,0.3761,1.6960088092803955,0.39084,1.689729384613037,0.3954,-0.004559999999999953,5095.368126630783
same_epochs,n_sam,,213,213,1.7135971053695678,0.38028,1.7053985022735596,0.38666,1.6997437335968018,0.3886,-0.0019399999999999973,5141.204294681549
same_epochs,n_sam,,214,214,1.7162112468719481,0.3784,1.6921094939422607,0.38992,1.6860808311462403,0.3933,-0.003379999999999994,5151.7691860198975
same_epochs,n_sam,,215,215,1.714656424293518,0.37872,1.6893537966156005,0.3935,1.6835688301086427,0.3951,-0.0015999999999999903,5162.3243663311005
same_epochs,n_sam,,216,216,1.7143846057891845,0.37938,1.7019235430908204,0.39166,1.6964311702728272,0.3921,-0.00043999999999999595,5204.913231611252
same_epochs,n_sam,,217,217,1.7132836908340454,0.37986,1.6997084380722045,0.3914,1.6941123107910157,0.3931,-0.0016999999999999793,5215.424855470657
same_epochs,n_sam,,218,218,1.7132341976165772,0.37792,1.690633120689392,0.39186,1.6851509471893311,0.394,-0.0021400000000000308,5261.266090869904
same_epochs,n_sam,,219,219,1.713457335281372,0.38144,1.6933475646591187,0.39054,1.6880973056793214,0.3938,-0.003259999999999985,5271.85284614563
same_epochs,n_sam,,220,220,1.7138730205535888,0.38316,1.7019115927505493,0.38988,1.6962742111206055,0.394,-0.0041200000000000125,5282.335173130035
same_epochs,n_sam,,221,221,1.7159775302886964,0.3792,1.6955356325912476,0.39132,1.6897445064544678,0.3945,-0.003180000000000016,5324.825677156448
same_epochs,n_sam,,222,222,1.7132001486968995,0.3813,1.6897528268432618,0.39292,1.6842703475952148,0.3962,-0.003280000000000005,5335.373953580856
same_epochs,n_sam,,223,223,1.7137872537231444,0.37828,1.6937732472991944,0.39052,1.6885890739440919,0.3963,-0.005780000000000007,5381.157498598099
same_epochs,n_sam,,224,224,1.7129855913543701,0.381,1.695845533065796,0.39214,1.6903786777496337,0.3953,-0.003159999999999996,5391.655731678009
same_epochs,n_sam,,225,225,1.713258137283325,0.38074,1.695958418006897,0.39396,1.6903441905975343,0.3953,-0.0013400000000000079,5402.21800160408
same_epochs,n_sam,,226,226,1.713049094772339,0.3834,1.6889436984634398,0.39636,1.683337274169922,0.3974,-0.0010399999999999854,5444.871458053589
same_epochs,n_sam,,227,227,1.710596695289612,0.38284,1.6889856997680663,0.39446,1.6833213100433349,0.3986,-0.0041400000000000325,5455.513090848923
same_epochs,n_sam,,228,228,1.709835271911621,0.38242,1.6913351055908203,0.39424,1.6854703395843507,0.3965,-0.0022600000000000398,5501.167030334473
same_epochs,n_sam,,229,229,1.710068100013733,0.38132,1.6889381774139405,0.39524,1.6827118307113647,0.3951,0.00013999999999997348,5511.786202669144
same_epochs,n_sam,,230,230,1.7088352764892578,0.38168,1.685052359275818,0.39508,1.6788503791809082,0.3963,-0.0012199999999999989,5522.43327331543
same_epochs,n_sam,,231,231,1.7083894354248046,0.3851,1.688412790222168,0.39328,1.6827473217010498,0.3948,-0.0015199999999999658,5564.818421602249
same_epochs,n_sam,,232,232,1.7036847406768798,0.38564,1.684338994216919,0.39594,1.6784765991210937,0.3967,-0.0007599999999999829,5575.441556215286
same_epochs,n_sam,,233,233,1.7020360687637328,0.38684,1.6809001055908204,0.39962,1.6748120796203614,0.4001,-0.00048000000000003595,5621.208603382111
same_epochs,n_sam,,234,234,1.6996382503509522,0.38862,1.6777107764434815,0.40004,1.6712796129226684,0.4003,-0.00025999999999998247,5631.8179750442505
same_epochs,n_sam,,235,235,1.7010984476470947,0.3856,1.6821997406768798,0.39634,1.6760794372558594,0.398,-0.0016599999999999948,5642.443959951401
same_epochs,n_sam,,236,236,1.6968393675994873,0.38662,1.6761968646240235,0.39598,1.6700143922805786,0.3985,-0.0025200000000000222,5684.840284585953
same_epochs,n_sam,,237,237,1.69428712059021,0.38492,1.6783768969726562,0.3981,1.6724838203430177,0.3984,-0.00029999999999996696,5695.434363126755
same_epochs,n_sam,,238,238,1.693264101486206,0.38534,1.671874609298706,0.3998,1.6655022357940674,0.4003,-0.0005000000000000004,5741.118147850037
same_epochs,n_sam,,239,239,1.6926885625457764,0.38674,1.6772934178924561,0.39884,1.6712261312484742,0.3998,-0.0009600000000000164,5751.712063550949
same_epochs,n_sam,,240,240,1.6899196477508545,0.38922,1.6676993036270142,0.40088,1.6616122325897216,0.4023,-0.0014199999999999768,5762.349749803543
same_epochs,n_sam,,241,241,1.6894380057525635,0.38776,1.672894710006714,0.39934,1.6672452644348144,0.3996,-0.000260000000000038,5804.929038286209
same_epochs,n_sam,,242,242,1.6862091681289673,0.38848,1.6675067916870117,0.3994,1.661277855491638,0.4,-0.0006000000000000449,5815.587017774582
same_epochs,n_sam,,243,243,1.685354761352539,0.39206,1.6731094704818725,0.39818,1.667235294342041,0.3978,0.00037999999999999146,5861.099790096283
same_epochs,n_sam,,244,244,1.683667109298706,0.38944,1.6665995832061768,0.39824,1.6609547477722169,0.4015,-0.0032600000000000406,5871.658789873123
same_epochs,n_sam,,245,245,1.6872280823135375,0.38858,1.6655963234710693,0.39904,1.6598380136489868,0.4007,-0.0016599999999999948,5882.095421791077
same_epochs,n_sam,,246,246,1.682451420249939,0.38828,1.6698970491790772,0.3994,1.6642912204742433,0.3994,0.0,5924.793081998825
same_epochs,n_sam,,247,247,1.6842297077178956,0.38882,1.6571624181365967,0.4048,1.6510623474121093,0.4057,-0.0009000000000000119,5935.256891012192
same_epochs,n_sam,,248,248,1.6822468033218383,0.39206,1.6656659355926513,0.4014,1.6600624195098876,0.4019,-0.0005000000000000004,5980.975393533707
same_epochs,n_sam,,249,249,1.6785355709457397,0.39126,1.6794019495391845,0.395,1.674511046600342,0.3954,-0.00039999999999995595,5991.630321025848
same_epochs,n_sam,,250,250,1.680336791305542,0.39042,1.6615739327239991,0.3992,1.656051929473877,0.4017,-0.0025000000000000022,6002.225959062576
same_epochs,n_sam,,251,251,1.6803607794952393,0.38882,1.6560612689208984,0.40168,1.650413203048706,0.4039,-0.0022199999999999998,6044.558792114258
same_epochs,n_sam,,252,252,1.6822797191619874,0.38724,1.6660719791030885,0.4015,1.6608208166122436,0.4041,-0.002599999999999991,6055.131413221359
same_epochs,n_sam,,253,253,1.6816058675384522,0.39086,1.659178098716736,0.40234,1.6532818355560304,0.4057,-0.0033600000000000296,6100.86305475235
same_epochs,n_sam,,254,254,1.6742771466445923,0.39328,1.6578722150039673,0.40132,1.6516671760559083,0.4025,-0.0011800000000000144,6111.560740709305
same_epochs,n_sam,,255,255,1.6785073419189454,0.39106,1.6657846716308593,0.3997,1.6599214679718017,0.4007,-0.0010000000000000009,6122.186664819717
same_epochs,n_sam,,256,256,1.6782762128448487,0.39048,1.6589224167251586,0.40344,1.653530459213257,0.4061,-0.0026599999999999957,6164.661511898041
same_epochs,n_sam,,257,257,1.675786236038208,0.39192,1.650870181350708,0.4052,1.6454722129821777,0.4062,-0.0010000000000000009,6175.222150564194
same_epochs,n_sam,,258,258,1.6747937017059327,0.39268,1.6560473363494872,0.40272,1.6503708652496338,0.4045,-0.0017800000000000038,6220.924687623978
same_epochs,n_sam,,259,259,1.6722474266815186,0.39276,1.6589650732803345,0.40266,1.6529087133407592,0.4077,-0.005039999999999989,6231.520709514618
same_epochs,n_sam,,260,260,1.670817124595642,0.39592,1.6445764548110962,0.40696,1.638024118041992,0.4087,-0.0017400000000000193,6242.111539363861
same_epochs,n_sam,,261,261,1.672399520301819,0.39372,1.6508540771484375,0.4056,1.644608620452881,0.409,-0.0033999999999999586,6284.710297346115
same_epochs,n_sam,,262,262,1.667635291481018,0.3962,1.654994525794983,0.4033,1.6490819425582885,0.4058,-0.0025000000000000022,6295.168854236603
same_epochs,n_sam,,263,263,1.6668603396606445,0.3951,1.6460039455413817,0.40442,1.6401113208770752,0.4077,-0.003280000000000005,6340.988174200058
same_epochs,n_sam,,264,264,1.6694435159683227,0.39546,1.6471656438446045,0.40636,1.6418951871871947,0.4067,-0.00034000000000000696,6351.604815483093
same_epochs,n_sam,,265,265,1.6631404851531983,0.39712,1.6510409024429322,0.4056,1.6453914054870606,0.4064,-0.0007999999999999674,6362.220954179764
same_epochs,n_sam,,266,266,1.6640486684799194,0.3977,1.6460291687011719,0.40704,1.6400637435913086,0.4094,-0.0023599999999999732,6404.508179664612
same_epochs,n_sam,,267,267,1.6627465399169923,0.39844,1.651107913131714,0.40674,1.645673688697815,0.4065,0.00024000000000001798,6414.909053564072
same_epochs,n_sam,,268,268,1.6658787100219727,0.39548,1.6494021784210204,0.40582,1.643907858276367,0.4063,-0.00047999999999998044,6460.9956567287445
same_epochs,n_sam,,269,269,1.6626331211090088,0.39708,1.639710522994995,0.40824,1.6339219953536988,0.4089,-0.0006599999999999939,6471.589230060577
same_epochs,n_sam,,270,270,1.6621972917938233,0.39676,1.6454695928573608,0.4076,1.640293350982666,0.4056,0.0020000000000000018,6482.209232091904
same_epochs,n_sam,,271,271,1.6625288638305664,0.39904,1.6518766229248047,0.40526,1.6464974269866943,0.404,0.0012599999999999834,6524.699748277664
same_epochs,n_sam,,272,272,1.6627128438949585,0.39562,1.6423273595809937,0.40736,1.6363354377746582,0.4093,-0.0019399999999999973,6535.253673315048
same_epochs,n_sam,,273,273,1.6596883826446533,0.39832,1.6440265115356445,0.40936,1.6383832069396973,0.4112,-0.0018400000000000083,6580.998033285141
same_epochs,n_sam,,274,274,1.6604587027740478,0.39966,1.6506713580322265,0.40826,1.6454851818084717,0.4103,-0.0020399999999999863,6591.575734138489
same_epochs,n_sam,,275,275,1.6600195217132567,0.3949,1.6357580895614623,0.41178,1.6303306667327881,0.4097,0.0020799999999999708,6602.162435054779
same_epochs,n_sam,,276,276,1.6627694254302978,0.39604,1.6391069122314452,0.40916,1.6338912952423095,0.4089,0.000260000000000038,6644.624248743057
same_epochs,n_sam,,277,277,1.6578217401123048,0.39742,1.6492893115234375,0.40686,1.6443886962890626,0.409,-0.0021399999999999753,6655.180777788162
same_epochs,n_sam,,278,278,1.6597522826385498,0.39756,1.6400761001586914,0.4096,1.634640311050415,0.4125,-0.002899999999999958,6700.935978412628
same_epochs,n_sam,,279,279,1.6590516167449951,0.398,1.6336776667022705,0.4115,1.6278294109344482,0.4137,-0.0022000000000000353,6711.513188838959
same_epochs,n_sam,,280,280,1.656186226234436,0.39978,1.6402573318481446,0.4096,1.6349975143432618,0.4121,-0.0025000000000000022,6722.126564741135
same_epochs,n_sam,,281,281,1.6546605465698243,0.40156,1.636087353439331,0.41094,1.6314096178054809,0.4137,-0.0027599999999999847,6764.5354697704315
same_epochs,n_sam,,282,282,1.6535088750457763,0.40086,1.6343404657745362,0.41,1.6293522520065307,0.4132,-0.003200000000000036,6775.11486530304
same_epochs,n_sam,,283,283,1.655279343185425,0.40018,1.639053726234436,0.40852,1.634433154296875,0.4126,-0.004080000000000028,6820.703292608261
same_epochs,n_sam,,284,284,1.6537691997528077,0.40152,1.6375242052841186,0.41012,1.632797209739685,0.4127,-0.0025800000000000267,6831.394841194153
same_epochs,n_sam,,285,285,1.6504563287734986,0.40214,1.6312488248443604,0.4127,1.6257483751296997,0.4153,-0.002599999999999991,6841.978174686432
same_epochs,n_sam,,286,286,1.6474431507110596,0.40346,1.6280419540405273,0.4147,1.622852848815918,0.4194,-0.004699999999999982,6884.389656543732
same_epochs,n_sam,,287,287,1.649693263015747,0.40502,1.6334356374359131,0.4127,1.6287792209625245,0.415,-0.0022999999999999687,6894.982080221176
same_epochs,n_sam,,288,288,1.6481394770050048,0.40128,1.6283331720733643,0.41226,1.6233396667480469,0.4144,-0.0021399999999999753,6940.615664958954
same_epochs,n_sam,,289,289,1.6476035650253296,0.40212,1.6337785985946656,0.4089,1.6290437057495117,0.4123,-0.003400000000000014,6951.183771371841
same_epochs,n_sam,,290,290,1.647031070022583,0.40138,1.6341823126983643,0.41102,1.6294594226837158,0.416,-0.0049799999999999844,6961.777582406998
same_epochs,n_sam,,291,291,1.6434521857070923,0.4024,1.621784885559082,0.41654,1.6167021230697631,0.4199,-0.003359999999999974,7004.228956460953
same_epochs,n_sam,,292,292,1.6397343048858644,0.40698,1.624690472946167,0.41564,1.6195284391403197,0.4171,-0.0014600000000000168,7014.815306186676
same_epochs,n_sam,,293,293,1.642757861404419,0.40654,1.6224161206054688,0.41714,1.617200085067749,0.4199,-0.0027599999999999847,7060.445923089981
same_epochs,n_sam,,294,294,1.640906935081482,0.40404,1.6189116019439698,0.41788,1.6139187679290772,0.4201,-0.0022199999999999998,7071.102690696716
same_epochs,n_sam,,295,295,1.6413755743026734,0.40476,1.6332439682388307,0.4105,1.6285469608306884,0.4162,-0.005700000000000038,7081.849603652954
same_epochs,n_sam,,296,296,1.6358854457855225,0.40888,1.6196865997695924,0.41462,1.6151129043579102,0.4172,-0.0025800000000000267,7124.03919506073
same_epochs,n_sam,,297,297,1.6329995441436767,0.40734,1.614011897239685,0.41746,1.6092456092834473,0.4205,-0.003039999999999987,7134.692033290863
same_epochs,n_sam,,298,298,1.6338031356048583,0.40542,1.6267304717636109,0.41442,1.6222876962661743,0.4185,-0.0040799999999999725,7180.388935089111
same_epochs,n_sam,,299,299,1.6331531366348266,0.40862,1.613117361984253,0.41908,1.608552117538452,0.4225,-0.0034199999999999786,7191.031944513321
same_epochs,n_sam,,300,300,1.6336674407196046,0.40738,1.617376948928833,0.41744,1.6131167121887207,0.4234,-0.005960000000000021,7201.704920291901
same_epochs,n_sam,,301,301,1.6311571439361572,0.40784,1.624325320968628,0.41472,1.620595715713501,0.4194,-0.0046800000000000175,7243.948804855347
same_epochs,n_sam,,302,302,1.6348330047225952,0.40552,1.6192555700683593,0.41458,1.615439602279663,0.4187,-0.0041200000000000125,7254.4312291145325
same_epochs,n_sam,,303,303,1.6338903726577758,0.4058,1.6165239236068725,0.41646,1.6124332609176635,0.4216,-0.005139999999999978,7300.320683717728
same_epochs,n_sam,,304,304,1.6321049560928345,0.40616,1.6219468548202514,0.4164,1.6183818439483642,0.4225,-0.006099999999999994,7310.897001743317
same_epochs,n_sam,,305,305,1.6312408142471313,0.40832,1.6210026459503173,0.41686,1.6169474075317383,0.4237,-0.006840000000000013,7321.440101146698
same_epochs,n_sam,,306,306,1.6316181114959716,0.40792,1.6151321533203125,0.41852,1.6106,0.4257,-0.00718000000000002,7363.919776678085
same_epochs,n_sam,,307,307,1.6302819790649414,0.40866,1.614841859664917,0.41922,1.6104753829956056,0.4254,-0.006180000000000019,7374.523055553436
same_epochs,n_sam,,308,308,1.6312367706298827,0.40914,1.6216300989151,0.4161,1.6175600727081298,0.4239,-0.007799999999999974,7420.108229398727
same_epochs,n_sam,,309,309,1.6278651718902588,0.41164,1.616942548904419,0.41618,1.6118425182342528,0.423,-0.006819999999999993,7430.687844276428
same_epochs,n_sam,,310,310,1.6293876858520508,0.40786,1.6162048434448242,0.41688,1.6110813404083253,0.4233,-0.006420000000000037,7441.337398290634
same_epochs,n_sam,,311,311,1.6297429970932007,0.40396,1.6194840963745116,0.4173,1.615239400291443,0.4221,-0.004799999999999971,7483.70566034317
same_epochs,n_sam,,312,312,1.6297343927383423,0.4077,1.6173600973129272,0.41834,1.61279680519104,0.4238,-0.00546000000000002,7494.27227139473
same_epochs,n_sam,,313,313,1.627594320449829,0.4112,1.6114452243423463,0.42116,1.605653483390808,0.4271,-0.005940000000000001,7539.997846126556
same_epochs,n_sam,,314,314,1.6284535836410523,0.409,1.6124346884536742,0.42092,1.6066731521606445,0.424,-0.0030799999999999716,7550.637949705124
same_epochs,n_sam,,315,315,1.6296986676025391,0.40796,1.6182231811904908,0.4199,1.6135227138519288,0.4249,-0.0050000000000000044,7561.147452831268
same_epochs,n_sam,,316,316,1.6276350440216065,0.40982,1.6138678576660157,0.42056,1.6092797157287597,0.4233,-0.00274000000000002,7603.597917556763
same_epochs,n_sam,,317,317,1.6264811648178101,0.41236,1.6067001097869873,0.4202,1.601038014602661,0.4233,-0.0030999999999999917,7614.184148073196
same_epochs,n_sam,,318,318,1.626315270729065,0.40978,1.6106283303070068,0.42052,1.605283696937561,0.4249,-0.004379999999999995,7659.895094633102
same_epochs,n_sam,,319,319,1.6235277463150024,0.41088,1.6202819245147706,0.41766,1.6157361852645875,0.4215,-0.00384000000000001,7670.595766067505
same_epochs,n_sam,,320,320,1.6249111444473268,0.413,1.611684698524475,0.41944,1.606760294532776,0.4237,-0.0042600000000000415,7681.163958787918
same_epochs,n_sam,,321,321,1.6221250067901611,0.41368,1.610148231239319,0.42034,1.604437919807434,0.4244,-0.004060000000000008,7723.550795316696
same_epochs,n_sam,,322,322,1.6227527980804444,0.41254,1.607170039138794,0.42118,1.6018665008544921,0.4262,-0.0050200000000000244,7734.204947471619
same_epochs,n_sam,,323,323,1.6228974530029296,0.41208,1.608753405418396,0.42132,1.6043031955718994,0.4234,-0.0020800000000000263,7779.720272064209
same_epochs,n_sam,,324,324,1.621727268447876,0.41134,1.6178158572769166,0.41776,1.6136481826782227,0.4194,-0.0016399999999999748,7790.296217441559
same_epochs,n_sam,,325,325,1.620116050453186,0.4139,1.6091346432113647,0.42048,1.6042303449630737,0.4248,-0.0043199999999999905,7800.926628351212
same_epochs,n_sam,,326,326,1.6187841458511352,0.41182,1.6093367837905883,0.41946,1.604383840560913,0.4234,-0.003939999999999999,7843.632004261017
same_epochs,n_sam,,327,327,1.6172779751586914,0.41292,1.612516637611389,0.41784,1.6079707942962647,0.4231,-0.005259999999999987,7854.232050895691
same_epochs,n_sam,,328,328,1.616569994430542,0.41436,1.608585072288513,0.41924,1.6039971633911132,0.4239,-0.0046599999999999975,7899.743552684784
same_epochs,n_sam,,329,329,1.6175112830352782,0.41026,1.6056833953857421,0.41834,1.6002400802612304,0.423,-0.0046599999999999975,7910.277536869049
same_epochs,n_sam,,330,330,1.6149178762435914,0.41318,1.6082361382293702,0.42076,1.602815250968933,0.4256,-0.0048399999999999554,7920.872243642807
same_epochs,n_sam,,331,331,1.6175608340072631,0.41286,1.6011671026611327,0.42168,1.5959007537841796,0.427,-0.005319999999999991,7963.411683082581
same_epochs,n_sam,,332,332,1.6125677437973023,0.41532,1.6092091733551026,0.42008,1.6042197799682618,0.4245,-0.0044199999999999795,7973.995582103729
same_epochs,n_sam,,333,333,1.6128165149307252,0.41454,1.6011934405136108,0.4227,1.5961614419937133,0.4253,-0.002599999999999991,8019.710493087769
same_epochs,n_sam,,334,334,1.6077971695709228,0.41594,1.6043329034805298,0.42168,1.5991952749252318,0.4262,-0.004520000000000024,8030.360541820526
same_epochs,n_sam,,335,335,1.6111133940887452,0.41432,1.5979272150039674,0.42276,1.5927750236511231,0.4247,-0.0019399999999999973,8040.88907790184
same_epochs,n_sam,,336,336,1.609259846534729,0.4139,1.6058805237197875,0.4214,1.6013231678009032,0.4253,-0.0039000000000000146,8083.301590919495
same_epochs,n_sam,,337,337,1.6103478232192994,0.41454,1.593569047241211,0.42332,1.5885278079986573,0.4265,-0.003180000000000016,8094.01339173317
same_epochs,n_sam,,338,338,1.6068788521575927,0.41586,1.6063102283096313,0.4202,1.6015331485748292,0.4254,-0.005199999999999982,8139.586302518845
same_epochs,n_sam,,339,339,1.6072176203155517,0.41534,1.5992209772491455,0.42224,1.5948975666046143,0.4283,-0.00606000000000001,8150.259373426437
same_epochs,n_sam,,340,340,1.605651730003357,0.41764,1.5955698390960693,0.4238,1.5916807220458984,0.429,-0.005199999999999982,8160.904737949371
same_epochs,n_sam,,341,341,1.6081672814941406,0.41506,1.6010173165512085,0.42078,1.59697475605011,0.4246,-0.00381999999999999,8203.233034133911
same_epochs,n_sam,,342,342,1.6054119799423219,0.41812,1.5919126517105102,0.4247,1.5876709587097169,0.4287,-0.0040000000000000036,8213.852867364883
same_epochs,n_sam,,343,343,1.604404312171936,0.41884,1.593295472984314,0.42466,1.5889977382659912,0.4309,-0.006240000000000023,8259.524695396423
same_epochs,n_sam,,344,344,1.606105546836853,0.4178,1.5984677694702147,0.42228,1.5940392749786376,0.431,-0.008720000000000006,8270.159054040909
same_epochs,n_sam,,345,345,1.6031543128204346,0.41782,1.5871184802246094,0.4245,1.5823539100646973,0.4304,-0.005900000000000016,8280.72134590149
same_epochs,n_sam,,346,346,1.6013158941650392,0.41906,1.5940658935165406,0.42396,1.5896956077575684,0.4301,-0.006139999999999979,8323.158974170685
same_epochs,n_sam,,347,347,1.6025811240386962,0.4189,1.5929092835235596,0.42494,1.5884405834197999,0.4298,-0.004860000000000031,8333.865642786026
same_epochs,n_sam,,348,348,1.5974944402694702,0.42092,1.5861426732635497,0.42702,1.581265242767334,0.4302,-0.003180000000000016,8379.429064512253
same_epochs,n_sam,,349,349,1.5967190961074829,0.42008,1.5903072552871704,0.42574,1.585606337928772,0.4313,-0.005560000000000009,8389.976780414581
same_epochs,n_sam,,350,350,1.601102101135254,0.42016,1.5892956015777588,0.42542,1.584636766242981,0.4335,-0.008079999999999976,8400.605306386948
same_epochs,n_sam,,351,351,1.5984383391571044,0.41992,1.5873781564331055,0.42588,1.5825526807785035,0.4317,-0.005819999999999992,8443.164867162704
same_epochs,n_sam,,352,352,1.5959130450057983,0.42164,1.5918614513397218,0.42478,1.5873392513275146,0.4334,-0.008620000000000017,8453.827145576477
same_epochs,n_sam,,353,353,1.5953185089874267,0.42166,1.58206433052063,0.42778,1.5772464553833008,0.4342,-0.006419999999999981,8499.38004374504
same_epochs,n_sam,,354,354,1.5952274835968017,0.4207,1.5898015463256836,0.42478,1.5847626064300537,0.4307,-0.005920000000000036,8510.471865415573
same_epochs,n_sam,,355,355,1.595061254005432,0.41914,1.5820805578231811,0.4306,1.5774228755950928,0.4364,-0.005800000000000027,8521.050516366959
same_epochs,n_sam,,356,356,1.5936854623031615,0.4217,1.5794985821533203,0.43062,1.574428007888794,0.434,-0.003379999999999994,8563.069115161896
same_epochs,n_sam,,357,357,1.5936334185791015,0.42022,1.5878626935577393,0.42726,1.5829271926879882,0.4331,-0.005840000000000012,8573.593287944794
same_epochs,n_sam,,358,358,1.5899451708221435,0.42302,1.573937829208374,0.43138,1.5690589891433715,0.4366,-0.005220000000000002,8619.207744836807
same_epochs,n_sam,,359,359,1.5928144568252562,0.42128,1.587398779296875,0.42472,1.5827771640777588,0.4304,-0.005680000000000018,8629.735015392303
same_epochs,n_sam,,360,360,1.5922882278060912,0.41964,1.5905207653427125,0.42444,1.5857399295806884,0.4286,-0.004159999999999997,8640.163338184357
same_epochs,n_sam,,361,361,1.5935763159561158,0.4204,1.5747484014511108,0.43098,1.5699683227539063,0.4354,-0.004420000000000035,8683.007282733917
same_epochs,n_sam,,362,362,1.5917036087417602,0.42312,1.5804683832550048,0.42988,1.576047710800171,0.4352,-0.005319999999999991,8693.523121356964
same_epochs,n_sam,,363,363,1.5870005075073241,0.42488,1.5830070629882813,0.42956,1.5782165548324585,0.4357,-0.006139999999999979,8739.23730802536
same_epochs,n_sam,,364,364,1.588026848716736,0.4237,1.5834350720596313,0.42936,1.578297940826416,0.4337,-0.004339999999999955,8749.785592556
same_epochs,n_sam,,365,365,1.5871521892929077,0.42318,1.5757606798934936,0.4307,1.5706245597839354,0.4369,-0.006199999999999983,8760.396274328232
same_epochs,n_sam,,366,366,1.5859247640228271,0.42352,1.5798990716171264,0.42944,1.575519989013672,0.4337,-0.004259999999999986,8802.870789766312
same_epochs,n_sam,,367,367,1.588722370071411,0.42316,1.5817742385101319,0.42656,1.5768726652145386,0.4323,-0.005740000000000023,8813.400472164154
same_epochs,n_sam,,368,368,1.5874790865325927,0.42186,1.5725265824127197,0.43196,1.5672838222503662,0.4359,-0.003939999999999999,8823.907593727112
same_epochs,n_sam,,369,369,1.5836507540893554,0.42412,1.58054843624115,0.43186,1.5757501823425293,0.4376,-0.005739999999999967,8866.359401464462
same_epochs,n_sam,,370,370,1.584451273536682,0.42706,1.575060576171875,0.43368,1.5701469749450683,0.4399,-0.006220000000000003,8876.975553035736
same_epochs,n_sam,,371,371,1.5855794369506835,0.42642,1.5739823445892334,0.43288,1.5689069347381592,0.4373,-0.004420000000000035,8922.826919794083
same_epochs,n_sam,,372,372,1.5832140050888062,0.42664,1.5804573221206666,0.42988,1.5759419666290284,0.4354,-0.005520000000000025,8933.379561662674
same_epochs,n_sam,,373,373,1.5821772626113892,0.42634,1.5716344329833984,0.43216,1.5670771659851075,0.4396,-0.007440000000000002,8944.007366895676
same_epochs,n_sam,,374,374,1.5785102270507811,0.427,1.573657088394165,0.42992,1.5685570346832276,0.4354,-0.005479999999999985,8986.401735305786
same_epochs,n_sam,,375,375,1.581323684425354,0.42396,1.5791217296981812,0.42984,1.5744602579116822,0.4342,-0.004359999999999975,8996.925949811935
same_epochs,n_sam,,376,376,1.5837451865005494,0.42408,1.563173939590454,0.43604,1.5587594974517822,0.4399,-0.00386000000000003,9042.764498233795
same_epochs,n_sam,,377,377,1.580377867088318,0.4255,1.5761013805389403,0.43164,1.572094612121582,0.4357,-0.0040599999999999525,9053.396126747131
same_epochs,n_sam,,378,378,1.5803215057754516,0.42368,1.5778390924835206,0.4308,1.5739227436065675,0.4355,-0.004699999999999982,9063.926579475403
same_epochs,n_sam,,379,379,1.5797086773681641,0.43044,1.5644428652572633,0.43656,1.5602239883422853,0.4407,-0.004139999999999977,9105.956457853317
same_epochs,n_sam,,380,380,1.5809156607055663,0.42438,1.5776861917495728,0.43054,1.5734445041656495,0.4342,-0.0036599999999999966,9116.541066408157
same_epochs,n_sam,,381,381,1.5821371910858155,0.4267,1.5732447430038452,0.43212,1.5693102849960328,0.4384,-0.006280000000000008,9162.395476341248
same_epochs,n_sam,,382,382,1.577944208946228,0.42578,1.5670105392456055,0.43408,1.5632951377868651,0.4399,-0.005819999999999992,9172.88180065155
same_epochs,n_sam,,383,383,1.5749276990127563,0.42926,1.5753882956695557,0.4307,1.5717955474853516,0.4357,-0.004999999999999949,9183.399408340454
same_epochs,n_sam,,384,384,1.578948320236206,0.42736,1.5694266472625733,0.43444,1.565740145111084,0.4381,-0.0036599999999999966,9225.834625005722
same_epochs,n_sam,,385,385,1.5744307799530028,0.42858,1.5649515155029297,0.4366,1.5607283885955812,0.4411,-0.004500000000000004,9236.368285417557
same_epochs,n_sam,,386,386,1.575145514831543,0.4316,1.5765934477996826,0.43224,1.5726100259780884,0.4357,-0.003459999999999963,9282.252947330475
same_epochs,n_sam,,387,387,1.5741634033584595,0.43072,1.5550887414169312,0.43918,1.5511535930633544,0.4418,-0.002620000000000011,9292.842679262161
same_epochs,n_sam,,388,388,1.5750354250335694,0.42692,1.559382233657837,0.43568,1.555917995071411,0.4399,-0.0042200000000000015,9303.39971613884
same_epochs,n_sam,,389,389,1.5761700849151612,0.42596,1.5777137554550171,0.43056,1.5744705652236939,0.4345,-0.003939999999999999,9345.775636672974
same_epochs,n_sam,,390,390,1.574089027633667,0.42554,1.5668830321502685,0.43444,1.5633062362670898,0.4391,-0.0046599999999999975,9356.440970897675
same_epochs,n_sam,,391,391,1.574305763015747,0.42782,1.556510340499878,0.43832,1.5525533096313477,0.4442,-0.005879999999999996,9402.13280081749
same_epochs,n_sam,,392,392,1.5719099620819093,0.42984,1.5640729793930053,0.43646,1.5604023017883302,0.4404,-0.003939999999999999,9412.775528669357
same_epochs,n_sam,,393,393,1.5715569480133056,0.43078,1.572221205406189,0.43494,1.5683596174240113,0.4391,-0.004159999999999997,9423.32584476471
same_epochs,n_sam,,394,394,1.5734463501358031,0.42876,1.553428564186096,0.44004,1.549959499168396,0.4423,-0.0022600000000000398,9465.832293987274
same_epochs,n_sam,,395,395,1.5741409239959716,0.43036,1.5562788620376586,0.43788,1.553707232284546,0.4401,-0.0022199999999999998,9476.52031993866
same_epochs,n_sam,,396,396,1.5698789990234374,0.42942,1.5687677920532226,0.43284,1.5661940853118896,0.4378,-0.00496000000000002,9522.225149393082
same_epochs,n_sam,,397,397,1.5725241193389892,0.42908,1.5675570104599,0.43418,1.5646820442199707,0.439,-0.004819999999999991,9532.76845741272
same_epochs,n_sam,,398,398,1.5674311057281494,0.43014,1.5587268164825439,0.4381,1.5553620418548584,0.4434,-0.005300000000000027,9543.444116353989
same_epochs,n_sam,,399,399,1.569043449859619,0.4313,1.559658931274414,0.44002,1.5562738101959228,0.443,-0.0029799999999999827,9585.814591646194
same_epochs,n_sam,,400,400,1.5705528729248046,0.43252,1.559300195274353,0.439,1.5558364103317261,0.4423,-0.003300000000000025,9596.517949104309
same_epochs,n_sam,,401,401,1.568264210166931,0.4324,1.5528527942276,0.43952,1.5492833255767822,0.443,-0.003479999999999983,9642.130496740341
same_epochs,n_sam,,402,402,1.5689071988677978,0.4292,1.5541945345687866,0.43952,1.5515810565948487,0.4416,-0.0020799999999999708,9652.732694149017
same_epochs,n_sam,,403,403,1.5672720160675049,0.43094,1.5598353005218506,0.43748,1.5565303087234497,0.4409,-0.003420000000000034,9663.39269208908
same_epochs,n_sam,,404,404,1.564494974708557,0.43166,1.5605189990234376,0.43734,1.5574314285278321,0.4431,-0.005759999999999987,9705.91169309616
same_epochs,n_sam,,405,405,1.565025553588867,0.43032,1.5556423498153686,0.43918,1.5521375608444214,0.4442,-0.005019999999999969,9716.60685634613
same_epochs,n_sam,,406,406,1.5666205917358398,0.43234,1.5505893044662475,0.44124,1.5471978626251222,0.4426,-0.0013599999999999723,9762.22976565361
same_epochs,n_sam,,407,407,1.5608493508911132,0.4325,1.5572390191650392,0.43956,1.5548139217376709,0.4405,-0.0009399999999999964,9772.898438692093
same_epochs,n_sam,,408,408,1.563174856262207,0.43394,1.55354628074646,0.43848,1.5501242092132568,0.4417,-0.0032200000000000006,9783.424349308014
same_epochs,n_sam,,409,409,1.5619255855178833,0.43062,1.5523607122802734,0.44032,1.5492511701583862,0.4425,-0.0021800000000000153,9825.85545873642
same_epochs,n_sam,,410,410,1.564163628768921,0.43132,1.5626989163970948,0.43692,1.5611792263031006,0.442,-0.005080000000000029,9836.559070587158
same_epochs,n_sam,,411,411,1.5631931521606446,0.4312,1.5591784400177002,0.43798,1.5571623273849486,0.4418,-0.0038200000000000456,9882.24708533287
same_epochs,n_sam,,412,412,1.5636067694854736,0.43368,1.5504131512832642,0.43992,1.547145252227783,0.4411,-0.0011800000000000144,9892.973378658295
same_epochs,n_sam,,413,413,1.5588652205657958,0.4341,1.5550050408172607,0.44062,1.5521086738586425,0.4408,-0.00018000000000001348,9903.615236997604
same_epochs,n_sam,,414,414,1.5610471604156495,0.43348,1.5578870880889892,0.4391,1.5563136623382567,0.4393,-0.00020000000000003348,9946.005777835846
same_epochs,n_sam,,415,415,1.5597694537734985,0.43316,1.547101734046936,0.4418,1.544515704536438,0.4425,-0.0006999999999999784,9956.64729475975
same_epochs,n_sam,,416,416,1.5591789632797242,0.43402,1.5579874057769776,0.43816,1.5555173698425293,0.4394,-0.0012400000000000189,10002.258607387543
same_epochs,n_sam,,417,417,1.5571318041229247,0.43336,1.5653567971420288,0.43556,1.563143942642212,0.436,-0.00043999999999999595,10012.909885644913
same_epochs,n_sam,,418,418,1.559792544631958,0.43218,1.5517398630142212,0.44116,1.5494319534301757,0.4419,-0.0007400000000000184,10023.566553592682
same_epochs,n_sam,,419,419,1.5602561080932618,0.43352,1.5529505508041381,0.44212,1.5507971502304077,0.4425,-0.00037999999999999146,10065.784404039383
same_epochs,n_sam,,420,420,1.5599685955810547,0.43406,1.554907942123413,0.44158,1.552594044494629,0.4438,-0.0022199999999999998,10076.451976776123
same_epochs,n_sam,,421,421,1.5570075412368773,0.43572,1.5517679370498658,0.44048,1.5488065706253051,0.4438,-0.0033199999999999896,10122.233365297318
same_epochs,n_sam,,422,422,1.556317034034729,0.43482,1.5553878680801392,0.4389,1.5524595134735106,0.4423,-0.003400000000000014,10132.868721723557
same_epochs,n_sam,,423,423,1.559478216934204,0.43264,1.5521413830566406,0.4413,1.5490826187133788,0.4429,-0.0015999999999999903,10143.399373054504
same_epochs,n_sam,,424,424,1.555538969039917,0.43518,1.5477055904388428,0.44352,1.544485710144043,0.4436,-7.999999999996898e-05,10185.795094013214
same_epochs,n_sam,,425,425,1.5572122690582275,0.43068,1.5549698782348633,0.43992,1.5518255510330201,0.4401,-0.00018000000000001348,10196.40233540535
same_epochs,n_sam,,426,426,1.555900458984375,0.43504,1.5513266815567017,0.44224,1.54801640625,0.4417,0.0005400000000000404,10242.361979007721
same_epochs,n_sam,,427,427,1.5526247423553468,0.43622,1.543414896812439,0.4454,1.5400924213409424,0.4476,-0.0021999999999999797,10252.939739227295
same_epochs,n_sam,,428,428,1.5581320488739014,0.43546,1.5520721392059327,0.44112,1.5488610614776612,0.4445,-0.003379999999999994,10263.573629617691
same_epochs,n_sam,,429,429,1.5533145374298096,0.43516,1.5434253229522705,0.44282,1.540093473815918,0.4461,-0.003280000000000005,10306.067456960678
same_epochs,n_sam,,430,430,1.5532279253768921,0.436,1.5536686252593994,0.43882,1.5507257852554321,0.4437,-0.0048799999999999955,10316.74017572403
same_epochs,n_sam,,431,431,1.5515476615142823,0.43674,1.549049215736389,0.44076,1.5459969453811646,0.4442,-0.0034399999999999986,10362.431997299194
same_epochs,n_sam,,432,432,1.5508618076324463,0.43722,1.5410625280761718,0.44498,1.5377290496826173,0.4471,-0.0021200000000000108,10373.326049804688
same_epochs,n_sam,,433,433,1.545659144821167,0.4367,1.5505776584243773,0.44234,1.5477989234924316,0.446,-0.0036599999999999966,10384.443980455399
same_epochs,n_sam,,434,434,1.5478291613388062,0.4398,1.5439554120254517,0.44396,1.5405972927093505,0.4461,-0.0021399999999999753,10426.000001907349
same_epochs,n_sam,,435,435,1.5476905544281006,0.43834,1.5457429721069336,0.4427,1.5424015308380128,0.4449,-0.0022000000000000353,10436.682052135468
same_epochs,n_sam,,436,436,1.5452203171539307,0.44056,1.5476939404678345,0.44288,1.5454251348495482,0.4445,-0.0016200000000000103,10482.29370689392
same_epochs,n_sam,,437,437,1.547336527786255,0.43886,1.5464561569595336,0.44242,1.543241358757019,0.4451,-0.0026800000000000157,10493.074826002121
same_epochs,n_sam,,438,438,1.5484944787216186,0.43894,1.5417418975067139,0.444,1.5383933305740356,0.4467,-0.00269999999999998,10503.959561824799
same_epochs,n_sam,,439,439,1.5428030422973633,0.43972,1.5507229388809205,0.44188,1.5477583183288575,0.4435,-0.0016200000000000103,10546.148617982864
same_epochs,n_sam,,440,440,1.5419159879684448,0.44044,1.5329984337997435,0.44768,1.5298101545333862,0.449,-0.0013199999999999878,10557.084055662155
same_epochs,n_sam,,441,441,1.5451532553482055,0.44076,1.5421146466445923,0.44482,1.5390306140899659,0.4466,-0.0017800000000000038,10602.682389736176
same_epochs,n_sam,,442,442,1.5413442552947998,0.43876,1.545060023880005,0.4433,1.5425580696105956,0.4458,-0.0024999999999999467,10613.552232027054
same_epochs,n_sam,,443,443,1.542291597366333,0.43918,1.535222718849182,0.44592,1.532147982788086,0.4473,-0.0013799999999999923,10658.975001811981
same_epochs,n_sam,,444,444,1.5427977087783813,0.43918,1.5435165188598632,0.44346,1.540787565612793,0.4452,-0.0017399999999999638,10669.616203546524
same_epochs,n_sam,,445,445,1.5377356686019898,0.4413,1.5381648083877564,0.44528,1.5356966526031495,0.4471,-0.0018199999999999883,10680.1581158638
same_epochs,n_sam,,446,446,1.5393763831710816,0.43932,1.540924447555542,0.44476,1.5382085689544678,0.4473,-0.0025399999999999867,10722.383820533752
same_epochs,n_sam,,447,447,1.5372238224029542,0.4392,1.535413978919983,0.44632,1.533246325302124,0.4474,-0.0010800000000000254,10733.10641860962
same_epochs,n_sam,,448,448,1.5383490310287475,0.44094,1.541081643600464,0.44486,1.5389267944335938,0.4462,-0.0013400000000000079,10743.5698595047
same_epochs,n_sam,,449,449,1.5363246966171265,0.44068,1.5284310174942017,0.44926,1.5263153411865233,0.4505,-0.0012400000000000189,10785.882752418518
same_epochs,n_sam,,450,450,1.5366496029281616,0.44074,1.5370999039459228,0.44636,1.535146040725708,0.448,-0.0016400000000000303,10796.430617332458
same_epochs,n_sam,,451,451,1.5390666119766236,0.44166,1.5391505025863648,0.44476,1.5368511587142943,0.447,-0.0022400000000000198,10842.482230424881
same_epochs,n_sam,,452,452,1.5379470476531982,0.44248,1.5253464641952514,0.4492,1.5228433135986328,0.4508,-0.0015999999999999903,10853.087213754654
same_epochs,n_sam,,453,453,1.535585132522583,0.44178,1.5379977630615234,0.4454,1.5359770732879638,0.4485,-0.0030999999999999917,10863.61419558525
same_epochs,n_sam,,454,454,1.5369084099578858,0.4406,1.5331768194580078,0.44782,1.531752007675171,0.4498,-0.0019799999999999818,10905.981196641922
same_epochs,n_sam,,455,455,1.536639070968628,0.44276,1.5263775672149658,0.44792,1.523849036026001,0.4492,-0.0012800000000000034,10916.692430973053
same_epochs,n_sam,,456,456,1.537341004638672,0.44218,1.5320752731323242,0.44706,1.529836969947815,0.4499,-0.002840000000000009,10962.397215366364
same_epochs,n_sam,,457,457,1.532387607460022,0.4445,1.5314388885879517,0.44998,1.5301603733062745,0.4505,-0.0005200000000000204,10972.965020656586
same_epochs,n_sam,,458,458,1.5369536486816406,0.4438,1.5301329830932617,0.4495,1.5281351221084594,0.4514,-0.0019000000000000128,10983.50333404541
same_epochs,n_sam,,459,459,1.533649897994995,0.44156,1.5341695404434204,0.44728,1.5323160293579101,0.4482,-0.0009199999999999764,11025.922643899918
same_epochs,n_sam,,460,460,1.5345694167709352,0.44128,1.5294526028060913,0.4482,1.527718437576294,0.4491,-0.0009000000000000119,11036.587689638138
same_epochs,n_sam,,461,461,1.5305695162963868,0.44502,1.5321007485198974,0.44766,1.530390637588501,0.4496,-0.0019399999999999973,11082.320062160492
same_epochs,n_sam,,462,462,1.5295599742889405,0.44404,1.5339653900146484,0.44766,1.5325128757476807,0.4501,-0.0024399999999999977,11092.85220003128
same_epochs,n_sam,,463,463,1.5316679528045654,0.44416,1.524444832458496,0.45074,1.5225779136657716,0.4534,-0.002660000000000051,11103.38478565216
same_epochs,n_sam,,464,464,1.5292227505111695,0.44528,1.5331237561416626,0.44716,1.5310454189300537,0.4489,-0.0017400000000000193,11145.89979147911
same_epochs,n_sam,,465,465,1.530759207687378,0.44234,1.5362476653289794,0.44776,1.5344589561462403,0.447,0.0007599999999999829,11156.53545665741
same_epochs,n_sam,,466,466,1.5305348962020875,0.44488,1.522154662399292,0.45244,1.5199796798706056,0.4508,0.0016400000000000303,11202.409181594849
same_epochs,n_sam,,467,467,1.5300555947875976,0.44378,1.5266695636749268,0.45048,1.5244459545135498,0.4502,0.00028000000000000247,11213.02309679985
same_epochs,n_sam,,468,468,1.5321137268447875,0.44254,1.529267900314331,0.4492,1.5270412771224975,0.4476,0.0015999999999999903,11223.686496019363
same_epochs,n_sam,,469,469,1.5305689687728883,0.44382,1.524945669631958,0.4507,1.5225973276138305,0.4504,0.00029999999999996696,11265.855516195297
same_epochs,n_sam,,470,470,1.5293348966217042,0.44446,1.5307520868301392,0.44858,1.5287481090545654,0.4495,-0.0009200000000000319,11276.412810087204
same_epochs,n_sam,,471,471,1.5281629818725586,0.44668,1.5248663290405273,0.4511,1.5221668947219849,0.4515,-0.00040000000000001146,11322.341189861298
same_epochs,n_sam,,472,472,1.5269652655029298,0.44708,1.523879002418518,0.45214,1.521651058959961,0.4535,-0.0013600000000000279,11332.963075399399
same_epochs,n_sam,,473,473,1.5263108727645873,0.44652,1.5337019396972655,0.4494,1.532124556541443,0.4519,-0.0025000000000000022,11343.572505235672
same_epochs,n_sam,,474,474,1.5285656036376953,0.44328,1.5199450659561158,0.45188,1.5172327472686769,0.4515,0.00037999999999999146,11385.813356161118
same_epochs,n_sam,,475,475,1.5244528158187867,0.44532,1.5249679303359986,0.45026,1.5226662729263305,0.4483,0.0019600000000000173,11396.511297225952
same_epochs,n_sam,,476,476,1.5259961673355102,0.44542,1.53289645236969,0.4491,1.5312016887664794,0.4485,0.0005999999999999894,11442.286371707916
same_epochs,n_sam,,477,477,1.5239880626678466,0.44608,1.5177537841033935,0.45408,1.5159616981506348,0.4525,0.0015799999999999703,11452.901671648026
same_epochs,n_sam,,478,478,1.5246419337844848,0.44476,1.5235691802978515,0.45232,1.5221036876678466,0.4522,0.00012000000000000899,11463.471234560013
same_epochs,n_sam,,479,479,1.5257326583099364,0.44582,1.538854988975525,0.44626,1.5371507793426513,0.4475,-0.0012400000000000189,11505.921903371811
same_epochs,n_sam,,480,480,1.5250219662094116,0.44556,1.5181049825668336,0.45288,1.516277569580078,0.4541,-0.0012199999999999989,11516.48002409935
same_epochs,n_sam,,481,481,1.5264544177627564,0.44844,1.5231386013031005,0.45146,1.5213155727386474,0.4534,-0.0019400000000000528,11562.152408599854
same_epochs,n_sam,,482,482,1.5259342935180664,0.44732,1.537941513671875,0.44794,1.5369717872619628,0.45,-0.0020600000000000063,11572.77576494217
same_epochs,n_sam,,483,483,1.5224379133987427,0.44822,1.5240933038330078,0.45368,1.522741404724121,0.4539,-0.00021999999999999797,11583.348731040955
same_epochs,n_sam,,484,484,1.5213629163742066,0.45146,1.5138540847778321,0.45572,1.5114575471878051,0.4558,-7.999999999996898e-05,11625.74224114418
same_epochs,n_sam,,485,485,1.5265282273483276,0.44692,1.5248684880828858,0.45106,1.5226180519104004,0.4515,-0.00043999999999999595,11636.461892604828
same_epochs,n_sam,,486,486,1.5258504146957397,0.44684,1.5279748376464843,0.45152,1.5267811946868897,0.4508,0.0007199999999999984,11682.243915319443
same_epochs,n_sam,,487,487,1.5231423792266845,0.4499,1.519201197166443,0.45404,1.5174984035491943,0.4567,-0.0026599999999999957,11692.898730754852
same_epochs,n_sam,,488,488,1.5226117150115968,0.45146,1.519032466392517,0.45402,1.5172794044494629,0.4568,-0.0027800000000000047,11703.506544351578
same_epochs,n_sam,,489,489,1.5239941961288452,0.44784,1.519538042869568,0.45348,1.517781694793701,0.4551,-0.0016200000000000103,11745.90035700798
same_epochs,n_sam,,490,490,1.5236560973358155,0.44714,1.5181398080444335,0.45346,1.5164193367004395,0.4559,-0.0024400000000000532,11756.510511636734
same_epochs,n_sam,,491,491,1.5200255463790893,0.44762,1.5203014189910888,0.45366,1.5185545612335205,0.4561,-0.0024399999999999977,11802.263673782349
same_epochs,n_sam,,492,492,1.5199570148086547,0.44886,1.5200776791763306,0.4537,1.5185022075653076,0.4547,-0.0010000000000000009,11812.984255075455
same_epochs,n_sam,,493,493,1.5213749000930785,0.45084,1.5165300705718994,0.45424,1.514997641181946,0.4534,0.0008399999999999519,11823.531223773956
same_epochs,n_sam,,494,494,1.516939278717041,0.44974,1.5193999578094481,0.4528,1.5175244956970215,0.4515,0.0012999999999999678,11865.988939762115
same_epochs,n_sam,,495,495,1.5183518000793457,0.44962,1.5105746245574951,0.45688,1.5091771923065185,0.4565,0.00037999999999999146,11876.615339517593
same_epochs,n_sam,,496,496,1.5192144161987304,0.45138,1.5173781182479857,0.45438,1.515539767074585,0.4545,-0.00012000000000000899,11922.185716629028
same_epochs,n_sam,,497,497,1.517693522567749,0.44932,1.5208455698394776,0.45268,1.5194837133407593,0.454,-0.0013199999999999878,11932.778696775436
same_epochs,n_sam,,498,498,1.5149995621871948,0.4511,1.5116464542007446,0.45528,1.510056455039978,0.4566,-0.0013199999999999878,11943.458499908447
same_epochs,n_sam,,499,499,1.5137496294784545,0.45238,1.517584809036255,0.45386,1.515872017288208,0.4542,-0.00034000000000000696,11985.9267578125
same_epochs,n_sam,,500,500,1.514124698562622,0.451,1.5120482648086548,0.45674,1.510992063331604,0.4565,0.00023999999999996247,11996.58765220642
same_epochs,n_sam,,501,501,1.5112175512313843,0.45214,1.5128786376953125,0.4555,1.510934574508667,0.4555,0.0,12042.321440458298
same_epochs,n_sam,,502,502,1.5161835247421265,0.44882,1.5194749810028076,0.45342,1.5177325428009034,0.4529,0.0005199999999999649,12052.907935380936
same_epochs,n_sam,,503,503,1.5129819525909425,0.44884,1.5080336498260498,0.45624,1.5065506637573243,0.4568,-0.0005600000000000049,12063.473130702972
same_epochs,n_sam,,504,504,1.509255057144165,0.45404,1.5177573041152954,0.45338,1.5167261299133301,0.4529,0.00047999999999998044,12105.777481794357
same_epochs,n_sam,,505,505,1.5115439767074585,0.45062,1.5122142736434936,0.45556,1.5115477375030517,0.4573,-0.0017399999999999638,12116.310450077057
same_epochs,n_sam,,506,506,1.5127582736968994,0.45096,1.5114435961914063,0.4551,1.510355556678772,0.4556,-0.0005000000000000004,12162.091672182083
same_epochs,n_sam,,507,507,1.5111390992355347,0.45234,1.517801799926758,0.45288,1.516308288383484,0.4517,0.0011800000000000144,12172.626516103745
same_epochs,n_sam,,508,508,1.5075137091445923,0.45198,1.499454492225647,0.46006,1.4979869918823243,0.4603,-0.00023999999999996247,12183.134416818619
same_epochs,n_sam,,509,509,1.5063962866973877,0.45036,1.5134221599578856,0.45574,1.5128286781311036,0.4573,-0.0015600000000000058,12225.753412008286
same_epochs,n_sam,,510,510,1.5100949418640137,0.45138,1.5139039896011353,0.4544,1.5125963920593262,0.456,-0.0015999999999999903,12236.201590776443
same_epochs,n_sam,,511,511,1.5108573568725585,0.44966,1.5064707421875,0.45654,1.5054923583984374,0.4565,3.999999999998449e-05,12282.094780921936
same_epochs,n_sam,,512,512,1.511766357498169,0.4508,1.5133724195098877,0.45584,1.5130462768554687,0.454,0.0018400000000000083,12292.689358711243
same_epochs,n_sam,,513,513,1.5077949466705323,0.45594,1.5081266443252563,0.45778,1.5071834272384643,0.457,0.0007800000000000029,12303.316092252731
same_epochs,n_sam,,514,514,1.5093047034454345,0.45254,1.5019750739288331,0.46018,1.501258637237549,0.4607,-0.0005200000000000204,12345.904532670975
same_epochs,n_sam,,515,515,1.508421374435425,0.45202,1.507014532546997,0.4576,1.506556311416626,0.4568,0.0008000000000000229,12356.576506376266
same_epochs,n_sam,,516,516,1.5043569842910767,0.45448,1.5056778546142577,0.45778,1.5045320198059082,0.4578,-1.999999999996449e-05,12402.19744682312
same_epochs,n_sam,,517,517,1.5056233984375,0.45196,1.5045698080825807,0.45802,1.5037965156555175,0.4595,-0.0014800000000000368,12412.750747680664
same_epochs,n_sam,,518,518,1.5050997165679931,0.4564,1.5112310882568358,0.45756,1.5102686183929444,0.4567,0.0008600000000000274,12423.409668922424
same_epochs,n_sam,,519,519,1.5038697237396241,0.45344,1.4956888609313965,0.462,1.4943702798843383,0.4629,-0.0008999999999999564,12465.775718927383
same_epochs,n_sam,,520,520,1.5039619762420655,0.45376,1.5046844873046874,0.45958,1.5039499061584474,0.459,0.0005799999999999694,12476.28542304039
same_epochs,n_sam,,521,521,1.5061439394378662,0.4528,1.510794873085022,0.45756,1.5096725883483886,0.4558,0.0017600000000000393,12522.182266950607
same_epochs,n_sam,,522,522,1.5062079134368898,0.45328,1.4957157306671143,0.46158,1.4944995584487915,0.4625,-0.0009200000000000319,12532.7835958004
same_epochs,n_sam,,523,523,1.5034791869735717,0.45358,1.505996533126831,0.45962,1.5053621341705323,0.4605,-0.0008800000000000474,12543.402440547943
same_epochs,n_sam,,524,524,1.5060179977798462,0.4564,1.5121614945220947,0.45696,1.5112491764068603,0.4597,-0.00274000000000002,12585.822429418564
same_epochs,n_sam,,525,525,1.5038184322738648,0.45464,1.4967129748535157,0.46106,1.4956623044967652,0.4621,-0.0010399999999999854,12596.435367822647
same_epochs,n_sam,,526,526,1.502118302001953,0.45266,1.4989121802520753,0.46198,1.498396727180481,0.4617,0.00028000000000000247,12642.307836294174
same_epochs,n_sam,,527,527,1.5029541835784912,0.45354,1.5110027990722656,0.4586,1.5100908681869507,0.4575,0.0010999999999999899,12652.902297496796
same_epochs,n_sam,,528,528,1.5036379853057862,0.45616,1.4969751360702515,0.4624,1.4958444004058837,0.4622,0.00019999999999997797,12663.56364941597
same_epochs,n_sam,,529,529,1.5027421356201172,0.45516,1.4981829114151002,0.46184,1.497538348388672,0.4616,0.00023999999999996247,12705.711234092712
same_epochs,n_sam,,530,530,1.4972956366729737,0.45928,1.5075047855377197,0.45806,1.5065922840118409,0.4575,0.0005600000000000049,12716.273657083511
same_epochs,n_sam,,531,531,1.5004046580123902,0.45548,1.4975754056167603,0.45958,1.4966015167236328,0.4605,-0.0009200000000000319,12762.082226991653
same_epochs,n_sam,,532,532,1.5011930312347412,0.45498,1.50003163936615,0.46074,1.5002191600799561,0.4625,-0.0017600000000000393,12772.693017482758
same_epochs,n_sam,,533,533,1.5025833825683594,0.45502,1.5053656679534912,0.45878,1.5049253379821776,0.4586,0.00018000000000001348,12783.346678495407
same_epochs,n_sam,,534,534,1.498991308670044,0.45594,1.4980849871826172,0.46056,1.496894218826294,0.46,0.0005600000000000049,12825.58390212059
same_epochs,n_sam,,535,535,1.5032075689315796,0.45696,1.4998819174957276,0.46146,1.4992061317443848,0.4616,-0.000140000000000029,12836.191080093384
same_epochs,n_sam,,536,536,1.4994174590301514,0.45846,1.4976033136367797,0.46226,1.4968693927764893,0.4623,-3.999999999998449e-05,12881.991596698761
same_epochs,n_sam,,537,537,1.5030298859405518,0.45412,1.4982248094940185,0.4609,1.4970732524871826,0.4624,-0.0015000000000000013,12892.552026033401
same_epochs,n_sam,,538,538,1.503907598876953,0.45498,1.501977967453003,0.45936,1.5012070320129394,0.4595,-0.000140000000000029,12903.070142745972
same_epochs,n_sam,,539,539,1.5008860272979736,0.45504,1.497105578842163,0.46128,1.496733052444458,0.4614,-0.00011999999999995348,12945.672554016113
same_epochs,n_sam,,540,540,1.5002944409942627,0.45614,1.4962498566436768,0.46218,1.494963928604126,0.4618,0.00037999999999999146,12956.27774977684
same_epochs,n_sam,,541,541,1.5008782970046997,0.4555,1.5022179485321046,0.46024,1.5008973417282105,0.46,0.00023999999999996247,13001.983303785324
same_epochs,n_sam,,542,542,1.4971149059295654,0.4581,1.4932911236572266,0.463,1.4926719581604004,0.463,0.0,13012.510370016098
same_epochs,n_sam,,543,543,1.5009591201019288,0.45582,1.4937069103240967,0.46196,1.4926689575195313,0.4615,0.00045999999999996044,13023.035830020905
same_epochs,n_sam,,544,544,1.496214270172119,0.4576,1.50384669090271,0.45926,1.5024894947052,0.4593,-3.999999999998449e-05,13065.572073698044
same_epochs,n_sam,,545,545,1.4973227548217773,0.45754,1.4959964184188843,0.4607,1.4953418563842773,0.4627,-0.0020000000000000018,13076.171648979187
same_epochs,n_sam,,546,546,1.492469200897217,0.45812,1.4963784813690186,0.46038,1.4964282052993774,0.4613,-0.0009199999999999764,13121.85500383377
same_epochs,n_sam,,547,547,1.4933001836013795,0.4577,1.5018684448623658,0.45858,1.5013215270996094,0.4594,-0.0008199999999999874,13132.393697977066
same_epochs,n_sam,,548,548,1.4917944472122193,0.45798,1.490379803237915,0.46242,1.4894347133636474,0.463,-0.0005800000000000249,13142.95465350151
same_epochs,n_sam,,549,549,1.4943003295516968,0.46034,1.4996153386306763,0.46142,1.4997458896636964,0.4619,-0.00047999999999998044,13185.598363161087
same_epochs,n_sam,,550,550,1.4957456759262084,0.45552,1.4903106452178956,0.4636,1.490216110420227,0.464,-0.00040000000000001146,13196.194826126099
same_epochs,n_sam,,551,551,1.49284483959198,0.45782,1.4950177939224243,0.46152,1.4946776767730714,0.4624,-0.0008799999999999919,13241.809082269669
same_epochs,n_sam,,552,552,1.4913180673599242,0.4596,1.4991587847900392,0.4612,1.499366375350952,0.4617,-0.0005000000000000004,13252.289485931396
same_epochs,n_sam,,553,553,1.491141626777649,0.46158,1.4855844885253906,0.46538,1.485590550994873,0.4666,-0.0012199999999999989,13262.855640411377
same_epochs,n_sam,,554,554,1.4926285982894898,0.45824,1.4946623434066773,0.46314,1.4948556697845459,0.4625,0.0006399999999999739,13305.392615318298
same_epochs,n_sam,,555,555,1.4903406079101562,0.4599,1.4913475741958617,0.4638,1.4911430238723755,0.4641,-0.00030000000000002247,13316.001381158829
same_epochs,n_sam,,556,556,1.4895421213531495,0.45994,1.4873650101470948,0.46598,1.4872711725234986,0.465,0.0009799999999999809,13361.824324846268
same_epochs,n_sam,,557,557,1.4897316680908204,0.45906,1.494704052658081,0.46436,1.4951991092681884,0.465,-0.0006400000000000294,13372.461052417755
same_epochs,n_sam,,558,558,1.4881511485290528,0.46038,1.484033059654236,0.467,1.4837075862884521,0.4677,-0.0006999999999999784,13383.088683128357
same_epochs,n_sam,,559,559,1.4877379574584961,0.4616,1.493439619064331,0.46334,1.493006166267395,0.4641,-0.0007600000000000384,13425.436904907227
same_epochs,n_sam,,560,560,1.4901076960754394,0.45986,1.4929261054229737,0.4637,1.4933876533508301,0.4645,-0.0008000000000000229,13436.056652069092
same_epochs,n_sam,,561,561,1.4868871380996704,0.45852,1.4755823641967774,0.46868,1.4758787841796874,0.4683,0.00037999999999999146,13481.798712015152
same_epochs,n_sam,,562,562,1.4849079926681519,0.46032,1.4820006754684447,0.4673,1.4821491313934325,0.4672,9.999999999998899e-05,13492.499377012253
same_epochs,n_sam,,563,563,1.4847046616363526,0.46212,1.5000374127578735,0.46234,1.4999879726409913,0.4613,0.0010399999999999854,13503.111516952515
same_epochs,n_sam,,564,564,1.4838819676589965,0.46234,1.4791950286102296,0.4677,1.4793435472488403,0.47,-0.0022999999999999687,13545.426607608795
same_epochs,n_sam,,565,565,1.4836027165603638,0.46204,1.480635011367798,0.46756,1.4816195165634156,0.4679,-0.00034000000000000696,13556.065306901932
same_epochs,n_sam,,566,566,1.4872491422653198,0.46134,1.4928066124343873,0.46476,1.4936256258010865,0.4635,0.0012599999999999834,13601.690947532654
same_epochs,n_sam,,567,567,1.4855080225372315,0.462,1.4842459297561645,0.46702,1.484318349456787,0.4673,-0.00028000000000000247,13612.215734481812
same_epochs,n_sam,,568,568,1.483292717590332,0.46424,1.4812731979370117,0.46764,1.48162791557312,0.4675,0.00013999999999997348,13622.767937898636
same_epochs,n_sam,,569,569,1.483399185218811,0.46408,1.4837911603927612,0.46702,1.4845581003189088,0.4685,-0.0014800000000000368,13665.218585252762
same_epochs,n_sam,,570,570,1.4858521414184571,0.46146,1.4839656454467773,0.46646,1.4842026426315307,0.4662,0.00025999999999998247,13675.885254383087
same_epochs,n_sam,,571,571,1.4827785530853272,0.4618,1.4831563138580321,0.46708,1.4835397329330444,0.465,0.0020799999999999708,13721.53193449974
same_epochs,n_sam,,572,572,1.483979646873474,0.46204,1.4826297917175293,0.46746,1.4832446521759033,0.4678,-0.00034000000000000696,13732.087558031082
same_epochs,n_sam,,573,573,1.4847924814605713,0.4628,1.4824360455703736,0.46876,1.4828465610504151,0.4681,0.0006599999999999939,13742.667717218399
same_epochs,n_sam,,574,574,1.4805989418792724,0.46558,1.4818207053756713,0.46848,1.482007347869873,0.4668,0.0016800000000000148,13785.20065665245
same_epochs,n_sam,,575,575,1.4818003610992432,0.46106,1.4747352810287475,0.46942,1.474931329727173,0.4685,0.0009199999999999764,13795.80716586113
same_epochs,n_sam,,576,576,1.478759704055786,0.46402,1.487906404838562,0.46578,1.4891575931549073,0.465,0.0007800000000000029,13841.523861169815
same_epochs,n_sam,,577,577,1.4795428992462158,0.46402,1.4832112000274658,0.46698,1.4839071712493896,0.4666,0.00037999999999999146,13852.261454105377
same_epochs,n_sam,,578,578,1.4792702810287475,0.46392,1.4776657369613648,0.46912,1.478438262939453,0.4687,0.00041999999999997595,13862.909977197647
same_epochs,n_sam,,579,579,1.481354921951294,0.46454,1.4850610665512085,0.46754,1.4862160427093505,0.4674,0.000140000000000029,13905.263694047928
same_epochs,n_sam,,580,580,1.4811715727233887,0.46308,1.4839622106552124,0.4679,1.4849592643737792,0.4671,0.0007999999999999674,13915.830582380295
same_epochs,n_sam,,581,581,1.4807487718200683,0.46278,1.47602420337677,0.4703,1.4765720296859741,0.4681,0.0021999999999999797,13961.582191944122
same_epochs,n_sam,,582,582,1.4821354832839966,0.4619,1.4841418864059448,0.46794,1.485200241470337,0.465,0.002939999999999998,13972.23092675209
same_epochs,n_sam,,583,583,1.4774266413116455,0.46536,1.4808679926300048,0.46834,1.482233211326599,0.4686,-0.000260000000000038,13982.748970508575
same_epochs,n_sam,,584,584,1.4806090740966797,0.46502,1.4782253016281128,0.46802,1.4786795742034913,0.4693,-0.0012800000000000034,14025.001630306244
same_epochs,n_sam,,585,585,1.4797709562301635,0.46386,1.4869990061950684,0.46758,1.4877123306274413,0.465,0.002579999999999971,14035.554307222366
same_epochs,n_sam,,586,586,1.4762036822891236,0.46538,1.473900212173462,0.47222,1.474971526145935,0.4716,0.0006199999999999539,14081.409640550613
same_epochs,n_sam,,587,587,1.479923899307251,0.46582,1.4758244074249267,0.4717,1.4766295143127441,0.4707,0.0010000000000000009,14092.121700763702
same_epochs,n_sam,,588,588,1.4783649895477295,0.46652,1.486327794418335,0.4672,1.4868257396697997,0.467,0.00019999999999997797,14102.73426103592
same_epochs,n_sam,,589,589,1.4737371771240235,0.4671,1.4797760445404053,0.4679,1.4807352085113525,0.4682,-0.00030000000000002247,14145.011481523514
same_epochs,n_sam,,590,590,1.477825746498108,0.4639,1.4792341720199584,0.4693,1.4807766826629638,0.4673,0.0020000000000000018,14155.682812690735
same_epochs,n_sam,,591,591,1.4761219827651977,0.46526,1.4782635092926026,0.4697,1.4790400325775146,0.4688,0.0009000000000000119,14201.455867290497
same_epochs,n_sam,,592,592,1.477783666038513,0.46676,1.4738071895980835,0.4707,1.4743949724197387,0.4717,-0.0010000000000000009,14211.915735721588
same_epochs,n_sam,,593,593,1.475023635520935,0.46824,1.486903501586914,0.46734,1.4884013069152833,0.4675,-0.000160000000000049,14222.683195114136
same_epochs,n_sam,,594,594,1.4749231033706665,0.46546,1.477824558944702,0.46918,1.4792109951019288,0.4698,-0.0006200000000000094,14265.02740740776
same_epochs,n_sam,,595,595,1.4744618978118897,0.46728,1.4708010500717164,0.47148,1.4716144180297852,0.472,-0.0005199999999999649,14275.667072296143
same_epochs,n_sam,,596,596,1.4741663748931886,0.4676,1.481378981552124,0.46872,1.4825135087966919,0.4663,0.0024200000000000332,14321.48139166832
same_epochs,n_sam,,597,597,1.4745918464279175,0.46544,1.475084975013733,0.46972,1.4768071517944337,0.4705,-0.0007799999999999474,14331.94045162201
same_epochs,n_sam,,598,598,1.4716502129364013,0.46584,1.4758218253326416,0.46906,1.4770967733383178,0.47,-0.0009399999999999964,14342.50711274147
same_epochs,n_sam,,599,599,1.4729260972595215,0.46696,1.4830112908935547,0.46862,1.483914247894287,0.467,0.0016199999999999548,14385.0041847229
same_epochs,n_sam,,600,600,1.4773632985687255,0.46582,1.4665240755462647,0.4734,1.4674472400665284,0.4734,0.0,14395.54798579216
same_epochs,n_sam,,601,601,1.4750622353363037,0.46648,1.4732121802139282,0.47128,1.4747081607818604,0.4718,-0.0005200000000000204,14441.410173892975
same_epochs,n_sam,,602,602,1.4735927263641357,0.4667,1.4834257319641113,0.46882,1.484634045791626,0.4676,0.0012199999999999989,14451.953919649124
same_epochs,n_sam,,603,603,1.4721643745040893,0.46866,1.4710208851242066,0.47176,1.471878734397888,0.4724,-0.0006399999999999739,14462.470095396042
same_epochs,n_sam,,604,604,1.4737162730026245,0.46864,1.47480393825531,0.47082,1.4759199499130249,0.4693,0.0015200000000000213,14504.887880802155
same_epochs,n_sam,,605,605,1.4737521640014648,0.46538,1.4685694075775146,0.47224,1.4694982940673829,0.4711,0.0011399999999999744,14515.416738510132
same_epochs,n_sam,,606,606,1.4714434420776368,0.46898,1.4762441234970092,0.47062,1.476967702102661,0.4706,1.999999999996449e-05,14561.336582183838
same_epochs,n_sam,,607,607,1.4720266843414307,0.46564,1.4811122637176513,0.46872,1.4819432876586913,0.4683,0.00042000000000003146,14571.898240327835
same_epochs,n_sam,,608,608,1.472605372657776,0.46772,1.468512447090149,0.47266,1.469484143447876,0.4741,-0.0014399999999999968,14582.472667694092
same_epochs,n_sam,,609,609,1.4677211660003662,0.46962,1.4709100890731812,0.47198,1.4718919082641602,0.47,0.0019800000000000373,14624.911422491074
same_epochs,n_sam,,610,610,1.4664704941940307,0.4721,1.4701304544448852,0.47068,1.4708026159286498,0.4699,0.0007800000000000029,14635.555890798569
same_epochs,n_sam,,611,611,1.4701503293228149,0.46752,1.4700003345489503,0.47166,1.471008745765686,0.4695,0.0021600000000000508,14681.256390571594
same_epochs,n_sam,,612,612,1.4681929865264893,0.46918,1.4735430078887939,0.4709,1.4749326652526855,0.4716,-0.0007000000000000339,14691.765272378922
same_epochs,n_sam,,613,613,1.4712240141296387,0.46748,1.4706205601501465,0.47154,1.4714659885406494,0.4724,-0.0008599999999999719,14702.37844324112
same_epochs,n_sam,,614,614,1.468163942604065,0.46948,1.4672105011367798,0.4716,1.4680802074432373,0.4722,-0.0005999999999999894,14744.981945514679
same_epochs,n_sam,,615,615,1.4654554024505615,0.46892,1.4684324602508545,0.47274,1.4701839647293091,0.4709,0.0018400000000000083,14755.582695960999
same_epochs,n_sam,,616,616,1.466726184501648,0.46914,1.4635665827178954,0.4722,1.4642927890777588,0.4729,-0.0006999999999999784,14801.221149206161
same_epochs,n_sam,,617,617,1.46446246673584,0.47182,1.4744512883377074,0.4699,1.4754017108917237,0.4717,-0.0018000000000000238,14811.905245542526
same_epochs,n_sam,,618,618,1.4629252799224854,0.46982,1.4696238567733764,0.47246,1.4710386625289917,0.4738,-0.0013400000000000079,14822.434633731842
same_epochs,n_sam,,619,619,1.464624246520996,0.47228,1.4646503094863892,0.47348,1.4663378597259522,0.4752,-0.0017199999999999993,14865.08964920044
same_epochs,n_sam,,620,620,1.4598062685394286,0.47036,1.4693307831192017,0.47242,1.4708644470214844,0.4713,0.0011200000000000099,14875.565707921982
same_epochs,n_sam,,621,621,1.462102601890564,0.47052,1.467486918106079,0.47356,1.468941351699829,0.4725,0.0010600000000000054,14921.081530809402
same_epochs,n_sam,,622,622,1.4611147299575806,0.47016,1.4653137350082397,0.47402,1.4665189861297607,0.4757,-0.0016800000000000148,14931.673810482025
same_epochs,n_sam,,623,623,1.4600819355010985,0.47156,1.4670086484527587,0.4728,1.468029344367981,0.4757,-0.0029000000000000137,14942.245395421982
same_epochs,n_sam,,624,624,1.4596521269226075,0.4721,1.4694252877044678,0.47352,1.4705886804580688,0.4733,0.00021999999999999797,14984.575508356094
same_epochs,n_sam,,625,625,1.4616735814666748,0.4706,1.4640806057739257,0.47548,1.4654751274108886,0.474,0.0014800000000000368,14995.058585643768
same_epochs,n_sam,,626,626,1.4606319875335694,0.47056,1.4652879620361328,0.47346,1.4665061866760254,0.474,-0.0005399999999999849,15041.058020114899
same_epochs,n_sam,,627,627,1.4577300687408448,0.4711,1.4648157551574708,0.47302,1.4659165184020997,0.4758,-0.0027800000000000047,15051.63367676735
same_epochs,n_sam,,628,628,1.4597103403091432,0.4686,1.4775572066116334,0.47108,1.4793308750152587,0.4701,0.0009799999999999809,15062.277925252914
same_epochs,n_sam,,629,629,1.4550519076156616,0.47344,1.4536842990875245,0.47764,1.4550591186523438,0.4781,-0.00046000000000001595,15104.65434885025
same_epochs,n_sam,,630,630,1.4565711057281494,0.47502,1.4637350904846191,0.4762,1.4656386775970458,0.4752,0.0010000000000000009,15115.135138511658
same_epochs,n_sam,,631,631,1.455267665939331,0.4721,1.4714639740753175,0.47382,1.4737618244171142,0.4747,-0.0008799999999999919,15161.011323690414
same_epochs,n_sam,,632,632,1.4592340964889527,0.47268,1.4620881030273438,0.47626,1.464156636619568,0.477,-0.0007399999999999629,15171.599184513092
same_epochs,n_sam,,633,633,1.4544758051300049,0.47454,1.4653052222061158,0.47468,1.467036459350586,0.4768,-0.0021200000000000108,15182.057322740555
same_epochs,n_sam,,634,634,1.4561333266448975,0.47184,1.4741538553619384,0.47216,1.4760445343017579,0.4722,-3.999999999998449e-05,15224.704736232758
same_epochs,n_sam,,635,635,1.4608911902618409,0.47086,1.4516919533157349,0.47824,1.4535618913650512,0.4801,-0.0018600000000000283,15235.42948269844
same_epochs,n_sam,,636,636,1.4573672579956054,0.47488,1.4544443689346314,0.47708,1.456358925819397,0.4775,-0.00041999999999997595,15280.891799211502
same_epochs,n_sam,,637,637,1.4570941359710694,0.4717,1.471586658668518,0.47378,1.473588032913208,0.4715,0.0022800000000000042,15291.491941690445
same_epochs,n_sam,,638,638,1.4605207776641846,0.4703,1.4609186518096924,0.47604,1.4622271690368653,0.476,4.0000000000040004e-05,15302.158947229385
same_epochs,n_sam,,639,639,1.4579396760940553,0.47148,1.448069029159546,0.48002,1.4492275480270387,0.4807,-0.0006800000000000139,15344.623279094696
same_epochs,n_sam,,640,640,1.4580010398101806,0.47378,1.4602728951644897,0.47574,1.4618556722640992,0.4777,-0.0019600000000000173,15355.269752502441
same_epochs,n_sam,,641,641,1.457079319076538,0.47348,1.468303698196411,0.4719,1.4697898635864257,0.4727,-0.0008000000000000229,15400.982405900955
same_epochs,n_sam,,642,642,1.4589557918548584,0.47314,1.4556539783477782,0.47726,1.4574426090240478,0.4763,0.0009600000000000164,15411.597564220428
same_epochs,n_sam,,643,643,1.4553486925888062,0.47358,1.4542236372375488,0.47774,1.4560786056518555,0.4771,0.0006399999999999739,15422.198863506317
same_epochs,n_sam,,644,644,1.4559003869628906,0.47402,1.4653483118438722,0.47478,1.4670106918334962,0.4749,-0.00012000000000000899,15464.610677480698
same_epochs,n_sam,,645,645,1.4605644836044311,0.47166,1.458391583175659,0.47612,1.459949892616272,0.4792,-0.003080000000000027,15475.240532159805
same_epochs,n_sam,,646,646,1.4570399745178222,0.47294,1.454655043029785,0.47716,1.4559603164672852,0.4785,-0.0013400000000000079,15521.080747127533
same_epochs,n_sam,,647,647,1.4563964235687257,0.47326,1.4610729483795166,0.47538,1.4622147891998292,0.4748,0.0005800000000000249,15531.798341751099
same_epochs,n_sam,,648,648,1.4537448795318604,0.4725,1.4617585802841186,0.47492,1.4630776931762695,0.4742,0.0007199999999999984,15542.384622812271
same_epochs,n_sam,,649,649,1.4562624097442627,0.47012,1.4534279092025757,0.47694,1.4546795001983643,0.4772,-0.000260000000000038,15584.509037733078
same_epochs,n_sam,,650,650,1.4535671507263184,0.47326,1.455415514907837,0.47728,1.4571446676254272,0.4763,0.0009799999999999809,15595.109951496124
same_epochs,n_sam,,651,651,1.4530424667739867,0.47502,1.4595882122039794,0.47608,1.4607249374389648,0.4761,-2.0000000000020002e-05,15640.718477725983
same_epochs,n_sam,,652,652,1.454262826461792,0.47378,1.4508018597030639,0.47904,1.451904299736023,0.4795,-0.00045999999999996044,15651.276450157166
same_epochs,n_sam,,653,653,1.454177431602478,0.47384,1.4538670569992065,0.47756,1.4552853729248048,0.4789,-0.0013400000000000079,15661.893690347672
same_epochs,n_sam,,654,654,1.4539628939056397,0.47412,1.4597200603485108,0.47494,1.4604209251403808,0.4751,-0.000160000000000049,15704.432348966599
same_epochs,n_sam,,655,655,1.4529783472442628,0.47304,1.456378550415039,0.4773,1.4577383152008057,0.4778,-0.0005000000000000004,15714.97443652153
same_epochs,n_sam,,656,656,1.451984001045227,0.47586,1.4535459767913819,0.47914,1.4551505500793458,0.4808,-0.0016599999999999948,15760.599089860916
same_epochs,n_sam,,657,657,1.449295899658203,0.47426,1.4578046773147584,0.47678,1.459029429244995,0.4785,-0.0017199999999999993,15771.152770280838
same_epochs,n_sam,,658,658,1.4472450744247436,0.47674,1.450327133216858,0.4801,1.4518242763519287,0.4808,-0.0006999999999999784,15781.813400506973
same_epochs,n_sam,,659,659,1.4450811978530884,0.47852,1.4486103143310547,0.48056,1.449870392227173,0.4813,-0.0007400000000000184,15824.228613138199
same_epochs,n_sam,,660,660,1.4492898960113525,0.47524,1.4601794582366943,0.47608,1.461185944366455,0.4767,-0.0006200000000000094,15834.859863042831
same_epochs,n_sam,,661,661,1.4474965478134156,0.47848,1.4551476908111571,0.47814,1.456569622039795,0.4805,-0.0023599999999999732,15880.492635011673
same_epochs,n_sam,,662,662,1.445088596763611,0.47752,1.4463379486846923,0.48154,1.447715605545044,0.4814,0.000140000000000029,15891.04481267929
same_epochs,n_sam,,663,663,1.4450517541122436,0.477,1.453231720046997,0.47924,1.454573243713379,0.4787,0.0005399999999999849,15901.652351140976
same_epochs,n_sam,,664,664,1.442427431564331,0.47788,1.4456736071014404,0.48222,1.4471170131683349,0.4817,0.0005199999999999649,15944.122414588928
same_epochs,n_sam,,665,665,1.4439452028656006,0.47896,1.4499873210906982,0.48074,1.4511866970062255,0.4817,-0.0009600000000000164,15954.683265924454
same_epochs,n_sam,,666,666,1.443521618309021,0.47846,1.4515543511962892,0.47962,1.4526758289337158,0.4808,-0.0011800000000000144,16000.348690271378
same_epochs,n_sam,,667,667,1.4414829340744018,0.47796,1.4482011640548706,0.48134,1.4501044855117797,0.4813,3.999999999998449e-05,16010.884712219238
same_epochs,n_sam,,668,668,1.4403110446548462,0.48048,1.4491058625030517,0.48082,1.4508672660827637,0.4813,-0.00047999999999998044,16021.588195323944
same_epochs,n_sam,,669,669,1.4393244171905517,0.47954,1.4492652709960938,0.48178,1.4513013746261596,0.4811,0.0006799999999999584,16064.012600421906
same_epochs,n_sam,,670,670,1.440739969329834,0.4785,1.435752018890381,0.48454,1.437108721923828,0.4865,-0.0019599999999999618,16074.564023733139
same_epochs,n_sam,,671,671,1.4421424021911622,0.47554,1.4493648209762573,0.48094,1.4512016242980956,0.4808,0.00013999999999997348,16120.21969127655
same_epochs,n_sam,,672,672,1.440695913619995,0.47824,1.4503760562515258,0.48032,1.4523881523132325,0.4802,0.00012000000000000899,16130.90272474289
same_epochs,n_sam,,673,673,1.439226841392517,0.48184,1.4370461702346802,0.48428,1.439237825012207,0.4851,-0.0008199999999999874,16141.520607233047
same_epochs,n_sam,,674,674,1.4388249186325073,0.47916,1.446011164855957,0.48252,1.4489282535552979,0.4838,-0.0012800000000000034,16183.76371049881
same_epochs,n_sam,,675,675,1.439711742744446,0.4788,1.4450148011398316,0.48138,1.4468910343170167,0.4841,-0.00272,16194.349680900574
same_epochs,n_sam,,676,676,1.44255171459198,0.47988,1.4426096585845947,0.48214,1.444402268218994,0.4844,-0.0022599999999999842,16240.04054069519
same_epochs,n_sam,,677,677,1.4358427405929566,0.48198,1.4467925461959839,0.4828,1.449753402709961,0.4828,0.0,16250.675886631012
same_epochs,n_sam,,678,678,1.4368621948623657,0.48106,1.4388908059310912,0.48344,1.4411954116821288,0.4851,-0.0016599999999999948,16261.305586099625
same_epochs,n_sam,,679,679,1.4428818467330933,0.47844,1.4465776279449463,0.47902,1.4485475803375245,0.4817,-0.0026800000000000157,16303.727585077286
same_epochs,n_sam,,680,680,1.4380118655014038,0.48202,1.4481889185333252,0.48156,1.4508968133926392,0.4832,-0.0016400000000000303,16314.377803564072
same_epochs,n_sam,,681,681,1.4418557513427734,0.47802,1.4340011085510254,0.48586,1.436601547241211,0.4867,-0.0008400000000000074,16359.942602872849
same_epochs,n_sam,,682,682,1.4368203656768799,0.48142,1.4383028618621827,0.48422,1.440665311050415,0.4865,-0.0022800000000000042,16370.52567601204
same_epochs,n_sam,,683,683,1.43982627204895,0.47836,1.4503080618667603,0.47936,1.452661764717102,0.4793,6.0000000000004494e-05,16381.128643274307
same_epochs,n_sam,,684,684,1.4385075988769531,0.4792,1.4433984268188476,0.4824,1.4458071622848512,0.4831,-0.0006999999999999784,16423.551883220673
same_epochs,n_sam,,685,685,1.441476566696167,0.47936,1.4356444314575196,0.48574,1.43785770072937,0.4868,-0.0010600000000000054,16434.192536830902
same_epochs,n_sam,,686,686,1.437089215774536,0.48204,1.442389090652466,0.4844,1.4447391067504882,0.4855,-0.0010999999999999899,16479.74027299881
same_epochs,n_sam,,687,687,1.4364344192504883,0.48308,1.439959394454956,0.4839,1.4424128242492675,0.4859,-0.0020000000000000018,16490.30754327774
same_epochs,n_sam,,688,688,1.4387593683624267,0.4799,1.445228023109436,0.48242,1.4480013904571534,0.4825,-7.999999999996898e-05,16500.834138393402
same_epochs,n_sam,,689,689,1.4365579946899414,0.48188,1.442982892112732,0.48338,1.4456771156311035,0.4836,-0.00021999999999999797,16543.511723041534
same_epochs,n_sam,,690,690,1.4383645626449586,0.4798,1.4341193976211548,0.48642,1.4367260414123535,0.4874,-0.0009799999999999809,16554.08908724785
same_epochs,n_sam,,691,691,1.4316853329086303,0.48294,1.437963405418396,0.48488,1.440558603668213,0.487,-0.0021200000000000108,16599.637701511383
same_epochs,n_sam,,692,692,1.4374717023849488,0.47914,1.4481376108551025,0.48146,1.4507726848602296,0.4829,-0.0014399999999999968,16610.190290927887
same_epochs,n_sam,,693,693,1.438868994216919,0.47982,1.4384824899291992,0.48474,1.4413271732330322,0.4844,0.00034000000000000696,16620.69006896019
same_epochs,n_sam,,694,694,1.4352040802001953,0.4844,1.4387184767913819,0.48484,1.4422998069763184,0.4841,0.0007400000000000184,16663.217927217484
same_epochs,n_sam,,695,695,1.4334992252349854,0.4811,1.4419296982192993,0.48318,1.445241925430298,0.4826,0.0005800000000000249,16673.776886224747
same_epochs,n_sam,,696,696,1.4344363985061646,0.48302,1.4401874076080323,0.4833,1.4430101099014283,0.4842,-0.0009000000000000119,16719.50946879387
same_epochs,n_sam,,697,697,1.4343372180175782,0.48168,1.440883016319275,0.48426,1.4443328121185304,0.4853,-0.0010399999999999854,16730.130996227264
same_epochs,n_sam,,698,698,1.4375413553237915,0.47936,1.4409879273986816,0.4842,1.4444477111816407,0.4853,-0.0010999999999999899,16740.748178720474
same_epochs,n_sam,,699,699,1.4315365584564208,0.48456,1.4372253270721436,0.48332,1.4398878856658937,0.4849,-0.0015799999999999703,16783.340011119843
same_epochs,n_sam,,700,700,1.4353845174789428,0.48044,1.4423301169204712,0.48172,1.4452456775665283,0.4814,0.00031999999999998696,16793.91566824913
same_epochs,n_sam,,701,701,1.4322941019058228,0.48144,1.4436294103240968,0.48304,1.4474619760513305,0.4826,0.00044000000000005146,16839.465506076813
same_epochs,n_sam,,702,702,1.4321347877883912,0.4812,1.434248574142456,0.48566,1.4376452743530272,0.4842,0.0014599999999999613,16850.099846601486
same_epochs,n_sam,,703,703,1.4298624213790894,0.48618,1.442424845046997,0.48372,1.4457759384155273,0.4838,-8.00000000000245e-05,16860.649438381195
same_epochs,n_sam,,704,704,1.4325742868423461,0.48064,1.4348207521820069,0.48572,1.4385290744781494,0.4866,-0.0008799999999999919,16903.087636470795
same_epochs,n_sam,,705,705,1.4305392877960206,0.4854,1.4408253677749634,0.4838,1.4447792095184326,0.4847,-0.0009000000000000119,16913.809667110443
same_epochs,n_sam,,706,706,1.4298420132827758,0.4846,1.4401295697784424,0.48322,1.4438408796310425,0.4824,0.0008199999999999874,16959.271198511124
same_epochs,n_sam,,707,707,1.4303494534301757,0.48274,1.4484122226715088,0.48188,1.4526253702163696,0.4815,0.00037999999999999146,16969.86593222618
same_epochs,n_sam,,708,708,1.429799058227539,0.48386,1.4305444221115113,0.4867,1.4342877445220947,0.4872,-0.0005000000000000004,16980.417653799057
same_epochs,n_sam,,709,709,1.4326266437530517,0.48104,1.4353125997161866,0.4865,1.4391663129806518,0.4856,0.0009000000000000119,17023.176244735718
same_epochs,n_sam,,710,710,1.4280846588897704,0.48514,1.4362869052886962,0.48498,1.4403577091217041,0.4861,-0.0011199999999999544,17033.702569246292
same_epochs,n_sam,,711,711,1.4283583508682252,0.48418,1.4338095736694336,0.4852,1.4375539585113526,0.4874,-0.0021999999999999797,17079.26418185234
same_epochs,n_sam,,712,712,1.4302792707443237,0.4827,1.4425617681121825,0.48418,1.4463755393981934,0.4844,-0.00021999999999999797,17089.892221927643
same_epochs,n_sam,,713,713,1.4269816750335693,0.48438,1.426141452178955,0.48898,1.429748784828186,0.4893,-0.00031999999999998696,17100.464878320694
same_epochs,n_sam,,714,714,1.4272989528656006,0.48554,1.43016559135437,0.48782,1.4341394241333008,0.4882,-0.00038000000000004697,17142.955442905426
same_epochs,n_sam,,715,715,1.427104810333252,0.48452,1.4435535342025756,0.48376,1.447852049446106,0.4842,-0.00043999999999999595,17153.594845056534
same_epochs,n_sam,,716,716,1.429832070159912,0.4846,1.4306365173721314,0.48682,1.4345733377456664,0.4873,-0.00048000000000003595,17199.194793462753
same_epochs,n_sam,,717,717,1.4292829581451416,0.48618,1.4324821035003663,0.48598,1.4362707317352295,0.4872,-0.0012199999999999989,17209.839442014694
same_epochs,n_sam,,718,718,1.430426883392334,0.4823,1.4360406436920166,0.4858,1.4396992248535156,0.4868,-0.0010000000000000009,17220.47679233551
same_epochs,n_sam,,719,719,1.4263114016342162,0.48364,1.4305895095443726,0.48766,1.4341184635162354,0.4899,-0.0022400000000000198,17262.856732845306
same_epochs,n_sam,,720,720,1.4259547926330567,0.48364,1.4333831664657593,0.48668,1.436831072807312,0.4893,-0.002620000000000011,17273.40381193161
same_epochs,n_sam,,721,721,1.4284397932815551,0.4838,1.436260025215149,0.48542,1.4401184133529663,0.4876,-0.0021799999999999597,17319.11343574524
same_epochs,n_sam,,722,722,1.4262834659576415,0.48654,1.4269851727294922,0.48876,1.430521669769287,0.4891,-0.00034000000000000696,17329.732332229614
same_epochs,n_sam,,723,723,1.4240824144744872,0.48554,1.4330809072875976,0.48786,1.4364753190994262,0.486,0.0018600000000000283,17340.29367661476
same_epochs,n_sam,,724,724,1.4248800619125366,0.48608,1.4351613512039185,0.48598,1.437958076095581,0.4868,-0.0008199999999999874,17382.84296154976
same_epochs,n_sam,,725,725,1.4238871210479735,0.48548,1.4271121850204467,0.48808,1.4304244304656983,0.4894,-0.0013199999999999878,17393.353105306625
same_epochs,n_sam,,726,726,1.4226200624084473,0.48648,1.4310443363952636,0.4868,1.4346100143432616,0.4876,-0.0007999999999999674,17439.156322479248
same_epochs,n_sam,,727,727,1.422719988861084,0.48658,1.4321113640594483,0.48724,1.4356787202835084,0.4871,0.000140000000000029,17449.827345132828
same_epochs,n_sam,,728,728,1.4216518068695068,0.48594,1.4241904650497437,0.48946,1.428199658203125,0.4906,-0.0011399999999999744,17460.44278359413
same_epochs,n_sam,,729,729,1.4202360475921632,0.48694,1.4312098666000366,0.48674,1.4350836463928223,0.4868,-6.0000000000004494e-05,17503.119807720184
same_epochs,n_sam,,730,730,1.4218061261749269,0.48572,1.4290419430541992,0.48718,1.432918603515625,0.4891,-0.0019199999999999773,17513.661057949066
same_epochs,n_sam,,731,731,1.4188095092773438,0.4882,1.4272092895507813,0.4881,1.4307889415740966,0.4897,-0.0016000000000000458,17559.076704978943
same_epochs,n_sam,,732,732,1.4188044588470459,0.48712,1.4265954893493653,0.48944,1.4302014923095703,0.4892,0.00023999999999996247,17569.534018039703
same_epochs,n_sam,,733,733,1.4170355407333375,0.4856,1.4190036553192138,0.49022,1.4221652017593385,0.492,-0.0017800000000000038,17579.974502563477
same_epochs,n_sam,,734,734,1.4195204053878785,0.4851,1.427238346824646,0.48912,1.4312361074447633,0.4885,0.0006200000000000094,17622.77661037445
same_epochs,n_sam,,735,735,1.4170696139144898,0.48986,1.424965908126831,0.48928,1.428914942550659,0.489,0.00028000000000000247,17633.407032966614
same_epochs,n_sam,,736,736,1.4164479735946656,0.48782,1.4298013689422608,0.48746,1.4333067066192626,0.4881,-0.0006399999999999739,17644.076635599136
same_epochs,n_sam,,737,737,1.4175817540740967,0.48682,1.4189928767013549,0.49178,1.4227650531768798,0.4913,0.00047999999999998044,17686.65221977234
same_epochs,n_sam,,738,738,1.41842699798584,0.48848,1.4239341774368286,0.49058,1.4279558254241944,0.4894,0.0011800000000000144,17697.273226976395
same_epochs,n_sam,,739,739,1.417824257774353,0.48616,1.4230836693573,0.48912,1.4271124835968017,0.4899,-0.0007800000000000029,17742.32022690773
same_epochs,n_sam,,740,740,1.4147504919815064,0.4916,1.4230471404647826,0.49158,1.4276826461791992,0.4899,0.0016800000000000148,17752.888835906982
same_epochs,n_sam,,741,741,1.4174182103347779,0.48816,1.41843880569458,0.49126,1.4222230501174926,0.4909,0.00035999999999997145,17763.42913389206
same_epochs,n_sam,,742,742,1.4159272183609009,0.48834,1.4214303797149659,0.49016,1.4250911811828613,0.4894,0.0007599999999999829,17806.084939479828
same_epochs,n_sam,,743,743,1.4156598448562623,0.48778,1.4242083156204224,0.49142,1.4285923923492432,0.4896,0.0018200000000000438,17816.750643491745
same_epochs,n_sam,,744,744,1.4144257974243164,0.4894,1.4146011893463135,0.492,1.4181766372680664,0.4918,0.00019999999999997797,17863.059878349304
same_epochs,n_sam,,745,745,1.4159284167099,0.4856,1.4238193922805786,0.49032,1.4281276985168456,0.4896,0.0007199999999999984,17873.573133945465
same_epochs,n_sam,,746,746,1.4121909850692749,0.48802,1.424425511817932,0.4912,1.4290310550689698,0.4902,0.0010000000000000009,17884.05542755127
same_epochs,n_sam,,747,747,1.4166877519989014,0.49036,1.4124860846710205,0.49386,1.4161839149475097,0.4927,0.0011599999999999944,17926.012117385864
same_epochs,n_sam,,748,748,1.4165941444396972,0.48896,1.4211470595550537,0.49204,1.425206508255005,0.4893,0.0027399999999999647,17936.65253353119
same_epochs,n_sam,,749,749,1.4106011331176758,0.49096,1.419382999343872,0.49172,1.4239117401123047,0.4915,0.00021999999999999797,17982.78987789154
same_epochs,n_sam,,750,750,1.4161209902191163,0.48678,1.4195877045440675,0.49126,1.4238123050689697,0.4905,0.0007599999999999829,17993.370894908905
same_epochs,n_sam,,751,751,1.4147277010345458,0.48898,1.4286936434936524,0.4888,1.43279506149292,0.4879,0.0009000000000000119,18003.922702550888
same_epochs,n_sam,,752,752,1.41479710647583,0.48878,1.4181797458648682,0.4927,1.4226487995147705,0.4922,0.0005000000000000004,18046.01268386841
same_epochs,n_sam,,753,753,1.4110625915908814,0.49092,1.4161287871551513,0.49304,1.4202505432128907,0.4919,0.0011399999999999744,18056.73183655739
same_epochs,n_sam,,754,754,1.4138923498916627,0.4909,1.424612016105652,0.49074,1.4283572525024415,0.488,0.00274000000000002,18102.328167676926
same_epochs,n_sam,,755,755,1.411695864944458,0.4933,1.409544015045166,0.49594,1.4137740200042725,0.4947,0.0012400000000000189,18112.88707590103
same_epochs,n_sam,,756,756,1.4131067212677002,0.49142,1.417170124015808,0.49348,1.4216720062255859,0.4917,0.0017799999999999483,18123.371286392212
same_epochs,n_sam,,757,757,1.4150238020706176,0.49014,1.4292839780426025,0.4883,1.432700676727295,0.4881,0.00020000000000003348,18165.91867828369
same_epochs,n_sam,,758,758,1.4160161894989014,0.48928,1.414168344039917,0.493,1.4176512172698974,0.4922,0.0007999999999999674,18176.54322743416
same_epochs,n_sam,,759,759,1.409471862411499,0.49056,1.4104866468429564,0.4955,1.4152354078292846,0.4961,-0.0005999999999999894,18222.65857887268
same_epochs,n_sam,,760,760,1.4128449158477783,0.49174,1.4215097480010985,0.49236,1.4264855283737183,0.4925,-0.00013999999999997348,18233.206565856934
same_epochs,n_sam,,761,761,1.414808477973938,0.48848,1.421795380783081,0.49008,1.4259076274871827,0.49,8.00000000000245e-05,18243.779192209244
same_epochs,n_sam,,762,762,1.4125704981613159,0.49102,1.4155852261734008,0.4918,1.4195624576568604,0.4912,0.0005999999999999894,18286.050773859024
same_epochs,n_sam,,763,763,1.4150041666793822,0.48744,1.4164243699645995,0.4933,1.421059952545166,0.4924,0.0009000000000000119,18296.582532405853
same_epochs,n_sam,,764,764,1.4113897645187379,0.49228,1.4193053552246093,0.49338,1.4240191804885864,0.4924,0.0009799999999999809,18342.21057319641
same_epochs,n_sam,,765,765,1.412961637763977,0.4923,1.412158793296814,0.49386,1.4158946689605714,0.4931,0.0007600000000000384,18352.820275068283
same_epochs,n_sam,,766,766,1.411276167640686,0.4917,1.4189329843139649,0.4918,1.4228758359909057,0.4921,-0.00029999999999996696,18363.296353578568
same_epochs,n_sam,,767,767,1.4134082291412353,0.49256,1.419077865257263,0.49264,1.4235464290618896,0.4913,0.0013400000000000079,18405.85373210907
same_epochs,n_sam,,768,768,1.4119072342300416,0.49112,1.410856951522827,0.49618,1.41532234916687,0.4949,0.0012800000000000034,18416.468720674515
same_epochs,n_sam,,769,769,1.4128814825057983,0.49164,1.4136162464904785,0.49498,1.4179308063507081,0.4935,0.0014799999999999813,18462.066502332687
same_epochs,n_sam,,770,770,1.4104219812393188,0.4932,1.4207598251724243,0.49238,1.424988265991211,0.4894,0.0029799999999999827,18472.45593881607
same_epochs,n_sam,,771,771,1.4114134044647217,0.49178,1.415170446472168,0.49362,1.4192624328613281,0.4927,0.0009199999999999764,18482.958773374557
same_epochs,n_sam,,772,772,1.4095699159240722,0.49206,1.413852926940918,0.4947,1.4178103668212891,0.4928,0.0018999999999999573,18525.466915607452
same_epochs,n_sam,,773,773,1.4111548303222656,0.49336,1.4181164892959595,0.49422,1.422354529953003,0.4915,0.00272,18536.05857682228
same_epochs,n_sam,,774,774,1.4070847952651977,0.49346,1.4103830129623414,0.49648,1.414537664604187,0.4944,0.0020799999999999708,18581.960579395294
same_epochs,n_sam,,775,775,1.4105382654571532,0.49048,1.420300026512146,0.49274,1.4246015739440918,0.4903,0.0024399999999999977,18592.565504312515
same_epochs,n_sam,,776,776,1.4101329824066162,0.48948,1.4114206029891967,0.49516,1.4155965267181396,0.4932,0.0019599999999999618,18603.00382065773
same_epochs,n_sam,,777,777,1.404136403427124,0.4943,1.4142156014633178,0.49514,1.418855916404724,0.4934,0.0017400000000000193,18645.565629959106
same_epochs,n_sam,,778,778,1.4061676586914063,0.49116,1.4109107831573486,0.49538,1.4152110675811767,0.4938,0.0015799999999999703,18656.17184495926
same_epochs,n_sam,,779,779,1.4042026839447022,0.4929,1.4105218454742432,0.49618,1.4150455148696899,0.4945,0.0016800000000000148,18701.9341237545
same_epochs,n_sam,,780,780,1.4054468285369872,0.49282,1.4146634564971923,0.4951,1.4196019077301025,0.4948,0.00029999999999996696,18712.566293478012
same_epochs,n_sam,,781,781,1.4049667184448242,0.49288,1.4065318510437013,0.49668,1.4107939422607423,0.4959,0.0007800000000000029,18723.134340763092
same_epochs,n_sam,,782,782,1.4018898377990723,0.49586,1.4163366840362548,0.4944,1.4209784511566161,0.4932,0.0011999999999999789,18765.541099071503
same_epochs,n_sam,,783,783,1.4048111922454833,0.49022,1.4128555670928955,0.49528,1.4177881723403931,0.4949,0.00037999999999999146,18776.100232839584
same_epochs,n_sam,,784,784,1.40072797996521,0.4946,1.4058231631851197,0.49738,1.4100527954101563,0.4962,0.0011800000000000144,18821.967394828796
same_epochs,n_sam,,785,785,1.4046699115753174,0.49362,1.4160735634994508,0.49418,1.4207273500442505,0.4939,0.00028000000000000247,18832.575256824493
same_epochs,n_sam,,786,786,1.399138629837036,0.49432,1.4044190969467163,0.4973,1.4092485401153565,0.4969,0.00040000000000001146,18843.181045770645
same_epochs,n_sam,,787,787,1.4032137396621704,0.49278,1.409510387916565,0.49642,1.4142431953430177,0.4953,0.0011199999999999544,18885.610081911087
same_epochs,n_sam,,788,788,1.399992904396057,0.49612,1.415436102256775,0.4946,1.420027221107483,0.4937,0.0008999999999999564,18896.18802499771
same_epochs,n_sam,,789,789,1.3997268083572387,0.49632,1.3999293518829345,0.49818,1.404410393333435,0.4975,0.0006800000000000139,18941.896391630173
same_epochs,n_sam,,790,790,1.4000539404678345,0.4957,1.409673111000061,0.49578,1.4145783912658692,0.4949,0.0008799999999999919,18952.535871505737
same_epochs,n_sam,,791,791,1.4004083736801147,0.4963,1.4111715811538696,0.49584,1.4157141422271728,0.4946,0.0012400000000000189,18963.293029785156
same_epochs,n_sam,,792,792,1.3986544466400146,0.4956,1.3987862204742432,0.49874,1.4033916046142578,0.4983,0.00043999999999999595,19005.659334421158
same_epochs,n_sam,,793,793,1.396535249938965,0.49966,1.4079815501785278,0.49754,1.413063931274414,0.4964,0.0011399999999999744,19016.297451019287
same_epochs,n_sam,,794,794,1.3989325192642212,0.49598,1.4142944118499756,0.49548,1.4186539096832276,0.4943,0.0011799999999999589,19061.99072122574
same_epochs,n_sam,,795,795,1.3980556994247437,0.4961,1.3970546088790894,0.50002,1.4015361909866333,0.4995,0.0005200000000000204,19072.593394994736
same_epochs,n_sam,,796,796,1.401059231262207,0.49508,1.4013559449386597,0.4983,1.4065874111175538,0.4987,-0.00039999999999995595,19083.172245502472
same_epochs,n_sam,,797,797,1.3971383263397217,0.49498,1.412594370803833,0.49444,1.417461623954773,0.4944,3.999999999998449e-05,19125.450212478638
same_epochs,n_sam,,798,798,1.3977056181716918,0.49554,1.4040830835723876,0.49672,1.4085647911071777,0.4977,-0.0009799999999999809,19136.072222948074
same_epochs,n_sam,,799,799,1.3964075246047973,0.498,1.3994549522018433,0.4996,1.4042339527130128,0.5006,-0.0010000000000000564,19181.81955909729
same_epochs,n_sam,,800,800,1.3967425072860717,0.49734,1.4059219908142089,0.49738,1.4105727378845214,0.4969,0.00047999999999998044,19192.3333234787
same_epochs,n_sam,,801,801,1.399851648979187,0.49606,1.4037215062713624,0.4974,1.4080581565856933,0.4958,0.0015999999999999903,19203.032299518585
same_epochs,n_sam,,802,802,1.396686364402771,0.4967,1.3995131579589843,0.49892,1.4042023183822632,0.5013,-0.0023799999999999932,19245.459713935852
same_epochs,n_sam,,803,803,1.3951850453948975,0.49784,1.403766400756836,0.4978,1.40852852973938,0.4989,-0.0010999999999999899,19255.96661734581
same_epochs,n_sam,,804,804,1.396418872909546,0.49772,1.4024103712844849,0.49778,1.4066367139816285,0.4973,0.00047999999999998044,19301.87540459633
same_epochs,n_sam,,805,805,1.3955827128219604,0.49828,1.3998788247680665,0.49932,1.4046516454696656,0.5003,-0.0009799999999999809,19312.414922475815
same_epochs,n_sam,,806,806,1.3970480419540405,0.49648,1.3974033686065674,0.49998,1.4022282653808593,0.4987,0.0012800000000000034,19323.028078079224
same_epochs,n_sam,,807,807,1.3923696707153321,0.49656,1.4046458178329468,0.49692,1.4093369583129882,0.4966,0.00031999999999998696,19365.558879852295
same_epochs,n_sam,,808,808,1.3982427027511597,0.49504,1.4013151469802856,0.49956,1.4062443647384644,0.5003,-0.0007399999999999629,19376.182868003845
same_epochs,n_sam,,809,809,1.3927114055633545,0.49718,1.3974014268493653,0.5002,1.40213938331604,0.4995,0.0006999999999999784,19421.762501239777
same_epochs,n_sam,,810,810,1.3925231204223634,0.49762,1.4056002632904052,0.4975,1.4103048048019409,0.4972,0.00030000000000002247,19432.384007692337
same_epochs,n_sam,,811,811,1.3926160876464844,0.49822,1.39408314868927,0.5014,1.3988117599487304,0.502,-0.0006000000000000449,19442.91890501976
same_epochs,n_sam,,812,812,1.3934156503677368,0.49904,1.3973498188018798,0.50082,1.4026571603775024,0.5014,-0.0005799999999999139,19485.475830316544
same_epochs,n_sam,,813,813,1.3900394512939453,0.49928,1.4034818740081787,0.49776,1.4086541456222534,0.4981,-0.00034000000000000696,19496.095350027084
same_epochs,n_sam,,814,814,1.3909640139007569,0.49834,1.4013037353134155,0.49834,1.406259475326538,0.4989,-0.0005600000000000049,19541.814410686493
same_epochs,n_sam,,815,815,1.3936690936660767,0.49636,1.3959250187301635,0.50126,1.4012241619110108,0.5018,-0.0005399999999999849,19552.430619239807
same_epochs,n_sam,,816,816,1.3881002919769287,0.49904,1.3950006142044067,0.49968,1.4000637928009034,0.5014,-0.0017199999999999438,19562.980080366135
same_epochs,n_sam,,817,817,1.3895245306777955,0.49964,1.39776882270813,0.4999,1.4031215293884278,0.5005,-0.0005999999999999339,19605.370331287384
same_epochs,n_sam,,818,818,1.390390041770935,0.49778,1.3991250023651123,0.4995,1.404529630470276,0.4993,0.00019999999999997797,19615.883251190186
same_epochs,n_sam,,819,819,1.3867239559555053,0.50334,1.3960547077178955,0.50032,1.4010966138839722,0.4997,0.0006200000000000094,19661.705242156982
same_epochs,n_sam,,820,820,1.3866204610443116,0.50064,1.3976164946746825,0.49952,1.4029166692733765,0.5003,-0.0007799999999999474,19672.30649662018
same_epochs,n_sam,,821,821,1.3867907835769653,0.49932,1.3888733815765382,0.50292,1.3940122352600097,0.503,-7.999999999996898e-05,19682.88760614395
same_epochs,n_sam,,822,822,1.388811810684204,0.49922,1.4027360555267334,0.4992,1.4083437530517577,0.499,0.00019999999999997797,19725.413343906403
same_epochs,n_sam,,823,823,1.3870575912475587,0.502,1.3948029456329345,0.50178,1.400227042198181,0.5011,0.0006800000000000139,19735.985073804855
same_epochs,n_sam,,824,824,1.3827561431121826,0.50016,1.392362145614624,0.50162,1.3979704528808594,0.5003,0.0013199999999999878,19781.703716993332
same_epochs,n_sam,,825,825,1.3839240512847901,0.50134,1.4051562186050415,0.49738,1.4111400568008423,0.4992,-0.0018199999999999883,19792.212760686874
same_epochs,n_sam,,826,826,1.3877264543914796,0.49812,1.3889151320266724,0.50254,1.3941945518493652,0.5033,-0.0007599999999999829,19802.805585622787
same_epochs,n_sam,,827,827,1.3860151488876342,0.5,1.3909359568023683,0.50304,1.3968428300857545,0.5042,-0.0011599999999999389,19845.24764728546
same_epochs,n_sam,,828,828,1.3866021910858155,0.50138,1.4000840006256103,0.5004,1.4064818767547607,0.5004,0.0,19855.815171957016
same_epochs,n_sam,,829,829,1.3860153051376343,0.50144,1.3972849785995483,0.49934,1.4026248176574707,0.5,-0.0006599999999999939,19901.659849643707
same_epochs,n_sam,,830,830,1.3856005770111084,0.49914,1.393275802078247,0.49984,1.3985334182739257,0.5007,-0.0008600000000000274,19912.348380565643
same_epochs,n_sam,,831,831,1.3877269737243652,0.4998,1.3958475025558472,0.50138,1.401765640258789,0.5038,-0.0024199999999999777,19922.981892347336
same_epochs,n_sam,,832,832,1.3904287747573854,0.49908,1.3932420407485961,0.5027,1.398930611038208,0.5017,0.0010000000000000009,19965.245651960373
same_epochs,n_sam,,833,833,1.3831255451965332,0.50452,1.3922763011550903,0.50176,1.3970594646453858,0.5009,0.0008599999999999719,19975.836165189743
same_epochs,n_sam,,834,834,1.3848067105865478,0.49914,1.3928543466567993,0.50208,1.3983713636398316,0.5018,0.00027999999999994696,20021.43747162819
same_epochs,n_sam,,835,835,1.3851903226470947,0.50052,1.4010694990539552,0.50028,1.4070202602386475,0.501,-0.0007200000000000539,20031.95135164261
same_epochs,n_sam,,836,836,1.3895898777008056,0.49926,1.3884284798431397,0.50374,1.3938569660186768,0.5015,0.0022400000000000198,20042.439938783646
same_epochs,n_sam,,837,837,1.3870730345916749,0.50144,1.3962918943405151,0.50066,1.4015931652069091,0.4993,0.0013599999999999723,20085.137390375137
same_epochs,n_sam,,838,838,1.385177332496643,0.50036,1.3990893695449829,0.4999,1.4053484397888183,0.5002,-0.00029999999999996696,20095.725231409073
same_epochs,n_sam,,839,839,1.3841433645248413,0.49918,1.3903810580444336,0.50328,1.3967596193313598,0.5028,0.00047999999999992493,20141.434127807617
same_epochs,n_sam,,840,840,1.386362641029358,0.49946,1.3964373947525024,0.50084,1.4020212890625,0.4989,0.0019399999999999418,20152.00114631653
same_epochs,n_sam,,841,841,1.3830959573745727,0.50074,1.3973186421966552,0.50138,1.4031139944076538,0.4989,0.0024800000000000377,20162.570521354675
same_epochs,n_sam,,842,842,1.38266676322937,0.50146,1.386540911026001,0.50442,1.3929197292327882,0.5021,0.0023199999999999887,20205.072070121765
same_epochs,n_sam,,843,843,1.3841032703399658,0.50364,1.3944413006210328,0.50124,1.400376852798462,0.4988,0.0024399999999999977,20215.63036775589
same_epochs,n_sam,,844,844,1.384693335494995,0.5001,1.4032811974716186,0.49922,1.4091160259246827,0.4975,0.0017199999999999993,20261.401421308517
same_epochs,n_sam,,845,845,1.3846778398513795,0.50062,1.3869200299835205,0.50488,1.3931110946655274,0.5035,0.0013800000000000479,20272.01221036911
same_epochs,n_sam,,846,846,1.3815137007522582,0.50492,1.387044749069214,0.5049,1.3933141670227052,0.5042,0.0007000000000000339,20282.44862294197
same_epochs,n_sam,,847,847,1.3838029734802246,0.50194,1.3972878693389892,0.5015,1.4035140090942382,0.5012,0.00029999999999996696,20324.97844004631
same_epochs,n_sam,,848,848,1.3815664064788817,0.50294,1.3873819661712647,0.50412,1.393824725151062,0.502,0.0021200000000000108,20335.51039171219
same_epochs,n_sam,,849,849,1.3814890719604491,0.5025,1.3917339876937866,0.50202,1.3984932020187377,0.5015,0.000520000000000076,20381.380655050278
same_epochs,n_sam,,850,850,1.3810591678619384,0.50598,1.3967781246948243,0.50068,1.4034669986724853,0.4988,0.0018799999999999928,20392.145988702774
same_epochs,n_sam,,851,851,1.381042643661499,0.5021,1.3805986273574828,0.50582,1.387471301841736,0.5036,0.0022199999999999998,20402.702451705933
same_epochs,n_sam,,852,852,1.3802745391082765,0.50334,1.3850667562103272,0.50446,1.392234498023987,0.5033,0.0011600000000000499,20445.007222414017
same_epochs,n_sam,,853,853,1.3821230395889281,0.50438,1.3953408790969848,0.5014,1.4018959079742432,0.5017,-0.000300000000000078,20455.745438098907
same_epochs,n_sam,,854,854,1.3770692640304565,0.50546,1.384780047340393,0.50426,1.3907037498474122,0.5031,0.0011600000000000499,20501.37681889534
same_epochs,n_sam,,855,855,1.3787352411651612,0.5037,1.386725979423523,0.50396,1.3931924734115602,0.5037,0.00025999999999992696,20512.152725458145
same_epochs,n_sam,,856,856,1.376823607673645,0.50364,1.3907361080932616,0.50318,1.3971423698425294,0.502,0.0011799999999999589,20522.743104457855
same_epochs,n_sam,,857,857,1.3763825088882446,0.50738,1.3802610012054444,0.50624,1.3860024803161621,0.5039,0.0023400000000000087,20565.081757307053
same_epochs,n_sam,,858,858,1.3786234914398194,0.50454,1.3843543520355224,0.50552,1.390423252105713,0.5042,0.0013199999999999878,20575.791965723038
same_epochs,n_sam,,859,859,1.380597886695862,0.50042,1.3900041284179687,0.50346,1.3960703268051147,0.5024,0.001060000000000061,20621.44614315033
same_epochs,n_sam,,860,860,1.3811672916412354,0.5047,1.380359289627075,0.50532,1.3859225448608399,0.5067,-0.0013800000000000479,20632.077829122543
same_epochs,n_sam,,861,861,1.374359623336792,0.50718,1.3854678188323974,0.50442,1.3914960300445556,0.5046,-0.000180000000000069,20642.790910720825
same_epochs,n_sam,,862,862,1.3764218537139892,0.5042,1.3906659313964844,0.50354,1.3972138147354125,0.5027,0.0008399999999999519,20684.976088523865
same_epochs,n_sam,,863,863,1.3774980921173097,0.50456,1.380341005859375,0.50582,1.3865557149887084,0.5035,0.0023200000000000998,20695.811712026596
same_epochs,n_sam,,864,864,1.3805474889373779,0.50074,1.3800213956451417,0.50612,1.3861669605255127,0.5053,0.0008200000000000429,20741.284212112427
same_epochs,n_sam,,865,865,1.3769479642486573,0.50484,1.3865996356582642,0.5041,1.3927328826904297,0.5049,-0.0008000000000000229,20751.689909219742
same_epochs,n_sam,,866,866,1.377953918685913,0.5043,1.3777008471679688,0.50704,1.3833893787384033,0.5067,0.00034000000000000696,20762.320128440857
same_epochs,n_sam,,867,867,1.3742499193573,0.50522,1.3807167601013184,0.50558,1.3866138771057128,0.5061,-0.0005199999999999649,20804.840124607086
same_epochs,n_sam,,868,868,1.373262703895569,0.50552,1.3872361181640624,0.50358,1.393313334274292,0.5028,0.0007800000000000029,20815.605582237244
same_epochs,n_sam,,869,869,1.3713428108978272,0.50662,1.3779319764709472,0.50684,1.3839367343902589,0.5049,0.0019399999999999418,20861.33670926094
same_epochs,n_sam,,870,870,1.3700053242874146,0.50752,1.381140031890869,0.50596,1.387130307006836,0.5059,5.999999999994898e-05,20871.928468465805
same_epochs,n_sam,,871,871,1.3745532416534423,0.50542,1.381988352508545,0.50582,1.3879240222930909,0.5039,0.0019200000000000328,20882.49394416809
same_epochs,n_sam,,872,872,1.3712788091278076,0.50628,1.3805650519180297,0.50628,1.385931836128235,0.5067,-0.00042000000000008697,20924.802716970444
same_epochs,n_sam,,873,873,1.3722380901718139,0.50494,1.3825966300201415,0.50482,1.3885033451080322,0.5059,-0.0010799999999999699,20935.45806479454
same_epochs,n_sam,,874,874,1.3705950881958007,0.50656,1.383767635421753,0.50476,1.3899828742980957,0.505,-0.00024000000000001798,20981.449511289597
same_epochs,n_sam,,875,875,1.3748687399291992,0.50568,1.379779214859009,0.5059,1.3852995323181152,0.5056,0.00029999999999996696,20992.103190422058
same_epochs,n_sam,,876,876,1.3694072023391723,0.50642,1.3755738729858398,0.5083,1.38174813079834,0.5066,0.0016999999999999238,21002.700119018555
same_epochs,n_sam,,877,877,1.3702245766830445,0.50726,1.3818692276763915,0.50728,1.388034741973877,0.5049,0.0023799999999999377,21045.027244329453
same_epochs,n_sam,,878,878,1.3727299786376954,0.50608,1.382057505607605,0.50576,1.3872432592391968,0.5036,0.0021599999999999397,21055.582834243774
same_epochs,n_sam,,879,879,1.368831485900879,0.5069,1.3765113358306884,0.50704,1.3820780647277833,0.5059,0.0011400000000000299,21101.29089164734
same_epochs,n_sam,,880,880,1.3703967442703247,0.50576,1.3804525370788574,0.50666,1.3875954208374024,0.5059,0.0007599999999999829,21111.903487205505
same_epochs,n_sam,,881,881,1.3688572408676147,0.50772,1.382680030899048,0.50622,1.3895902034759522,0.5054,0.0008200000000000429,21122.42126441002
same_epochs,n_sam,,882,882,1.3725071817398071,0.5042,1.382887992477417,0.50462,1.3888958614349365,0.5044,0.00021999999999999797,21164.84814620018
same_epochs,n_sam,,883,883,1.3712714986419678,0.50682,1.3782203849029542,0.50784,1.3848317527770997,0.507,0.0008399999999999519,21175.30862379074
same_epochs,n_sam,,884,884,1.3687389768218994,0.50764,1.3801980404663086,0.50836,1.387186882209778,0.5069,0.0014600000000000168,21221.01255083084
same_epochs,n_sam,,885,885,1.3692537259292603,0.50672,1.3804148223114014,0.50658,1.3868714622497558,0.5061,0.00048000000000003595,21231.61750483513
same_epochs,n_sam,,886,886,1.368416470413208,0.50814,1.3782017986679078,0.50616,1.3844335315704346,0.5034,0.0027600000000000957,21242.16832613945
same_epochs,n_sam,,887,887,1.3686717099380492,0.50642,1.376387695236206,0.5082,1.3834059574127198,0.5047,0.0034999999999999476,21284.69845175743
same_epochs,n_sam,,888,888,1.3683096068572997,0.5089,1.381521364402771,0.50648,1.3884072227478028,0.505,0.0014800000000000368,21295.261288166046
same_epochs,n_sam,,889,889,1.3668966206359863,0.50826,1.376088743057251,0.5081,1.3823470279693604,0.5079,0.00019999999999997797,21341.339250564575
same_epochs,n_sam,,890,890,1.3667320572662354,0.50984,1.3854037487030029,0.50446,1.3917891231536865,0.5057,-0.0012400000000000189,21352.003805160522
same_epochs,n_sam,,891,891,1.367291683883667,0.50732,1.3748041790008545,0.50924,1.3818740921020507,0.5078,0.0014399999999999968,21362.618240356445
same_epochs,n_sam,,892,892,1.3662695790100097,0.51054,1.3763007245635985,0.5095,1.3831942012786864,0.5074,0.0020999999999999908,21404.609817504883
same_epochs,n_sam,,893,893,1.3705415239715577,0.50884,1.3860846363830566,0.50444,1.392483484840393,0.5036,0.0008399999999999519,21415.285172224045
same_epochs,n_sam,,894,894,1.3691425532150268,0.50746,1.370359507369995,0.508,1.3768795158386231,0.507,0.0010000000000000009,21461.068091392517
same_epochs,n_sam,,895,895,1.3692932178878785,0.50806,1.37529298248291,0.50776,1.3826237159729005,0.5061,0.0016599999999999948,21471.68286538124
same_epochs,n_sam,,896,896,1.369002060470581,0.50624,1.3820625889587401,0.50716,1.3894316303253174,0.5065,0.000660000000000105,21482.27312207222
same_epochs,n_sam,,897,897,1.3648778145217895,0.5078,1.3685326374816895,0.511,1.3756248361587524,0.5097,0.0012999999999999678,21524.75569653511
same_epochs,n_sam,,898,898,1.3679238820266724,0.51054,1.3705506826400757,0.51096,1.3777533283233643,0.5092,0.0017599999999999838,21535.337074279785
same_epochs,n_sam,,899,899,1.3703998960876465,0.5083,1.3803867664718628,0.50688,1.3877270126342773,0.508,-0.0011200000000000099,21581.00491285324
same_epochs,n_sam,,900,900,1.3640932998657227,0.50994,1.3665884955596923,0.51084,1.3737705919265748,0.5095,0.0013400000000000079,21591.538356542587
same_epochs,n_sam,,901,901,1.3661008568191528,0.51032,1.3713934885406494,0.50972,1.3787270854949951,0.5082,0.0015199999999999658,21602.069516658783
same_epochs,n_sam,,902,902,1.3686070830535888,0.50672,1.3709703343963624,0.50972,1.3783148872375488,0.5067,0.0030199999999999116,21644.76550388336
same_epochs,n_sam,,903,903,1.3649394458770752,0.50864,1.3710758459854127,0.50928,1.378277719116211,0.506,0.0032799999999999496,21655.333882808685
same_epochs,n_sam,,904,904,1.3638309517669678,0.50806,1.3709920300292968,0.50992,1.377858360862732,0.5092,0.0007200000000000539,21700.844011068344
same_epochs,n_sam,,905,905,1.3657178897857667,0.50924,1.3710226299285888,0.51022,1.3778631065368652,0.5107,-0.00048000000000003595,21711.507991552353
same_epochs,n_sam,,906,906,1.364265814933777,0.50898,1.3713949463272095,0.50966,1.3776332262039184,0.5085,0.0011600000000000499,21722.231073379517
same_epochs,n_sam,,907,907,1.3622920623016357,0.50974,1.3672597638702393,0.51092,1.3738541763305665,0.5103,0.0006200000000000649,21764.551800489426
same_epochs,n_sam,,908,908,1.362907163772583,0.50922,1.3710852785491943,0.5095,1.3778697948455811,0.508,0.0014999999999999458,21775.070996522903
same_epochs,n_sam,,909,909,1.3618614965438842,0.51032,1.3740479088973998,0.50816,1.3803506580352782,0.5082,-4.0000000000040004e-05,21820.82703924179
same_epochs,n_sam,,910,910,1.3589907336807252,0.50994,1.3649403307724,0.5118,1.3714560474395752,0.5118,0.0,21831.405116558075
same_epochs,n_sam,,911,911,1.3606013729095459,0.51188,1.3696407204818726,0.51078,1.3764162141799927,0.5114,-0.0006199999999999539,21841.932753562927
same_epochs,n_sam,,912,912,1.3547013623046875,0.51412,1.3652819979095459,0.5115,1.3716563888549804,0.511,0.0004999999999999449,21884.405604362488
same_epochs,n_sam,,913,913,1.362153337020874,0.50822,1.3718487293243409,0.50934,1.3788756200790406,0.5092,0.000140000000000029,21895.07034945488
same_epochs,n_sam,,914,914,1.3623463625335694,0.51236,1.364152932472229,0.51154,1.370904783821106,0.5127,-0.0011600000000000499,21940.89959001541
same_epochs,n_sam,,915,915,1.3598585523605347,0.51022,1.3670696648788452,0.51128,1.3734604984283447,0.5115,-0.00021999999999999797,21951.47192978859
same_epochs,n_sam,,916,916,1.357244366836548,0.51124,1.370935874633789,0.50986,1.3777479072570802,0.5103,-0.00043999999999999595,21962.083786964417
same_epochs,n_sam,,917,917,1.3557037841033936,0.51026,1.3606891603851319,0.51306,1.3676551446914673,0.5128,0.00025999999999992696,22004.34989285469
same_epochs,n_sam,,918,918,1.3568095469284058,0.51134,1.3687165014648437,0.51014,1.375740451812744,0.5099,0.00024000000000001798,22014.96497321129
same_epochs,n_sam,,919,919,1.3564744369888306,0.51192,1.3726904496002197,0.5093,1.3802290014266967,0.5089,0.00039999999999995595,22060.55097913742
same_epochs,n_sam,,920,920,1.3573390552520752,0.51076,1.3595457370758057,0.51292,1.3662077701568605,0.5113,0.0016200000000000658,22071.093401670456
same_epochs,n_sam,,921,921,1.3543324044799805,0.51346,1.3604478204345702,0.51294,1.3671297082901002,0.5144,-0.0014600000000000168,22082.26917862892
same_epochs,n_sam,,922,922,1.3565915030288695,0.51264,1.3806519626235962,0.50726,1.3879091382980346,0.5079,-0.0006399999999999739,22124.110569238663
same_epochs,n_sam,,923,923,1.357754878501892,0.51182,1.3661239752960206,0.5126,1.3734786855697632,0.5103,0.0022999999999999687,22134.70941925049
same_epochs,n_sam,,924,924,1.362141789779663,0.50912,1.361084807395935,0.512,1.367515677833557,0.5106,0.0013999999999999568,22180.40112566948
same_epochs,n_sam,,925,925,1.3568152841567993,0.51158,1.3658744506072997,0.50962,1.372452144241333,0.5104,-0.0007800000000000029,22191.07901287079
same_epochs,n_sam,,926,926,1.359856996383667,0.509,1.3677320056915283,0.51002,1.3749872245788575,0.5116,-0.0015800000000000258,22201.577669382095
same_epochs,n_sam,,927,927,1.3556228960418701,0.51238,1.3593374744415283,0.51452,1.3666681915283203,0.5121,0.0024199999999999777,22244.076773881912
same_epochs,n_sam,,928,928,1.3585120847320558,0.5113,1.3648963636016846,0.51256,1.3716298791885375,0.5112,0.0013600000000000279,22254.711797952652
same_epochs,n_sam,,929,929,1.3569686776351928,0.50998,1.3730393088531494,0.50876,1.37987685546875,0.5094,-0.0006399999999999739,22300.445513248444
same_epochs,n_sam,,930,930,1.3597071131896972,0.5124,1.3623737731170655,0.51164,1.3698374515533447,0.5142,-0.0025600000000000067,22311.002211093903
same_epochs,n_sam,,931,931,1.3590017072677611,0.51124,1.3598663455200195,0.51388,1.3669376296997071,0.5144,-0.0005199999999999649,22321.606202602386
same_epochs,n_sam,,932,932,1.3567756143188476,0.51386,1.3716936249542235,0.51044,1.3788341720581054,0.5105,-5.999999999994898e-05,22364.051436424255
same_epochs,n_sam,,933,933,1.3609203978729247,0.51158,1.3727100971603394,0.51006,1.3799309890747071,0.5092,0.0008599999999999719,22374.689245462418
same_epochs,n_sam,,934,934,1.357503766860962,0.51192,1.3573618588638305,0.51544,1.3646784301757813,0.5139,0.0015399999999999858,22420.572803497314
same_epochs,n_sam,,935,935,1.3582388780593873,0.51228,1.3622543699645997,0.51284,1.3698136541366577,0.5114,0.0014399999999999968,22431.098660469055
same_epochs,n_sam,,936,936,1.3600976936721803,0.5097,1.3734438008880616,0.51024,1.3806030319213867,0.5109,-0.0006599999999999939,22441.64253950119
same_epochs,n_sam,,937,937,1.3526573319244384,0.51524,1.3645868175506592,0.5139,1.3719036365509034,0.5121,0.0018000000000000238,22484.131363630295
same_epochs,n_sam,,938,938,1.3586285101318358,0.51328,1.3597426132202148,0.51538,1.367253551864624,0.5126,0.0027800000000000047,22494.699701547623
same_epochs,n_sam,,939,939,1.356014780883789,0.51244,1.368688066291809,0.5112,1.3757364429473877,0.5098,0.0013999999999999568,22540.4526116848
same_epochs,n_sam,,940,940,1.3569665990447999,0.51224,1.3705901808929444,0.50978,1.3776719028472901,0.5099,-0.00012000000000000899,22550.967269182205
same_epochs,n_sam,,941,941,1.3566735205078124,0.51374,1.3622613154220582,0.51288,1.3694537139892577,0.5123,0.0005800000000000249,22561.45872426033
same_epochs,n_sam,,942,942,1.3596686978912353,0.51152,1.3665842490768432,0.51374,1.3743319351196288,0.5123,0.0014399999999999968,22604.30854201317
same_epochs,n_sam,,943,943,1.3566686140823365,0.51166,1.365617244606018,0.51332,1.3726922298431397,0.5145,-0.0011799999999999589,22614.854645490646
same_epochs,n_sam,,944,944,1.3553918013763429,0.51366,1.3565526914978028,0.51522,1.363928910636902,0.5171,-0.0018799999999999928,22660.37091612816
same_epochs,n_sam,,945,945,1.3552141641998292,0.51306,1.3651400597000123,0.51236,1.373227135848999,0.513,-0.0006399999999999739,22670.93530845642
same_epochs,n_sam,,946,946,1.3548520016479493,0.51328,1.3708419807434082,0.51092,1.3786100955963134,0.5109,2.0000000000020002e-05,22681.48507642746
same_epochs,n_sam,,947,947,1.3562525526809692,0.51272,1.359351672592163,0.51464,1.3670114116668701,0.514,0.0006399999999999739,22723.958818674088
same_epochs,n_sam,,948,948,1.3538505160140992,0.51312,1.3570060558319093,0.51644,1.3648415229797364,0.5164,4.0000000000040004e-05,22734.544367074966
same_epochs,n_sam,,949,949,1.356430658721924,0.51448,1.365652180404663,0.5134,1.3727592874526977,0.5123,0.0010999999999999899,22780.461151361465
same_epochs,n_sam,,950,950,1.3542109452056885,0.51372,1.3612391920471192,0.51464,1.3682739322662354,0.514,0.0006399999999999739,22791.03349018097
same_epochs,n_sam,,951,951,1.3518522145843506,0.51482,1.3574679959869385,0.516,1.3646726644515992,0.5162,-0.00019999999999997797,22801.584406852722
same_epochs,n_sam,,952,952,1.351008594932556,0.51432,1.3614768036651612,0.51424,1.3687858074188233,0.5131,0.0011400000000000299,22843.79734992981
same_epochs,n_sam,,953,953,1.3519254305267334,0.51412,1.3607168016052247,0.51422,1.3679571899414062,0.514,0.00021999999999999797,22854.353967905045
same_epochs,n_sam,,954,954,1.3501685556411742,0.51456,1.3576808446884154,0.51574,1.3656221034049987,0.5161,-0.00036000000000002697,22900.0752325058
same_epochs,n_sam,,955,955,1.3526991638183594,0.51612,1.3602334420394897,0.51462,1.3679334426879883,0.5167,-0.002080000000000082,22910.570801973343
same_epochs,n_sam,,956,956,1.3500954161453247,0.51296,1.3636375182342528,0.5142,1.371071420288086,0.5149,-0.0007000000000000339,22921.125204324722
same_epochs,n_sam,,957,957,1.3504876058578492,0.51368,1.3574371463775634,0.51618,1.36539775390625,0.5156,0.0005800000000000249,22963.83539199829
same_epochs,n_sam,,958,958,1.3475855478286742,0.51596,1.3570879985427857,0.5155,1.3650090181350707,0.5151,0.00039999999999995595,22974.38352584839
same_epochs,n_sam,,959,959,1.350375220298767,0.5141,1.3578026955795288,0.51532,1.3657871318817139,0.5173,-0.0019799999999999818,23019.930700302124
same_epochs,n_sam,,960,960,1.348211457748413,0.51704,1.3589260948562623,0.51642,1.3665814533233642,0.5144,0.0020200000000000218,23030.628826379776
same_epochs,n_sam,,961,961,1.343975283203125,0.51642,1.359714284362793,0.51578,1.367269607257843,0.5169,-0.0011200000000000099,23041.24596261978
same_epochs,n_sam,,962,962,1.3462349222564698,0.51626,1.3522605368423462,0.51762,1.3594851955413818,0.519,-0.0013800000000000479,23083.584030866623
same_epochs,n_sam,,963,963,1.3456333587646485,0.5145,1.352005954399109,0.5181,1.3597227113723755,0.5194,-0.0012999999999999678,23093.953183412552
same_epochs,n_sam,,964,964,1.3473785666656495,0.51594,1.356318297958374,0.51706,1.3640363220214844,0.5156,0.0014600000000000168,23140.250132083893
same_epochs,n_sam,,965,965,1.3463119471740723,0.51794,1.3638447966003417,0.5142,1.3718905139923097,0.5131,0.0010999999999999899,23150.89604830742
same_epochs,n_sam,,966,966,1.345646083869934,0.51744,1.351645304069519,0.51782,1.3597615566253662,0.517,0.0008199999999999319,23161.417328357697
same_epochs,n_sam,,967,967,1.3467157498931885,0.51724,1.3555522867202758,0.51656,1.3638956260681152,0.5151,0.0014600000000000168,23203.567697525024
same_epochs,n_sam,,968,968,1.3456404625701903,0.5158,1.363799626235962,0.51368,1.3725756918907166,0.5151,-0.0014199999999999768,23214.137513160706
same_epochs,n_sam,,969,969,1.3467560082244874,0.51588,1.3526828301239013,0.51808,1.3611960105895997,0.5144,0.0036800000000000166,23259.8560090065
same_epochs,n_sam,,970,970,1.345950498123169,0.51744,1.3533247440338134,0.51748,1.3619077949523926,0.5151,0.0023800000000000487,23270.472489356995
same_epochs,n_sam,,971,971,1.3467820361328124,0.51422,1.3591439873504638,0.5151,1.3673879917144776,0.5149,0.00019999999999997797,23281.060190677643
same_epochs,n_sam,,972,972,1.3433753035736085,0.51658,1.3479054363632201,0.518,1.355853991985321,0.5181,-9.999999999998899e-05,23323.617613077164
same_epochs,n_sam,,973,973,1.3438543753433227,0.51628,1.3503749295806884,0.5169,1.3584900803565978,0.5187,-0.0018000000000000238,23334.220713377
same_epochs,n_sam,,974,974,1.3423296481323241,0.51628,1.3561137231445313,0.51584,1.3641676364898683,0.5169,-0.001060000000000061,23379.60053229332
same_epochs,n_sam,,975,975,1.3418292827606202,0.51666,1.3544226992797852,0.51718,1.362528490638733,0.5171,7.999999999996898e-05,23390.333300352097
same_epochs,n_sam,,976,976,1.3453998720932008,0.51612,1.353588990020752,0.5175,1.3617942066192628,0.5183,-0.0008000000000000229,23400.82023191452
same_epochs,n_sam,,977,977,1.3458265216827392,0.51514,1.3547349076080322,0.51718,1.3629088675498962,0.5168,0.00037999999999993594,23443.380957603455
same_epochs,n_sam,,978,978,1.3410508588790893,0.5201,1.3481895027923585,0.51926,1.3558642396926879,0.5194,-0.00013999999999991797,23453.940455913544
same_epochs,n_sam,,979,979,1.3409471633148193,0.51694,1.351950807876587,0.51752,1.3596959915161133,0.5176,-7.999999999996898e-05,23499.76760816574
same_epochs,n_sam,,980,980,1.3429007190322877,0.51826,1.35848974357605,0.51456,1.3661214054107667,0.5154,-0.0008399999999999519,23510.38396024704
same_epochs,n_sam,,981,981,1.3408948109054566,0.51836,1.355690513458252,0.51674,1.363774963569641,0.5185,-0.0017599999999999838,23520.91808795929
same_epochs,n_sam,,982,982,1.3391582341003418,0.52028,1.3482308336639404,0.51968,1.3556355449676514,0.5189,0.0007800000000000029,23563.396426916122
same_epochs,n_sam,,983,983,1.341798360671997,0.51814,1.3491962454223634,0.52008,1.3569912779808044,0.519,0.0010799999999999699,23573.974491596222
same_epochs,n_sam,,984,984,1.3385575862121581,0.52172,1.356569331741333,0.51634,1.3636452072143554,0.516,0.00034000000000000696,23619.58930182457
same_epochs,n_sam,,985,985,1.3425148790740966,0.51746,1.351958205909729,0.51736,1.3593265836715698,0.5184,-0.0010399999999999299,23630.182914733887
same_epochs,n_sam,,986,986,1.3387982422637938,0.51946,1.3548402225112914,0.5172,1.36275757522583,0.5184,-0.0011999999999999789,23640.79847574234
same_epochs,n_sam,,987,987,1.3380043322753907,0.5181,1.3520561335372925,0.5179,1.3593594669342042,0.5172,0.0007000000000000339,23683.576379537582
same_epochs,n_sam,,988,988,1.3395779292678833,0.51966,1.3441242882537843,0.52124,1.3517877508163452,0.5208,0.00043999999999999595,23694.36234688759
same_epochs,n_sam,,989,989,1.3381437804794312,0.5202,1.3505518453598022,0.5193,1.358376743030548,0.5184,0.0009000000000000119,23739.564066886902
same_epochs,n_sam,,990,990,1.3429605796432496,0.5185,1.3508785349273682,0.51822,1.3585101596832276,0.5174,0.0008200000000000429,23750.221962213516
same_epochs,n_sam,,991,991,1.3390582578277588,0.51744,1.3509353129577637,0.51812,1.3588951021194458,0.5166,0.0015200000000000768,23760.8922894001
same_epochs,n_sam,,992,992,1.3398657676696777,0.51802,1.353724094619751,0.518,1.3614089548110961,0.5165,0.0015000000000000568,23803.430958986282
same_epochs,n_sam,,993,993,1.337862102279663,0.52048,1.3443412006378175,0.52026,1.3515426692962647,0.5201,0.00015999999999993797,23814.10781955719
same_epochs,n_sam,,994,994,1.334735467338562,0.52224,1.3465103913879395,0.52014,1.3541770011901855,0.5197,0.00043999999999999595,23859.737616539
same_epochs,n_sam,,995,995,1.3346106500244141,0.52186,1.3462903466415406,0.51942,1.3542293981552125,0.5196,-0.00017999999999995797,23870.40249300003
same_epochs,n_sam,,996,996,1.3359024660491943,0.52008,1.3487690619659425,0.5191,1.3561380389213562,0.5197,-0.0006000000000000449,23881.025908231735
same_epochs,n_sam,,997,997,1.3342744961166382,0.52056,1.3517954891204833,0.518,1.3594795032501221,0.5188,-0.0008000000000000229,23923.284288406372
same_epochs,n_sam,,998,998,1.3344768669128417,0.52118,1.3441959085845947,0.52014,1.3514926611900329,0.5217,-0.0015600000000000058,23934.08829498291
same_epochs,n_sam,,999,999,1.3335660354614258,0.52146,1.3421919906997681,0.52176,1.34935217294693,0.5202,0.0015600000000000058,23979.531370401382
same_epochs,n_sam,,1000,1000,1.3331995220947266,0.52242,1.3486286040878297,0.51958,1.35678736743927,0.5182,0.0013800000000000479,23990.43773007393
