comparison,method,m,epoch,update,train_loss_step,train_acc_step,train_eval_loss,train_eval_acc,test_loss,test_acc,generalization_gap,elapsed_sec
same_updates,n_sam,,,1,2.5342606320953367,0.09856,2.406218825454712,0.0832,2.4046548896789552,0.085,-0.00180000000000001,11.520179510116577
same_updates,n_sam,,,2,2.4059810234069823,0.08658,2.37368871963501,0.0921,2.3716218254089356,0.0954,-0.0032999999999999974,22.137165069580078
same_updates,n_sam,,,3,2.3821944115447997,0.09358,2.360987703552246,0.09306,2.358635498428345,0.0935,-0.00043999999999999595,32.89244747161865
same_updates,n_sam,,,4,2.369405495758057,0.093,2.370337984085083,0.0941,2.3680185409545897,0.0923,0.00180000000000001,43.50451946258545
same_updates,n_sam,,,5,2.376546540374756,0.0932,2.361565623474121,0.1003,2.3598014163970946,0.0991,0.0012000000000000066,83.3481092453003
same_updates,n_sam,,,6,2.3650992491149903,0.09996,2.311787907333374,0.0973,2.309941920852661,0.0991,-0.001799999999999996,94.13223266601562
same_updates,n_sam,,,7,2.3123645108795166,0.09888,2.310806082229614,0.13262,2.3092627185821533,0.1356,-0.0029800000000000104,104.70657086372375
same_updates,n_sam,,,8,2.313974198150635,0.13206,2.34614481590271,0.11816,2.3449821098327637,0.1151,0.003060000000000007,146.92664742469788
same_updates,n_sam,,,9,2.3505942101287842,0.1263,2.356720576324463,0.11604,2.355472190093994,0.1144,0.0016400000000000026,157.58312702178955
same_updates,n_sam,,,10,2.363001129684448,0.12364,2.330426844558716,0.1528,2.328735076141357,0.1532,-0.00040000000000001146,203.35106873512268
same_updates,n_sam,,,11,2.3395181803894043,0.1571,2.3053833503723142,0.16634,2.303317093658447,0.1696,-0.003260000000000013,213.95228552818298
same_updates,n_sam,,,12,2.316095663909912,0.1528,2.2821862170410157,0.14894,2.2800994651794433,0.1548,-0.005860000000000004,224.58494758605957
same_updates,n_sam,,,13,2.2916770860290527,0.13948,2.2620541314697267,0.13188,2.2603392753601073,0.1315,0.00037999999999999146,267.26453256607056
same_updates,n_sam,,,14,2.2686467711639406,0.12862,2.248081419296265,0.17274,2.246874061965942,0.1713,0.0014399999999999968,277.99384331703186
same_updates,n_sam,,,15,2.2523099610137938,0.1646,2.2559925052642824,0.12402,2.255155551147461,0.1243,-0.0002799999999999886,323.6638388633728
same_updates,n_sam,,,16,2.2598323777770997,0.12202,2.2484376518249514,0.18002,2.247457607269287,0.1833,-0.0032799999999999774,334.29081678390503
same_updates,n_sam,,,17,2.255212977218628,0.17686,2.241232897186279,0.17724,2.239923300552368,0.1785,-0.0012599999999999834,344.86259388923645
same_updates,n_sam,,,18,2.2520772019958497,0.16984,2.234169394454956,0.19356,2.2326942008972166,0.1985,-0.00494,387.27770161628723
same_updates,n_sam,,,19,2.2457373309326174,0.18082,2.233635763320923,0.18302,2.232208798599243,0.1881,-0.005080000000000001,397.84520077705383
same_updates,n_sam,,,20,2.2423312957000734,0.17384,2.234589366836548,0.17908,2.233281717681885,0.1788,0.00028000000000000247,443.5766031742096
same_updates,n_sam,,,21,2.2394480137634276,0.17596,2.228918584442139,0.18358,2.227545462036133,0.1864,-0.002820000000000017,454.1063747406006
same_updates,n_sam,,,22,2.233730535812378,0.178,2.218113590698242,0.18856,2.2165741802215577,0.1973,-0.008739999999999998,464.6937415599823
same_updates,n_sam,,,23,2.225568620452881,0.18294,2.2106997173309324,0.20492,2.209105954360962,0.207,-0.0020799999999999985,507.07896089553833
same_updates,n_sam,,,24,2.219408925857544,0.19926,2.2088049298095704,0.20434,2.207068593597412,0.2067,-0.002360000000000001,517.805008649826
same_updates,n_sam,,,25,2.2209138789367677,0.19232,2.2043613354492186,0.20144,2.2025440452575684,0.2074,-0.005959999999999993,563.5302934646606
same_updates,n_sam,,,26,2.215676498260498,0.19238,2.1980546642303467,0.20718,2.196268768310547,0.2114,-0.0042200000000000015,574.1805055141449
same_updates,n_sam,,,27,2.2074621515655517,0.20476,2.1951831629943848,0.21464,2.193321430969238,0.2195,-0.004860000000000003,584.8091773986816
same_updates,n_sam,,,28,2.203964948120117,0.209,2.1935938494110108,0.20838,2.191580227279663,0.2136,-0.005220000000000002,627.3885018825531
same_updates,n_sam,,,29,2.2019334758758546,0.20218,2.1875257270812987,0.2143,2.1854203720092773,0.218,-0.003700000000000009,637.9686427116394
same_updates,n_sam,,,30,2.196610640106201,0.20392,2.1809173695373536,0.21732,2.1787691711425783,0.2207,-0.003379999999999994,683.5846590995789
same_updates,n_sam,,,31,2.1899998958587648,0.20422,2.1757141175842287,0.21972,2.1734810508728026,0.2232,-0.003480000000000011,694.2072591781616
same_updates,n_sam,,,32,2.1851972325134277,0.21356,2.171077575149536,0.2111,2.1686799049377443,0.2121,-0.0010000000000000009,704.9012198448181
same_updates,n_sam,,,33,2.182157573547363,0.2071,2.1670066007995605,0.21746,2.1645315788269044,0.2184,-0.0009400000000000241,747.5208849906921
same_updates,n_sam,,,34,2.17696892288208,0.21234,2.1624205307006834,0.22462,2.1598767429351806,0.229,-0.004380000000000023,758.2117366790771
same_updates,n_sam,,,35,2.1722444422912597,0.22272,2.1577051057434082,0.2279,2.1550532501220703,0.2327,-0.004799999999999999,803.7927849292755
same_updates,n_sam,,,36,2.1670329666137693,0.22308,2.154304800567627,0.23544,2.1515923263549803,0.2376,-0.0021599999999999953,814.4459095001221
same_updates,n_sam,,,37,2.1624550943756105,0.22002,2.14966252532959,0.23838,2.1468509311676027,0.242,-0.0036199999999999843,825.0033619403839
same_updates,n_sam,,,38,2.1585067194366454,0.22614,2.144043899383545,0.23904,2.1411122087478636,0.2402,-0.0011599999999999944,867.4290962219238
same_updates,n_sam,,,39,2.1534033946990965,0.22912,2.1401983674621583,0.23034,2.137313240814209,0.2337,-0.003360000000000002,877.9886226654053
same_updates,n_sam,,,40,2.146886671218872,0.22486,2.1367118772125244,0.22798,2.1339075351715087,0.2325,-0.004520000000000024,923.5661675930023
same_updates,n_sam,,,41,2.143429137878418,0.2267,2.1309715395355227,0.24188,2.128027590560913,0.2464,-0.004519999999999996,934.06946849823
same_updates,n_sam,,,42,2.138240043334961,0.23722,2.125701662597656,0.24992,2.1226367752075195,0.253,-0.0030799999999999994,944.6249208450317
same_updates,n_sam,,,43,2.1347930461120606,0.23788,2.1216534921264647,0.25004,2.1185985942840575,0.2517,-0.0016599999999999948,987.4763841629028
same_updates,n_sam,,,44,2.1283959802246093,0.23954,2.1189018915557862,0.2488,2.11594642829895,0.2505,-0.001700000000000007,998.2149140834808
same_updates,n_sam,,,45,2.1251683222198485,0.23904,2.1158906488800047,0.24174,2.113019492340088,0.2454,-0.0036599999999999966,1043.623262166977
same_updates,n_sam,,,46,2.12036666267395,0.23712,2.1099999870300294,0.24446,2.1070339403152465,0.2487,-0.004239999999999994,1054.3204338550568
same_updates,n_sam,,,47,2.11471642036438,0.24142,2.104578699798584,0.25184,2.1015773391723633,0.254,-0.0021599999999999953,1065.0617792606354
same_updates,n_sam,,,48,2.1107501288604738,0.24622,2.100378635940552,0.25584,2.097398946762085,0.2593,-0.003459999999999963,1107.254065990448
same_updates,n_sam,,,49,2.1071753876495363,0.24214,2.095908598098755,0.25736,2.092932280540466,0.2619,-0.004540000000000044,1117.7912402153015
same_updates,n_sam,,,50,2.101371296310425,0.24672,2.0912609717559816,0.25514,2.0882698677062987,0.2581,-0.002960000000000018,1163.7345306873322
same_updates,n_sam,,,51,2.0949421896362304,0.2494,2.0865731744384766,0.25448,2.083549080276489,0.2585,-0.0040200000000000236,1174.3509857654572
same_updates,n_sam,,,52,2.0920927416992185,0.2506,2.082445150680542,0.25786,2.0794789739608763,0.2615,-0.003640000000000032,1184.9684212207794
same_updates,n_sam,,,53,2.0867208885955812,0.25304,2.0768095477294923,0.26168,2.073819409942627,0.2621,-0.00041999999999997595,1227.3441452980042
same_updates,n_sam,,,54,2.081369084854126,0.25306,2.070636948928833,0.2633,2.0676197242736816,0.2669,-0.0036000000000000476,1237.9844300746918
same_updates,n_sam,,,55,2.0754758741760253,0.2542,2.0658103370666505,0.26436,2.0628915683746336,0.2684,-0.0040400000000000436,1283.5285041332245
same_updates,n_sam,,,56,2.0714007471466065,0.25772,2.0606788836669923,0.26462,2.0577798498153688,0.266,-0.0013799999999999923,1294.1823694705963
same_updates,n_sam,,,57,2.0664922624969484,0.25836,2.0548733184814454,0.26642,2.0519342796325684,0.2697,-0.003280000000000005,1304.8065085411072
same_updates,n_sam,,,58,2.060972481536865,0.26008,2.049663113708496,0.26782,2.0467373834609983,0.2722,-0.004379999999999995,1347.0111408233643
same_updates,n_sam,,,59,2.0560534634399414,0.26418,2.0441144705200194,0.26882,2.0411829990386963,0.2735,-0.0046800000000000175,1357.5683586597443
same_updates,n_sam,,,60,2.0521591777038575,0.26426,2.038162224655151,0.27074,2.0352151245117187,0.2746,-0.00386000000000003,1403.3281042575836
same_updates,n_sam,,,61,2.044503145828247,0.2668,2.031969917755127,0.27242,2.0289789989471436,0.2768,-0.004379999999999995,1413.9467585086823
same_updates,n_sam,,,62,2.039577805709839,0.26912,2.0269541650390623,0.27424,2.024011255836487,0.2785,-0.0042600000000000415,1424.5715963840485
same_updates,n_sam,,,63,2.0337159240722658,0.26984,2.0196188008117675,0.27752,2.0164770137786867,0.2822,-0.0046800000000000175,1467.0235707759857
same_updates,n_sam,,,64,2.0296188652038576,0.27256,2.015377203216553,0.27798,2.0123261222839357,0.2845,-0.00651999999999997,1477.6680173873901
same_updates,n_sam,,,65,2.023830960998535,0.27404,2.0082054554748536,0.27944,2.004930453491211,0.2864,-0.006959999999999966,1523.2487478256226
same_updates,n_sam,,,66,2.0188415686798096,0.27156,2.0034477406311035,0.27832,2.0001732763290407,0.2869,-0.008579999999999977,1533.7716052532196
same_updates,n_sam,,,67,2.0127111046600343,0.27398,1.9978082498931884,0.28048,1.994434846496582,0.2898,-0.009319999999999995,1544.2875001430511
same_updates,n_sam,,,68,2.009876735229492,0.2753,1.9899445679473877,0.28468,1.9862793529510498,0.291,-0.006319999999999992,1586.8433051109314
same_updates,n_sam,,,69,2.0010955347442625,0.28048,1.9878740001678468,0.28508,1.9844846591949463,0.2935,-0.008419999999999983,1597.2828500270844
same_updates,n_sam,,,70,1.9991299473571778,0.28068,1.9764663417053223,0.28752,1.9723826320648192,0.2934,-0.005879999999999996,1643.0538477897644
same_updates,n_sam,,,71,1.9940862938690185,0.28488,1.9809980561828613,0.28584,1.9777693744659424,0.2926,-0.006760000000000044,1653.5137240886688
same_updates,n_sam,,,72,1.9896654238128662,0.28286,1.968443018951416,0.28962,1.9645347843170167,0.2944,-0.0047800000000000065,1664.2099766731262
same_updates,n_sam,,,73,1.9835685437774657,0.28372,1.9706356498718263,0.29118,1.9673671016693115,0.2961,-0.00491999999999998,1706.7187850475311
same_updates,n_sam,,,74,1.9797554652404785,0.28558,1.9601447684478759,0.29164,1.9562445255279541,0.2972,-0.005560000000000009,1717.3434071540833
same_updates,n_sam,,,75,1.9745453712463379,0.28632,1.9672712700653077,0.28888,1.9642799926757812,0.2952,-0.006319999999999992,1763.0280470848083
same_updates,n_sam,,,76,1.971610951690674,0.29016,1.955070980606079,0.29348,1.9514329055786133,0.2975,-0.004019999999999968,1773.6620121002197
same_updates,n_sam,,,77,1.9700059246826171,0.28552,1.95659857421875,0.29592,1.9535436073303223,0.2997,-0.0037800000000000056,1784.182548046112
same_updates,n_sam,,,78,1.9666475172424316,0.29118,1.954537949066162,0.29462,1.9516212543487548,0.3017,-0.007080000000000031,1826.5015058517456
same_updates,n_sam,,,79,1.9619727765655517,0.29292,1.9475147637939454,0.29618,1.9442132606506348,0.2992,-0.0030200000000000227,1836.9792993068695
same_updates,n_sam,,,80,1.9584251113891602,0.29214,1.9494367133331298,0.29534,1.9466279748916626,0.3012,-0.005860000000000032,1882.798480272293
same_updates,n_sam,,,81,1.9583311842346192,0.29082,1.941816937637329,0.2982,1.9389308223724364,0.3011,-0.002899999999999958,1893.497493982315
same_updates,n_sam,,,82,1.9535372016906738,0.29252,1.9393685844421387,0.30102,1.9366463804244995,0.3033,-0.0022800000000000042,1904.0684869289398
same_updates,n_sam,,,83,1.950339129714966,0.29504,1.9356938435363769,0.30094,1.932876396560669,0.3053,-0.0043600000000000305,1946.4414575099945
same_updates,n_sam,,,84,1.9478434782409668,0.29404,1.9305378993225097,0.30272,1.9276384700775147,0.3084,-0.005680000000000018,1957.0461955070496
same_updates,n_sam,,,85,1.9428281648254395,0.2981,1.9312362754058838,0.30294,1.9285757667541503,0.3076,-0.0046599999999999975,2002.8285648822784
same_updates,n_sam,,,86,1.9426331414794922,0.29564,1.9200724129486084,0.3069,1.9168158483505249,0.31,-0.0030999999999999917,2013.4387519359589
same_updates,n_sam,,,87,1.939972498626709,0.29876,1.9243044581604003,0.30806,1.9214654941558837,0.3088,-0.0007400000000000184,2023.9537794589996
same_updates,n_sam,,,88,1.937091458053589,0.29998,1.9199461987304687,0.3078,1.9171334669113158,0.3172,-0.009399999999999964,2066.3751015663147
same_updates,n_sam,,,89,1.9337440406036377,0.29882,1.9156166328430175,0.30892,1.9125038562774659,0.3169,-0.007980000000000043,2076.871766090393
same_updates,n_sam,,,90,1.9338532537078856,0.29982,1.916828875579834,0.30958,1.9137633041381836,0.317,-0.007419999999999982,2122.7729222774506
same_updates,n_sam,,,91,1.92947154296875,0.30298,1.9123488540649414,0.30936,1.9093322441101075,0.313,-0.0036399999999999766,2133.4074943065643
same_updates,n_sam,,,92,1.9243945002746583,0.30498,1.9139480713653565,0.30672,1.911145454788208,0.3118,-0.005080000000000029,2143.973260164261
same_updates,n_sam,,,93,1.9259512648010253,0.29914,1.9082591942596436,0.3071,1.9052829032897949,0.3148,-0.00770000000000004,2186.325782775879
same_updates,n_sam,,,94,1.9227920509338379,0.30028,1.9055808866882324,0.31126,1.9024870113372803,0.3176,-0.006340000000000012,2196.8827183246613
same_updates,n_sam,,,95,1.9192382751464845,0.30578,1.9054493677520752,0.31696,1.9020634574890136,0.3196,-0.0026399999999999757,2242.6210157871246
same_updates,n_sam,,,96,1.9176620794677735,0.30918,1.8936043907165527,0.32012,1.8899547574996949,0.3264,-0.006280000000000008,2253.284470796585
same_updates,n_sam,,,97,1.913896198348999,0.31262,1.9001852020263672,0.31694,1.8970593980789185,0.3221,-0.005159999999999998,2263.833775281906
same_updates,n_sam,,,98,1.9112820783996582,0.31104,1.8955914210510254,0.312,1.89220575466156,0.3195,-0.007500000000000007,2306.327919483185
same_updates,n_sam,,,99,1.9124399961853027,0.30514,1.8986189546203613,0.3093,1.8952834449768066,0.3129,-0.003599999999999992,2316.878565311432
same_updates,n_sam,,,100,1.908102770423889,0.30512,1.893595977935791,0.3144,1.8900064090728759,0.3205,-0.006099999999999994,2362.540915489197
same_updates,n_sam,,,101,1.9059488615417481,0.30572,1.8864108257293701,0.32148,1.8826271560668946,0.3283,-0.006819999999999993,2373.1266148090363
same_updates,n_sam,,,102,1.9046878033447265,0.31176,1.888516296157837,0.32252,1.8849035703659058,0.3259,-0.0033800000000000496,2383.857941865921
same_updates,n_sam,,,103,1.9008060964202882,0.31236,1.8796770070648194,0.32292,1.8756645832061767,0.3321,-0.009180000000000021,2426.030951976776
same_updates,n_sam,,,104,1.8986166648864746,0.31578,1.8860404921722411,0.31888,1.8823301822662353,0.3229,-0.0040200000000000236,2436.806036233902
same_updates,n_sam,,,105,1.8988959045410156,0.3114,1.8882528360748292,0.31646,1.8846598068237306,0.3237,-0.007239999999999969,2482.5242524147034
same_updates,n_sam,,,106,1.8983915254974366,0.3101,1.8723597047424316,0.32278,1.8681123874664307,0.3345,-0.011720000000000008,2493.2969887256622
same_updates,n_sam,,,107,1.893684677734375,0.3152,1.8755610990142821,0.3255,1.8715493112564088,0.3324,-0.006899999999999962,2504.008231163025
same_updates,n_sam,,,108,1.8912028508758545,0.31638,1.8772913214111329,0.32762,1.8733707586288453,0.3334,-0.005779999999999952,2546.242674589157
same_updates,n_sam,,,109,1.8895778019714355,0.3194,1.8706673875427247,0.32648,1.8664193176269532,0.335,-0.008520000000000028,2556.9012269973755
same_updates,n_sam,,,110,1.8892662061309815,0.31638,1.8748940721130372,0.3207,1.8708523448944092,0.329,-0.00830000000000003,2602.5511617660522
same_updates,n_sam,,,111,1.8870376360321044,0.31392,1.8764050213623047,0.31928,1.8724668849945068,0.3266,-0.007319999999999993,2613.1473531723022
same_updates,n_sam,,,112,1.8844793977355958,0.31294,1.8657068180847167,0.32246,1.8616733142852784,0.3328,-0.01033999999999996,2623.7483744621277
same_updates,n_sam,,,113,1.8812771649932862,0.31554,1.8643535383605958,0.32606,1.8604313821792602,0.3348,-0.00873999999999997,2666.2263281345367
same_updates,n_sam,,,114,1.8786884381103515,0.31616,1.8610230349731445,0.3304,1.8571116861343384,0.3365,-0.006099999999999994,2676.8329980373383
same_updates,n_sam,,,115,1.8771036498260498,0.32196,1.8589034445190429,0.33258,1.854855499458313,0.3391,-0.006520000000000026,2722.5086851119995
same_updates,n_sam,,,116,1.8728594916152954,0.32454,1.857737748336792,0.33126,1.8535288009643556,0.341,-0.009740000000000026,2733.2404692173004
same_updates,n_sam,,,117,1.8723728790283203,0.32536,1.8518559307098388,0.33264,1.8475818059921265,0.3417,-0.009060000000000012,2744.031752347946
same_updates,n_sam,,,118,1.8709766631698608,0.32076,1.8529567078399658,0.3328,1.8488815114974975,0.3401,-0.007300000000000029,2786.110568523407
same_updates,n_sam,,,119,1.8690824660873413,0.32104,1.847344846496582,0.3333,1.8431379137039186,0.3411,-0.007800000000000029,2796.783927679062
same_updates,n_sam,,,120,1.8637307543182373,0.32842,1.8450172987365723,0.33458,1.8406082942962647,0.3412,-0.006620000000000015,2842.549319267273
same_updates,n_sam,,,121,1.8622611928939818,0.32488,1.8445031867980957,0.33624,1.84007965965271,0.3428,-0.00656000000000001,2853.1026587486267
same_updates,n_sam,,,122,1.859199598350525,0.32756,1.8398967715454102,0.33812,1.8352975330352783,0.3457,-0.007580000000000031,2863.763644218445
same_updates,n_sam,,,123,1.8580514686584473,0.33026,1.8412818595886231,0.33944,1.8366338384628296,0.3449,-0.005459999999999965,2906.245724916458
same_updates,n_sam,,,124,1.8559788202667236,0.32926,1.8318527593231202,0.33964,1.8270973693847656,0.3469,-0.007259999999999989,2916.833519935608
same_updates,n_sam,,,125,1.8561352075958253,0.3276,1.8368914141845702,0.33556,1.8323859817504884,0.3438,-0.00823999999999997,2962.462151288986
same_updates,n_sam,,,126,1.8536341820907594,0.32558,1.83263190574646,0.33824,1.8280111654281617,0.3433,-0.005060000000000009,2973.0381293296814
same_updates,n_sam,,,127,1.850309677734375,0.33038,1.8297430304718019,0.33964,1.8250009033203125,0.3453,-0.005659999999999998,2983.804691553116
same_updates,n_sam,,,128,1.8484285923004151,0.32986,1.8288640119934083,0.34258,1.8241582927703857,0.3481,-0.005520000000000025,3026.071127653122
same_updates,n_sam,,,129,1.8456242403411864,0.3348,1.8224464797210693,0.34638,1.817738022994995,0.3509,-0.0045199999999999685,3036.7055311203003
same_updates,n_sam,,,130,1.840725200843811,0.33544,1.8238587266540527,0.34424,1.8192297653198242,0.3521,-0.007860000000000034,3082.3578145504
same_updates,n_sam,,,131,1.8402921976089477,0.33448,1.8137514916229247,0.3448,1.808928684234619,0.3507,-0.005900000000000016,3092.9494438171387
same_updates,n_sam,,,132,1.8389508768463134,0.33314,1.8214305425262451,0.34128,1.8167504804611205,0.3463,-0.0050200000000000244,3103.6693189144135
same_updates,n_sam,,,133,1.8365900840759277,0.33308,1.817801431274414,0.34234,1.8130530052185059,0.3463,-0.003960000000000019,3146.0202810764313
same_updates,n_sam,,,134,1.8336040588378906,0.33508,1.8094566703796386,0.34766,1.8046171291351318,0.3515,-0.0038399999999999546,3156.5610258579254
same_updates,n_sam,,,135,1.8344491514587402,0.3388,1.8178778941345215,0.34772,1.813086759185791,0.354,-0.006280000000000008,3202.3891010284424
same_updates,n_sam,,,136,1.833408529815674,0.33678,1.810168631515503,0.35012,1.8051364576339721,0.3572,-0.007080000000000031,3213.0811421871185
same_updates,n_sam,,,137,1.8312264809799195,0.3395,1.8072932024765014,0.35014,1.8025112434387207,0.3536,-0.0034600000000000186,3223.7066283226013
same_updates,n_sam,,,138,1.828816722679138,0.33814,1.813053105316162,0.34792,1.808557894706726,0.3517,-0.0037800000000000056,3266.0226895809174
same_updates,n_sam,,,139,1.8257571593475341,0.33928,1.8061925833511352,0.34898,1.8014157096862793,0.3568,-0.007819999999999994,3276.5692732334137
same_updates,n_sam,,,140,1.8254392176818848,0.33726,1.80286141998291,0.34868,1.797822904586792,0.3542,-0.005520000000000025,3322.2838249206543
same_updates,n_sam,,,141,1.8252270141601563,0.33764,1.8047914361953736,0.35136,1.799955772781372,0.3546,-0.0032400000000000206,3332.879732608795
same_updates,n_sam,,,142,1.81939936088562,0.34194,1.799397621421814,0.35288,1.7947453512191773,0.355,-0.0021199999999999553,3343.4543261528015
same_updates,n_sam,,,143,1.8207400060653687,0.34178,1.8012186383438111,0.35458,1.7966131076812744,0.3595,-0.00491999999999998,3385.982276201248
same_updates,n_sam,,,144,1.8183246411132812,0.34546,1.7983255644989014,0.35464,1.7934581954956055,0.36,-0.005359999999999976,3396.4579145908356
same_updates,n_sam,,,145,1.8166996698760987,0.34312,1.7929544943237306,0.35566,1.7878174476623536,0.3622,-0.006540000000000046,3442.3647356033325
same_updates,n_sam,,,146,1.8147472736358643,0.3434,1.795836392288208,0.35464,1.7906822219848633,0.3581,-0.003459999999999963,3453.093504190445
same_updates,n_sam,,,147,1.8108746810913086,0.34368,1.7890714527130127,0.35468,1.7838874237060547,0.3597,-0.0050200000000000244,3463.7595150470734
same_updates,n_sam,,,148,1.8117865240097046,0.34434,1.7935267293548585,0.35308,1.7884996997833251,0.3544,-0.0013199999999999878,3506.091537475586
same_updates,n_sam,,,149,1.8108791509246827,0.3432,1.7890352429962157,0.35412,1.7837163810729981,0.3587,-0.0045800000000000285,3516.7191174030304
same_updates,n_sam,,,150,1.8042128046417236,0.34498,1.7863434969329834,0.35652,1.7807481405258179,0.3605,-0.0039799999999999836,3562.294124364853
same_updates,n_sam,,,151,1.804724362411499,0.34638,1.788985062866211,0.35826,1.7832248962402344,0.3655,-0.007239999999999969,3572.8340742588043
same_updates,n_sam,,,152,1.8066869262695313,0.3475,1.7775956941986084,0.36282,1.7716227052688598,0.3671,-0.004280000000000006,3583.454516887665
same_updates,n_sam,,,153,1.8047864880371094,0.34714,1.7848946326065063,0.36066,1.779304638671875,0.3647,-0.0040400000000000436,3625.8850240707397
same_updates,n_sam,,,154,1.800539753189087,0.35248,1.7788984534072876,0.35948,1.7731599994659424,0.3637,-0.0042200000000000015,3636.5725235939026
same_updates,n_sam,,,155,1.7981778925323486,0.3487,1.780913578491211,0.35662,1.7750020263671875,0.3629,-0.006280000000000008,3682.257598876953
same_updates,n_sam,,,156,1.7981472341537477,0.34532,1.7816087030792236,0.35772,1.775914824295044,0.3631,-0.005379999999999996,3692.9581775665283
same_updates,n_sam,,,157,1.7977114014053344,0.34776,1.776318677368164,0.36164,1.770543691444397,0.3637,-0.0020600000000000063,3703.5392949581146
same_updates,n_sam,,,158,1.7973949884033202,0.35182,1.778055864944458,0.36414,1.7721545028686523,0.3679,-0.0037599999999999856,3746.041259765625
same_updates,n_sam,,,159,1.7942245905303955,0.35056,1.7682163689422608,0.3669,1.762126613998413,0.3728,-0.005900000000000016,3756.818212747574
same_updates,n_sam,,,160,1.7958932647323609,0.35164,1.774062405166626,0.3654,1.7679942316055297,0.3716,-0.006199999999999983,3802.278694152832
same_updates,n_sam,,,161,1.7927596298980712,0.35298,1.7738105514526368,0.36174,1.7675875373840333,0.3676,-0.005859999999999976,3813.026300907135
same_updates,n_sam,,,162,1.7922342370223998,0.35026,1.7729017157745361,0.35892,1.7668374000549316,0.3631,-0.0041799999999999615,3823.8193225860596
same_updates,n_sam,,,163,1.792569130897522,0.3504,1.7769281587982177,0.35888,1.7708896703720092,0.3622,-0.003320000000000045,3866.129767894745
same_updates,n_sam,,,164,1.7903990148162843,0.35204,1.770325439491272,0.36588,1.764010198020935,0.3697,-0.00381999999999999,3876.908430337906
same_updates,n_sam,,,165,1.7866478997039794,0.35638,1.7631709970092773,0.36938,1.7564316131591797,0.374,-0.004620000000000013,3922.281709432602
same_updates,n_sam,,,166,1.7874438632202148,0.35378,1.7673966228866578,0.37036,1.760784190750122,0.3724,-0.0020399999999999863,3932.9602601528168
same_updates,n_sam,,,167,1.782868843612671,0.35516,1.7606575176620483,0.3674,1.75373603515625,0.3718,-0.004400000000000015,3943.4823246002197
same_updates,n_sam,,,168,1.7855796545791627,0.35238,1.7701340881347656,0.3625,1.7633593467712403,0.3672,-0.0047000000000000375,3986.0502853393555
same_updates,n_sam,,,169,1.7806166064071656,0.3568,1.7639470496368408,0.3651,1.7572126111984252,0.3689,-0.0038000000000000256,3996.6075479984283
same_updates,n_sam,,,170,1.7825821047973633,0.3551,1.7579367273712159,0.36826,1.7509351070404053,0.3722,-0.003939999999999999,4042.29763174057
same_updates,n_sam,,,171,1.77940114112854,0.35382,1.76574823387146,0.37128,1.7591303398132325,0.37,0.0012800000000000034,4052.9295270442963
same_updates,n_sam,,,172,1.780631509475708,0.35898,1.7498798846054078,0.37376,1.742747677230835,0.3773,-0.003540000000000043,4063.5856943130493
same_updates,n_sam,,,173,1.7798527471160888,0.35652,1.7561866623306275,0.37112,1.7492403274536132,0.3749,-0.0037800000000000056,4105.9077253341675
same_updates,n_sam,,,174,1.7747302508926392,0.3583,1.7678871950912476,0.36688,1.7615032510757447,0.3721,-0.005220000000000002,4116.614141702652
same_updates,n_sam,,,175,1.776756100540161,0.35588,1.7525325458145142,0.3703,1.7460864784240722,0.3737,-0.0033999999999999586,4162.232858181
same_updates,n_sam,,,176,1.7769141841888427,0.3567,1.7495829345321656,0.3724,1.743240637588501,0.3753,-0.0029000000000000137,4172.9030928611755
same_updates,n_sam,,,177,1.7765382357406616,0.3557,1.7633060009002686,0.3693,1.7576220079421998,0.3691,0.00020000000000003348,4183.4800889492035
same_updates,n_sam,,,178,1.7761843753433229,0.35828,1.7560240478897096,0.37088,1.7501902156829834,0.3738,-0.0029200000000000337,4225.8314690589905
same_updates,n_sam,,,179,1.7742119134902954,0.36018,1.7491691275405883,0.37334,1.7429128467559813,0.38,-0.006659999999999999,4236.391019582748
same_updates,n_sam,,,180,1.7751253673934937,0.36128,1.754312936782837,0.37252,1.7481976810455322,0.3779,-0.005379999999999996,4282.1655015945435
same_updates,n_sam,,,181,1.773997004928589,0.3597,1.7516178717422486,0.37368,1.7461679132461547,0.3785,-0.004819999999999991,4292.810497045517
same_updates,n_sam,,,182,1.7691977236175538,0.36346,1.747872313270569,0.37484,1.7425583824157715,0.3766,-0.0017599999999999838,4303.53936958313
same_updates,n_sam,,,183,1.7720503112411499,0.36034,1.7461375035858153,0.375,1.740743503189087,0.3776,-0.002599999999999991,4345.7952353954315
same_updates,n_sam,,,184,1.7701485223770141,0.3621,1.7464522403717042,0.3748,1.7408012899398804,0.3776,-0.002799999999999969,4356.403520345688
same_updates,n_sam,,,185,1.767502462539673,0.36134,1.7450190114974975,0.37512,1.738769125366211,0.3801,-0.0049799999999999844,4401.997725009918
same_updates,n_sam,,,186,1.7643304425811768,0.36252,1.7385518175888062,0.37714,1.732064525604248,0.382,-0.004860000000000031,4412.632708311081
same_updates,n_sam,,,187,1.760567752342224,0.36446,1.7409808792495727,0.37776,1.7347902626037597,0.3804,-0.002640000000000031,4423.298502445221
same_updates,n_sam,,,188,1.7594315953826904,0.36674,1.739209500732422,0.37994,1.7330428146362304,0.3804,-0.00046000000000001595,4465.614686965942
same_updates,n_sam,,,189,1.7586963526153565,0.36486,1.732308712158203,0.37988,1.72595844039917,0.3823,-0.0024199999999999777,4476.378455877304
same_updates,n_sam,,,190,1.755029155960083,0.36534,1.7343244841766357,0.37868,1.7278677925109864,0.3815,-0.002819999999999989,4521.976145029068
same_updates,n_sam,,,191,1.7549384106063843,0.36604,1.7344029370117187,0.37822,1.7277015884399414,0.382,-0.0037800000000000056,4532.7346448898315
same_updates,n_sam,,,192,1.7537438263702392,0.36408,1.7280342034912108,0.37746,1.721433164024353,0.3845,-0.007039999999999991,4543.508045196533
same_updates,n_sam,,,193,1.751303515625,0.36628,1.7321534765625,0.37906,1.7259199718475342,0.3814,-0.0023400000000000087,4585.751767158508
same_updates,n_sam,,,194,1.7466125338745118,0.36766,1.7262506378936768,0.38252,1.7198671396255494,0.3856,-0.0030799999999999716,4596.624525785446
same_updates,n_sam,,,195,1.747932339782715,0.36762,1.7250521923065185,0.38196,1.718743443107605,0.3851,-0.003139999999999976,4641.881991386414
same_updates,n_sam,,,196,1.7456126525115967,0.3679,1.7246261694335938,0.38188,1.718055107688904,0.3843,-0.0024199999999999777,4652.597291231155
same_updates,n_sam,,,197,1.7422541271209717,0.36904,1.7219142975234984,0.38122,1.7154687408447267,0.3871,-0.005879999999999996,4663.307185649872
same_updates,n_sam,,,198,1.7393078851699828,0.3682,1.7234462350463866,0.38046,1.7172959148406983,0.3849,-0.0044399999999999995,4705.517611026764
same_updates,n_sam,,,199,1.7421918384552002,0.36878,1.715445424156189,0.38454,1.708753286743164,0.3862,-0.0016599999999999948,4716.213998556137
same_updates,n_sam,,,200,1.7379392889022827,0.36934,1.7213896081924438,0.38302,1.7150282085418702,0.3861,-0.0030799999999999716,4761.844115495682
same_updates,n_sam,,,201,1.7343400664520263,0.37362,1.7114250287246704,0.38378,1.7047615406036376,0.3887,-0.00491999999999998,4772.531347990036
same_updates,n_sam,,,202,1.732945845565796,0.37088,1.7160208785247804,0.38378,1.709504114151001,0.3854,-0.0016200000000000103,4783.222000360489
same_updates,n_sam,,,203,1.7309739401626587,0.37378,1.7184698706817627,0.3838,1.7120793691635132,0.3829,0.0008999999999999564,4825.696232557297
same_updates,n_sam,,,204,1.7297394747924804,0.37354,1.704756878051758,0.38584,1.6982969137191772,0.3892,-0.003359999999999974,4836.515986919403
same_updates,n_sam,,,205,1.72989201713562,0.3715,1.7151977910614014,0.38148,1.7095744302749634,0.3852,-0.003720000000000001,4881.908881902695
same_updates,n_sam,,,206,1.7288257708740233,0.37166,1.7205469957733155,0.38306,1.7150405925750734,0.3833,-0.00023999999999996247,4892.51215004921
same_updates,n_sam,,,207,1.7288475476074219,0.37578,1.7012660610198975,0.38966,1.6948440135955811,0.3919,-0.0022400000000000198,4903.147327423096
same_updates,n_sam,,,208,1.7290293151092528,0.37464,1.707161318321228,0.38796,1.7009428871154786,0.3885,-0.0005399999999999849,4945.635210990906
same_updates,n_sam,,,209,1.725209224243164,0.3773,1.7153709775161743,0.38352,1.7099507135391236,0.385,-0.0014799999999999813,4956.351470947266
same_updates,n_sam,,,210,1.728795636253357,0.37298,1.7023791952514649,0.38648,1.6967697690963746,0.3896,-0.0031200000000000117,5001.760541200638
same_updates,n_sam,,,211,1.7254186547470092,0.37488,1.7068430757904052,0.38678,1.7016556995391845,0.3878,-0.0010199999999999654,5012.465730190277
same_updates,n_sam,,,212,1.7257816088485718,0.37304,1.7110690602874756,0.38672,1.7063570846557616,0.3872,-0.00047999999999998044,5023.25434923172
same_updates,n_sam,,,213,1.724175711669922,0.37616,1.7028706078338622,0.38716,1.6977589752197266,0.3909,-0.003740000000000021,5065.456555843353
same_updates,n_sam,,,214,1.7268660290527345,0.37546,1.7057972436904907,0.38738,1.7006028293609619,0.3897,-0.0023199999999999887,5076.091439008713
same_updates,n_sam,,,215,1.7220455181121825,0.37744,1.7068628967285155,0.38726,1.70156711769104,0.3884,-0.0011400000000000299,5121.792359352112
same_updates,n_sam,,,216,1.722640718460083,0.3757,1.6982399965667725,0.38908,1.6931447891235352,0.3913,-0.0022199999999999998,5132.510502576828
same_updates,n_sam,,,217,1.7200130014419555,0.37754,1.7025494542694093,0.3884,1.6979915887832642,0.3896,-0.0011999999999999789,5143.1428344249725
same_updates,n_sam,,,218,1.7204609887313842,0.37558,1.702577304725647,0.38886,1.6976551822662354,0.3908,-0.0019399999999999973,5185.562479257584
same_updates,n_sam,,,219,1.7194421686553956,0.37862,1.6979026510238648,0.39008,1.692176891708374,0.3917,-0.0016200000000000103,5196.34123134613
same_updates,n_sam,,,220,1.7191257696151734,0.3801,1.701837593345642,0.38866,1.6960836009979248,0.391,-0.0023400000000000087,5241.952057123184
same_updates,n_sam,,,221,1.7188481936264037,0.37732,1.6972583002090453,0.3911,1.6916085472106934,0.3938,-0.00269999999999998,5252.519884824753
same_updates,n_sam,,,222,1.7149649083709717,0.38054,1.6933000345611573,0.39316,1.6877047910690308,0.3958,-0.0026399999999999757,5263.237604379654
same_updates,n_sam,,,223,1.713227046775818,0.37808,1.691339844970703,0.3943,1.6855171291351319,0.394,0.00029999999999996696,5305.478956699371
same_updates,n_sam,,,224,1.7122654746246337,0.37968,1.6926456225967408,0.39258,1.6869348274230958,0.3942,-0.0016200000000000103,5316.119345426559
same_updates,n_sam,,,225,1.7106728085327148,0.38022,1.6922667121124269,0.39052,1.686378162574768,0.3955,-0.00498000000000004,5361.674914360046
same_updates,n_sam,,,226,1.7088477075958253,0.38218,1.6887558367156983,0.39392,1.6826736003875733,0.3967,-0.0027800000000000047,5372.2872195243835
same_updates,n_sam,,,227,1.7057914239501952,0.38276,1.6847437002944947,0.39512,1.6787015411376953,0.3973,-0.0021799999999999597,5382.938673019409
same_updates,n_sam,,,228,1.7046160451507568,0.38198,1.6899973678207398,0.39208,1.684308843421936,0.3951,-0.0030200000000000227,5425.42343211174
same_updates,n_sam,,,229,1.7037967139053345,0.37966,1.6794688001251221,0.39522,1.6734652538299561,0.3955,-0.00028000000000000247,5436.040018320084
same_updates,n_sam,,,230,1.7020271503067017,0.38384,1.685029087791443,0.39548,1.679413729095459,0.3962,-0.0007199999999999984,5481.58470082283
same_updates,n_sam,,,231,1.702458482322693,0.38464,1.6822653853607177,0.39702,1.676204433441162,0.3974,-0.00037999999999999146,5492.310719251633
same_updates,n_sam,,,232,1.6976691353988647,0.38382,1.675850355873108,0.39748,1.6696270561218263,0.3984,-0.0009199999999999764,5503.073345184326
same_updates,n_sam,,,233,1.6962036750030518,0.38308,1.6876471996307374,0.3946,1.6823487369537353,0.3965,-0.0019000000000000128,5545.282632827759
same_updates,n_sam,,,234,1.6950672479248048,0.38634,1.674316410598755,0.39904,1.668457933807373,0.402,-0.002960000000000018,5556.022878885269
same_updates,n_sam,,,235,1.6962982105255127,0.38466,1.6743196453475953,0.39932,1.6688201946258545,0.4015,-0.0021800000000000153,5601.603094100952
same_updates,n_sam,,,236,1.6932041558837891,0.38592,1.682923942642212,0.39484,1.6780249225616455,0.3962,-0.0013599999999999723,5612.16169834137
same_updates,n_sam,,,237,1.6915337539672852,0.38572,1.67163566280365,0.39596,1.6661543647766113,0.3985,-0.0025400000000000422,5622.875345945358
same_updates,n_sam,,,238,1.6926592581176758,0.384,1.6765658228302003,0.39796,1.6716960565567016,0.3976,0.00035999999999997145,5665.287880182266
same_updates,n_sam,,,239,1.6910497409057617,0.38596,1.6828522399139405,0.39844,1.6780645885467529,0.3988,-0.00035999999999997145,5675.9834542274475
same_updates,n_sam,,,240,1.6912761150360107,0.38622,1.6645123532485961,0.40234,1.6592093784332276,0.4036,-0.0012600000000000389,5721.411843061447
same_updates,n_sam,,,241,1.6910314038467407,0.38588,1.6720688056182862,0.39894,1.6672318397521972,0.4003,-0.0013599999999999723,5732.036805391312
same_updates,n_sam,,,242,1.6894769104385376,0.38776,1.6871718990707398,0.39442,1.6831023082733154,0.3942,0.00021999999999999797,5742.586857557297
same_updates,n_sam,,,243,1.6903014759063721,0.3888,1.6731016235351563,0.39678,1.6683680597305297,0.3978,-0.0010199999999999654,5785.177850723267
same_updates,n_sam,,,244,1.690492329940796,0.38526,1.6703963192367555,0.39702,1.665343540763855,0.3998,-0.0027800000000000047,5795.751447677612
same_updates,n_sam,,,245,1.695047759437561,0.38326,1.6775401232528686,0.39606,1.673049206352234,0.3983,-0.0022399999999999642,5841.468479156494
same_updates,n_sam,,,246,1.6900487170410157,0.38852,1.6761522348022462,0.39894,1.671941540145874,0.4005,-0.0015600000000000058,5852.188351869583
same_updates,n_sam,,,247,1.6929369720840455,0.3861,1.6674835181427001,0.40448,1.662364352607727,0.4076,-0.0031200000000000117,5862.855844497681
same_updates,n_sam,,,248,1.692147814025879,0.38838,1.6666123958969117,0.4033,1.6613833450317383,0.406,-0.0027000000000000357,5905.1828372478485
same_updates,n_sam,,,249,1.6875549060058594,0.38908,1.6700189809417725,0.4024,1.6653882711410521,0.4026,-0.00020000000000003348,5915.89489030838
same_updates,n_sam,,,250,1.6873509882354736,0.38886,1.6722404061889649,0.3981,1.667648219680786,0.4012,-0.0030999999999999917,5961.43150472641
same_updates,n_sam,,,251,1.6880621543121337,0.38648,1.669149382095337,0.39782,1.6639829925537108,0.3984,-0.0005799999999999694,5972.107792854309
same_updates,n_sam,,,252,1.6892377101898193,0.38596,1.669286474571228,0.39864,1.6640384883880615,0.4,-0.0013600000000000279,5982.892926692963
same_updates,n_sam,,,253,1.6871372646713256,0.3901,1.6662912442398072,0.4029,1.6608887878417968,0.4062,-0.003300000000000025,6025.3638162612915
same_updates,n_sam,,,254,1.680954845046997,0.39278,1.6594868602752686,0.4069,1.6537498544692992,0.4092,-0.0023000000000000242,6036.018097639084
same_updates,n_sam,,,255,1.6843518091583252,0.39248,1.662000640563965,0.40632,1.6559350162506103,0.4086,-0.0022800000000000042,6081.634599208832
same_updates,n_sam,,,256,1.6843826971435547,0.39036,1.6605512928009034,0.40414,1.6545000205993652,0.4052,-0.0010600000000000054,6092.365651130676
same_updates,n_sam,,,257,1.6807220266342162,0.39024,1.6617783234405517,0.4038,1.6557552486419678,0.4042,-0.00040000000000001146,6102.9366726875305
same_updates,n_sam,,,258,1.6786184466552734,0.39282,1.6593024816513062,0.40282,1.653055739593506,0.4071,-0.004280000000000006,6145.278065443039
same_updates,n_sam,,,259,1.6778463317108154,0.39054,1.6579620740127563,0.40276,1.6518538639068603,0.4045,-0.0017400000000000193,6155.990515947342
same_updates,n_sam,,,260,1.6753151763534546,0.39086,1.6621349614715577,0.40288,1.6562581703186035,0.4041,-0.0012199999999999989,6201.512964963913
same_updates,n_sam,,,261,1.6750084341049194,0.39158,1.650591370010376,0.40874,1.644373331451416,0.4078,0.0009399999999999964,6212.156949520111
same_updates,n_sam,,,262,1.6709481676864624,0.39606,1.6563871799468994,0.40782,1.650102477645874,0.4092,-0.0013799999999999923,6222.847902536392
same_updates,n_sam,,,263,1.6709210803222656,0.39578,1.6462115560531616,0.40966,1.6401180946350098,0.4063,0.0033600000000000296,6265.094931602478
same_updates,n_sam,,,264,1.6716158014297486,0.39584,1.6577204190063477,0.4044,1.6523054174423217,0.4038,0.0005999999999999894,6275.690477848053
same_updates,n_sam,,,265,1.665290609664917,0.39632,1.653778074989319,0.40288,1.6480291667938232,0.4074,-0.0045199999999999685,6321.358654260635
same_updates,n_sam,,,266,1.6669801927947998,0.39478,1.6506748964691162,0.4046,1.6448893781661986,0.4086,-0.0040000000000000036,6332.024775505066
same_updates,n_sam,,,267,1.6642938174819946,0.39558,1.6534151044464112,0.40478,1.6477141536712647,0.4084,-0.003620000000000012,6342.7267825603485
same_updates,n_sam,,,268,1.6665492584991455,0.39314,1.6421617358398437,0.40954,1.636346552848816,0.4111,-0.0015600000000000058,6385.138143539429
same_updates,n_sam,,,269,1.6638021380233765,0.39628,1.6505049908065796,0.40752,1.6450918640136718,0.4074,0.00012000000000000899,6395.834357023239
same_updates,n_sam,,,270,1.6619490021133423,0.39648,1.6407763509368896,0.4104,1.63501448097229,0.4089,0.0015000000000000013,6441.245839834213
same_updates,n_sam,,,271,1.6615348349761963,0.39982,1.6453914834594727,0.4091,1.6398997423171997,0.4111,-0.0020000000000000018,6451.816871404648
same_updates,n_sam,,,272,1.6611233995819092,0.39636,1.6488650318145752,0.40626,1.6436692825317383,0.4086,-0.0023400000000000087,6462.416883230209
same_updates,n_sam,,,273,1.6575559839248657,0.3988,1.6405925894165039,0.4079,1.6349098318099975,0.4125,-0.004599999999999993,6504.998363733292
same_updates,n_sam,,,274,1.6584093481445312,0.39772,1.6418919524765014,0.4093,1.6366930076599122,0.4115,-0.0021999999999999797,6515.681386947632
same_updates,n_sam,,,275,1.656682967300415,0.39584,1.6392225708007813,0.41042,1.6339803062438965,0.4113,-0.0008799999999999919,6561.33197426796
same_updates,n_sam,,,276,1.657796962890625,0.39658,1.6432564890289307,0.40848,1.6372389099121094,0.4123,-0.00381999999999999,6571.986992120743
same_updates,n_sam,,,277,1.6550484935760499,0.40026,1.6441365201568603,0.40748,1.6384101745605468,0.4104,-0.002919999999999978,6582.673239946365
same_updates,n_sam,,,278,1.6546577896499635,0.39982,1.6338064832305907,0.41186,1.628908769607544,0.4126,-0.0007400000000000184,6625.055604457855
same_updates,n_sam,,,279,1.6575496154403686,0.3969,1.6361407623291016,0.41022,1.6311765995025636,0.414,-0.0037800000000000056,6635.723657608032
same_updates,n_sam,,,280,1.652550191040039,0.39868,1.6436466762542725,0.40566,1.637922935295105,0.4118,-0.006139999999999979,6681.417406082153
same_updates,n_sam,,,281,1.6532858325958253,0.39746,1.6355182098388672,0.40848,1.6295809242248536,0.4103,-0.0018199999999999883,6692.031183481216
same_updates,n_sam,,,282,1.6533251767730712,0.39762,1.6445124932479858,0.40846,1.6395693439483643,0.4093,-0.0008400000000000074,6702.664663314819
same_updates,n_sam,,,283,1.6556768395233155,0.39916,1.6406514966583252,0.4129,1.6356358251571654,0.4146,-0.0017000000000000348,6745.045119047165
same_updates,n_sam,,,284,1.6573040753555297,0.39862,1.6299711042022704,0.41614,1.624739582824707,0.4186,-0.0024600000000000177,6755.770677089691
same_updates,n_sam,,,285,1.6558375652313233,0.4017,1.6370982818603517,0.41182,1.632317958831787,0.4138,-0.0019799999999999818,6801.378959178925
same_updates,n_sam,,,286,1.6533414010620118,0.40072,1.6468681631851196,0.40854,1.6426846008300782,0.4076,0.0009399999999999964,6812.064944028854
same_updates,n_sam,,,287,1.6557185815048219,0.40206,1.6419726165390014,0.4095,1.6376071090698243,0.4096,-0.0001000000000000445,6822.84805226326
same_updates,n_sam,,,288,1.6538815964126587,0.39868,1.6351693743133544,0.41056,1.6300104648590088,0.4121,-0.0015400000000000413,6864.971765756607
same_updates,n_sam,,,289,1.6551079877090453,0.39864,1.6353412894058228,0.41072,1.6301476612091064,0.4108,-8.00000000000245e-05,6875.603664398193
same_updates,n_sam,,,290,1.6555923483657837,0.39866,1.636760785446167,0.4114,1.6322635398864747,0.4117,-0.00030000000000002247,6921.254647254944
same_updates,n_sam,,,291,1.6515333576202393,0.39906,1.639503091392517,0.4118,1.635457307624817,0.4104,0.0014000000000000123,6931.904774188995
same_updates,n_sam,,,292,1.6492242028045654,0.40486,1.6300936907958985,0.41438,1.6257925413131713,0.4135,0.0008800000000000474,6942.431936740875
same_updates,n_sam,,,293,1.6532110131073,0.40392,1.6335609156036377,0.41516,1.6292468982696533,0.4122,0.0029599999999999627,6984.819086551666
same_updates,n_sam,,,294,1.6508778115844727,0.40086,1.625861350364685,0.41798,1.6213908252716065,0.4171,0.0008799999999999919,6995.449228286743
same_updates,n_sam,,,295,1.6518202698135376,0.4025,1.6299984173202515,0.41534,1.6257461324691773,0.416,-0.0006599999999999939,7041.055355787277
same_updates,n_sam,,,296,1.645027777748108,0.40536,1.63025755153656,0.41432,1.6260165925979615,0.4109,0.003420000000000034,7051.714477300644
same_updates,n_sam,,,297,1.6419675085067749,0.40592,1.6292869689941407,0.41374,1.6249729709625245,0.4123,0.0014399999999999968,7062.499845266342
same_updates,n_sam,,,298,1.643537767982483,0.4017,1.6288313404083252,0.41356,1.6249929698944092,0.4133,0.00025999999999998247,7104.863586187363
same_updates,n_sam,,,299,1.6414112981414795,0.40614,1.6183891458129882,0.41826,1.6145818943023682,0.4153,0.002960000000000018,7115.472211360931
same_updates,n_sam,,,300,1.6424664136123657,0.40388,1.6304525481796264,0.41588,1.6267698818206786,0.4153,0.0005800000000000249,7161.042624473572
same_updates,n_sam,,,301,1.640382425880432,0.40394,1.6221507776641846,0.41668,1.6178166887283325,0.4165,0.00018000000000001348,7171.74711561203
same_updates,n_sam,,,302,1.6427365814208985,0.40326,1.6226386422729493,0.41496,1.6185258680343628,0.4129,0.0020600000000000063,7182.3960502147675
same_updates,n_sam,,,303,1.6404008542251587,0.405,1.633906510848999,0.41256,1.6306206783294677,0.4144,-0.0018400000000000083,7224.819108247757
same_updates,n_sam,,,304,1.6394464135742188,0.40442,1.6138348620224,0.4191,1.6101740161895752,0.4185,0.0005999999999999894,7235.4118757247925
same_updates,n_sam,,,305,1.6384263158416748,0.40384,1.6196571459197997,0.41672,1.6160463855743408,0.4202,-0.0034800000000000386,7281.009489536285
same_updates,n_sam,,,306,1.635606528930664,0.40528,1.6267044958877563,0.41234,1.6231610240936278,0.4152,-0.002860000000000029,7291.715617656708
same_updates,n_sam,,,307,1.6344315727996825,0.40726,1.6164459587860107,0.41476,1.61270878200531,0.4149,-0.00013999999999997348,7302.351064920425
same_updates,n_sam,,,308,1.6361011560440064,0.40584,1.6207527770233154,0.41554,1.6172189239501953,0.4188,-0.003259999999999985,7344.6643126010895
same_updates,n_sam,,,309,1.6342105017089843,0.40762,1.6242172910308839,0.41526,1.6205402572631835,0.4187,-0.0034399999999999986,7355.200282335281
same_updates,n_sam,,,310,1.631916724205017,0.40652,1.609809041481018,0.42026,1.6060435472488404,0.4215,-0.0012399999999999634,7400.962668895721
same_updates,n_sam,,,311,1.6318716262435913,0.4074,1.6179961242675782,0.41628,1.614629891204834,0.4211,-0.004819999999999991,7411.649995326996
same_updates,n_sam,,,312,1.6322081299591065,0.40916,1.6241479412460327,0.41416,1.6207162519454956,0.4192,-0.0050400000000000444,7422.303021192551
same_updates,n_sam,,,313,1.6311516321182251,0.40766,1.6124734954071045,0.4169,1.6083248527526854,0.4212,-0.004300000000000026,7464.63414812088
same_updates,n_sam,,,314,1.6312087466812133,0.40854,1.616674727859497,0.41664,1.6123568016052245,0.4193,-0.0026599999999999957,7475.253126382828
same_updates,n_sam,,,315,1.6311682177352906,0.40698,1.614404504966736,0.4191,1.6102982555389405,0.4215,-0.0024000000000000132,7520.957989215851
same_updates,n_sam,,,316,1.6298964931488038,0.40686,1.6087426147842407,0.4216,1.6049571388244628,0.4237,-0.0021000000000000463,7531.685137748718
same_updates,n_sam,,,317,1.6289750652694701,0.41024,1.6150216135406494,0.41658,1.611164076423645,0.423,-0.006419999999999981,7542.386184453964
same_updates,n_sam,,,318,1.6282393380355835,0.40818,1.615973293838501,0.41798,1.612106237411499,0.4236,-0.005619999999999958,7584.654862642288
same_updates,n_sam,,,319,1.6259350901031495,0.41106,1.6046559148788453,0.42164,1.6006062938690186,0.4236,-0.0019599999999999618,7595.245279312134
same_updates,n_sam,,,320,1.6262005563354491,0.41142,1.6127396350860597,0.41924,1.6086299457550048,0.4223,-0.003060000000000007,7605.8890652656555
same_updates,n_sam,,,321,1.6249569762420655,0.41218,1.613231679649353,0.4181,1.6087630756378173,0.4214,-0.0032999999999999696,7648.13264465332
same_updates,n_sam,,,322,1.6229680242538451,0.41138,1.604093994140625,0.42054,1.59988033618927,0.427,-0.006459999999999966,7658.909507989883
same_updates,n_sam,,,323,1.6242775885391236,0.41006,1.6137703094100952,0.41898,1.6105824691772461,0.4221,-0.003119999999999956,7704.246541023254
same_updates,n_sam,,,324,1.6228769277954103,0.4103,1.6106515639495849,0.41914,1.6069481336593627,0.4242,-0.005060000000000009,7714.977967262268
same_updates,n_sam,,,325,1.6214218668365479,0.41308,1.6016413745117188,0.42288,1.5972297454833984,0.4274,-0.004520000000000024,7725.789934158325
same_updates,n_sam,,,326,1.6198959964752198,0.41358,1.6130743951416016,0.41914,1.608875841140747,0.4232,-0.004060000000000008,7768.300097942352
same_updates,n_sam,,,327,1.61764625,0.41334,1.6041128498077393,0.41996,1.6001189748764038,0.424,-0.004039999999999988,7778.984315633774
same_updates,n_sam,,,328,1.6178635865020752,0.41172,1.6022224826812743,0.42096,1.598138865661621,0.4262,-0.005240000000000022,7824.744653701782
same_updates,n_sam,,,329,1.61830527217865,0.40988,1.6057929302978515,0.41936,1.6016584423065185,0.4275,-0.00813999999999998,7835.2794053554535
same_updates,n_sam,,,330,1.6158260265350342,0.4128,1.6017218395614623,0.42118,1.5977637006759644,0.4268,-0.005620000000000014,7845.844084024429
same_updates,n_sam,,,331,1.618301625289917,0.41078,1.6067785250473023,0.42142,1.6026691589355468,0.4266,-0.005179999999999962,7887.883200407028
same_updates,n_sam,,,332,1.613645196838379,0.41506,1.6010254900360108,0.4222,1.5969307878494263,0.4281,-0.005899999999999961,7898.656779766083
same_updates,n_sam,,,333,1.6133755310440063,0.41246,1.596077261428833,0.42302,1.5920785480499267,0.428,-0.0049799999999999844,7944.116326332092
same_updates,n_sam,,,334,1.6096029761505126,0.41536,1.601228243637085,0.42066,1.5970578369140624,0.4269,-0.006240000000000023,7954.761682033539
same_updates,n_sam,,,335,1.6127943927001953,0.41282,1.6008819610214233,0.42068,1.5966150020599366,0.4271,-0.006419999999999981,7965.410692453384
same_updates,n_sam,,,336,1.6112452575302123,0.4132,1.5999090671539307,0.4218,1.5958570922851563,0.4265,-0.004699999999999982,8007.854329586029
same_updates,n_sam,,,337,1.6117609656143188,0.41398,1.5919496184539794,0.4233,1.5872810287475585,0.4277,-0.004400000000000015,8018.3949065208435
same_updates,n_sam,,,338,1.6092961206436158,0.41526,1.5975983277130128,0.42354,1.5933611461639405,0.4279,-0.004359999999999975,8064.126051425934
same_updates,n_sam,,,339,1.6081969500350952,0.4168,1.599814040298462,0.42298,1.5962260097503662,0.4268,-0.00381999999999999,8074.741152048111
same_updates,n_sam,,,340,1.6081124850082398,0.41696,1.591619204750061,0.42262,1.5870402479171752,0.4273,-0.0046800000000000175,8085.407270908356
same_updates,n_sam,,,341,1.609245630531311,0.41356,1.6019748989868163,0.42154,1.5976210708618164,0.426,-0.004459999999999964,8127.787122488022
same_updates,n_sam,,,342,1.6072662287139892,0.41798,1.5889832510757447,0.42438,1.585160795211792,0.4294,-0.0050200000000000244,8138.504858016968
same_updates,n_sam,,,343,1.6057475830459595,0.4177,1.5958193353652954,0.42264,1.5922763736724854,0.4271,-0.004459999999999964,8184.184693574905
same_updates,n_sam,,,344,1.6079643866729736,0.41672,1.6072116678237915,0.41758,1.6032177467346191,0.4243,-0.006720000000000004,8194.910699605942
same_updates,n_sam,,,345,1.6065845797348022,0.41514,1.588086381149292,0.42486,1.5838813121795654,0.4315,-0.006639999999999979,8205.417527914047
same_updates,n_sam,,,346,1.6031968523406983,0.41852,1.5954553735733032,0.42596,1.592146588897705,0.4299,-0.003939999999999999,8247.800490379333
same_updates,n_sam,,,347,1.6064718006134033,0.4182,1.5933887146377563,0.4261,1.5897814807891846,0.4289,-0.0028000000000000247,8258.487095832825
same_updates,n_sam,,,348,1.6003180783462525,0.42104,1.591406812362671,0.4243,1.5871804321289062,0.428,-0.003699999999999981,8304.068480730057
same_updates,n_sam,,,349,1.6018691568756103,0.41754,1.602438179397583,0.42202,1.5988387008666993,0.4272,-0.005180000000000018,8314.73221540451
same_updates,n_sam,,,350,1.6058405725860596,0.41756,1.5903834622955322,0.42774,1.5870958208084107,0.4296,-0.0018599999999999728,8325.342010498047
same_updates,n_sam,,,351,1.6031941079711913,0.4188,1.5825029668807984,0.42914,1.5786227668762207,0.4354,-0.006259999999999988,8367.708939552307
same_updates,n_sam,,,352,1.6025998404312134,0.42008,1.596362091026306,0.42478,1.592572347831726,0.4288,-0.0040200000000000236,8378.43530011177
same_updates,n_sam,,,353,1.6016737671661376,0.42112,1.589206665611267,0.42582,1.5856108526229857,0.4274,-0.0015800000000000258,8424.077661275864
same_updates,n_sam,,,354,1.6022573306274415,0.41806,1.5882791493988038,0.4261,1.5846770608901977,0.4291,-0.0030000000000000027,8434.690953731537
same_updates,n_sam,,,355,1.6021678789901734,0.41646,1.5941163397216798,0.42664,1.5904294818878173,0.4292,-0.0025600000000000067,8445.35548377037
same_updates,n_sam,,,356,1.6025261408233642,0.41804,1.5818818720245362,0.43084,1.5780132236480713,0.4345,-0.0036599999999999966,8487.581639528275
same_updates,n_sam,,,357,1.6014047130584717,0.41878,1.5852235892105102,0.42832,1.5815572067260741,0.4328,-0.0044800000000000395,8498.348963975906
same_updates,n_sam,,,358,1.5992377684783936,0.41972,1.5967823723983765,0.42432,1.5933249198913575,0.429,-0.0046800000000000175,8544.022548913956
same_updates,n_sam,,,359,1.6008987628173827,0.41548,1.59022751953125,0.42622,1.5864558227539063,0.4319,-0.005680000000000018,8554.80066871643
same_updates,n_sam,,,360,1.6003041430664062,0.41858,1.5818677124786378,0.43012,1.57830810546875,0.4326,-0.0024799999999999822,8565.435814380646
same_updates,n_sam,,,361,1.6002192339324952,0.41992,1.5851868096542359,0.42906,1.5817660884857179,0.4316,-0.0025399999999999867,8607.639503002167
same_updates,n_sam,,,362,1.599337440223694,0.4197,1.587036752281189,0.42714,1.5833287685394286,0.4312,-0.004060000000000008,8618.354895114899
same_updates,n_sam,,,363,1.5954056374740602,0.42084,1.5830798269653321,0.42786,1.5793084993362427,0.4318,-0.003939999999999999,8663.954321146011
same_updates,n_sam,,,364,1.595186305809021,0.41972,1.5910013180541993,0.42726,1.5878201961517333,0.4323,-0.0050400000000000444,8674.59279036522
same_updates,n_sam,,,365,1.5958392290878296,0.41912,1.579311279258728,0.43022,1.5755678466796874,0.4338,-0.0035800000000000276,8685.368760108948
same_updates,n_sam,,,366,1.5942916460418701,0.41854,1.5775195751953126,0.43004,1.573568868637085,0.4344,-0.0043600000000000305,8727.511340141296
same_updates,n_sam,,,367,1.5959062350082398,0.42162,1.594627904624939,0.42578,1.5913353759765625,0.4308,-0.0050200000000000244,8738.08721613884
same_updates,n_sam,,,368,1.5956836059188844,0.42,1.579071676979065,0.42916,1.5754583225250245,0.4317,-0.0025399999999999867,8783.99705862999
same_updates,n_sam,,,369,1.5922710698699951,0.42184,1.5733358292007447,0.43196,1.569445161819458,0.4349,-0.002939999999999998,8794.754606962204
same_updates,n_sam,,,370,1.59180643283844,0.42288,1.587510850906372,0.42896,1.5842095985412599,0.4331,-0.004139999999999977,8805.340610980988
same_updates,n_sam,,,371,1.5936724285507202,0.4226,1.5768652655410766,0.43198,1.5734973327636719,0.4357,-0.003720000000000001,8847.790751218796
same_updates,n_sam,,,372,1.5912733340072631,0.42408,1.5739146483993531,0.43128,1.5700747055053712,0.4336,-0.0023199999999999887,8858.506655454636
same_updates,n_sam,,,373,1.590850781211853,0.42466,1.5891746514892577,0.4262,1.5857163318634033,0.4289,-0.00269999999999998,8903.851817369461
same_updates,n_sam,,,374,1.587081927833557,0.42398,1.579931783065796,0.42978,1.576858553314209,0.4326,-0.002819999999999989,8914.558638811111
same_updates,n_sam,,,375,1.5888672479248047,0.4215,1.5684023596572876,0.43458,1.5649437391281127,0.4386,-0.004019999999999968,8925.117883682251
same_updates,n_sam,,,376,1.592098412513733,0.42012,1.5745176628875732,0.43234,1.5710583232879638,0.4368,-0.0044600000000000195,8967.60846233368
same_updates,n_sam,,,377,1.587256215209961,0.42338,1.5815815369033814,0.4305,1.578352653503418,0.435,-0.004500000000000004,8978.15973520279
same_updates,n_sam,,,378,1.587953949661255,0.42368,1.570866053199768,0.433,1.5673305198669434,0.437,-0.0040000000000000036,9023.887611150742
same_updates,n_sam,,,379,1.587112466468811,0.42826,1.573088536682129,0.43184,1.5695266357421875,0.4363,-0.0044600000000000195,9034.571927785873
same_updates,n_sam,,,380,1.5882885034942626,0.42002,1.5766783618545532,0.43198,1.5733675357818604,0.4372,-0.005220000000000002,9045.198216199875
same_updates,n_sam,,,381,1.5878458573150636,0.42388,1.572228864402771,0.43306,1.5681871355056762,0.4372,-0.004139999999999977,9087.396020650864
same_updates,n_sam,,,382,1.5834227813720703,0.42552,1.5698730298614503,0.43346,1.5656975500106811,0.436,-0.0025399999999999867,9097.953364610672
same_updates,n_sam,,,383,1.5813665209579468,0.42634,1.5736985168838502,0.4331,1.5701246768951416,0.4376,-0.004500000000000004,9143.86264538765
same_updates,n_sam,,,384,1.584805917930603,0.42622,1.5701974655914306,0.4334,1.5658862071990967,0.4397,-0.006299999999999972,9154.530189037323
same_updates,n_sam,,,385,1.5807838946533204,0.42512,1.5615272803497315,0.43768,1.5572544673919677,0.4416,-0.003919999999999979,9165.278188467026
same_updates,n_sam,,,386,1.5814459313583373,0.4275,1.5722229476165772,0.43372,1.568600393295288,0.4384,-0.0046800000000000175,9207.485917806625
same_updates,n_sam,,,387,1.5789997650146483,0.42864,1.5722365856933593,0.4323,1.5674966314315797,0.4354,-0.0030999999999999917,9218.134496450424
same_updates,n_sam,,,388,1.57991837890625,0.4255,1.5621682788467408,0.43626,1.5575922065734864,0.441,-0.004740000000000022,9263.85802602768
same_updates,n_sam,,,389,1.5805771060180664,0.42514,1.5703484334564208,0.43438,1.5669250549316407,0.4388,-0.004420000000000035,9274.580498456955
same_updates,n_sam,,,390,1.577850326499939,0.42774,1.5697866793441773,0.43444,1.5655804862976075,0.4383,-0.00386000000000003,9285.193247318268
same_updates,n_sam,,,391,1.57940100856781,0.42574,1.5599865808105469,0.43594,1.5552947624206543,0.4397,-0.0037599999999999856,9327.462597846985
same_updates,n_sam,,,392,1.5759190161132812,0.42832,1.5660300394058229,0.43464,1.5622235845565795,0.4387,-0.0040599999999999525,9338.204763412476
same_updates,n_sam,,,393,1.5756543628311157,0.42844,1.572107767715454,0.43372,1.5686818477630615,0.4386,-0.0048799999999999955,9383.740617275238
same_updates,n_sam,,,394,1.5769138961791993,0.42752,1.5581553680801392,0.43704,1.554178503227234,0.4413,-0.0042600000000000415,9394.415616512299
same_updates,n_sam,,,395,1.5762746100234986,0.42934,1.5645969622039795,0.43466,1.5604896337509155,0.4388,-0.0041400000000000325,9405.098325014114
same_updates,n_sam,,,396,1.5719628484725952,0.4306,1.574569041748047,0.43286,1.5712714017868041,0.4365,-0.0036399999999999766,9447.497879266739
same_updates,n_sam,,,397,1.5743988750457765,0.43062,1.5598180913543702,0.43848,1.5562709352493287,0.4417,-0.0032200000000000006,9458.201956272125
same_updates,n_sam,,,398,1.5703831561279298,0.43064,1.5609463060760498,0.43736,1.5567930061340332,0.4409,-0.0035399999999999876,9503.87423658371
same_updates,n_sam,,,399,1.572358702392578,0.43026,1.5648084198760985,0.43546,1.5609712453842164,0.4379,-0.0024399999999999977,9514.594022274017
same_updates,n_sam,,,400,1.573376957092285,0.43062,1.5611985205078125,0.43788,1.5580786005020142,0.4393,-0.0014200000000000323,9525.269799947739
same_updates,n_sam,,,401,1.571708894920349,0.42916,1.5608830004119874,0.43606,1.5572862442016602,0.439,-0.002939999999999998,9567.663706302643
same_updates,n_sam,,,402,1.571863157272339,0.43,1.5664759796524048,0.43466,1.5625138736724853,0.4377,-0.003039999999999987,9578.377556324005
same_updates,n_sam,,,403,1.5715878680801392,0.42978,1.556638688621521,0.43848,1.5528782917022705,0.4395,-0.0010200000000000209,9624.069553375244
same_updates,n_sam,,,404,1.5674622797393798,0.43136,1.5607086864471436,0.43694,1.5575411323547363,0.4403,-0.0033600000000000296,9634.731585264206
same_updates,n_sam,,,405,1.5692147741699218,0.42964,1.5650869073486329,0.43652,1.5613696912765502,0.4395,-0.0029799999999999827,9645.385691404343
same_updates,n_sam,,,406,1.5717715002059935,0.42812,1.5528234265136718,0.44054,1.5484198783874512,0.4423,-0.0017600000000000393,9687.65303659439
same_updates,n_sam,,,407,1.565717268638611,0.43178,1.555282569618225,0.44038,1.5512317924499512,0.4426,-0.0022199999999999998,9698.281049728394
same_updates,n_sam,,,408,1.5660012577056885,0.4336,1.562994838294983,0.43732,1.5596527454376221,0.4388,-0.0014800000000000368,9743.957293748856
same_updates,n_sam,,,409,1.5658856990051269,0.42992,1.5590117713165283,0.43708,1.555067671585083,0.4395,-0.0024199999999999777,9754.683978319168
same_updates,n_sam,,,410,1.569023787536621,0.42804,1.5592485906219482,0.4378,1.5553478843688966,0.441,-0.0031999999999999806,9765.437732934952
same_updates,n_sam,,,411,1.566852698364258,0.43114,1.5562856716156006,0.43964,1.5526296844482421,0.4414,-0.0017600000000000393,9807.648807525635
same_updates,n_sam,,,412,1.5673515599822998,0.43464,1.5529701458358764,0.43968,1.5490361206054688,0.4412,-0.0015199999999999658,9818.377848386765
same_updates,n_sam,,,413,1.5621736849212646,0.434,1.5638194488143922,0.4362,1.5597691917419434,0.4381,-0.0019000000000000128,9863.965658664703
same_updates,n_sam,,,414,1.5649435620880128,0.4316,1.5521050350570678,0.44094,1.5486185409545898,0.4432,-0.0022599999999999842,9874.731756925583
same_updates,n_sam,,,415,1.5628521035385132,0.4321,1.552518963279724,0.44078,1.5492424701690675,0.4418,-0.0010200000000000209,9885.464536428452
same_updates,n_sam,,,416,1.5628583990859986,0.43256,1.5582474435424805,0.43836,1.5546114845275878,0.4405,-0.0021399999999999753,9927.669082164764
same_updates,n_sam,,,417,1.5596386666870117,0.43348,1.560604214401245,0.43782,1.5566625942230226,0.439,-0.0011800000000000144,9938.41581940651
same_updates,n_sam,,,418,1.5618235375213623,0.43258,1.5545242498779297,0.44034,1.5506798110961915,0.4404,-6.0000000000004494e-05,9984.079693078995
same_updates,n_sam,,,419,1.5617374112319946,0.43264,1.549003814086914,0.4423,1.5454515207290649,0.443,-0.0006999999999999784,9994.717367649078
same_updates,n_sam,,,420,1.5613393573379517,0.43262,1.5524350354385377,0.4408,1.5491917905807495,0.4412,-0.00039999999999995595,10005.443628072739
same_updates,n_sam,,,421,1.5574834984588624,0.43544,1.553533793296814,0.43936,1.5500620441436768,0.4414,-0.0020400000000000418,10047.78778719902
same_updates,n_sam,,,422,1.556155118484497,0.43378,1.5617584704208374,0.4366,1.5584144033432006,0.4389,-0.0023000000000000242,10058.405230045319
same_updates,n_sam,,,423,1.559611771812439,0.4337,1.5455975896453857,0.44254,1.5420116933822632,0.4443,-0.0017599999999999838,10104.085482358932
same_updates,n_sam,,,424,1.5554418340301515,0.43716,1.5518283977508545,0.44148,1.5487174629211427,0.4431,-0.0016200000000000103,10114.878712892532
same_updates,n_sam,,,425,1.5593935696029664,0.4291,1.5465895838165282,0.44246,1.5433410976409911,0.4443,-0.0018399999999999528,10125.760995864868
same_updates,n_sam,,,426,1.5570325884628295,0.43558,1.5493835443115234,0.4405,1.5460533432006835,0.4414,-0.0009000000000000119,10167.774206638336
same_updates,n_sam,,,427,1.554253752670288,0.43662,1.5566389933013915,0.43906,1.5538395553588866,0.4414,-0.0023400000000000087,10178.42193365097
same_updates,n_sam,,,428,1.5601633905792236,0.43408,1.5398913384246826,0.44452,1.5368995964050294,0.4462,-0.0016799999999999593,10224.09674692154
same_updates,n_sam,,,429,1.554673694229126,0.43668,1.550732162399292,0.44164,1.5483563720703124,0.4432,-0.0015600000000000058,10234.804229974747
same_updates,n_sam,,,430,1.5560756121063233,0.43542,1.5428507610321045,0.44406,1.5406595264434815,0.4448,-0.0007399999999999629,10245.707597732544
same_updates,n_sam,,,431,1.5546140887832642,0.4351,1.5419206646347046,0.44378,1.5395047115325928,0.4445,-0.0007199999999999984,10288.23298406601
same_updates,n_sam,,,432,1.5536501932525635,0.43546,1.552230164794922,0.44052,1.5496414978027344,0.44,0.0005200000000000204,10299.246017217636
same_updates,n_sam,,,433,1.5494773318481445,0.43576,1.5341696509552003,0.44724,1.5313107061386109,0.449,-0.0017599999999999838,10344.998708248138
same_updates,n_sam,,,434,1.5517375436401368,0.4389,1.5431306103134155,0.44412,1.5410864540100098,0.4456,-0.0014799999999999813,10356.312294483185
same_updates,n_sam,,,435,1.5518186159515381,0.43612,1.5452657332992554,0.44314,1.5436851306915282,0.4445,-0.0013600000000000279,10400.826346158981
same_updates,n_sam,,,436,1.549922330932617,0.43792,1.5365751473236084,0.44578,1.5343726154327393,0.445,0.0007800000000000029,10411.509974718094
same_updates,n_sam,,,437,1.5509349840927125,0.43818,1.5440338684082031,0.44324,1.5417755178451538,0.443,0.00024000000000001798,10422.153281211853
same_updates,n_sam,,,438,1.5528124628067017,0.43876,1.5439703560638427,0.44424,1.5416501832962035,0.4451,-0.0008599999999999719,10464.716185331345
same_updates,n_sam,,,439,1.5479580144882201,0.4387,1.5305670378875733,0.44792,1.5278490684509278,0.4493,-0.0013799999999999923,10475.320345640182
same_updates,n_sam,,,440,1.5477518459701538,0.43964,1.5397907550048828,0.44474,1.537646297645569,0.4473,-0.002559999999999951,10485.974068403244
same_updates,n_sam,,,441,1.5500294705581665,0.43894,1.5437274585342406,0.44322,1.541409023284912,0.4434,-0.00018000000000001348,10528.150053024292
same_updates,n_sam,,,442,1.546191837463379,0.43696,1.5314741302871704,0.4475,1.528878992843628,0.4482,-0.0006999999999999784,10538.87089920044
same_updates,n_sam,,,443,1.5470366998291016,0.43802,1.5342090350341797,0.44748,1.5313349462509156,0.4477,-0.00021999999999999797,10584.582108974457
same_updates,n_sam,,,444,1.547004278831482,0.43892,1.5393236400604249,0.4451,1.5364327281951904,0.4446,0.0005000000000000004,10595.256800889969
same_updates,n_sam,,,445,1.5430316199111938,0.43924,1.5289679663085938,0.4486,1.526374621772766,0.4487,-9.999999999998899e-05,10605.906071186066
same_updates,n_sam,,,446,1.5439709170532228,0.43958,1.5364009241104126,0.44566,1.534363377380371,0.4482,-0.0025399999999999867,10647.945440769196
same_updates,n_sam,,,447,1.5423668230438232,0.437,1.5406324139785768,0.44366,1.5384478420257568,0.4464,-0.00274000000000002,10658.67477607727
same_updates,n_sam,,,448,1.5424486309051513,0.4397,1.5312970874023437,0.44776,1.529009481048584,0.4492,-0.0014399999999999968,10704.16263794899
same_updates,n_sam,,,449,1.5399938671112061,0.44112,1.535654349975586,0.44702,1.5333642009735107,0.4456,0.0014199999999999768,10714.847001791
same_updates,n_sam,,,450,1.540061522026062,0.4386,1.534315460281372,0.4476,1.5319532150268556,0.446,0.0015999999999999903,10725.497022867203
same_updates,n_sam,,,451,1.5430451135253906,0.43936,1.5272440866851806,0.45008,1.5251586023330688,0.4507,-0.0006200000000000094,10767.800756454468
same_updates,n_sam,,,452,1.5405320360565185,0.44188,1.5325294152832032,0.44836,1.530267379951477,0.4487,-0.00034000000000000696,10778.529614210129
same_updates,n_sam,,,453,1.5382137366485595,0.43996,1.5345327643203734,0.44624,1.532564465904236,0.4481,-0.0018599999999999728,10824.123089075089
same_updates,n_sam,,,454,1.5396830432510376,0.43916,1.530669745826721,0.449,1.5283510410308838,0.449,0.0,10834.84448337555
same_updates,n_sam,,,455,1.5384926550292968,0.44272,1.5331194128036498,0.4472,1.5306698560714722,0.4475,-0.00030000000000002247,10845.636899709702
same_updates,n_sam,,,456,1.538630082321167,0.44276,1.5201775372695923,0.45138,1.5175942293167115,0.452,-0.0006200000000000094,10887.967128515244
same_updates,n_sam,,,457,1.5346072299194335,0.44308,1.5307018393707275,0.44836,1.5290066352844238,0.4494,-0.001040000000000041,10898.718120574951
same_updates,n_sam,,,458,1.5378130661773681,0.44368,1.5352351232147217,0.44536,1.5329282041549683,0.4462,-0.0008400000000000074,10944.170435667038
same_updates,n_sam,,,459,1.5347156478500366,0.44024,1.5287865545654298,0.4481,1.5266269554138183,0.4483,-0.00019999999999997797,10954.886417388916
same_updates,n_sam,,,460,1.5353926049041748,0.44068,1.5293305038833618,0.4487,1.5270013385772705,0.4502,-0.0015000000000000013,10965.577176094055
same_updates,n_sam,,,461,1.5305218479156495,0.44528,1.5300780112457275,0.4483,1.5279295078277588,0.4493,-0.0010000000000000009,11007.836742162704
same_updates,n_sam,,,462,1.5297240549850464,0.44386,1.521108418006897,0.45032,1.5181317768096925,0.4511,-0.0007800000000000029,11018.54861330986
same_updates,n_sam,,,463,1.5318850833129882,0.44346,1.5275319789886475,0.44994,1.525761357307434,0.4513,-0.0013599999999999723,11064.207631587982
same_updates,n_sam,,,464,1.5292432357788086,0.4456,1.5258692486572265,0.45002,1.5241219718933106,0.4522,-0.0021800000000000153,11074.797030687332
same_updates,n_sam,,,465,1.5305033011245728,0.44352,1.5253188385391236,0.4485,1.522681623840332,0.4498,-0.0012999999999999678,11085.464548587799
same_updates,n_sam,,,466,1.5308572784042358,0.4444,1.5348063610839844,0.44718,1.5327854206085205,0.446,0.0011800000000000144,11127.717050790787
same_updates,n_sam,,,467,1.5310480109405518,0.44258,1.5213870943450927,0.45198,1.5194457584381102,0.4509,0.0010799999999999699,11138.461197137833
same_updates,n_sam,,,468,1.5330644499969484,0.44192,1.520025422935486,0.45208,1.5173989768981933,0.4528,-0.0007199999999999984,11184.127531051636
same_updates,n_sam,,,469,1.5325370569992065,0.4427,1.5353781708145142,0.44684,1.5331652183532716,0.4484,-0.0015600000000000058,11194.778171539307
same_updates,n_sam,,,470,1.5310758562469482,0.44462,1.5253643603897096,0.44922,1.52368720703125,0.454,-0.0047800000000000065,11205.453342437744
same_updates,n_sam,,,471,1.5315881894302368,0.44518,1.5200532974243164,0.4525,1.5175823181152344,0.4546,-0.0020999999999999908,11247.797006368637
same_updates,n_sam,,,472,1.5293338943862915,0.44646,1.5305021993637085,0.449,1.5278465240478516,0.4492,-0.00019999999999997797,11258.51817703247
same_updates,n_sam,,,473,1.530244617996216,0.44458,1.52478301486969,0.45134,1.52237396774292,0.4506,0.0007400000000000184,11304.099733352661
same_updates,n_sam,,,474,1.5324145276641845,0.44152,1.5229792099380492,0.4513,1.5203776954650878,0.45,0.0012999999999999678,11314.785200119019
same_updates,n_sam,,,475,1.528535896949768,0.44318,1.5292727676391602,0.4491,1.5266055534362792,0.4503,-0.0011999999999999789,11325.436527729034
same_updates,n_sam,,,476,1.5289253613662719,0.4432,1.5201591492080688,0.45252,1.5179730865478516,0.4548,-0.0022800000000000042,11367.786341428757
same_updates,n_sam,,,477,1.5273921900177,0.44594,1.5243432431411743,0.45136,1.5223123249053956,0.4535,-0.0021400000000000308,11378.538771867752
same_updates,n_sam,,,478,1.527847647743225,0.44566,1.5256725803375244,0.4505,1.5227278350830078,0.4504,9.999999999998899e-05,11424.131062746048
same_updates,n_sam,,,479,1.5295139196777343,0.44494,1.518771619644165,0.45352,1.5158451316833497,0.454,-0.00048000000000003595,11434.90208697319
same_updates,n_sam,,,480,1.5262074672698975,0.44696,1.520299566078186,0.45402,1.517267635345459,0.4534,0.0006199999999999539,11445.658524751663
same_updates,n_sam,,,481,1.5267617232513429,0.44656,1.5237766515731812,0.45154,1.5205714679718016,0.4516,-6.0000000000004494e-05,11487.895464897156
same_updates,n_sam,,,482,1.5265449352645875,0.44528,1.519505288734436,0.45178,1.5164442026138305,0.4522,-0.00041999999999997595,11498.61401963234
same_updates,n_sam,,,483,1.5212092427062989,0.44772,1.5238494857788085,0.4521,1.521127255821228,0.4503,0.0018000000000000238,11544.139039754868
same_updates,n_sam,,,484,1.5213434997177124,0.45062,1.5171151654052735,0.4539,1.5141120094299316,0.4546,-0.0006999999999999784,11554.78565120697
same_updates,n_sam,,,485,1.52421599773407,0.448,1.517394856338501,0.45386,1.5143081130981446,0.4549,-0.001040000000000041,11565.553911209106
same_updates,n_sam,,,486,1.523548903541565,0.4467,1.5274512174224852,0.44976,1.5243547801971435,0.4509,-0.0011400000000000299,11608.28316950798
same_updates,n_sam,,,487,1.5205029656219482,0.44926,1.5087819724273681,0.45566,1.505429524421692,0.455,0.0006599999999999939,11619.033128738403
same_updates,n_sam,,,488,1.5212314057159424,0.45044,1.5178542840194702,0.45242,1.5153236789703368,0.4518,0.0006200000000000094,11664.224429607391
same_updates,n_sam,,,489,1.5219446789932252,0.44636,1.5300883339691163,0.44922,1.5281538436889648,0.4483,0.0009200000000000319,11674.857107877731
same_updates,n_sam,,,490,1.5223410955047607,0.44624,1.5160210710906983,0.45336,1.5135697723388672,0.4533,6.0000000000004494e-05,11685.554695606232
same_updates,n_sam,,,491,1.518529448776245,0.4474,1.5127182953643799,0.45522,1.5105866584777832,0.4548,0.00042000000000003146,11727.852329730988
same_updates,n_sam,,,492,1.5187354294204711,0.4504,1.5180137953948976,0.45424,1.5161444021224975,0.4547,-0.00046000000000001595,11738.560633897781
same_updates,n_sam,,,493,1.5209150051116944,0.45212,1.5103370538711547,0.45556,1.5081897228240966,0.4579,-0.0023399999999999532,11784.266066074371
same_updates,n_sam,,,494,1.5171140570831299,0.4507,1.5186981066513061,0.45212,1.516809278678894,0.4529,-0.0007800000000000029,11795.093837022781
same_updates,n_sam,,,495,1.5187756290054322,0.44942,1.5197320245742798,0.45258,1.5182549884796142,0.4526,-2.0000000000020002e-05,11805.755284070969
same_updates,n_sam,,,496,1.5206319152450563,0.45142,1.5077884857940673,0.45644,1.5056908056259155,0.4565,-6.0000000000004494e-05,11848.301608800888
same_updates,n_sam,,,497,1.5204397154998779,0.44776,1.513821505203247,0.45436,1.5119120735168456,0.4559,-0.0015400000000000413,11859.015915870667
same_updates,n_sam,,,498,1.5178587328720092,0.45004,1.5245373372650146,0.45248,1.5235069656372071,0.4528,-0.00031999999999998696,11904.107595682144
same_updates,n_sam,,,499,1.5179612281799317,0.45126,1.5103752264785766,0.45632,1.508283288192749,0.456,0.00031999999999998696,11914.834843873978
same_updates,n_sam,,,500,1.5182114617919922,0.45002,1.5047439654159547,0.45834,1.5027752708435058,0.4594,-0.0010599999999999499,11925.466305494308
same_updates,n_sam,,,501,1.5165736594390868,0.4508,1.5160939514160157,0.4544,1.5148275583267212,0.4576,-0.0031999999999999806,11967.798956394196
same_updates,n_sam,,,502,1.521589567337036,0.44704,1.5180844940948486,0.45258,1.5160348541259765,0.4527,-0.00012000000000000899,11978.45539855957
same_updates,n_sam,,,503,1.5187040087509156,0.44786,1.5137276276016236,0.45362,1.5114295932769775,0.4535,0.00012000000000000899,12024.595959186554
same_updates,n_sam,,,504,1.5153127835464477,0.45098,1.5114498973846435,0.45608,1.5099898345947265,0.4574,-0.0013199999999999878,12035.417955636978
same_updates,n_sam,,,505,1.516265062942505,0.45122,1.5078302764129639,0.4578,1.5054626363754273,0.4582,-0.00040000000000001146,12046.081231832504
same_updates,n_sam,,,506,1.5187542306137085,0.44866,1.5052567884063721,0.45856,1.502712830734253,0.4579,0.0006600000000000494,12087.916731119156
same_updates,n_sam,,,507,1.517244447517395,0.45096,1.5166538109588623,0.45462,1.5148175586700439,0.4546,2.0000000000020002e-05,12098.621455430984
same_updates,n_sam,,,508,1.51332713722229,0.45106,1.5135121755981444,0.45544,1.5112954097747802,0.4557,-0.00025999999999998247,12144.610935211182
same_updates,n_sam,,,509,1.5115989624404906,0.4503,1.5038057864379883,0.45812,1.5012665012359618,0.4604,-0.0022799999999999487,12155.29175376892
same_updates,n_sam,,,510,1.5152847705459596,0.45062,1.5114381023406982,0.4557,1.5092381458282471,0.4573,-0.0015999999999999903,12166.010157108307
same_updates,n_sam,,,511,1.5156255463409425,0.44942,1.5158383646392821,0.4549,1.513596357345581,0.4551,-0.00019999999999997797,12207.778141260147
same_updates,n_sam,,,512,1.5168816896820068,0.45186,1.5093498010635376,0.456,1.5061513076782227,0.4566,-0.0005999999999999894,12218.443806171417
same_updates,n_sam,,,513,1.512476330833435,0.45264,1.507137625808716,0.45878,1.5044206676483154,0.4609,-0.0021199999999999553,12264.184528112411
same_updates,n_sam,,,514,1.5133815341949464,0.45182,1.5098309619903565,0.45868,1.507878215789795,0.4606,-0.0019200000000000328,12274.90413928032
same_updates,n_sam,,,515,1.512533942337036,0.4532,1.5068605749511719,0.4577,1.504344048690796,0.4591,-0.0014000000000000123,12285.58977174759
same_updates,n_sam,,,516,1.5068704190063476,0.45378,1.511873433227539,0.4548,1.5090075578689575,0.4546,0.00019999999999997797,12328.015082359314
same_updates,n_sam,,,517,1.5093618786239624,0.45124,1.5145445021820068,0.45546,1.5122768699645996,0.4567,-0.0012400000000000189,12338.84123635292
same_updates,n_sam,,,518,1.5090874826049805,0.45452,1.5091008074188232,0.458,1.5066173122406006,0.4591,-0.0010999999999999899,12384.632303714752
same_updates,n_sam,,,519,1.5062113843536378,0.45238,1.4928268878173827,0.46332,1.4905010469436646,0.4654,-0.0020799999999999708,12395.194891691208
same_updates,n_sam,,,520,1.507751539955139,0.45418,1.5045976708602906,0.45924,1.5025174095153808,0.46,-0.0007600000000000384,12405.89001584053
same_updates,n_sam,,,521,1.5076619446182251,0.45218,1.519268974533081,0.45518,1.517484460067749,0.4539,0.0012799999999999478,12448.159168958664
same_updates,n_sam,,,522,1.5088369884490966,0.45382,1.503099594039917,0.45788,1.5016571453094483,0.4606,-0.00272,12458.822932958603
same_updates,n_sam,,,523,1.507241183128357,0.4527,1.5025088976669312,0.45862,1.5006042779922486,0.4601,-0.0014799999999999813,12504.626896619797
same_updates,n_sam,,,524,1.50768463596344,0.4555,1.524832502708435,0.4537,1.523174845123291,0.4547,-0.0010000000000000009,12515.403356552124
same_updates,n_sam,,,525,1.5088937686157227,0.45352,1.5063705102920533,0.46018,1.5056192985534669,0.4591,0.0010799999999999699,12526.196369886398
same_updates,n_sam,,,526,1.5063263131713867,0.4523,1.490541821937561,0.46426,1.4895916931152344,0.4654,-0.0011399999999999744,12567.881487131119
same_updates,n_sam,,,527,1.5076531973266603,0.45324,1.4986918670272826,0.46064,1.4973095905303955,0.4638,-0.003159999999999996,12578.610380649567
same_updates,n_sam,,,528,1.5089290645217897,0.45468,1.5217579348754884,0.4545,1.5205550312042235,0.4541,0.00040000000000001146,12624.519824028015
same_updates,n_sam,,,529,1.507896333885193,0.45422,1.5149437918853759,0.45606,1.5145033781051636,0.4567,-0.0006399999999999739,12635.050613164902
same_updates,n_sam,,,530,1.5032049722671508,0.45566,1.4934556567764283,0.4617,1.4925729259490967,0.463,-0.0013000000000000234,12645.556211233139
same_updates,n_sam,,,531,1.5071922463607788,0.45468,1.4927849154281616,0.46214,1.4916269876480102,0.4609,0.0012400000000000189,12687.838463306427
same_updates,n_sam,,,532,1.508453690185547,0.45388,1.5054982458496093,0.46008,1.5045547714233398,0.4587,0.0013799999999999923,12698.476452350616
same_updates,n_sam,,,533,1.5082876235961915,0.45276,1.5097998779296875,0.45802,1.5083161437988282,0.457,0.0010199999999999654,12744.224686384201
same_updates,n_sam,,,534,1.506007480430603,0.4547,1.5002592040252685,0.46014,1.4983527889251709,0.4583,0.0018400000000000083,12754.905180931091
same_updates,n_sam,,,535,1.5116554350280762,0.4537,1.4978671173477174,0.46088,1.4959108280181885,0.4601,0.0007800000000000029,12765.657248735428
same_updates,n_sam,,,536,1.5070864112091065,0.4571,1.5022393780899048,0.45986,1.5005619140625,0.4592,0.0006599999999999939,12807.789100408554
same_updates,n_sam,,,537,1.5102067823791503,0.45362,1.5051122595214843,0.45826,1.5031718667984009,0.4588,-0.0005399999999999849,12818.455657958984
same_updates,n_sam,,,538,1.512603842124939,0.45192,1.500885706138611,0.45846,1.4987282033920288,0.4602,-0.0017400000000000193,12864.124060153961
same_updates,n_sam,,,539,1.5097483935546876,0.45198,1.5003065969848632,0.45972,1.4983171068191528,0.4575,0.0022199999999999998,12874.772188901901
same_updates,n_sam,,,540,1.508113196144104,0.45278,1.5016623706054688,0.46032,1.4991942247390746,0.4579,0.0024200000000000332,12885.36524772644
same_updates,n_sam,,,541,1.5086785222625732,0.45312,1.4987826930999757,0.46154,1.4961158124923706,0.4592,0.0023400000000000087,12927.74415564537
same_updates,n_sam,,,542,1.5056994680404663,0.45636,1.4963266333389282,0.4625,1.4942267644882201,0.4604,0.0021000000000000463,12938.504026174545
same_updates,n_sam,,,543,1.5083449906539916,0.45404,1.4988383487701415,0.46184,1.4963618988037108,0.4601,0.0017399999999999638,12984.120813131332
same_updates,n_sam,,,544,1.503450277633667,0.45728,1.499114701538086,0.46002,1.4967146026611329,0.4607,-0.0006800000000000139,12994.651908397675
same_updates,n_sam,,,545,1.5034012866973876,0.45734,1.50099629032135,0.4598,1.4993275537490844,0.4598,0.0,13005.359591007233
same_updates,n_sam,,,546,1.4988747722244262,0.45726,1.4973887589263917,0.4606,1.4952058597564697,0.4585,0.0020999999999999908,13047.634702444077
same_updates,n_sam,,,547,1.498692335510254,0.45594,1.5003338353729248,0.45994,1.498458013534546,0.459,0.0009399999999999964,13058.154358148575
same_updates,n_sam,,,548,1.4969159762573243,0.45816,1.496849824180603,0.46248,1.4953485401153563,0.4619,0.0005800000000000249,13104.13186621666
same_updates,n_sam,,,549,1.4991312041854858,0.45826,1.49388843875885,0.4633,1.4917649475097656,0.4636,-0.00030000000000002247,13114.671521663666
same_updates,n_sam,,,550,1.4997656573104858,0.45524,1.4938639099884032,0.46282,1.492050640487671,0.4644,-0.0015799999999999703,13125.392887353897
same_updates,n_sam,,,551,1.4962037491607667,0.4564,1.5003674878311157,0.46026,1.4990903568267822,0.4604,-0.00013999999999997348,13167.730376958847
same_updates,n_sam,,,552,1.4953557359695435,0.45794,1.4949357025909424,0.4606,1.492656637763977,0.46,0.0005999999999999894,13178.359724521637
same_updates,n_sam,,,553,1.4945761743927002,0.45812,1.496966046485901,0.46068,1.4953231563568115,0.4609,-0.00021999999999999797,13224.09237074852
same_updates,n_sam,,,554,1.4946882042694092,0.45722,1.5008610460662841,0.46098,1.4999279010772706,0.4624,-0.0014199999999999768,13234.869514226913
same_updates,n_sam,,,555,1.4932086122894288,0.4593,1.4927635755157471,0.463,1.4909104736328125,0.4652,-0.0021999999999999797,13245.525996208191
same_updates,n_sam,,,556,1.491994580154419,0.4578,1.492690574684143,0.46438,1.4910969375610352,0.4617,0.0026800000000000157,13287.754357814789
same_updates,n_sam,,,557,1.4928806190490722,0.4577,1.4979176976776123,0.46362,1.4974147853851318,0.4635,0.00011999999999995348,13298.463770866394
same_updates,n_sam,,,558,1.4914026071548463,0.45816,1.4916731061553956,0.46412,1.4906723011016845,0.4638,0.00031999999999998696,13344.181567192078
same_updates,n_sam,,,559,1.4904595909500122,0.4611,1.4990129586029053,0.46086,1.497826494216919,0.4591,0.0017599999999999838,13354.965267419815
same_updates,n_sam,,,560,1.4930812958908082,0.45836,1.5017088817596436,0.46142,1.5011461166381836,0.4607,0.0007199999999999984,13365.635801315308
same_updates,n_sam,,,561,1.4902057416534424,0.45638,1.4896700012207031,0.46472,1.4892206378936768,0.4648,-7.999999999996898e-05,13407.577406644821
same_updates,n_sam,,,562,1.487641188697815,0.45976,1.4885884238433837,0.46524,1.4871691066741943,0.4646,0.0006399999999999739,13418.203425168991
same_updates,n_sam,,,563,1.4881067399978638,0.45944,1.4921995824050904,0.46558,1.490678070449829,0.4629,0.0026800000000000157,13464.05245089531
same_updates,n_sam,,,564,1.4850657911682128,0.46154,1.4886179636383057,0.46626,1.4879415542602539,0.4662,6.0000000000004494e-05,13474.751833677292
same_updates,n_sam,,,565,1.4870992197036743,0.4615,1.4921035648727417,0.46554,1.4909064373016356,0.4656,-6.0000000000004494e-05,13485.294686794281
same_updates,n_sam,,,566,1.4896408403778076,0.45996,1.4959355966949464,0.46244,1.49445475730896,0.4622,0.00024000000000001798,13527.725229024887
same_updates,n_sam,,,567,1.4878935625839234,0.46112,1.485086351966858,0.46582,1.4843036520004274,0.4648,0.0010200000000000209,13538.344568252563
same_updates,n_sam,,,568,1.4864545951080321,0.46306,1.4966169481658935,0.46238,1.4962311319351196,0.4632,-0.0008199999999999874,13583.959408044815
same_updates,n_sam,,,569,1.48680775970459,0.46262,1.495192326965332,0.46336,1.49418189201355,0.4617,0.0016599999999999948,13594.69536781311
same_updates,n_sam,,,570,1.4879557668304444,0.45948,1.4892156608581544,0.46458,1.4882580326080321,0.465,-0.00042000000000003146,13605.365406274796
same_updates,n_sam,,,571,1.4858689474868774,0.46036,1.4883833402633666,0.46646,1.4874199279785156,0.4667,-0.00024000000000001798,13647.586446523666
same_updates,n_sam,,,572,1.4875481667709352,0.46198,1.4865843104934693,0.467,1.4857204532623292,0.4673,-0.00029999999999996696,13658.18114066124
same_updates,n_sam,,,573,1.4872196309661865,0.4612,1.4901873691177367,0.46432,1.4894063537597657,0.4639,0.00042000000000003146,13703.843802213669
same_updates,n_sam,,,574,1.4839887675857544,0.46316,1.48906862449646,0.46474,1.4884727560043336,0.4631,0.0016399999999999748,13714.525468587875
same_updates,n_sam,,,575,1.4845657459259034,0.45928,1.4851198262786864,0.46496,1.4843318151473999,0.4644,0.0005600000000000049,13725.146414518356
same_updates,n_sam,,,576,1.4821355086135863,0.46244,1.4935200395202637,0.46258,1.4929316490173339,0.4638,-0.0012199999999999989,13767.506909608841
same_updates,n_sam,,,577,1.4830272149276733,0.46226,1.4937434397506715,0.46402,1.4933565814971923,0.4638,0.00021999999999999797,13778.195863723755
same_updates,n_sam,,,578,1.4821851357269287,0.46166,1.4759750024795533,0.46852,1.475306991004944,0.4682,0.00031999999999998696,13823.859085798264
same_updates,n_sam,,,579,1.4841349062347413,0.46292,1.4844835792160034,0.46654,1.4840607688903809,0.4653,0.0012400000000000189,13834.499692440033
same_updates,n_sam,,,580,1.4840017889404298,0.46356,1.4838198748397826,0.46682,1.4837362707138062,0.4669,-7.999999999996898e-05,13845.193587779999
same_updates,n_sam,,,581,1.4823299616622925,0.46206,1.4791497826385498,0.46746,1.4787633485794067,0.4678,-0.00034000000000000696,13887.434317350388
same_updates,n_sam,,,582,1.4845275177383424,0.46072,1.4952557872390746,0.46206,1.4953461101531982,0.4627,-0.0006399999999999739,13898.083221912384
same_updates,n_sam,,,583,1.4804615369033813,0.46252,1.48025213722229,0.46584,1.4806489212036134,0.4664,-0.0005600000000000049,13943.85576057434
same_updates,n_sam,,,584,1.4839143218612671,0.46322,1.4791018242645264,0.4667,1.4794688758850099,0.4678,-0.0010999999999999899,13954.406804084778
same_updates,n_sam,,,585,1.4812926753997804,0.46212,1.4909346546173097,0.46428,1.4915594493865967,0.4648,-0.0005199999999999649,13965.001428842545
same_updates,n_sam,,,586,1.480339762687683,0.46312,1.4737724145507813,0.4693,1.4742171112060547,0.4715,-0.0021999999999999797,14007.356472492218
same_updates,n_sam,,,587,1.4822755138778687,0.46392,1.477696647529602,0.46854,1.4778177925109863,0.4689,-0.00035999999999997145,14017.959202528
same_updates,n_sam,,,588,1.4799247312545776,0.46496,1.486088891067505,0.46666,1.4864989633560182,0.4649,0.0017600000000000393,14063.744012355804
same_updates,n_sam,,,589,1.4765736266708374,0.46484,1.4767469831085205,0.46638,1.4772723831176757,0.4662,0.00018000000000001348,14074.419685602188
same_updates,n_sam,,,590,1.4798035067367554,0.46404,1.4764746804428102,0.46734,1.4769928819656373,0.4676,-0.000260000000000038,14085.104615926743
same_updates,n_sam,,,591,1.4776713148880005,0.46414,1.4883997637176514,0.46594,1.4888920700073243,0.4659,4.0000000000040004e-05,14127.372103214264
same_updates,n_sam,,,592,1.479955016708374,0.46424,1.4714201137542724,0.47024,1.472133497428894,0.4726,-0.0023600000000000287,14137.934480667114
same_updates,n_sam,,,593,1.4770567624664306,0.46678,1.471630841331482,0.46944,1.4722032163619996,0.4702,-0.0007599999999999829,14183.746604919434
same_updates,n_sam,,,594,1.4762934786605835,0.46344,1.4811682006454467,0.46742,1.481616658782959,0.4692,-0.0017800000000000038,14194.461176156998
same_updates,n_sam,,,595,1.476815265159607,0.4651,1.4746858196640014,0.46886,1.4751391036987305,0.4694,-0.0005399999999999849,14205.009447813034
same_updates,n_sam,,,596,1.475640888748169,0.46658,1.4767425989151002,0.46812,1.4772775989532472,0.4702,-0.0020800000000000263,14247.3156478405
same_updates,n_sam,,,597,1.4763388608169556,0.46364,1.4795229526519775,0.46726,1.4797417850494385,0.4697,-0.0024399999999999977,14257.8767080307
same_updates,n_sam,,,598,1.4730157040405274,0.46542,1.4699427215194703,0.47062,1.4707025531768798,0.471,-0.00037999999999999146,14303.661096811295
same_updates,n_sam,,,599,1.474302826461792,0.46792,1.4699816648101807,0.4703,1.4706597257614136,0.4706,-0.00030000000000002247,14314.377341985703
same_updates,n_sam,,,600,1.477991732749939,0.46672,1.4754086325454712,0.46892,1.4756954860687257,0.4688,0.00012000000000000899,14325.072870016098
same_updates,n_sam,,,601,1.4756788840866089,0.46476,1.478421872215271,0.46946,1.4792110977172852,0.4698,-0.00034000000000000696,14367.162335395813
same_updates,n_sam,,,602,1.474785410079956,0.46536,1.471089193649292,0.4712,1.4712025968551636,0.4734,-0.0021999999999999797,14377.750014543533
same_updates,n_sam,,,603,1.4729145262908936,0.46924,1.4753017890167237,0.4691,1.4754662197113038,0.4707,-0.0015999999999999903,14423.394520282745
same_updates,n_sam,,,604,1.473549200553894,0.46698,1.4800629940032959,0.46908,1.4812931522369386,0.4692,-0.00012000000000000899,14433.999823093414
same_updates,n_sam,,,605,1.4740713711547853,0.46356,1.4684781994628906,0.4714,1.4692749599456787,0.4715,-9.999999999998899e-05,14444.670047283173
same_updates,n_sam,,,606,1.471568374633789,0.46696,1.4723947173309326,0.47108,1.47354703540802,0.4703,0.0007800000000000029,14487.241683959961
same_updates,n_sam,,,607,1.4727496154785156,0.46552,1.481284349746704,0.46856,1.482132234954834,0.4698,-0.0012400000000000189,14497.944592952728
same_updates,n_sam,,,608,1.4723404497528076,0.46842,1.4734672697067261,0.4719,1.4738655431747436,0.4744,-0.0025000000000000022,14543.58192038536
same_updates,n_sam,,,609,1.4688907360839845,0.46708,1.4762457284927368,0.4709,1.4769678268432618,0.4725,-0.0015999999999999903,14554.239437580109
same_updates,n_sam,,,610,1.4670782871627808,0.47094,1.4750852689361573,0.47134,1.4756852550506592,0.47,0.0013400000000000079,14564.934738874435
same_updates,n_sam,,,611,1.470952908668518,0.46644,1.4665505318069458,0.473,1.4672140338897706,0.475,-0.0020000000000000018,14607.207971334457
same_updates,n_sam,,,612,1.4687375435638428,0.46796,1.4754017092514038,0.47052,1.4766239776611327,0.4714,-0.0008799999999999919,14617.793639183044
same_updates,n_sam,,,613,1.4730293747329712,0.46726,1.4759255342483522,0.46994,1.4765536949157714,0.4688,0.0011400000000000299,14663.45541214943
same_updates,n_sam,,,614,1.4701734453582764,0.46874,1.4624925937652589,0.47438,1.4630957706451415,0.476,-0.0016199999999999548,14674.079703330994
same_updates,n_sam,,,615,1.46861244682312,0.46806,1.4703412953567505,0.47326,1.471381399536133,0.4705,0.00276000000000004,14684.696570634842
same_updates,n_sam,,,616,1.4698862583160401,0.46802,1.4805250631713867,0.46692,1.4807236783981323,0.4684,-0.0014799999999999813,14727.119334936142
same_updates,n_sam,,,617,1.468321021232605,0.4701,1.4710537769317626,0.47036,1.4712185939788818,0.471,-0.0006399999999999739,14737.739288806915
same_updates,n_sam,,,618,1.4659242545318603,0.46824,1.4690568216705322,0.47336,1.469352241897583,0.4755,-0.0021399999999999753,14783.351040363312
same_updates,n_sam,,,619,1.4693369693756104,0.46894,1.4685913306045533,0.47288,1.469053660583496,0.4747,-0.0018199999999999883,14794.03584098816
same_updates,n_sam,,,620,1.464892453842163,0.4693,1.4665272187423706,0.47256,1.4666672351837158,0.4721,0.00045999999999996044,14804.654105901718
same_updates,n_sam,,,621,1.4665997605133057,0.47128,1.4763027311706542,0.46946,1.476504067993164,0.4698,-0.00034000000000000696,14846.970644235611
same_updates,n_sam,,,622,1.4668276482391358,0.46862,1.472192486152649,0.47198,1.47258473072052,0.474,-0.0020199999999999663,14857.64153957367
same_updates,n_sam,,,623,1.4653849251556397,0.4704,1.4692945182037354,0.47172,1.4690403284072875,0.4724,-0.0006800000000000139,14903.195746421814
same_updates,n_sam,,,624,1.4651574216079712,0.47014,1.4717653592681885,0.47016,1.471327048110962,0.473,-0.0028399999999999537,14913.793604850769
same_updates,n_sam,,,625,1.4671038209915161,0.46974,1.4693057333755493,0.47338,1.4694775619506837,0.4728,0.0005800000000000249,14924.383716344833
same_updates,n_sam,,,626,1.4667000160217285,0.46946,1.4690282132720947,0.47292,1.4688548286437988,0.4737,-0.0007800000000000029,14966.969958782196
same_updates,n_sam,,,627,1.4626370442962646,0.47038,1.4666470986557008,0.47272,1.4663641117095947,0.4738,-0.0010800000000000254,14977.505365133286
same_updates,n_sam,,,628,1.4650716648864746,0.46784,1.471116449356079,0.4725,1.4716958015441894,0.4731,-0.0006000000000000449,15023.401596546173
same_updates,n_sam,,,629,1.4598824012374878,0.4723,1.470802765159607,0.47176,1.4711215564727784,0.4736,-0.0018400000000000083,15034.055717945099
same_updates,n_sam,,,630,1.459768076133728,0.47332,1.4720779531478883,0.47138,1.4724497303009034,0.4718,-0.00041999999999997595,15044.669353246689
same_updates,n_sam,,,631,1.4582591690826416,0.47148,1.4575560120773317,0.47518,1.457796732711792,0.4752,-2.0000000000020002e-05,15086.832277536392
same_updates,n_sam,,,632,1.4619573432159423,0.4721,1.468072008705139,0.47338,1.4684719543457032,0.4749,-0.0015199999999999658,15097.401013374329
same_updates,n_sam,,,633,1.4566657578277589,0.47212,1.468515421333313,0.47276,1.469176472091675,0.4735,-0.0007399999999999629,15143.240711450577
same_updates,n_sam,,,634,1.45750823387146,0.47178,1.461047841911316,0.47374,1.4615982334136963,0.4764,-0.0026599999999999957,15153.849441051483
same_updates,n_sam,,,635,1.4616606412506103,0.47052,1.4676118376922607,0.47292,1.4686349235534668,0.474,-0.0010799999999999699,15164.4109749794
same_updates,n_sam,,,636,1.4579297607421875,0.47486,1.4582393631744386,0.47474,1.4594006658554077,0.4765,-0.0017599999999999838,15206.945751667023
same_updates,n_sam,,,637,1.456872859954834,0.46988,1.4649013146209717,0.47336,1.4658779808044433,0.4724,0.0009600000000000164,15217.55651473999
same_updates,n_sam,,,638,1.458650623703003,0.46982,1.4665565421676636,0.47302,1.467589454650879,0.4749,-0.0018799999999999928,15263.315168380737
same_updates,n_sam,,,639,1.456971523475647,0.47062,1.4508392591094972,0.4779,1.4519896144866944,0.4816,-0.003699999999999981,15273.89762711525
same_updates,n_sam,,,640,1.4578709341812133,0.47246,1.462254086418152,0.47522,1.4638576047897338,0.4751,0.00011999999999995348,15284.408970594406
same_updates,n_sam,,,641,1.4551184368133545,0.47346,1.466179764328003,0.47358,1.4675880338668823,0.4729,0.0006800000000000139,15326.84416103363
same_updates,n_sam,,,642,1.4568106219100951,0.473,1.458319090499878,0.47574,1.4601429166793822,0.4769,-0.0011599999999999944,15337.547262907028
same_updates,n_sam,,,643,1.4527661016082765,0.47458,1.4571354895782471,0.47528,1.4581061710357666,0.478,-0.00272,15383.184211969376
same_updates,n_sam,,,644,1.4540707643127442,0.47488,1.4665027124404908,0.47356,1.4677655200958253,0.4752,-0.0016400000000000303,15393.916677236557
same_updates,n_sam,,,645,1.4581887453460693,0.47316,1.452359627609253,0.47742,1.454128556060791,0.4764,0.0010200000000000209,15404.664843797684
same_updates,n_sam,,,646,1.4556777703475952,0.47144,1.4557713543701172,0.47652,1.4574938430786133,0.4764,0.00012000000000000899,15446.8817486763
same_updates,n_sam,,,647,1.455687495727539,0.47266,1.4648238563919067,0.47422,1.4665946392059326,0.4761,-0.0018800000000000483,15457.700059890747
same_updates,n_sam,,,648,1.4530012884140016,0.47158,1.4619398678970337,0.47446,1.4635181959152221,0.4778,-0.0033400000000000096,15503.264356851578
same_updates,n_sam,,,649,1.45564602268219,0.4715,1.454616531600952,0.47548,1.455641393852234,0.4783,-0.002819999999999989,15513.884873867035
same_updates,n_sam,,,650,1.4529779372787475,0.47482,1.4606175758361817,0.47494,1.4620335441589356,0.4764,-0.0014600000000000168,15524.57805299759
same_updates,n_sam,,,651,1.4524678551483154,0.47514,1.45829855342865,0.47638,1.459934128189087,0.4754,0.0009800000000000364,15566.795652151108
same_updates,n_sam,,,652,1.4543952096176147,0.47278,1.451368359375,0.47808,1.452805776977539,0.478,8.00000000000245e-05,15577.418641090393
same_updates,n_sam,,,653,1.455122989807129,0.47324,1.4556786890792848,0.47742,1.4576328941345216,0.4771,0.00031999999999998696,15623.124926328659
same_updates,n_sam,,,654,1.4546137493896485,0.4735,1.4614452736282348,0.47592,1.4633042356491088,0.4781,-0.0021800000000000153,15633.766714811325
same_updates,n_sam,,,655,1.4538652967834473,0.47416,1.4571511841201783,0.47652,1.458769725418091,0.4788,-0.0022800000000000042,15644.46853017807
same_updates,n_sam,,,656,1.4525502905654908,0.47562,1.4540417599868773,0.4761,1.455761999130249,0.4769,-0.0007999999999999674,15686.836736679077
same_updates,n_sam,,,657,1.450722343788147,0.47314,1.459225171737671,0.47518,1.46113528881073,0.4745,0.0006800000000000139,15697.52066707611
same_updates,n_sam,,,658,1.4480711992645263,0.4755,1.4562835691833496,0.47702,1.4578199941635133,0.4777,-0.0006800000000000139,15743.022790670395
same_updates,n_sam,,,659,1.4456033377838136,0.4775,1.454515898284912,0.47812,1.4565897962570191,0.4804,-0.0022800000000000042,15753.605682134628
same_updates,n_sam,,,660,1.450941872215271,0.47412,1.4542983490753174,0.47804,1.4556941089630127,0.4796,-0.0015600000000000058,15764.169167995453
same_updates,n_sam,,,661,1.4494610452651977,0.47578,1.44826017288208,0.47944,1.44979401512146,0.4793,0.00013999999999997348,15806.838191270828
same_updates,n_sam,,,662,1.4464675922012329,0.47478,1.4586180038833618,0.47556,1.461076095199585,0.476,-0.00043999999999999595,15817.419192552567
same_updates,n_sam,,,663,1.447938369026184,0.47544,1.4565464141082765,0.47548,1.4579393672943115,0.475,0.00048000000000003595,15863.189573287964
same_updates,n_sam,,,664,1.4453355013656617,0.47548,1.4521184407043457,0.4779,1.4538719692230224,0.4783,-0.00040000000000001146,15873.83965420723
same_updates,n_sam,,,665,1.4476780242919922,0.4776,1.4622304636764527,0.476,1.4647528566360473,0.4772,-0.0012000000000000344,15884.440655946732
same_updates,n_sam,,,666,1.448472698135376,0.47738,1.459049117088318,0.47724,1.4612863151550293,0.4774,-0.00015999999999999348,15926.706792354584
same_updates,n_sam,,,667,1.445124252357483,0.47622,1.4493768767547608,0.47754,1.4507896961212159,0.4777,-0.00015999999999999348,15937.305487632751
same_updates,n_sam,,,668,1.4459642316436767,0.47594,1.4517769328308106,0.47842,1.4539790119171143,0.4781,0.00031999999999998696,15983.113025665283
same_updates,n_sam,,,669,1.4441634407043458,0.4771,1.4572146474456786,0.47838,1.4603548561096191,0.4755,0.002880000000000049,15993.684125423431
same_updates,n_sam,,,670,1.4469550986480713,0.47726,1.4506229793930054,0.47904,1.452954603767395,0.4772,0.0018400000000000083,16004.298013448715
same_updates,n_sam,,,671,1.4473533515167236,0.47378,1.453689242591858,0.47574,1.4553928775787353,0.4798,-0.004060000000000008,16046.739715099335
same_updates,n_sam,,,672,1.447550484199524,0.47574,1.4620117772674561,0.47448,1.4638684614181519,0.4763,-0.0018199999999999883,16057.444253444672
same_updates,n_sam,,,673,1.4468418878173828,0.478,1.455099582939148,0.47802,1.4575074279785156,0.4779,0.00012000000000000899,16103.042784929276
same_updates,n_sam,,,674,1.445597783126831,0.47734,1.4498232745742798,0.4794,1.4520026885986328,0.4802,-0.0008000000000000229,16113.673971891403
same_updates,n_sam,,,675,1.445762463645935,0.47698,1.4525678671264648,0.47898,1.4545409523010253,0.4798,-0.0008199999999999874,16124.357702732086
same_updates,n_sam,,,676,1.4488361206436158,0.47768,1.4499592540740966,0.47972,1.4520858880996703,0.4791,0.0006199999999999539,16166.827184677124
same_updates,n_sam,,,677,1.4429292963027953,0.47914,1.4514969620513916,0.47982,1.4534111507415772,0.4795,0.00032000000000004247,16177.509101629257
same_updates,n_sam,,,678,1.4422791317749024,0.47934,1.4566172282791137,0.47698,1.458304245185852,0.4783,-0.0013199999999999878,16223.135689973831
same_updates,n_sam,,,679,1.448485043487549,0.4755,1.4474652312469483,0.48084,1.44934029006958,0.4817,-0.0008600000000000274,16233.8285176754
same_updates,n_sam,,,680,1.4435389786148072,0.47958,1.456341519241333,0.47706,1.4583901636123657,0.4777,-0.0006400000000000294,16244.399075984955
same_updates,n_sam,,,681,1.4469074839019775,0.47712,1.4562271314620971,0.47722,1.4581933780670167,0.4776,-0.00038000000000004697,16286.68021774292
same_updates,n_sam,,,682,1.4411591565322877,0.47838,1.4465709875106811,0.48038,1.448296794128418,0.481,-0.0006200000000000094,16297.300559043884
same_updates,n_sam,,,683,1.4439836562347412,0.4764,1.4460732461547852,0.48076,1.4475675073623657,0.4817,-0.0009399999999999964,16342.990638256073
same_updates,n_sam,,,684,1.4422882651519775,0.47712,1.4528953012084962,0.47818,1.4542932655334473,0.4789,-0.0007199999999999984,16353.6572868824
same_updates,n_sam,,,685,1.4442002388763429,0.47714,1.444075048751831,0.48148,1.4455190937042237,0.4808,0.0006800000000000139,16364.196571350098
same_updates,n_sam,,,686,1.440804850692749,0.48114,1.453120178642273,0.47902,1.4551637157440185,0.4783,0.0007199999999999984,16406.640176057816
same_updates,n_sam,,,687,1.4386167374801635,0.4825,1.4478138846588136,0.47952,1.4496825717926025,0.4796,-8.00000000000245e-05,16417.175940275192
same_updates,n_sam,,,688,1.4408895921325684,0.47788,1.4482082876205444,0.48028,1.450211714553833,0.4817,-0.0014200000000000323,16462.92434000969
same_updates,n_sam,,,689,1.438558810119629,0.4809,1.4510797717285155,0.47886,1.4533051040649414,0.4806,-0.0017400000000000193,16473.503420352936
same_updates,n_sam,,,690,1.4402387395477294,0.47856,1.4354405096817016,0.48386,1.4373205797195434,0.4824,0.0014600000000000168,16484.111908197403
same_updates,n_sam,,,691,1.4336576203155518,0.48182,1.4451204512786866,0.48116,1.4475585067749024,0.4817,-0.0005400000000000404,16526.585299253464
same_updates,n_sam,,,692,1.43902169921875,0.47742,1.4527938147354127,0.4791,1.455578035736084,0.4779,0.0012000000000000344,16537.11005473137
same_updates,n_sam,,,693,1.4399844599151612,0.47926,1.437383284225464,0.48304,1.4397237607955933,0.483,4.0000000000040004e-05,16582.885681152344
same_updates,n_sam,,,694,1.4376188093185425,0.48276,1.4436136297607423,0.48058,1.446196304321289,0.4817,-0.0011200000000000099,16593.531819581985
same_updates,n_sam,,,695,1.434640050163269,0.48072,1.4497205254745484,0.47884,1.452492830657959,0.4799,-0.0010600000000000054,16604.164598941803
same_updates,n_sam,,,696,1.435476358642578,0.4825,1.4348208785629273,0.48518,1.4377071193695068,0.4824,0.0027800000000000047,16646.49244761467
same_updates,n_sam,,,697,1.437235373649597,0.47914,1.4396845273208618,0.48238,1.4427177694320679,0.4832,-0.0008200000000000429,16657.057903766632
same_updates,n_sam,,,698,1.4400215412902833,0.4784,1.4510266958999634,0.47894,1.4543252468109131,0.4823,-0.0033600000000000296,16702.916686296463
same_updates,n_sam,,,699,1.434995896911621,0.48178,1.443577412033081,0.48222,1.446437755203247,0.4835,-0.0012800000000000034,16713.555610895157
same_updates,n_sam,,,700,1.4368195204162597,0.47896,1.434035577354431,0.48468,1.4358077663421631,0.4849,-0.00021999999999999797,16724.232893943787
same_updates,n_sam,,,701,1.4355153287124633,0.48118,1.4392238401412965,0.48206,1.4411067543029785,0.4831,-0.0010399999999999854,16766.498223781586
same_updates,n_sam,,,702,1.4361114153671264,0.47864,1.4442674856185913,0.48196,1.4465319396972656,0.4806,0.0013599999999999723,16777.170202970505
same_updates,n_sam,,,703,1.4336825076675415,0.48252,1.4391039543914794,0.48306,1.441052933883667,0.4821,0.0009600000000000164,16822.883087158203
same_updates,n_sam,,,704,1.435308133354187,0.47984,1.4406188370513917,0.48238,1.4431587356567384,0.4837,-0.0013200000000000434,16833.65721511841
same_updates,n_sam,,,705,1.4354187417984008,0.48162,1.4465106075286864,0.48072,1.4489831977844239,0.4827,-0.0019800000000000373,16844.312366724014
same_updates,n_sam,,,706,1.4345717649078369,0.48266,1.438862055015564,0.4828,1.4406686004638671,0.4831,-0.00029999999999996696,16886.528313159943
same_updates,n_sam,,,707,1.4336285298919678,0.48282,1.4398232884979247,0.48202,1.4413815505981444,0.4835,-0.0014799999999999813,16897.227198839188
same_updates,n_sam,,,708,1.4330147616958617,0.48182,1.441198292121887,0.4827,1.4431009971618651,0.4817,0.0010000000000000009,16942.814654827118
same_updates,n_sam,,,709,1.436516958618164,0.47906,1.4388499140930175,0.48376,1.4403116565704346,0.484,-0.00023999999999996247,16953.429406642914
same_updates,n_sam,,,710,1.431275118637085,0.48448,1.444490101737976,0.48262,1.4461767093658446,0.4812,0.0014199999999999768,16964.0041680336
same_updates,n_sam,,,711,1.4311028802108765,0.4835,1.44356562335968,0.48302,1.44607780418396,0.4851,-0.0020799999999999708,17006.475766181946
same_updates,n_sam,,,712,1.432648479385376,0.48306,1.443355069885254,0.48346,1.4451515411376954,0.483,0.00046000000000001595,17017.000645637512
same_updates,n_sam,,,713,1.4302168701171876,0.48318,1.4311843907928468,0.48626,1.4331369953155517,0.4858,0.00046000000000001595,17062.467407226562
same_updates,n_sam,,,714,1.4288043719100951,0.48414,1.4410199005508424,0.48262,1.4433564077377319,0.4832,-0.0005800000000000249,17072.94355416298
same_updates,n_sam,,,715,1.4295343967056275,0.4836,1.4525039505767823,0.47938,1.4543905250549316,0.4805,-0.0011200000000000099,17083.595057725906
same_updates,n_sam,,,716,1.431261604309082,0.48228,1.43370800907135,0.48526,1.4357615131378174,0.4877,-0.0024399999999999977,17126.339582443237
same_updates,n_sam,,,717,1.4309856098175049,0.48448,1.437574818496704,0.48458,1.4396469841003419,0.4847,-0.00012000000000000899,17136.926727294922
same_updates,n_sam,,,718,1.432232650680542,0.48226,1.4487066174316405,0.4823,1.4508296665191651,0.4822,9.999999999998899e-05,17182.622032403946
same_updates,n_sam,,,719,1.427400345840454,0.48378,1.4321750561523436,0.48782,1.4348278924942017,0.4873,0.0005199999999999649,17193.181212425232
same_updates,n_sam,,,720,1.4293292290878297,0.4827,1.430388124771118,0.48746,1.432268710899353,0.4884,-0.0009399999999999964,17203.70523571968
same_updates,n_sam,,,721,1.4310445318984986,0.4823,1.445042299118042,0.48158,1.4470965389251709,0.483,-0.0014199999999999768,17246.19155716896
same_updates,n_sam,,,722,1.4304032915496827,0.4833,1.4329245078277588,0.48676,1.4354827503204346,0.4856,0.0011600000000000499,17256.893882751465
same_updates,n_sam,,,723,1.4275798406982423,0.48372,1.4328405856704711,0.48682,1.435281217956543,0.4887,-0.0018800000000000483,17302.525858402252
same_updates,n_sam,,,724,1.4293672137451172,0.48532,1.4468959693908692,0.48202,1.4495713439941407,0.4835,-0.0014799999999999813,17313.025446891785
same_updates,n_sam,,,725,1.4305190312194824,0.48258,1.4499025508880614,0.48146,1.452837843322754,0.484,-0.0025399999999999867,17323.6870470047
same_updates,n_sam,,,726,1.4289298428344726,0.48572,1.427009317703247,0.48886,1.4299830879211426,0.4909,-0.0020399999999999863,17366.079212665558
same_updates,n_sam,,,727,1.4285272747421265,0.48522,1.4263569484710694,0.4885,1.429194051361084,0.4893,-0.0008000000000000229,17376.69437789917
same_updates,n_sam,,,728,1.429273424835205,0.48508,1.4392841674804688,0.48394,1.442463561630249,0.4848,-0.0008600000000000274,17422.434061527252
same_updates,n_sam,,,729,1.4276543438720704,0.48586,1.4388738385391235,0.4833,1.4418019157409667,0.4867,-0.003400000000000014,17432.94668030739
same_updates,n_sam,,,730,1.4297077700424194,0.48382,1.4312719960784912,0.48618,1.4339353853225707,0.4883,-0.0021200000000000108,17443.591696977615
same_updates,n_sam,,,731,1.4274379760360718,0.48514,1.4368263123321534,0.48694,1.4396255065917969,0.4851,0.0018400000000000083,17486.060893774033
same_updates,n_sam,,,732,1.42743533908844,0.48376,1.4359745721817017,0.48624,1.438561469268799,0.4856,0.0006400000000000294,17496.70284676552
same_updates,n_sam,,,733,1.4265812340164186,0.4845,1.4264463861846923,0.48712,1.4285815704345703,0.4886,-0.0014799999999999813,17542.351739406586
same_updates,n_sam,,,734,1.4284032415008545,0.48272,1.4308281887435914,0.48604,1.433072554206848,0.4877,-0.0016599999999999948,17552.911865472794
same_updates,n_sam,,,735,1.4265212210083007,0.48714,1.4378704652023315,0.48498,1.4402517044067382,0.485,-1.999999999996449e-05,17563.575460910797
same_updates,n_sam,,,736,1.4262126456451416,0.48486,1.4334672939682007,0.48558,1.4348605333328248,0.4851,0.00048000000000003595,17605.96391892433
same_updates,n_sam,,,737,1.4276704388809205,0.4837,1.4301811498260497,0.48606,1.4322312496185303,0.4865,-0.00043999999999999595,17616.551708698273
same_updates,n_sam,,,738,1.428188615989685,0.4848,1.4379366369628905,0.48398,1.4409633869171143,0.4839,8.00000000000245e-05,17662.217644691467
same_updates,n_sam,,,739,1.4270223540115357,0.4829,1.436462522239685,0.48372,1.4386340383529663,0.4847,-0.0009800000000000364,17672.767320394516
same_updates,n_sam,,,740,1.425541398086548,0.48712,1.4311117867660523,0.48668,1.433925936126709,0.4863,0.00037999999999999146,17683.506984949112
same_updates,n_sam,,,741,1.4267686855316162,0.48484,1.432045940170288,0.48726,1.435781014251709,0.4867,0.0005600000000000049,17725.83126425743
same_updates,n_sam,,,742,1.426866169090271,0.48594,1.4319028197479249,0.48686,1.434493942451477,0.4871,-0.00023999999999996247,17736.315551757812
same_updates,n_sam,,,743,1.4258014754486084,0.48618,1.4345271239471435,0.48506,1.4362339645385742,0.4837,0.0013599999999999723,17782.101932525635
same_updates,n_sam,,,744,1.4252776421356201,0.48518,1.4377322859573365,0.48514,1.4403594757080078,0.483,0.0021400000000000308,17792.76597881317
same_updates,n_sam,,,745,1.425342569656372,0.48386,1.4385141970062256,0.48534,1.4421142913818359,0.4839,0.0014399999999999968,17803.56034374237
same_updates,n_sam,,,746,1.422857490158081,0.48468,1.42977264503479,0.48742,1.4322590911865234,0.4869,0.0005200000000000204,17845.60098195076
same_updates,n_sam,,,747,1.427981724319458,0.48564,1.4231810918045045,0.48932,1.4253401628494262,0.4886,0.0007199999999999984,17856.173793554306
same_updates,n_sam,,,748,1.4278512823867797,0.48598,1.4290061588287353,0.48928,1.4321462203979491,0.4858,0.003479999999999983,17901.78912138939
same_updates,n_sam,,,749,1.4217445771408082,0.48772,1.440503309249878,0.48504,1.4440622135162353,0.4862,-0.0011599999999999944,17912.412837028503
same_updates,n_sam,,,750,1.4272210216522216,0.48296,1.4304898961639405,0.48552,1.4334163763046264,0.4885,-0.0029799999999999827,17923.051914691925
same_updates,n_sam,,,751,1.4252944761276245,0.4865,1.4310050292205811,0.48546,1.434095894241333,0.4883,-0.002840000000000009,17965.45776438713
same_updates,n_sam,,,752,1.4256810415267944,0.48486,1.437051714820862,0.48534,1.440817992401123,0.4859,-0.0005600000000000049,17976.232585430145
same_updates,n_sam,,,753,1.4215257632827758,0.48594,1.42998153175354,0.4888,1.433970145225525,0.4881,0.0007000000000000339,18021.750083446503
same_updates,n_sam,,,754,1.425223148880005,0.48778,1.4301753799057006,0.4878,1.4332643291473388,0.4863,0.0015000000000000013,18032.32410955429
same_updates,n_sam,,,755,1.421929570083618,0.48918,1.4257110413360596,0.48902,1.4289372165679932,0.488,0.0010200000000000209,18042.927761554718
same_updates,n_sam,,,756,1.4229191068267821,0.48784,1.428678805656433,0.48954,1.4327844457626342,0.4897,-0.000160000000000049,18085.421689271927
same_updates,n_sam,,,757,1.4252934244537354,0.48632,1.4320982452392579,0.48756,1.4358278614044189,0.4888,-0.0012400000000000189,18096.008883476257
same_updates,n_sam,,,758,1.4236723343658446,0.48838,1.429168553276062,0.48726,1.4323227766036988,0.488,-0.0007399999999999629,18141.650842905045
same_updates,n_sam,,,759,1.4183237771224975,0.48848,1.4297767068099976,0.48794,1.4334391590118407,0.4885,-0.0005600000000000049,18152.31635951996
same_updates,n_sam,,,760,1.4202464990234376,0.48604,1.4290563618469239,0.48882,1.4330290184020995,0.4877,0.0011199999999999544,18162.911383628845
same_updates,n_sam,,,761,1.4217017382049562,0.48588,1.4208130994033814,0.4905,1.4245034399032592,0.4903,0.00019999999999997797,18205.299654006958
same_updates,n_sam,,,762,1.419789476928711,0.48988,1.4317445043563843,0.48614,1.435296859550476,0.4859,0.00024000000000001798,18215.876788139343
same_updates,n_sam,,,763,1.4200086653518678,0.48618,1.428773469543457,0.48842,1.4328100902557372,0.4892,-0.0007800000000000029,18261.50129890442
same_updates,n_sam,,,764,1.4172047969818116,0.48898,1.4258312247085572,0.48986,1.4296885517120361,0.4888,0.0010600000000000054,18272.213826417923
same_updates,n_sam,,,765,1.4182635857391357,0.48982,1.4274749448394775,0.48856,1.4309941677093505,0.4887,-0.000140000000000029,18282.846098423004
same_updates,n_sam,,,766,1.415385701522827,0.48902,1.4198213541412354,0.49068,1.4236348934173584,0.49,0.0006800000000000139,18325.32723379135
same_updates,n_sam,,,767,1.4175978997421264,0.4882,1.4287544067382814,0.48858,1.4327274093627929,0.4869,0.0016800000000000148,18335.886867523193
same_updates,n_sam,,,768,1.415183519744873,0.48806,1.4192908263397217,0.49188,1.423267873764038,0.4893,0.002579999999999971,18381.511168003082
same_updates,n_sam,,,769,1.4156436135101318,0.49004,1.4231563793182374,0.49,1.4271841329574586,0.4895,0.0005000000000000004,18392.25561094284
same_updates,n_sam,,,770,1.4129256560516357,0.49106,1.4275108590698242,0.48792,1.4314057622909546,0.489,-0.0010799999999999699,18402.949212551117
same_updates,n_sam,,,771,1.414078245201111,0.48906,1.4234167701339722,0.49018,1.4275141355514527,0.4891,0.0010800000000000254,18445.36025094986
same_updates,n_sam,,,772,1.4116836094284058,0.48942,1.423612282371521,0.48992,1.427645057296753,0.49,-7.999999999996898e-05,18455.926546812057
same_updates,n_sam,,,773,1.4133889800262451,0.49074,1.4122491606903076,0.49332,1.4163577396392821,0.4942,-0.0008799999999999919,18501.51504969597
same_updates,n_sam,,,774,1.4099499264144897,0.4896,1.4244303914260865,0.48974,1.4288927738189696,0.4896,0.000140000000000029,18512.163818597794
same_updates,n_sam,,,775,1.412599771156311,0.48852,1.4239702590942382,0.49032,1.4286789072036743,0.4897,0.0006199999999999539,18522.83333826065
same_updates,n_sam,,,776,1.4128534003067017,0.48804,1.4200950123596192,0.48994,1.424161483001709,0.4908,-0.0008600000000000274,18565.177520036697
same_updates,n_sam,,,777,1.4070970334243775,0.49132,1.421534373588562,0.49018,1.425845265007019,0.4916,-0.0014199999999999768,18575.807208538055
same_updates,n_sam,,,778,1.409916277694702,0.48876,1.4173155840301515,0.49182,1.4217898063659669,0.492,-0.00018000000000001348,18621.41429400444
same_updates,n_sam,,,779,1.4068852771759033,0.49186,1.416164243850708,0.49334,1.4205459493637085,0.4914,0.0019399999999999973,18631.999231100082
same_updates,n_sam,,,780,1.4083853595733642,0.49086,1.4167003677368164,0.49234,1.4212442535400391,0.4915,0.0008400000000000074,18642.637380361557
same_updates,n_sam,,,781,1.4083563220596313,0.49042,1.4139582968139648,0.49286,1.4180728229522706,0.493,-0.00013999999999997348,18685.163492679596
same_updates,n_sam,,,782,1.404852978553772,0.49508,1.4213899980926514,0.49064,1.4258469093322754,0.4902,0.00043999999999999595,18695.747891187668
same_updates,n_sam,,,783,1.407727794494629,0.48886,1.4143938360214234,0.49272,1.4187534141540528,0.4917,0.0010199999999999654,18741.27960371971
same_updates,n_sam,,,784,1.4039524951553344,0.49374,1.4151949758911133,0.49254,1.419662526321411,0.4909,0.0016399999999999748,18751.84542489052
same_updates,n_sam,,,785,1.4076777643585205,0.49148,1.4123384731292725,0.49328,1.4166452810287475,0.4924,0.0008799999999999919,18762.324333906174
same_updates,n_sam,,,786,1.4017581854248047,0.49448,1.4179409861373902,0.49178,1.4223391254425048,0.4908,0.0009799999999999809,18805.24180006981
same_updates,n_sam,,,787,1.4056597448730468,0.49116,1.4036239680099487,0.49642,1.408221487045288,0.4965,-8.00000000000245e-05,18815.83091020584
same_updates,n_sam,,,788,1.4045372485733032,0.49374,1.4144643128204346,0.49222,1.4193803354263306,0.4925,-0.00028000000000000247,18861.30793738365
same_updates,n_sam,,,789,1.4026239402008056,0.49424,1.4245043531036377,0.49024,1.4288989713668823,0.4887,0.0015399999999999858,18871.86994433403
same_updates,n_sam,,,790,1.4032708147048951,0.49344,1.403450008239746,0.49702,1.407959623336792,0.4969,0.00012000000000000899,18882.492033720016
same_updates,n_sam,,,791,1.404277328262329,0.49448,1.4094129333114624,0.49468,1.4144010263442992,0.4957,-0.0010199999999999654,18925.0434384346
same_updates,n_sam,,,792,1.4011044394302368,0.4943,1.4249289362335205,0.48886,1.4292580402374269,0.4898,-0.0009399999999999964,18935.664803266525
same_updates,n_sam,,,793,1.400956248855591,0.4964,1.408829247932434,0.49494,1.4131914428710937,0.4928,0.0021399999999999753,18981.113664865494
same_updates,n_sam,,,794,1.4025589171981812,0.49276,1.4063980645370484,0.49716,1.4116706470489502,0.495,0.0021599999999999953,18991.740884542465
same_updates,n_sam,,,795,1.4020811438751222,0.49332,1.4108946472930908,0.49536,1.415352827835083,0.4942,0.0011600000000000499,19002.405594348907
same_updates,n_sam,,,796,1.4044722632598876,0.49328,1.413419881362915,0.49286,1.4170458003997803,0.4918,0.0010600000000000054,19044.83374619484
same_updates,n_sam,,,797,1.4015800088882446,0.49066,1.4062747491455079,0.49582,1.4103804355621339,0.4969,-0.0010800000000000254,19055.440680503845
same_updates,n_sam,,,798,1.4016961547088622,0.49336,1.4084604629516602,0.49508,1.4133529298782348,0.4958,-0.0007199999999999984,19100.984037399292
same_updates,n_sam,,,799,1.4027026715087891,0.494,1.4057839882278442,0.49482,1.4095670574188233,0.4966,-0.0017800000000000038,19111.608639001846
same_updates,n_sam,,,800,1.4014941980743407,0.49338,1.4157036153030396,0.49198,1.418914758491516,0.4921,-0.00012000000000000899,19122.13473534584
same_updates,n_sam,,,801,1.405434199066162,0.49374,1.4183603986358642,0.49336,1.4222904941558838,0.4923,0.0010600000000000054,19164.707239866257
same_updates,n_sam,,,802,1.4026476337051392,0.49438,1.4001063604736328,0.49874,1.4045505283355713,0.4988,-6.0000000000004494e-05,19175.429658651352
same_updates,n_sam,,,803,1.4017754393768311,0.49474,1.4021688370513916,0.49794,1.4069655746459961,0.4964,0.0015399999999999858,19220.96665453911
same_updates,n_sam,,,804,1.4035219216918946,0.49426,1.4173216772842407,0.49216,1.4217617515563965,0.4896,0.0025600000000000067,19231.62778019905
same_updates,n_sam,,,805,1.4033184757232666,0.49392,1.4155242721939088,0.49266,1.4198816595077515,0.4917,0.0009599999999999609,19242.327144622803
same_updates,n_sam,,,806,1.4052650206756592,0.4915,1.403445365524292,0.49744,1.4080817928314209,0.4991,-0.0016599999999999948,19284.763793230057
same_updates,n_sam,,,807,1.40082545463562,0.4939,1.406741131515503,0.49674,1.411674563217163,0.4979,-0.0011599999999999944,19295.34316134453
same_updates,n_sam,,,808,1.4067504654693603,0.49438,1.40922293926239,0.49608,1.41378678855896,0.4956,0.00048000000000003595,19340.990736722946
same_updates,n_sam,,,809,1.401005853843689,0.4941,1.4041110678100586,0.49626,1.4083206062316895,0.4958,0.00045999999999996044,19351.65411543846
same_updates,n_sam,,,810,1.402230309829712,0.4943,1.4068252770233154,0.49662,1.4119356704711914,0.4967,-7.999999999996898e-05,19362.21373295784
same_updates,n_sam,,,811,1.4009669992828369,0.49646,1.4023488298034668,0.49874,1.407420376586914,0.4994,-0.0006599999999999939,19404.814821958542
same_updates,n_sam,,,812,1.40206435131073,0.4971,1.4038681024551392,0.49736,1.408630683517456,0.4973,6.0000000000004494e-05,19415.48697900772
same_updates,n_sam,,,813,1.3989739637374878,0.49698,1.4106677407836914,0.49514,1.4156832969665527,0.4961,-0.0009599999999999609,19460.85605096817
same_updates,n_sam,,,814,1.4000986087417602,0.49596,1.4021931908416747,0.49792,1.4074812171936035,0.4973,0.0006199999999999539,19471.519720077515
same_updates,n_sam,,,815,1.4021959564590454,0.4939,1.4017486493301392,0.4982,1.407342617416382,0.4983,-0.0001000000000000445,19481.98628592491
same_updates,n_sam,,,816,1.3971583849716187,0.49686,1.4062152452850343,0.49616,1.4115223850250245,0.4984,-0.0022400000000000198,19524.721964597702
same_updates,n_sam,,,817,1.3980848276901245,0.49406,1.4002973709869384,0.4988,1.4053368104934691,0.4993,-0.0005000000000000004,19535.385001182556
same_updates,n_sam,,,818,1.3989594372940064,0.49526,1.4073939417266845,0.49702,1.412779894065857,0.4975,-0.00047999999999998044,19546.03994369507
same_updates,n_sam,,,819,1.3952499991607665,0.50016,1.4005779803466798,0.49784,1.4056494331359863,0.497,0.0008400000000000074,19587.93656396866
same_updates,n_sam,,,820,1.3953001413726807,0.4976,1.4028498246002197,0.49698,1.4078282598495484,0.497,-2.0000000000020002e-05,19598.600544929504
same_updates,n_sam,,,821,1.3954373708724976,0.49734,1.4088812271881104,0.49556,1.4141923082351684,0.4978,-0.0022400000000000198,19644.74634885788
same_updates,n_sam,,,822,1.3969402019500732,0.49558,1.3920962456512451,0.50174,1.397007813835144,0.5011,0.0006399999999999739,19655.372511148453
same_updates,n_sam,,,823,1.3960668419265747,0.49732,1.3976131088638306,0.5003,1.4029409524917602,0.4993,0.0009999999999999454,19666.006157636642
same_updates,n_sam,,,824,1.3916890230941772,0.49696,1.409611614112854,0.49598,1.4152064769744872,0.4959,7.999999999996898e-05,19707.964005708694
same_updates,n_sam,,,825,1.3929059661865235,0.49822,1.3994093544387818,0.4976,1.4045041864395142,0.4984,-0.0008000000000000229,19718.65470647812
same_updates,n_sam,,,826,1.3968395596694947,0.49386,1.4006005136871338,0.49766,1.4059238748550416,0.4984,-0.0007400000000000184,19764.635582208633
same_updates,n_sam,,,827,1.394344331741333,0.49644,1.408456365585327,0.49724,1.4144242761611938,0.4961,0.0011400000000000299,19775.314140081406
same_updates,n_sam,,,828,1.3956606174468995,0.49814,1.3952644120025635,0.50148,1.4014952093124389,0.5005,0.000980000000000092,19785.990144252777
same_updates,n_sam,,,829,1.394250143547058,0.4985,1.3951233883285523,0.49952,1.4009779954910277,0.5001,-0.0005799999999999694,19827.914186000824
same_updates,n_sam,,,830,1.3936755849456788,0.49738,1.4065413262939452,0.49582,1.4128229513168336,0.4977,-0.0018799999999999928,19838.6404774189
same_updates,n_sam,,,831,1.395767588157654,0.4968,1.4041055903625488,0.49712,1.4105671724319457,0.4982,-0.0010799999999999699,19884.47000670433
same_updates,n_sam,,,832,1.3978638564300536,0.49654,1.3937250057220458,0.50156,1.3993640455245973,0.5015,6.0000000000060005e-05,19895.21861743927
same_updates,n_sam,,,833,1.390745864830017,0.50018,1.397198902015686,0.50064,1.4025622001647948,0.4999,0.0007399999999999629,19940.957386493683
same_updates,n_sam,,,834,1.3916181052398682,0.4969,1.4009327112579346,0.49952,1.4063717472076416,0.4993,0.00021999999999999797,19951.681114435196
same_updates,n_sam,,,835,1.391906224746704,0.49734,1.3966788463973998,0.50082,1.4022788799285888,0.4999,0.0009200000000000319,19962.316922664642
same_updates,n_sam,,,836,1.3960122717666625,0.49632,1.399492013244629,0.4988,1.4047896236419677,0.5003,-0.0014999999999999458,20004.77073407173
same_updates,n_sam,,,837,1.3942969094085693,0.49828,1.4038108118438721,0.498,1.409096961593628,0.4987,-0.0006999999999999784,20015.437801122665
same_updates,n_sam,,,838,1.3915391388702392,0.49804,1.3931175408172607,0.5012,1.3983373823165894,0.5017,-0.000500000000000056,20060.956404209137
same_updates,n_sam,,,839,1.390559942932129,0.49836,1.3936047006988526,0.50142,1.3984941356658935,0.5016,-0.000180000000000069,20071.742866277695
same_updates,n_sam,,,840,1.3915537299346923,0.49682,1.4041040149688722,0.49818,1.409092136001587,0.4982,-1.999999999996449e-05,20082.41108059883
same_updates,n_sam,,,841,1.389069772605896,0.49894,1.3948209148406983,0.50048,1.3998925642013549,0.5023,-0.0018199999999999328,20124.666837215424
same_updates,n_sam,,,842,1.3878646105194092,0.49904,1.393371393470764,0.50052,1.398473744392395,0.5017,-0.0011800000000000699,20135.175374746323
same_updates,n_sam,,,843,1.3888450551605225,0.50292,1.4046972590637208,0.49744,1.4100871002197266,0.4986,-0.0011599999999999944,20145.785903930664
same_updates,n_sam,,,844,1.3906109455490112,0.49614,1.3970795875167847,0.49912,1.4024490020751954,0.499,0.00012000000000000899,20188.16859459877
same_updates,n_sam,,,845,1.3890212734603882,0.49798,1.3950489773559571,0.49914,1.400486005783081,0.5012,-0.0020600000000000063,20198.675028324127
same_updates,n_sam,,,846,1.3869909978866577,0.50178,1.4031536177825927,0.49782,1.4080055448532105,0.4977,0.00012000000000000899,20244.52607679367
same_updates,n_sam,,,847,1.3885371859741211,0.4993,1.3972409740829468,0.50044,1.4023559173583984,0.5018,-0.0013600000000000279,20255.176845550537
same_updates,n_sam,,,848,1.386365876159668,0.5008,1.3909701147460938,0.50326,1.39637081489563,0.5024,0.0008600000000000829,20265.816288232803
same_updates,n_sam,,,849,1.3869901810073852,0.50082,1.3951693463516235,0.50096,1.399863085746765,0.5,0.0009599999999999609,20307.82769036293
same_updates,n_sam,,,850,1.3856571505355835,0.50266,1.3986426203155518,0.50016,1.4034878631591796,0.4992,0.0009600000000000719,20318.691439151764
same_updates,n_sam,,,851,1.3850831685638427,0.4995,1.3889901737594605,0.50232,1.3940988523483275,0.5021,0.00021999999999999797,20364.197525024414
same_updates,n_sam,,,852,1.3845241235733032,0.5026,1.3941645022964477,0.49928,1.3995733123779297,0.5009,-0.0016200000000000103,20374.871631860733
same_updates,n_sam,,,853,1.3864524970245362,0.50046,1.395512080154419,0.50072,1.4004076862335204,0.501,-0.00027999999999994696,20385.35838675499
same_updates,n_sam,,,854,1.3814014493560791,0.50208,1.392203303642273,0.50166,1.397423990058899,0.5025,-0.0008399999999999519,20427.7012090683
same_updates,n_sam,,,855,1.3826899771499634,0.50134,1.3947290141677857,0.50088,1.4004963928222656,0.5013,-0.00041999999999997595,20438.414744853973
same_updates,n_sam,,,856,1.3817183489227296,0.50182,1.392023669281006,0.50094,1.3972875289916993,0.5009,4.0000000000040004e-05,20484.149025201797
same_updates,n_sam,,,857,1.380963119239807,0.5039,1.3924899250030518,0.5013,1.398206293106079,0.5022,-0.0009000000000000119,20494.907463788986
same_updates,n_sam,,,858,1.3824647179031373,0.50218,1.3930627242660523,0.50162,1.3992557113647461,0.5019,-0.000280000000000058,20505.687071084976
same_updates,n_sam,,,859,1.3850684371185302,0.49738,1.389950082168579,0.50262,1.39528196144104,0.5029,-0.000280000000000058,20547.91063117981
same_updates,n_sam,,,860,1.3855623642730712,0.50114,1.396251321029663,0.50138,1.4021060760498048,0.5022,-0.0008199999999999319,20558.606585264206
same_updates,n_sam,,,861,1.378298926010132,0.50448,1.3902911458969116,0.5028,1.396690578842163,0.5052,-0.0023999999999999577,20604.42018008232
same_updates,n_sam,,,862,1.381116175918579,0.50206,1.3874103817367553,0.50446,1.3934522771835327,0.5042,0.000260000000000038,20615.213489055634
same_updates,n_sam,,,863,1.38179091632843,0.50174,1.394211436920166,0.50194,1.40055691947937,0.5012,0.0007400000000000739,20625.787167072296
same_updates,n_sam,,,864,1.384563217201233,0.49886,1.3854367959594727,0.5041,1.3913385564804077,0.5037,0.00039999999999995595,20667.85286092758
same_updates,n_sam,,,865,1.3812297648620606,0.50172,1.391476403541565,0.50222,1.3976101570129396,0.5019,0.00031999999999998696,20678.532133817673
same_updates,n_sam,,,866,1.3823034044647218,0.50202,1.3914568338775635,0.50364,1.3972742004394532,0.5036,3.999999999992898e-05,20724.02641105652
same_updates,n_sam,,,867,1.3786215156555175,0.50172,1.3813660952758788,0.5071,1.3873031787872314,0.5058,0.0012999999999999678,20734.447281837463
same_updates,n_sam,,,868,1.3780766509628295,0.50324,1.3871316860198974,0.50516,1.3934336521148682,0.5045,0.000660000000000105,20745.038289546967
same_updates,n_sam,,,869,1.3761054095840455,0.50394,1.3887371015167236,0.50362,1.3949546133041382,0.5041,-0.00048000000000003595,20787.506766319275
same_updates,n_sam,,,870,1.37554308429718,0.50466,1.3885292134094238,0.50398,1.3941153701782227,0.5031,0.0008799999999999919,20798.08572125435
same_updates,n_sam,,,871,1.3803289977264404,0.5025,1.3956577614212036,0.50234,1.4018182453155517,0.5016,0.0007399999999999629,20843.91604232788
same_updates,n_sam,,,872,1.3766264418792724,0.5053,1.380329610786438,0.50722,1.3864036401748656,0.5046,0.0026199999999999557,20854.47448706627
same_updates,n_sam,,,873,1.377500768737793,0.5033,1.3857083784866333,0.50488,1.391988399887085,0.5051,-0.00021999999999999797,20865.08718252182
same_updates,n_sam,,,874,1.3761482317352296,0.50446,1.3923745364761353,0.50298,1.3989835021972656,0.5034,-0.00041999999999997595,20907.53961610794
same_updates,n_sam,,,875,1.3808317319107055,0.50306,1.384006962928772,0.50592,1.390483975982666,0.5045,0.0014200000000000879,20918.18522119522
same_updates,n_sam,,,876,1.3753492960357665,0.50592,1.3882001055145263,0.50366,1.3945546892166139,0.5037,-4.0000000000040004e-05,20963.873374462128
same_updates,n_sam,,,877,1.3758398824691773,0.50442,1.3901530150222778,0.50376,1.3964102947235106,0.5035,0.000260000000000038,20974.685589313507
same_updates,n_sam,,,878,1.3771839017486571,0.50342,1.3782789930725097,0.50786,1.3842633001327516,0.5073,0.0005600000000000049,20985.39088702202
same_updates,n_sam,,,879,1.373623492088318,0.50476,1.3842330026245118,0.50574,1.3905434940338135,0.5056,0.00013999999999991797,21027.5432369709
same_updates,n_sam,,,880,1.375392035446167,0.50422,1.385175045852661,0.50502,1.3913964235305787,0.506,-0.0009799999999999809,21038.371818304062
same_updates,n_sam,,,881,1.3738386164093017,0.50426,1.3792885761260987,0.50716,1.3856930139541626,0.5064,0.0007600000000000939,21083.939150333405
same_updates,n_sam,,,882,1.3774855410766602,0.50162,1.3910629870605469,0.50306,1.397707561302185,0.5018,0.0012599999999999278,21094.637235164642
same_updates,n_sam,,,883,1.376134115753174,0.5036,1.3827233361816407,0.50572,1.3889568788528441,0.5053,0.00041999999999997595,21105.29936170578
same_updates,n_sam,,,884,1.3741374722290038,0.50526,1.3748030559921265,0.50826,1.3816005477905273,0.5097,-0.0014399999999999968,21147.473561763763
same_updates,n_sam,,,885,1.374073445701599,0.50436,1.386380345878601,0.504,1.393371035003662,0.505,-0.0010000000000000009,21158.066858053207
same_updates,n_sam,,,886,1.3728180031585693,0.5072,1.3853750330352783,0.50356,1.3914695220947266,0.5039,-0.00034000000000000696,21203.785340070724
same_updates,n_sam,,,887,1.3728299785614013,0.50568,1.3779593900680542,0.50706,1.3849003063201903,0.5052,0.0018599999999999728,21214.520591020584
same_updates,n_sam,,,888,1.3730974184036255,0.50612,1.383241372718811,0.50496,1.3903889019012452,0.5032,0.0017599999999999838,21225.229668855667
same_updates,n_sam,,,889,1.3718698263931275,0.50512,1.384570968055725,0.50416,1.3906092315673828,0.5048,-0.0006399999999999739,21267.708272218704
same_updates,n_sam,,,890,1.371514637107849,0.50494,1.3807260306549072,0.50522,1.3868839126586914,0.5063,-0.0010799999999999699,21278.452383995056
same_updates,n_sam,,,891,1.3710489293670653,0.50608,1.3799583834075928,0.50726,1.3871453134536744,0.5063,0.0009600000000000719,21323.936156511307
same_updates,n_sam,,,892,1.370826543235779,0.50772,1.380169101486206,0.50698,1.3867668161392213,0.5062,0.0007800000000000029,21334.64811706543
same_updates,n_sam,,,893,1.3744769666290284,0.50656,1.3850863796234132,0.50376,1.3911045587539672,0.505,-0.0012400000000000189,21345.30156826973
same_updates,n_sam,,,894,1.373090556716919,0.50584,1.3852703076934814,0.50458,1.3922113422393798,0.5058,-0.0012199999999999989,21387.86141228676
same_updates,n_sam,,,895,1.3722819361495973,0.5063,1.3753470678710937,0.50834,1.3823925086975097,0.5066,0.0017399999999999638,21398.55710697174
same_updates,n_sam,,,896,1.3739100038146972,0.50466,1.3778656854629516,0.50846,1.3844590190887451,0.5053,0.0031600000000000517,21444.018766641617
same_updates,n_sam,,,897,1.3683572885131836,0.50622,1.3842774715805053,0.5049,1.3912603401184083,0.5063,-0.0013999999999999568,21454.707666158676
same_updates,n_sam,,,898,1.3717136854553222,0.50796,1.3809798104095459,0.50636,1.388194889831543,0.5068,-0.00043999999999999595,21465.386934041977
same_updates,n_sam,,,899,1.37340890045166,0.50766,1.3734510298919678,0.50932,1.38041565284729,0.5084,0.0009200000000000319,21507.71629881859
same_updates,n_sam,,,900,1.3683944808197022,0.50812,1.3799668301773071,0.5068,1.3870776176452637,0.5071,-0.00029999999999996696,21518.437655210495
same_updates,n_sam,,,901,1.369669298095703,0.5074,1.3866369260025024,0.5045,1.3935707328796387,0.5055,-0.0010000000000000009,21564.09843635559
same_updates,n_sam,,,902,1.3730896779251098,0.50694,1.372457600288391,0.50966,1.3788963130950929,0.5092,0.00046000000000001595,21574.705629587173
same_updates,n_sam,,,903,1.3688040593719482,0.50772,1.3759492122268677,0.50872,1.3828766979217528,0.5085,0.00021999999999999797,21585.403422117233
same_updates,n_sam,,,904,1.3675512114715576,0.5065,1.3752482901382446,0.5092,1.3824284816741943,0.5076,0.0015999999999999348,21627.916654348373
same_updates,n_sam,,,905,1.3695780010223388,0.50504,1.3739379719161988,0.50818,1.3809159145355225,0.5071,0.0010799999999999699,21638.485980033875
same_updates,n_sam,,,906,1.3689123543548585,0.5055,1.3851521140289307,0.50572,1.3918134637832642,0.5052,0.0005199999999999649,21683.94879770279
same_updates,n_sam,,,907,1.3671913193893432,0.50826,1.375984443283081,0.50774,1.383224542236328,0.5067,0.0010399999999999299,21694.608090639114
same_updates,n_sam,,,908,1.3675889651107789,0.50744,1.3686746004867554,0.51054,1.3759567428588868,0.5105,4.0000000000040004e-05,21705.266697883606
same_updates,n_sam,,,909,1.3669470517349243,0.50838,1.3786589554977418,0.50768,1.3855527256011964,0.5084,-0.0007199999999999429,21747.782017469406
same_updates,n_sam,,,910,1.363812355003357,0.5083,1.377775390663147,0.50812,1.384891777420044,0.5074,0.0007200000000000539,21758.465910434723
same_updates,n_sam,,,911,1.365853706626892,0.51022,1.3696559664154053,0.51034,1.3766392169952393,0.5088,0.0015399999999999858,21804.131932735443
same_updates,n_sam,,,912,1.3603598902511598,0.51142,1.3768284746932984,0.50802,1.3840686624526977,0.5066,0.0014199999999999768,21814.81486439705
same_updates,n_sam,,,913,1.36760495262146,0.50846,1.3719870190811156,0.50944,1.3791326097488403,0.5079,0.0015399999999999858,21825.477818727493
same_updates,n_sam,,,914,1.367940801010132,0.51064,1.3764638674926757,0.50762,1.3839171646118165,0.5081,-0.00048000000000003595,21867.756510734558
same_updates,n_sam,,,915,1.3658557544708252,0.50772,1.3705459001159668,0.50966,1.3772937435150145,0.5097,-4.0000000000040004e-05,21878.461780786514
same_updates,n_sam,,,916,1.363011774673462,0.50976,1.3677701801300048,0.51104,1.3749386093139648,0.5111,-5.999999999994898e-05,21923.992033958435
same_updates,n_sam,,,917,1.361539086151123,0.50972,1.375484898376465,0.50764,1.3831737773895263,0.5083,-0.0006599999999999939,21934.646964788437
same_updates,n_sam,,,918,1.3622481439971923,0.50988,1.3703611912536622,0.50832,1.3777464908599855,0.5081,0.00021999999999999797,21945.28777074814
same_updates,n_sam,,,919,1.3625668474578858,0.50988,1.3740520962905884,0.5076,1.3819489891052246,0.5066,0.0010000000000000009,21987.70275259018
same_updates,n_sam,,,920,1.3631692272567748,0.50872,1.3759747043609618,0.50862,1.3837272262573241,0.5084,0.00021999999999999797,21998.29293513298
same_updates,n_sam,,,921,1.3589153036499024,0.5112,1.3643871525192262,0.51202,1.3710628883361817,0.5114,0.0006200000000000649,22044.007161140442
same_updates,n_sam,,,922,1.3623433540344239,0.51008,1.3703184311294556,0.50994,1.377478883743286,0.5104,-0.00046000000000001595,22054.679241657257
same_updates,n_sam,,,923,1.3611931573486329,0.50972,1.3741744937133789,0.50948,1.382207511138916,0.5076,0.0018799999999999928,22065.255821704865
same_updates,n_sam,,,924,1.3672877400970458,0.50664,1.3738645597076415,0.50842,1.3808653812408447,0.5085,-7.999999999996898e-05,22107.63913178444
same_updates,n_sam,,,925,1.3614223488235473,0.5101,1.3736854288482665,0.5091,1.3810088129043578,0.509,9.999999999998899e-05,22118.298141002655
same_updates,n_sam,,,926,1.3627223218917848,0.50886,1.3711244220733643,0.50958,1.3794119129180908,0.5093,0.000280000000000058,22163.963447332382
same_updates,n_sam,,,927,1.361150418434143,0.51232,1.3669964004898072,0.50972,1.374172819328308,0.5124,-0.0026800000000000157,22174.637651205063
same_updates,n_sam,,,928,1.3613268954849242,0.50978,1.3718609956359864,0.50962,1.3783399673461914,0.5083,0.0013199999999999878,22185.221222639084
same_updates,n_sam,,,929,1.3608257289886474,0.50918,1.3726304318237306,0.51032,1.3797917819976806,0.5092,0.0011200000000000099,22227.76460957527
same_updates,n_sam,,,930,1.3622270303726196,0.50958,1.3666003509140014,0.51114,1.3741883367538452,0.5107,0.00043999999999999595,22238.387536287308
same_updates,n_sam,,,931,1.3617624753570556,0.50906,1.3695253078460694,0.50976,1.3763416778564452,0.5104,-0.0006399999999999739,22284.19064116478
same_updates,n_sam,,,932,1.3600226886367799,0.51204,1.3759752425384522,0.50878,1.3824511024475097,0.5102,-0.0014199999999999768,22294.90612101555
same_updates,n_sam,,,933,1.3634410919570923,0.5092,1.3646344509887696,0.51332,1.3714071674346924,0.5113,0.0020200000000000218,22305.618442058563
same_updates,n_sam,,,934,1.360080590248108,0.51076,1.3670806268310547,0.51198,1.3741777086257934,0.5103,0.0016800000000000148,22347.826037168503
same_updates,n_sam,,,935,1.3606633938980102,0.51148,1.376532638206482,0.50856,1.3840260555267334,0.5078,0.0007599999999999829,22358.46920108795
same_updates,n_sam,,,936,1.3617975952148438,0.50942,1.3673809058380126,0.51206,1.374523150253296,0.5123,-0.00024000000000001798,22404.001217842102
same_updates,n_sam,,,937,1.3546173767852783,0.51348,1.3698955037689209,0.51234,1.3772477460861206,0.5092,0.0031400000000000317,22414.60978269577
same_updates,n_sam,,,938,1.3599208739471436,0.51238,1.3722171685028077,0.5118,1.3798018955230713,0.5076,0.0041999999999999815,22425.255173683167
same_updates,n_sam,,,939,1.3578679000091554,0.51166,1.3638460165405273,0.51304,1.3713128463745117,0.5125,0.000540000000000096,22467.789986133575
same_updates,n_sam,,,940,1.3586006903457641,0.50938,1.3702379587936402,0.51066,1.3777302877426147,0.511,-0.00034000000000000696,22478.426664352417
same_updates,n_sam,,,941,1.3572441216278077,0.5134,1.3729217736816406,0.5111,1.3804808574676513,0.5069,0.0041999999999999815,22524.128722190857
same_updates,n_sam,,,942,1.3606476488876342,0.5111,1.364876102027893,0.51316,1.3723261821746826,0.5104,0.0027599999999999847,22534.842591285706
same_updates,n_sam,,,943,1.357579532737732,0.51138,1.3674403512954711,0.5128,1.3747181381225586,0.5112,0.0016000000000000458,22545.4615483284
same_updates,n_sam,,,944,1.3558198468017577,0.51282,1.362635210647583,0.51332,1.369781755065918,0.512,0.0013199999999999878,22587.8972094059
same_updates,n_sam,,,945,1.3563584094619752,0.51278,1.3686376374435425,0.51188,1.3760426023483276,0.5103,0.0015800000000000258,22598.513474702835
same_updates,n_sam,,,946,1.355142275352478,0.5128,1.366606608314514,0.5123,1.373815696144104,0.5115,0.0008000000000000229,22644.06308531761
same_updates,n_sam,,,947,1.356798638458252,0.51236,1.3628782264328003,0.51326,1.3702181758880616,0.5104,0.0028600000000000847,22654.740124940872
same_updates,n_sam,,,948,1.3537867068099976,0.51298,1.3699407692337036,0.5116,1.3773250198364257,0.5105,0.001100000000000101,22665.361347436905
same_updates,n_sam,,,949,1.3569866458511353,0.51348,1.3595112283325195,0.51466,1.3662303764343262,0.5115,0.0031600000000000517,22707.73032474518
same_updates,n_sam,,,950,1.3547823152923584,0.51292,1.3604136695098876,0.51458,1.3679618000030518,0.5127,0.0018799999999999928,22718.38857316971
same_updates,n_sam,,,951,1.352373031616211,0.51326,1.3714388844299317,0.5108,1.379052339553833,0.5114,-0.0005999999999999339,22764.042837381363
same_updates,n_sam,,,952,1.3515406149291993,0.51472,1.3604074662017822,0.51236,1.367376436805725,0.5129,-0.0005399999999999849,22774.66166949272
same_updates,n_sam,,,953,1.3534076089859008,0.51274,1.3645252698516845,0.51158,1.3722655242919921,0.5125,-0.0009199999999999209,22785.332403182983
same_updates,n_sam,,,954,1.3514195156097413,0.51252,1.3679247704315185,0.5124,1.3762921855926513,0.5119,0.0004999999999999449,22828.078693389893
same_updates,n_sam,,,955,1.3539440687561035,0.51468,1.362767901687622,0.51384,1.3702748945236205,0.513,0.0008399999999999519,22838.735958576202
same_updates,n_sam,,,956,1.3517517721176147,0.51328,1.36613115486145,0.51208,1.3738989435195923,0.5103,0.0017800000000000038,22884.10219359398
same_updates,n_sam,,,957,1.3522666941070556,0.51234,1.3617003265762329,0.514,1.3699758250236511,0.5125,0.0015000000000000568,22894.61656332016
same_updates,n_sam,,,958,1.3491186600112914,0.51448,1.3588965061187743,0.5139,1.3661167312622071,0.5127,0.0011999999999999789,22905.228506088257
same_updates,n_sam,,,959,1.352240456199646,0.51406,1.3621967613983155,0.51314,1.3695726583480834,0.5131,4.0000000000040004e-05,22947.671669244766
same_updates,n_sam,,,960,1.350140348815918,0.5153,1.359939468536377,0.51476,1.3678355454444886,0.5131,0.0016599999999999948,22958.36634206772
same_updates,n_sam,,,961,1.3458969387435913,0.51614,1.3597384882736205,0.51442,1.3666654232025146,0.5152,-0.0007800000000000029,23004.521184444427
same_updates,n_sam,,,962,1.348886263961792,0.51504,1.360220887031555,0.5142,1.3671529270172118,0.5135,0.0007000000000000339,23015.18555855751
same_updates,n_sam,,,963,1.347513009376526,0.51366,1.3579095261001586,0.51534,1.3658120058059693,0.5144,0.0009400000000000519,23025.830385684967
same_updates,n_sam,,,964,1.3502313924407958,0.51516,1.3576501821136475,0.51432,1.3647762279510498,0.5144,-7.999999999996898e-05,23067.728385686874
same_updates,n_sam,,,965,1.3484311305236816,0.51598,1.3632911655807496,0.51232,1.370054278945923,0.512,0.00031999999999998696,23078.385627746582
same_updates,n_sam,,,966,1.3484606393432617,0.5163,1.3618375059890746,0.5139,1.3695012958526611,0.5123,0.0016000000000000458,23124.191076993942
same_updates,n_sam,,,967,1.3502065448379517,0.5162,1.3584780641937255,0.51628,1.3665505306243897,0.5139,0.0023799999999999377,23134.861515283585
same_updates,n_sam,,,968,1.348433126602173,0.51462,1.3639993873596192,0.51358,1.3713531805038452,0.5128,0.0007800000000000029,23145.43249464035
same_updates,n_sam,,,969,1.3493819521331787,0.51458,1.3555017940521241,0.51554,1.362688104248047,0.5147,0.0008399999999999519,23187.760082006454
same_updates,n_sam,,,970,1.3490480323791505,0.51694,1.36275368019104,0.51394,1.3706190921783448,0.5135,0.00043999999999999595,23198.557546138763
same_updates,n_sam,,,971,1.3491487099456787,0.51464,1.358471376991272,0.51602,1.366048265838623,0.5142,0.0018200000000000438,23244.149463176727
same_updates,n_sam,,,972,1.346581752357483,0.51566,1.3571683573150635,0.51578,1.3645892473220824,0.5143,0.0014800000000000368,23254.860795259476
same_updates,n_sam,,,973,1.3465387027359008,0.51422,1.3594609454345703,0.51592,1.3672006777763366,0.5151,0.0008200000000000429,23265.62406396866
same_updates,n_sam,,,974,1.3443188080215454,0.51636,1.349206717338562,0.51874,1.3569660243988038,0.5177,0.0010399999999999299,23307.781852722168
same_updates,n_sam,,,975,1.3445093284606933,0.51504,1.3620355374526978,0.51482,1.370003800868988,0.5125,0.0023200000000000998,23318.51880455017
same_updates,n_sam,,,976,1.3476716641998292,0.51586,1.353071752243042,0.51748,1.3608222637176515,0.5156,0.0018800000000001038,23364.309980154037
same_updates,n_sam,,,977,1.348044803390503,0.51512,1.355932253036499,0.51716,1.363925240135193,0.5156,0.0015600000000000058,23374.92325282097
same_updates,n_sam,,,978,1.343879804496765,0.5185,1.357843183364868,0.51658,1.3656506979942322,0.5155,0.001080000000000081,23385.590547561646
same_updates,n_sam,,,979,1.3433754214859008,0.51632,1.3453782438659667,0.51958,1.3529118570327758,0.5177,0.0018799999999999928,23428.343599796295
same_updates,n_sam,,,980,1.34566100605011,0.51602,1.3538080348968506,0.5169,1.3618799521446228,0.5165,0.00040000000000006697,23439.133927345276
same_updates,n_sam,,,981,1.3428841232681274,0.51646,1.3640284371185303,0.5137,1.3725072177886963,0.5141,-0.00039999999999995595,23484.5565431118
same_updates,n_sam,,,982,1.3421108145904541,0.51878,1.347592497024536,0.5197,1.3555775190353394,0.5178,0.0019000000000000128,23495.191623926163
same_updates,n_sam,,,983,1.3448027871704102,0.51662,1.3497248446273804,0.5177,1.3576705802917481,0.5172,0.000500000000000056,23506.075128555298
same_updates,n_sam,,,984,1.340714486579895,0.5204,1.3630273254394532,0.514,1.3711697847366333,0.5145,-0.0004999999999999449,23548.19380903244
same_updates,n_sam,,,985,1.3456615445709228,0.51584,1.3491475408172608,0.51912,1.3576629886627196,0.5172,0.0019200000000000328,23559.30952310562
same_updates,n_sam,,,986,1.3416596438217163,0.51704,1.3428946167373657,0.51938,1.3508512142181397,0.5188,0.0005799999999999139,23604.701732873917
same_updates,n_sam,,,987,1.3414151594924926,0.51786,1.3528547296524047,0.5165,1.3609762161254884,0.5157,0.0007999999999999119,23615.40318775177
same_updates,n_sam,,,988,1.3439828769683837,0.51754,1.3581605648803712,0.51454,1.3663853971481323,0.5142,0.00034000000000000696,23625.971769332886
same_updates,n_sam,,,989,1.3425787347793579,0.51744,1.3496287936782836,0.51768,1.3576528116226196,0.5162,0.0014800000000000368,23668.3669192791
same_updates,n_sam,,,990,1.3479435848236083,0.51672,1.3449748780441284,0.51908,1.3528437427520752,0.5169,0.0021799999999999597,23679.17624759674
same_updates,n_sam,,,991,1.34301332447052,0.51576,1.3550962935638429,0.5159,1.3630120280265807,0.5151,0.0008000000000000229,23724.332585811615
same_updates,n_sam,,,992,1.3449682451629639,0.51608,1.3541239596939088,0.51588,1.3622823377609252,0.5149,0.0009799999999999809,23735.355140686035
same_updates,n_sam,,,993,1.3429097064971924,0.51888,1.3491704205322266,0.51876,1.3573602767944335,0.5174,0.0013600000000000279,23746.405197381973
same_updates,n_sam,,,994,1.3398185133743286,0.52116,1.3500172027587891,0.51844,1.357979278564453,0.5158,0.0026399999999999757,23788.82630634308
same_updates,n_sam,,,995,1.3395844244003297,0.52052,1.348905581703186,0.51868,1.3570260093688964,0.5174,0.0012800000000000589,23799.692455530167
same_updates,n_sam,,,996,1.3406827738189697,0.51692,1.3503871481704712,0.51862,1.35822359457016,0.5157,0.0029199999999999227,23844.681352376938
same_updates,n_sam,,,997,1.3392781925201416,0.51892,1.3556330582427978,0.51718,1.3635492341041564,0.5168,0.00037999999999993594,23855.418523550034
same_updates,n_sam,,,998,1.339339022254944,0.51904,1.3473950701904296,0.52012,1.3549111743927003,0.5191,0.0010200000000000209,23866.11513352394
same_updates,n_sam,,,999,1.3391024276733399,0.5201,1.340727321395874,0.52242,1.3486529453277587,0.5212,0.0012199999999999989,23908.280810832977
same_updates,n_sam,,,1000,1.338811280822754,0.52042,1.352036547164917,0.5184,1.3602896448135375,0.5182,0.00019999999999997797,23918.986188173294
