comparison,method,m,epoch,update,train_loss_step,train_acc_step,train_eval_loss,train_eval_acc,test_loss,test_acc,generalization_gap,elapsed_sec
same_epochs,m_sam,32,1,1563,1.9248522731781006,0.27706,1.7146726382064819,0.37582,1.7079475780487061,0.3768,-0.0009800000000000364,105.94695544242859
same_epochs,m_sam,32,2,3126,1.6614371076202392,0.38346,1.5819407162094117,0.4237,1.5789225471496582,0.4187,0.0050000000000000044,182.74340176582336
same_epochs,m_sam,32,3,4689,1.5412259426498414,0.4327,1.4545257123565674,0.4737,1.4461496612548828,0.4789,-0.005199999999999982,293.9144959449768
same_epochs,m_sam,32,4,6252,1.454541199645996,0.4684,1.440643736190796,0.4802,1.4398784530639648,0.4789,0.0013000000000000234,404.8186914920807
same_epochs,m_sam,32,5,7815,1.379958200263977,0.49832,1.3164600468063354,0.52562,1.3183343383789063,0.5238,0.0018199999999999328,486.18187737464905
same_epochs,m_sam,32,6,9378,1.3153801764678954,0.52214,1.2722729028701782,0.5378,1.276891771697998,0.5375,0.00029999999999996696,595.8646514415741
same_epochs,m_sam,32,7,10941,1.2552049003982544,0.55036,1.2325471701812745,0.56164,1.2403613250732421,0.5589,0.0027400000000000757,707.5235455036163
same_epochs,m_sam,32,8,12504,1.2072754504394532,0.56924,1.161444015235901,0.58666,1.1736478805541992,0.5852,0.0014599999999999058,787.3324625492096
same_epochs,m_sam,32,9,14067,1.1600482884979249,0.59002,1.09983498588562,0.61122,1.1109492805480956,0.6099,0.0013199999999999878,900.289849281311
same_epochs,m_sam,32,10,15630,1.1101296701431274,0.60822,1.0618129322052001,0.62194,1.0798513032913208,0.6152,0.006740000000000079,1012.1559693813324
same_epochs,m_sam,32,11,17193,1.0786798328018188,0.62068,1.027692429046631,0.6403,1.0482270492553711,0.636,0.0042999999999999705,1082.034865140915
same_epochs,m_sam,32,12,18756,1.0401471129989623,0.63562,1.0397767918777465,0.62442,1.0678840906143188,0.6189,0.005519999999999969,1202.2892282009125
same_epochs,m_sam,32,13,20319,1.010628063430786,0.64816,0.9857553519821167,0.65234,1.009372162246704,0.6439,0.008440000000000003,1312.3011252880096
same_epochs,m_sam,32,14,21882,0.9821218968582154,0.65668,0.9589832024002075,0.668,0.9878573027610779,0.6575,0.010500000000000065,1423.6168067455292
same_epochs,m_sam,32,15,23445,0.9549369729995728,0.66896,0.9250561763763427,0.67658,0.9539573101043701,0.6676,0.008979999999999988,1495.5455572605133
same_epochs,m_sam,32,16,25008,0.9352861895942688,0.67252,0.8970803952789307,0.68352,0.9305560447692871,0.6716,0.011920000000000042,1615.3764328956604
same_epochs,m_sam,32,17,26571,0.9157925984954834,0.68268,0.8914032476043701,0.68696,0.9289971788406373,0.6791,0.007859999999999978,1726.395353794098
same_epochs,m_sam,32,18,28134,0.8996756735229492,0.68688,0.8495847102355957,0.70244,0.8887678258895874,0.6912,0.011239999999999917,1796.6434817314148
same_epochs,m_sam,32,19,29697,0.8784647616577148,0.6949,0.869156604385376,0.70006,0.9095639476776123,0.6937,0.006360000000000032,1915.5204350948334
same_epochs,m_sam,32,20,31260,0.8622231522750855,0.70188,0.8516192538833618,0.70358,0.8950535009384155,0.6925,0.011079999999999979,2026.5550372600555
same_epochs,m_sam,32,21,32823,0.8454768028640747,0.70864,0.8421651817703247,0.70468,0.8900760688781738,0.6911,0.013579999999999925,2086.1720209121704
same_epochs,m_sam,32,22,34386,0.8352675192451477,0.71198,0.8297600407791138,0.71036,0.8774752053260804,0.6989,0.011460000000000026,2119.2790298461914
same_epochs,m_sam,32,23,35949,0.8166058228111267,0.71892,0.7785293539047241,0.72958,0.8298154653549195,0.7189,0.010680000000000023,2166.581741809845
same_epochs,m_sam,32,24,37512,0.8031408470344543,0.7224,0.7677588307380676,0.73722,0.82004088306427,0.7186,0.01861999999999997,2202.374838113785
same_epochs,m_sam,32,25,39075,0.7869195353317261,0.73236,0.7906552238845825,0.72838,0.8466507631301879,0.7106,0.017780000000000018,2277.178158521652
same_epochs,m_sam,32,26,40638,0.7783434866714477,0.7315,0.7534689260864258,0.736,0.8094881921768189,0.7211,0.014900000000000024,2389.300560951233
same_epochs,m_sam,32,27,42201,0.76630677069664,0.7373,0.7369655923271179,0.74314,0.7964633788108826,0.7264,0.016739999999999977,2468.9961338043213
same_epochs,m_sam,32,28,43764,0.7559892086219787,0.74016,0.7166730175590516,0.7544,0.7755308966636658,0.7381,0.01629999999999998,2578.047638654709
same_epochs,m_sam,32,29,45327,0.7452143098449707,0.74402,0.7159157085800171,0.75238,0.7795152160644532,0.7344,0.017979999999999996,2689.915190935135
same_epochs,m_sam,32,30,46890,0.7362458112335205,0.74648,0.7036825830459594,0.7579,0.7679533729553223,0.74,0.017900000000000027,2767.7978744506836
same_epochs,m_sam,32,31,48453,0.7249331754684448,0.75254,0.7145228164291382,0.74916,0.7783692908287049,0.7273,0.0218600000000001,2877.793197631836
same_epochs,m_sam,32,32,50016,0.7119977227592468,0.75844,0.6741397773742676,0.77208,0.7367781335830689,0.7482,0.023880000000000012,2992.6468544006348
same_epochs,m_sam,32,33,51579,0.7076203921318054,0.759,0.6923816363906861,0.76514,0.7574304294586182,0.7422,0.02294000000000007,3103.7369356155396
same_epochs,m_sam,32,34,53142,0.6966298467254639,0.76258,0.6790458013916015,0.76662,0.7457522338867187,0.7454,0.021220000000000017,3184.1930541992188
same_epochs,m_sam,32,35,54705,0.6849082145404816,0.76648,0.6712009103012085,0.77062,0.740736323928833,0.743,0.027619999999999978,3293.8978941440582
same_epochs,m_sam,32,36,56268,0.6795690516090394,0.7689,0.6375265015792847,0.7819,0.7089432330131531,0.7547,0.027200000000000002,3404.478378534317
same_epochs,m_sam,32,37,57831,0.6715658829498291,0.7712,0.641823878955841,0.78144,0.712798526763916,0.7562,0.02524000000000004,3483.551611661911
same_epochs,m_sam,32,38,59394,0.6617369537734985,0.7765,0.6466413847541809,0.77656,0.7245995120048523,0.7503,0.02626000000000006,3593.988514184952
same_epochs,m_sam,32,39,60957,0.6561916084289551,0.7774,0.6388467559051514,0.77758,0.7149201707839966,0.7497,0.027880000000000016,3704.0549862384796
same_epochs,m_sam,32,40,62520,0.6465838198471069,0.7798,0.6087263680648803,0.79542,0.6848700462341308,0.767,0.02842,3781.341717004776
same_epochs,m_sam,32,41,64083,0.6407989098072052,0.7818,0.5950783126831055,0.79728,0.6747844373703002,0.7688,0.02847999999999995,3892.7932510375977
same_epochs,m_sam,32,42,65646,0.6302199526882172,0.78694,0.6066367027282715,0.79116,0.6853593013763428,0.7642,0.026959999999999984,4003.6808319091797
same_epochs,m_sam,32,43,67209,0.6211782284164429,0.78966,0.6077894598197937,0.79378,0.6851621356010437,0.765,0.028780000000000028,4083.325525522232
same_epochs,m_sam,32,44,68772,0.6168845201301575,0.79148,0.5831503243637085,0.8017,0.6656748939990997,0.7697,0.03199999999999992,4194.950716972351
same_epochs,m_sam,32,45,70335,0.6098289252853394,0.79382,0.5718048571395874,0.80752,0.6566357511520385,0.7761,0.031420000000000003,4305.441853761673
same_epochs,m_sam,32,46,71898,0.6052095111465454,0.79658,0.5716379188156128,0.80866,0.655885417842865,0.7758,0.03286,4383.183006763458
same_epochs,m_sam,32,47,73461,0.5962735847663879,0.79984,0.5617784749603272,0.81224,0.6446719359397888,0.7776,0.034640000000000004,4492.721491098404
same_epochs,m_sam,32,48,75024,0.5927822154903412,0.80158,0.5458093860054016,0.817,0.6358115595817566,0.7825,0.034499999999999975,4605.913537979126
same_epochs,m_sam,32,49,76587,0.5868843020820618,0.80414,0.5759714060974122,0.80434,0.6652536222457885,0.7696,0.034740000000000104,4685.6697680950165
same_epochs,m_sam,32,50,78150,0.5784672761726379,0.80432,0.5348786521720886,0.8202,0.625438575553894,0.7865,0.03370000000000006,4796.844594240189
same_epochs,m_sam,32,51,79713,0.5724947434329987,0.80794,0.532973201713562,0.8205,0.6288302569389344,0.7828,0.037699999999999956,4910.22857093811
same_epochs,m_sam,32,52,81276,0.5684981767559052,0.809,0.523955998878479,0.82244,0.6178511284828186,0.7854,0.03703999999999996,4982.19188284874
same_epochs,m_sam,32,53,82839,0.5633648856925965,0.81076,0.5301911730194092,0.82462,0.6251149346351623,0.7833,0.04132000000000002,5100.583714008331
same_epochs,m_sam,32,54,84402,0.5596437935066223,0.81288,0.5157640285301208,0.83174,0.6063788963317871,0.7942,0.03754000000000002,5211.239108324051
same_epochs,m_sam,32,55,85965,0.55296527551651,0.815,0.5202995818138123,0.82878,0.615312522983551,0.7887,0.040080000000000005,5324.802006483078
same_epochs,m_sam,32,56,87528,0.5494882722282409,0.816,0.5186670432281494,0.82874,0.6171626490592956,0.7895,0.03924000000000005,5399.717408895493
same_epochs,m_sam,32,57,89091,0.5414443082904815,0.8194,0.5198631582069397,0.8249,0.6181542207717895,0.7839,0.040999999999999925,5514.191200256348
same_epochs,m_sam,32,58,90654,0.5333313692331314,0.82222,0.5065451485633851,0.8291,0.6066537808418274,0.791,0.03809999999999991,5627.815635204315
same_epochs,m_sam,32,59,92217,0.5323242710018158,0.8215,0.5077855838394165,0.82332,0.6126554279327393,0.7857,0.0376200000000001,5706.25813293457
same_epochs,m_sam,32,60,93780,0.5270373425579071,0.82424,0.5026040014648437,0.83326,0.6072768275260926,0.7923,0.040959999999999996,5814.615200042725
same_epochs,m_sam,32,61,95343,0.5203639561653137,0.82758,0.48806605281829835,0.8385,0.588536678314209,0.7993,0.03920000000000001,5930.570924520493
same_epochs,m_sam,32,62,96906,0.5161490785884857,0.82898,0.4942588709640503,0.83424,0.6021568479537964,0.7909,0.043339999999999934,6008.582223653793
same_epochs,m_sam,32,63,98469,0.5117525235652923,0.83122,0.5013912271118164,0.83628,0.6087484376907348,0.7918,0.044480000000000075,6117.494599103928
same_epochs,m_sam,32,64,100032,0.5062284354114532,0.83322,0.4744313037872314,0.84124,0.5855763514041901,0.7968,0.044440000000000035,6233.771712303162
same_epochs,m_sam,32,65,101595,0.5024405510997773,0.8329,0.473852722492218,0.84584,0.5784326086997986,0.8029,0.04294000000000009,6280.034622907639
same_epochs,m_sam,32,66,103158,0.501613716750145,0.83248,0.48130696546554563,0.84364,0.5870342529773712,0.8003,0.043339999999999934,6319.189908027649
same_epochs,m_sam,32,67,104721,0.49341640530586245,0.83694,0.4507625088119507,0.85004,0.5620644982814789,0.8077,0.042340000000000044,6353.0503470897675
same_epochs,m_sam,32,68,106284,0.4896236326122284,0.83656,0.4497054097175598,0.85174,0.5641293387889862,0.8071,0.04464000000000001,6394.880665540695
same_epochs,m_sam,32,69,107847,0.4855535905647278,0.8393,0.43545232709884646,0.85462,0.5513786474704743,0.808,0.046619999999999995,6442.09644985199
same_epochs,m_sam,32,70,109410,0.4830424471235275,0.84076,0.4549542370223999,0.85472,0.5656604344367981,0.8109,0.04382000000000008,6485.942781925201
same_epochs,m_sam,32,71,110973,0.47518794762134553,0.84358,0.4398767108154297,0.85682,0.555773640537262,0.8121,0.04471999999999998,6526.133791923523
same_epochs,m_sam,32,72,112536,0.4736886172580719,0.84274,0.4373066202926636,0.85826,0.5551697476387024,0.8092,0.04905999999999999,6603.117119550705
same_epochs,m_sam,32,73,114099,0.4729760378837585,0.84404,0.4446244026565552,0.85344,0.5615050032138824,0.8056,0.047839999999999994,6710.903189897537
same_epochs,m_sam,32,74,115662,0.46463588438510894,0.84694,0.4135131436061859,0.86322,0.5365094560623169,0.8179,0.04532000000000003,6824.083378314972
same_epochs,m_sam,32,75,117225,0.46160913930892944,0.84928,0.43030975618362427,0.8586,0.5565345106124878,0.8069,0.05170000000000008,6896.245705127716
same_epochs,m_sam,32,76,118788,0.4590395510959625,0.85038,0.41465514860153196,0.8651,0.5375973636627197,0.8152,0.049899999999999944,7014.758647203445
same_epochs,m_sam,32,77,120351,0.4532509635543823,0.85142,0.42856191177368164,0.8589,0.5565076808929443,0.811,0.04789999999999994,7124.870924711227
same_epochs,m_sam,32,78,121914,0.45074981612205506,0.85208,0.4352230383491516,0.85738,0.5627739547729492,0.8088,0.04858000000000007,7204.567939758301
same_epochs,m_sam,32,79,123477,0.44954695071220396,0.85326,0.41094130875587465,0.86626,0.5372320301532746,0.8149,0.05136000000000007,7316.988766908646
same_epochs,m_sam,32,80,125040,0.4442642650794983,0.85572,0.40258138654708864,0.86624,0.535771605682373,0.8145,0.05174000000000001,7427.882053852081
same_epochs,m_sam,32,81,126603,0.4405523703956604,0.85626,0.4123813463497162,0.86376,0.5438722539901734,0.8142,0.04955999999999994,7500.775882482529
same_epochs,m_sam,32,82,128166,0.4364348093032837,0.85806,0.40014616126060487,0.86858,0.5348222664356231,0.8148,0.05378000000000005,7614.773591518402
same_epochs,m_sam,32,83,129729,0.4350052125644684,0.85672,0.3951985551452637,0.87426,0.5260766860961914,0.8217,0.05256000000000005,7730.06537938118
same_epochs,m_sam,32,84,131292,0.43083994615077975,0.86136,0.4145691684150696,0.86428,0.5540838526725769,0.8082,0.05608000000000002,7808.054408311844
same_epochs,m_sam,32,85,132855,0.4288613867139816,0.86082,0.37505529342651367,0.88018,0.5088226557731629,0.8291,0.051080000000000014,7884.822353601456
same_epochs,m_sam,32,86,134418,0.4222712107133865,0.86234,0.3932388302516937,0.87188,0.5301687654018402,0.8198,0.052080000000000015,7930.873336315155
same_epochs,m_sam,32,87,135981,0.42165645490646364,0.8622,0.378692925195694,0.87934,0.5123192342281342,0.8266,0.05274000000000001,7973.603982210159
same_epochs,m_sam,32,88,137544,0.4172931701469421,0.8657,0.3815559645175934,0.87792,0.5178822706222534,0.8251,0.05282000000000009,8007.486353158951
same_epochs,m_sam,32,89,139107,0.415684975066185,0.86438,0.38458293272972105,0.8748,0.519854211807251,0.8198,0.05500000000000005,8047.780992269516
same_epochs,m_sam,32,90,140670,0.4088553713798523,0.86804,0.36687995223999026,0.88454,0.5060899563312531,0.8272,0.05733999999999995,8095.421924352646
same_epochs,m_sam,32,91,142233,0.4089769528579712,0.86704,0.37102461822509764,0.87984,0.511590751361847,0.8203,0.059539999999999926,8128.92343211174
same_epochs,m_sam,32,92,143796,0.40631985704421997,0.8703,0.3660602734947205,0.87986,0.5114615028381347,0.8243,0.05555999999999994,8176.592346429825
same_epochs,m_sam,32,93,145359,0.40495017174720765,0.869,0.3630836038970947,0.88296,0.5029380640983582,0.8257,0.05725999999999998,8221.263315439224
same_epochs,m_sam,32,94,146922,0.39548147876739503,0.8719,0.3631471293544769,0.88588,0.5096832385063171,0.8256,0.06028,8259.434836387634
same_epochs,m_sam,32,95,148485,0.3962718659639359,0.8721,0.34789921768188475,0.8905,0.49295875654220583,0.8309,0.059599999999999986,8299.970453977585
same_epochs,m_sam,32,96,150048,0.3958432999897003,0.87322,0.3547976049900055,0.8855,0.5002578927993775,0.8289,0.056599999999999984,8344.889731645584
same_epochs,m_sam,32,97,151611,0.3910926360845566,0.87422,0.34695592522621155,0.88996,0.49758723583221437,0.8287,0.06125999999999998,8382.328418016434
same_epochs,m_sam,32,98,153174,0.38782055320739744,0.87586,0.34940527884483336,0.88666,0.5026220440864563,0.8263,0.06035999999999997,8459.379361629486
same_epochs,m_sam,32,99,154737,0.3860122868490219,0.87616,0.33521407118797303,0.8916,0.49178721771240236,0.8293,0.06229999999999991,8571.679326534271
same_epochs,m_sam,32,100,156300,0.38341900891304015,0.87744,0.3362647160434723,0.89216,0.4937428743839264,0.831,0.06115999999999999,8647.403623342514
same_epochs,m_sam,32,101,157863,0.37853629464626315,0.8781,0.34844173765182496,0.89202,0.4995406328201294,0.8329,0.05912000000000006,8763.398337602615
same_epochs,m_sam,32,102,159426,0.37649961137771604,0.88004,0.3342947636604309,0.89574,0.49183987216949465,0.8324,0.06333999999999995,8873.195114135742
same_epochs,m_sam,32,103,160989,0.3743712010669708,0.87968,0.3307826044368744,0.89564,0.4880075475215912,0.8318,0.06384000000000001,8985.007678031921
same_epochs,m_sam,32,104,162552,0.37223043245792387,0.8815,0.33114938277244566,0.89758,0.4860330882549286,0.8342,0.06337999999999999,9063.940432071686
same_epochs,m_sam,32,105,164115,0.369524966006279,0.88262,0.3424623272895813,0.8945,0.49757676305770876,0.8329,0.06159999999999999,9172.763583660126
same_epochs,m_sam,32,106,165678,0.369998055229187,0.88186,0.3479669892883301,0.89174,0.5027325041770935,0.8281,0.06364000000000003,9287.142925977707
same_epochs,m_sam,32,107,167241,0.36457396908283235,0.88392,0.3388391174888611,0.89508,0.4911353825569153,0.8348,0.06028,9365.85767364502
same_epochs,m_sam,32,108,168804,0.361911500711441,0.88628,0.31888771046638487,0.8994,0.483100509929657,0.8358,0.06359999999999999,9473.53384590149
same_epochs,m_sam,32,109,170367,0.3582511475801468,0.88552,0.31431015451431277,0.90282,0.47548656177520754,0.8369,0.06591999999999998,9587.638221263885
same_epochs,m_sam,32,110,171930,0.3569993849754334,0.88728,0.32789343598365783,0.89802,0.4936545030593872,0.829,0.06902000000000008,9666.306579589844
same_epochs,m_sam,32,111,173493,0.35270206533908843,0.8887,0.3260054459953308,0.89962,0.48872092132568357,0.8322,0.06741999999999992,9778.440392255783
same_epochs,m_sam,32,112,175056,0.34961263447761537,0.88848,0.3249522709083557,0.89886,0.4891598062515259,0.8355,0.06335999999999997,9890.636260271072
same_epochs,m_sam,32,113,176619,0.34951916981697084,0.88958,0.3129206365776062,0.90308,0.48200228838920595,0.8363,0.06677999999999995,9971.668654203415
same_epochs,m_sam,32,114,178182,0.3448135727930069,0.8921,0.3114895203304291,0.9031,0.48512783856391906,0.8335,0.0696,10080.328113079071
same_epochs,m_sam,32,115,179745,0.34337386234760287,0.89208,0.31236525314331054,0.90202,0.4851571261405945,0.8351,0.06692000000000009,10194.684724330902
same_epochs,m_sam,32,116,181308,0.34355702151298523,0.89212,0.3133583035850525,0.90002,0.4843148301124573,0.8352,0.06481999999999999,10306.998713731766
same_epochs,m_sam,32,117,182871,0.3406625316524506,0.89316,0.32083414649009706,0.89636,0.49063140993118287,0.8271,0.0692600000000001,10385.773818731308
same_epochs,m_sam,32,118,184434,0.33652147377967834,0.89454,0.2954956240272522,0.90734,0.47452285442352293,0.8406,0.06674000000000002,10495.101954221725
same_epochs,m_sam,32,119,185997,0.3336746090078354,0.89536,0.28955714729309084,0.91194,0.4637658506393433,0.8444,0.06753999999999993,10608.843939781189
same_epochs,m_sam,32,120,187560,0.33128267450332644,0.89688,0.2984055134487152,0.90622,0.475368718957901,0.8344,0.07182,10687.532908201218
same_epochs,m_sam,32,121,189123,0.3316910227966309,0.89514,0.2895615640258789,0.911,0.46558704290390013,0.8422,0.06880000000000008,10799.6553440094
same_epochs,m_sam,32,122,190686,0.3279366367816925,0.89806,0.29354824338912966,0.90794,0.474002184009552,0.8391,0.06884000000000001,10911.347258090973
same_epochs,m_sam,32,123,192249,0.32426569689750673,0.90048,0.29111491428375247,0.91354,0.46553657903671264,0.8414,0.07213999999999998,11023.61697435379
same_epochs,m_sam,32,124,193812,0.3260900362920761,0.8987,0.2849014489173889,0.91296,0.46427489457130433,0.8428,0.07016,11101.02723145485
same_epochs,m_sam,32,125,195375,0.32123484692573545,0.90078,0.28330237885475157,0.91384,0.46172568731307984,0.8413,0.07253999999999994,11214.237938642502
same_epochs,m_sam,32,126,196938,0.31979060029506684,0.90068,0.30091409116744994,0.90788,0.47611747570037843,0.8393,0.06857999999999997,11327.030663728714
same_epochs,m_sam,32,127,198501,0.31993104815959933,0.8998,0.28176644668579104,0.91462,0.45915755729675295,0.8425,0.07211999999999996,11405.170972824097
same_epochs,m_sam,32,128,200064,0.3168824087810516,0.90242,0.27424591764450074,0.91638,0.46416295547485353,0.8405,0.07587999999999995,11519.336102247238
same_epochs,m_sam,32,129,201627,0.31251777817726134,0.9033,0.26994655985832217,0.91688,0.4566227262496948,0.8439,0.07298000000000004,11630.411022663116
same_epochs,m_sam,32,130,203190,0.31122997805118563,0.90468,0.26737066946029664,0.91762,0.4539490526676178,0.8466,0.07101999999999997,11706.872446537018
same_epochs,m_sam,32,131,204753,0.3095507295799255,0.90512,0.2760716878318787,0.91724,0.4631154787063599,0.8447,0.07254000000000005,11820.518899202347
same_epochs,m_sam,32,132,206316,0.3089118300867081,0.90462,0.27603345634460447,0.91246,0.46603322448730466,0.8429,0.06956000000000007,11932.73931837082
same_epochs,m_sam,32,133,207879,0.3065776657152176,0.9072,0.2744999304962158,0.91524,0.46408020787239074,0.8396,0.07564000000000004,12008.023382663727
same_epochs,m_sam,32,134,209442,0.30416056416511533,0.90634,0.26569138452529906,0.92056,0.45726925673484803,0.849,0.07156000000000007,12043.727038621902
same_epochs,m_sam,32,135,211005,0.30280527064323426,0.90676,0.2724701458930969,0.91574,0.46395322523117066,0.8415,0.07423999999999997,12086.75322175026
same_epochs,m_sam,32,136,212568,0.30415552148342134,0.90652,0.25756105956077574,0.92194,0.4469548041343689,0.8497,0.07223999999999997,12132.396807670593
same_epochs,m_sam,32,137,214131,0.29940452487945557,0.90856,0.2673651085090637,0.9187,0.46109930958747863,0.8449,0.07379999999999998,12175.249186992645
same_epochs,m_sam,32,138,215694,0.2943700030016899,0.91,0.25561568512916566,0.9204,0.45709350566864015,0.8399,0.08050000000000002,12213.322922945023
same_epochs,m_sam,32,139,217257,0.2923554779434204,0.91142,0.25049114152908325,0.9252,0.4473535991668701,0.8479,0.07730000000000004,12261.26528596878
same_epochs,m_sam,32,140,218820,0.2937455011510849,0.91144,0.2568311116695404,0.92128,0.4553398297309875,0.8458,0.07547999999999999,12297.05140542984
same_epochs,m_sam,32,141,220383,0.2870166214323044,0.91242,0.2441195738697052,0.92612,0.4501464150905609,0.8476,0.07852000000000003,12336.925750494003
same_epochs,m_sam,32,142,221946,0.28799754096984864,0.9132,0.2601844038963318,0.91912,0.4614664309024811,0.8405,0.07862000000000002,12377.276333093643
same_epochs,m_sam,32,143,223509,0.28789064019203187,0.9132,0.25217249923706053,0.92152,0.45931379599571226,0.8441,0.07742000000000004,12417.035346269608
same_epochs,m_sam,32,144,225072,0.28652759871482847,0.91226,0.24322129420280456,0.93222,0.43832773571014405,0.8512,0.08102000000000009,12455.068624019623
same_epochs,m_sam,32,145,226635,0.28474022753238676,0.91424,0.24495011459350585,0.93062,0.44107164850234987,0.8505,0.08011999999999997,12492.580295085907
same_epochs,m_sam,32,146,228198,0.2808043119764328,0.91548,0.2534848650550842,0.92784,0.45184578461647035,0.8472,0.08064000000000004,12526.051552772522
same_epochs,m_sam,32,147,229761,0.278843312664032,0.91632,0.2367526511192322,0.9317,0.4416782160758972,0.852,0.0797,12565.785326480865
same_epochs,m_sam,32,148,231324,0.27544921047925947,0.91692,0.2580589726257324,0.9231,0.4653652219772339,0.844,0.07910000000000006,12613.792223215103
same_epochs,m_sam,32,149,232887,0.27579500749588015,0.91712,0.2320233731651306,0.93164,0.44228522186279295,0.8468,0.08484000000000003,12653.875715494156
same_epochs,m_sam,32,150,234450,0.27333156346797943,0.91856,0.2334727475833893,0.93248,0.43547109727859495,0.8522,0.08028000000000002,12690.273001670837
same_epochs,m_sam,32,151,236013,0.2701485011458397,0.91864,0.22918492089271544,0.93146,0.4423840519428253,0.8509,0.08055999999999996,12735.72947883606
same_epochs,m_sam,32,152,237576,0.2712378097009659,0.91888,0.22652592367172242,0.93182,0.441867702627182,0.8478,0.08401999999999998,12773.16123843193
same_epochs,m_sam,32,153,239139,0.27006125143051146,0.91936,0.23133839378356932,0.93528,0.4477886212348938,0.8492,0.08608000000000005,12809.27539229393
same_epochs,m_sam,32,154,240702,0.2659853995323181,0.92132,0.23282502486228943,0.93138,0.44739823179245,0.8472,0.08418000000000003,12853.921928882599
same_epochs,m_sam,32,155,242265,0.2636437041807175,0.92152,0.22959631806373595,0.9352,0.4417626310825348,0.8542,0.08100000000000007,12888.184978961945
same_epochs,m_sam,32,156,243828,0.2604166321086884,0.9231,0.2262718166732788,0.93572,0.4436047443389893,0.8525,0.08321999999999996,12928.57151722908
same_epochs,m_sam,32,157,245391,0.2650921404004097,0.92064,0.22438043741226196,0.93676,0.4399157910823822,0.8543,0.08246000000000009,12962.403617143631
same_epochs,m_sam,32,158,246954,0.26026812915802,0.92308,0.23255487860679627,0.93358,0.44507519302368165,0.8491,0.08448,12996.439147949219
same_epochs,m_sam,32,159,248517,0.25956229767799377,0.92352,0.23037884036540984,0.9371,0.4389923323631287,0.854,0.08310000000000006,13038.891410589218
same_epochs,m_sam,32,160,250080,0.2555313779234886,0.92554,0.22220873834609986,0.9359,0.43687568416595457,0.8558,0.08009999999999995,13082.001982688904
same_epochs,m_sam,32,161,251643,0.25732169046878817,0.9247,0.22282716239929198,0.93338,0.4434996222019196,0.8484,0.08497999999999994,13122.511189222336
same_epochs,m_sam,32,162,253206,0.2541022189259529,0.9258,0.21314154810905456,0.93464,0.4443080639362335,0.8482,0.08644000000000007,13156.15086197853
same_epochs,m_sam,32,163,254769,0.25550635082006456,0.92466,0.21493209159851073,0.94182,0.43114603796005246,0.8525,0.08931999999999995,13195.7543759346
same_epochs,m_sam,32,164,256332,0.25397726280689237,0.92488,0.21285390094280243,0.94218,0.43153318190574647,0.8518,0.09038000000000002,13234.870692014694
same_epochs,m_sam,32,165,257895,0.250377551779747,0.92776,0.22692407700061798,0.9371,0.44289559955596924,0.8522,0.08490000000000009,13274.479891061783
same_epochs,m_sam,32,166,259458,0.2506200470256805,0.9261,0.21037032420635224,0.94092,0.43165264959335325,0.8575,0.08341999999999994,13315.965480566025
same_epochs,m_sam,32,167,261021,0.2465890027666092,0.92874,0.2177279413509369,0.9356,0.4470846386909485,0.8472,0.08840000000000003,13359.6684756279
same_epochs,m_sam,32,168,262584,0.24914553067684173,0.9269,0.22069522990703583,0.9384,0.44608643956184385,0.8502,0.08820000000000006,13393.487679481506
same_epochs,m_sam,32,169,264147,0.24657327983379365,0.92834,0.20766539744853973,0.9386,0.44291272735595705,0.8488,0.08979999999999999,13435.875342845917
same_epochs,m_sam,32,170,265710,0.24513176931381225,0.9295,0.205325709066391,0.94234,0.43186851663589476,0.853,0.08933999999999997,13481.862800836563
same_epochs,m_sam,32,171,267273,0.24363357830524446,0.92958,0.2019192311859131,0.94342,0.4315826875686645,0.8537,0.08972000000000002,13525.880711555481
same_epochs,m_sam,32,172,268836,0.23911169853210448,0.93116,0.22953021865844728,0.9297,0.46536946506500243,0.8446,0.08509999999999995,13569.505348205566
same_epochs,m_sam,32,173,270399,0.24037348637104033,0.93058,0.20067782432556153,0.94564,0.42593650357723234,0.856,0.08964000000000005,13615.20549440384
same_epochs,m_sam,32,174,271962,0.23966298837184907,0.93076,0.20275411806106566,0.94518,0.4371023983001709,0.8508,0.09438000000000002,13663.021731853485
same_epochs,m_sam,32,175,273525,0.2369850455379486,0.93098,0.20630784507751465,0.94178,0.44669778094291684,0.851,0.09077999999999997,13708.682345151901
same_epochs,m_sam,32,176,275088,0.23199855628728866,0.93354,0.18572235016345978,0.94906,0.42895164651870726,0.8576,0.09145999999999999,13751.62480187416
same_epochs,m_sam,32,177,276651,0.23419575341224672,0.93346,0.1875580367231369,0.949,0.43015100173950194,0.8563,0.0927,13796.020048856735
same_epochs,m_sam,32,178,278214,0.23339368143558503,0.9331,0.1851442056274414,0.94932,0.4199399447917938,0.8579,0.09142000000000006,13828.966500997543
same_epochs,m_sam,32,179,279777,0.23068170950889588,0.93404,0.19405643668651582,0.94656,0.43224021644592286,0.8538,0.09275999999999995,13865.881353616714
same_epochs,m_sam,32,180,281340,0.2269157436800003,0.93522,0.1908837282180786,0.94794,0.42714126567840577,0.8566,0.09133999999999998,13902.207862138748
same_epochs,m_sam,32,181,282903,0.22849272022247313,0.93412,0.20168532639503478,0.94336,0.4395317900419235,0.8503,0.09306000000000003,13949.638863563538
same_epochs,m_sam,32,182,284466,0.22717281841278075,0.93552,0.1861548973464966,0.94778,0.4250222885608673,0.8546,0.09317999999999993,13987.406971216202
same_epochs,m_sam,32,183,286029,0.22608333748340606,0.93588,0.19516463584423066,0.94802,0.43351425676345823,0.8512,0.09682000000000002,14027.73870396614
same_epochs,m_sam,32,184,287592,0.22499165462255477,0.93546,0.18749006525993347,0.94834,0.43146641659736634,0.8562,0.09214,14070.906597137451
same_epochs,m_sam,32,185,289155,0.22527505793333052,0.93638,0.1874303532409668,0.95194,0.42595500040054324,0.8585,0.09343999999999997,14106.563214302063
same_epochs,m_sam,32,186,290718,0.22450887822151183,0.93664,0.1944765341949463,0.94582,0.4453639286518097,0.852,0.09382000000000001,14148.907789945602
same_epochs,m_sam,32,187,292281,0.22177362671375275,0.93714,0.17253130465507507,0.95344,0.42354902954101564,0.8572,0.09623999999999999,14188.702716350555
same_epochs,m_sam,32,188,293844,0.22123470886230467,0.9379,0.18859932369709015,0.94948,0.43376771821975707,0.8529,0.09658,14222.351148605347
same_epochs,m_sam,32,189,295407,0.2176182568502426,0.9382,0.18131026250362398,0.9531,0.421938206243515,0.8575,0.09559999999999991,14261.141599178314
same_epochs,m_sam,32,190,296970,0.21943687360048295,0.93842,0.1718659774017334,0.9538,0.41806100177764893,0.8588,0.09499999999999997,14308.42201590538
same_epochs,m_sam,32,191,298533,0.21489462160348893,0.93918,0.1764116292667389,0.95178,0.428348787021637,0.8551,0.09667999999999999,14342.353855133057
same_epochs,m_sam,32,192,300096,0.2144822913622856,0.9411,0.17765097733020782,0.95222,0.4279222966194153,0.8544,0.09781999999999991,14387.021665334702
same_epochs,m_sam,32,193,301659,0.21273258643627166,0.94058,0.18529935194969177,0.95284,0.4290912025928497,0.8561,0.09674000000000005,14434.999861240387
same_epochs,m_sam,32,194,303222,0.21374766263723374,0.94008,0.17552633716106414,0.95314,0.4304377363204956,0.8562,0.09694000000000003,14474.02863907814
same_epochs,m_sam,32,195,304785,0.21151246038913726,0.94064,0.17192432883262634,0.95536,0.4266778563499451,0.8565,0.09885999999999995,14519.148708820343
same_epochs,m_sam,32,196,306348,0.207473781812191,0.94374,0.17555939539909363,0.95636,0.41884608175754545,0.8579,0.09845999999999999,14555.574610233307
same_epochs,m_sam,32,197,307911,0.20997312782287597,0.94128,0.16909208125114442,0.95652,0.4205570014476776,0.858,0.09852000000000005,14596.289686918259
same_epochs,m_sam,32,198,309474,0.20593522222042085,0.94242,0.16980198420524598,0.95382,0.42835404839515684,0.8545,0.09931999999999996,14636.236894369125
same_epochs,m_sam,32,199,311037,0.20657083371162416,0.94416,0.17258633517742156,0.95448,0.42966835718154905,0.8572,0.09728000000000003,14682.300586223602
same_epochs,m_sam,32,200,312600,0.20624399089813233,0.94376,0.16289758841514587,0.95926,0.41202584590911867,0.8621,0.09716000000000002,14721.716958761215
same_epochs,m_sam,32,201,314163,0.20659990471839904,0.94268,0.16365507772445678,0.95752,0.4224667731285095,0.8594,0.09811999999999999,14764.35068655014
same_epochs,m_sam,32,202,315726,0.2037452067875862,0.94372,0.1639776536655426,0.95764,0.41865990591049196,0.8607,0.09694000000000003,14810.729039669037
same_epochs,m_sam,32,203,317289,0.20362412047863007,0.94344,0.16621783199310303,0.9553,0.42751313803195956,0.8583,0.09700000000000009,14858.069087982178
same_epochs,m_sam,32,204,318852,0.20248414690494537,0.9451,0.15968927054882048,0.96088,0.41632340660095213,0.8595,0.10137999999999991,14895.282320022583
same_epochs,m_sam,32,205,320415,0.2001339131426811,0.9451,0.16861987330913544,0.95544,0.4378839895248413,0.8552,0.10024,14939.193197011948
same_epochs,m_sam,32,206,321978,0.1999958982014656,0.94408,0.15231005805015563,0.96118,0.41635818197727203,0.8617,0.09948000000000001,14973.624399662018
same_epochs,m_sam,32,207,323541,0.19642961394548417,0.94654,0.17011402863502503,0.95566,0.4312046231985092,0.8529,0.10275999999999996,15010.608329296112
same_epochs,m_sam,32,208,325104,0.19625421684741973,0.94634,0.15807454446315766,0.95994,0.41693481702804563,0.861,0.09894000000000003,15045.56016778946
same_epochs,m_sam,32,209,326667,0.19564772379398346,0.94658,0.16049573449134827,0.9617,0.4199963337898254,0.8624,0.09929999999999994,15079.131155967712
same_epochs,m_sam,32,210,328230,0.1961318095445633,0.94656,0.1598264301252365,0.96204,0.413477409029007,0.8625,0.09953999999999996,15116.758970975876
same_epochs,m_sam,32,211,329793,0.19509685965538026,0.94782,0.15188567939281464,0.9617,0.42515182325839995,0.8597,0.10199999999999998,15156.710551023483
same_epochs,m_sam,32,212,331356,0.19392327387809755,0.94744,0.17078227237701415,0.95376,0.43970847434997556,0.8501,0.10366000000000009,15193.718328237534
same_epochs,m_sam,32,213,332919,0.19079822566509247,0.94918,0.1578107637357712,0.95868,0.42921766912937165,0.8546,0.10407999999999995,15232.657205581665
same_epochs,m_sam,32,214,334482,0.19157849050283432,0.94872,0.15568130023002624,0.96114,0.4222809154033661,0.8601,0.10104000000000002,15267.274560928345
same_epochs,m_sam,32,215,336045,0.18818903692722322,0.95016,0.14676174214363097,0.96308,0.40873597044944765,0.8634,0.0996800000000001,15309.677312850952
same_epochs,m_sam,32,216,337608,0.18777170892953873,0.95042,0.1567419216966629,0.9604,0.42709724068641663,0.8542,0.10620000000000007,15344.099070310593
same_epochs,m_sam,32,217,339171,0.18993740331172942,0.94972,0.15680050044059754,0.96084,0.42052815113067626,0.8592,0.10164000000000006,15378.14726305008
same_epochs,m_sam,32,218,340734,0.1857318805384636,0.95058,0.14965890593051911,0.96388,0.41622505683898925,0.8618,0.10207999999999995,15412.146503925323
same_epochs,m_sam,32,219,342297,0.18617241882562638,0.95032,0.14993570051193236,0.95972,0.4268998054265976,0.8574,0.10231999999999997,15457.647990703583
same_epochs,m_sam,32,220,343860,0.18426542073249816,0.95124,0.14416452706336974,0.9627,0.41866335759162904,0.8619,0.1008,15491.135053873062
same_epochs,m_sam,32,221,345423,0.18151674642324447,0.95232,0.13932664652824403,0.9664,0.41322405290603637,0.8624,0.10399999999999998,15524.660837650299
same_epochs,m_sam,32,222,346986,0.1813482477426529,0.95248,0.1482498934841156,0.96142,0.42615542826652525,0.8571,0.10432000000000008,15567.122636556625
same_epochs,m_sam,32,223,348549,0.1855384574651718,0.95022,0.14105088473796845,0.96188,0.42470919041633604,0.8558,0.10607999999999995,15609.091911315918
same_epochs,m_sam,32,224,350112,0.1809638474035263,0.95118,0.14737163995742797,0.9622,0.42031538186073303,0.8583,0.1039000000000001,15647.209851264954
same_epochs,m_sam,32,225,351675,0.17981719692230225,0.95344,0.147454338555336,0.96412,0.42359492168426516,0.8596,0.10451999999999995,15692.37586402893
same_epochs,m_sam,32,226,353238,0.17909287282943726,0.95336,0.16219983280658723,0.9581,0.4408834403514862,0.8487,0.10939999999999994,15728.604163885117
same_epochs,m_sam,32,227,354801,0.17890082941532134,0.95262,0.1311295358943939,0.9679,0.4044339197635651,0.864,0.10389999999999999,15765.016330480576
same_epochs,m_sam,32,228,356364,0.17729995128393172,0.9535,0.13727242345809937,0.96742,0.4140820693969727,0.864,0.10341999999999996,15808.243974924088
same_epochs,m_sam,32,229,357927,0.1759442215871811,0.95392,0.14145576771736146,0.96296,0.42429570741653444,0.8562,0.10676000000000008,15850.600809812546
same_epochs,m_sam,32,230,359490,0.1741594163584709,0.95464,0.1477885147857666,0.9641,0.42341264395713807,0.8612,0.10289999999999999,15891.83895611763
same_epochs,m_sam,32,231,361053,0.1768909306025505,0.95448,0.1357587334537506,0.96908,0.4074374057292938,0.8641,0.10498000000000007,15936.066929340363
same_epochs,m_sam,32,232,362616,0.17600571912527085,0.95396,0.14425418265342713,0.96212,0.43471711320877077,0.8547,0.10741999999999996,15983.973276615143
same_epochs,m_sam,32,233,364179,0.17329428344011308,0.95516,0.130527857670784,0.96864,0.4119151581287384,0.8644,0.10424,16017.712346315384
same_epochs,m_sam,32,234,365742,0.1720769191098213,0.95502,0.14020381556510925,0.96556,0.42887951526641843,0.8592,0.10636000000000001,16060.275649785995
same_epochs,m_sam,32,235,367305,0.17374260371208192,0.95464,0.13872970699310302,0.9652,0.4233069875717163,0.8605,0.1046999999999999,16103.363367080688
same_epochs,m_sam,32,236,368868,0.17167876545906066,0.9558,0.1404899271249771,0.9678,0.41563167245388033,0.8612,0.10660000000000003,16143.289094924927
same_epochs,m_sam,32,237,370431,0.1681163816046715,0.95696,0.13729152036190034,0.96642,0.4334126437664032,0.8581,0.10831999999999997,16179.868665218353
same_epochs,m_sam,32,238,371994,0.16779280849933625,0.95642,0.126695125105381,0.96796,0.42061376333236694,0.8586,0.10936000000000001,16223.797154426575
same_epochs,m_sam,32,239,373557,0.16901895385742188,0.95622,0.12611466354370118,0.97158,0.40985026836395266,0.8654,0.10618000000000005,16267.787095785141
same_epochs,m_sam,32,240,375120,0.1700169482898712,0.95636,0.13078904828071594,0.96786,0.4184362714767456,0.8625,0.10536000000000001,16313.121507406235
same_epochs,m_sam,32,241,376683,0.16674053414106368,0.9576,0.13342595921516417,0.97062,0.40870695490837095,0.8635,0.10711999999999999,16349.904844522476
same_epochs,m_sam,32,242,378246,0.1677996409869194,0.95728,0.1401602864408493,0.96538,0.42264891624450684,0.8591,0.10628000000000004,16385.837604761124
same_epochs,m_sam,32,243,379809,0.16448985630989074,0.95852,0.132375140004158,0.96872,0.41343001642227173,0.8626,0.10611999999999999,16429.64412856102
same_epochs,m_sam,32,244,381372,0.16319957602739335,0.95966,0.12460447969198227,0.96978,0.4186432742118835,0.8616,0.10817999999999994,16470.06367135048
same_epochs,m_sam,32,245,382935,0.16327086140155792,0.95902,0.1243264363193512,0.97058,0.41241714973449706,0.8639,0.10668,16510.976415395737
same_epochs,m_sam,32,246,384498,0.1627403546667099,0.95902,0.11762945656299591,0.97302,0.3952351881027222,0.8696,0.10341999999999996,16550.931448221207
same_epochs,m_sam,32,247,386061,0.16064124244213104,0.96062,0.1260689525938034,0.97044,0.418653298330307,0.8623,0.10814000000000001,16593.90079021454
same_epochs,m_sam,32,248,387624,0.15846208779335022,0.96018,0.1337060481595993,0.96634,0.43113690619468686,0.8574,0.10893999999999993,16637.225413799286
same_epochs,m_sam,32,249,389187,0.16017761660575866,0.96012,0.11955875598430633,0.97192,0.4154039728164673,0.8619,0.11002,16684.27062344551
same_epochs,m_sam,32,250,390750,0.16181881811738014,0.95834,0.12457397507667542,0.97212,0.4216744745492935,0.8626,0.10951999999999995,16723.180336475372
same_epochs,m_sam,32,251,392313,0.1589524328136444,0.95978,0.12805704469680787,0.97148,0.4141611776351929,0.8631,0.10838000000000003,16756.599717378616
same_epochs,m_sam,32,252,393876,0.15794548461198807,0.96074,0.12640317039966584,0.9706,0.42769273505210875,0.8585,0.11209999999999998,16801.18141078949
same_epochs,m_sam,32,253,395439,0.15693977892398833,0.96038,0.13302715965270995,0.97002,0.4262868281364441,0.857,0.11302000000000001,16838.94711613655
same_epochs,m_sam,32,254,397002,0.15852711045980453,0.95956,0.13199688461780548,0.97076,0.41441728072166445,0.8608,0.10995999999999995,16877.63257908821
same_epochs,m_sam,32,255,398565,0.16009085205078125,0.95944,0.13009488209247588,0.96988,0.4314259515762329,0.8591,0.11077999999999999,16919.534466981888
same_epochs,m_sam,32,256,400128,0.154603218075037,0.96188,0.12534085884571075,0.97096,0.4270505681991577,0.8584,0.11256,16953.1165766716
same_epochs,m_sam,32,257,401691,0.15412172983169556,0.96164,0.11727906273365021,0.9742,0.4088918193817139,0.8659,0.10829999999999995,16993.44189786911
same_epochs,m_sam,32,258,403254,0.15506492178678513,0.96204,0.11181443834543228,0.9751,0.4107137279510498,0.8663,0.10880000000000001,17028.829829454422
same_epochs,m_sam,32,259,404817,0.1523523503470421,0.9618,0.11214525691747665,0.97564,0.4029996163368225,0.8675,0.1081399999999999,17076.42343711853
same_epochs,m_sam,32,260,406380,0.15127653620958328,0.96338,0.10849808128595352,0.9746,0.41021046924591065,0.8639,0.11070000000000002,17114.27546930313
same_epochs,m_sam,32,261,407943,0.15424884696245195,0.96178,0.11769119646072387,0.97422,0.41222396612167356,0.8655,0.10871999999999993,17150.39294219017
same_epochs,m_sam,32,262,409506,0.14836435009002685,0.96358,0.12821009839057923,0.9686,0.44963086750507353,0.8532,0.11540000000000006,17190.807153224945
same_epochs,m_sam,32,263,411069,0.14987061560869216,0.96374,0.112882440533638,0.97508,0.4159229410648346,0.8643,0.11077999999999999,17224.786811828613
same_epochs,m_sam,32,264,412632,0.1508581964635849,0.96272,0.11193918549060822,0.9758,0.4164811358451843,0.8653,0.11050000000000004,17270.192210674286
same_epochs,m_sam,32,265,414195,0.14867037776350975,0.96372,0.11037391218185424,0.9741,0.4182871507644653,0.8622,0.1119,17307.027940511703
same_epochs,m_sam,32,266,415758,0.1475818514728546,0.96376,0.11485741164922714,0.97534,0.41572297596931457,0.8655,0.10983999999999994,17341.215470552444
same_epochs,m_sam,32,267,417321,0.15010692558646202,0.96312,0.10938068859100342,0.97612,0.41390587792396544,0.8615,0.11461999999999994,17388.745730400085
same_epochs,m_sam,32,268,418884,0.14629729469299316,0.96426,0.11839913559913635,0.97266,0.41907669525146485,0.8631,0.10955999999999999,17436.288709163666
same_epochs,m_sam,32,269,420447,0.14558975422382356,0.96388,0.11776756034612655,0.97352,0.4249788403749466,0.863,0.11052000000000006,17478.04991197586
same_epochs,m_sam,32,270,422010,0.1458175806605816,0.96476,0.11860131215810776,0.97362,0.4177127955913544,0.8605,0.11312,17511.71378135681
same_epochs,m_sam,32,271,423573,0.14484743441820144,0.96418,0.11237022515773773,0.97632,0.4193418200016022,0.8609,0.11541999999999997,17545.40155506134
same_epochs,m_sam,32,272,425136,0.14445266633033751,0.96524,0.10945243964910507,0.97498,0.4202660826206207,0.862,0.11297999999999997,17583.179218530655
same_epochs,m_sam,32,273,426699,0.1430144149494171,0.9655,0.10601397874832154,0.97454,0.4334192614078522,0.8577,0.11683999999999994,17630.653658866882
same_epochs,m_sam,32,274,428262,0.1441308544111252,0.96504,0.1079630753660202,0.97806,0.4105135252952576,0.8636,0.11446,17669.93024134636
same_epochs,m_sam,32,275,429825,0.14315782067656518,0.96598,0.10760588205099106,0.97638,0.4165529308795929,0.865,0.11138000000000003,17707.516953229904
same_epochs,m_sam,32,276,431388,0.14089757091283797,0.9665,0.110187575609684,0.97474,0.41911566166877745,0.861,0.11374000000000006,17754.74784874916
same_epochs,m_sam,32,277,432951,0.14164386105895044,0.9655,0.10978431179285049,0.97776,0.4077380993843079,0.8658,0.11195999999999995,17793.9693608284
same_epochs,m_sam,32,278,434514,0.14120478260874747,0.96562,0.10776981845378876,0.97712,0.4141765568256378,0.8607,0.11641999999999997,17841.5964782238
same_epochs,m_sam,32,279,436077,0.14020742255210877,0.96686,0.103500259912014,0.97966,0.4022051153659821,0.8651,0.11456,17883.125074863434
same_epochs,m_sam,32,280,437640,0.14018323610544206,0.9672,0.10150221987485886,0.97756,0.41925306630134584,0.8602,0.11736000000000002,17925.30298614502
same_epochs,m_sam,32,281,439203,0.13837607249736786,0.96766,0.10509537498950958,0.97862,0.41313213438987734,0.8642,0.11442000000000008,17963.172540664673
same_epochs,m_sam,32,282,440766,0.13753825757026672,0.96734,0.10877908666849137,0.97784,0.4126472382068634,0.8645,0.11334,17998.85878777504
same_epochs,m_sam,32,283,442329,0.1390395131802559,0.96734,0.10338338587284088,0.97716,0.4147782580375671,0.863,0.11416000000000004,18043.220123767853
same_epochs,m_sam,32,284,443892,0.13537649401664734,0.968,0.10718763374090194,0.97694,0.42478607840538024,0.8587,0.11824000000000001,18076.854239225388
same_epochs,m_sam,32,285,445455,0.13729372583508492,0.96746,0.10266484020233155,0.97704,0.42968053135871886,0.863,0.11404000000000003,18119.922775745392
same_epochs,m_sam,32,286,447018,0.13719322245240212,0.96688,0.09692898209810256,0.97994,0.409681893992424,0.8667,0.11324000000000001,18161.445844888687
same_epochs,m_sam,32,287,448581,0.13568344695806503,0.96742,0.10860361893177033,0.9765,0.42213072147369385,0.8593,0.11720000000000008,18201.756338834763
same_epochs,m_sam,32,288,450144,0.1351610202741623,0.96802,0.10194179470062256,0.97874,0.41688852748870847,0.864,0.11474000000000006,18237.027129650116
same_epochs,m_sam,32,289,451707,0.13387993796229364,0.96828,0.10788705205917358,0.9767,0.4294780739068985,0.8601,0.11660000000000004,18275.34229326248
same_epochs,m_sam,32,290,453270,0.1338637045776844,0.969,0.10502134676218033,0.97662,0.4191420283794403,0.8616,0.11502000000000001,18314.057154893875
same_epochs,m_sam,32,291,454833,0.13230431640744209,0.96966,0.09812861428260804,0.97872,0.43249130811691283,0.8593,0.11942000000000008,18354.83491373062
same_epochs,m_sam,32,292,456396,0.13410878953933716,0.9689,0.10321453283309936,0.9789,0.4214516822338104,0.8621,0.11680000000000001,18397.00874710083
same_epochs,m_sam,32,293,457959,0.1332642982673645,0.96854,0.09637347602844239,0.98042,0.4176561336994171,0.8626,0.11781999999999992,18442.626732587814
same_epochs,m_sam,32,294,459522,0.1317524377453327,0.969,0.10803751300811767,0.97608,0.43704384436607363,0.8582,0.11787999999999998,18484.217082977295
same_epochs,m_sam,32,295,461085,0.13009865646839142,0.9697,0.09375517899990082,0.9801,0.4181488008022308,0.8645,0.11559999999999993,18532.582998991013
same_epochs,m_sam,32,296,462648,0.12854590986967088,0.97074,0.09102745604038238,0.98204,0.41165789365768435,0.8676,0.11443999999999999,18580.232689380646
same_epochs,m_sam,32,297,464211,0.12985141813278198,0.96942,0.09299156125307083,0.97974,0.4238981857776642,0.8634,0.11634000000000011,18622.55163192749
same_epochs,m_sam,32,298,465774,0.12949018965244294,0.97016,0.08571926290035248,0.98192,0.4077562849521637,0.8653,0.11662000000000006,18656.644060134888
same_epochs,m_sam,32,299,467337,0.128427738199234,0.96998,0.08887823224544525,0.98016,0.42831740131378176,0.865,0.11516000000000004,18699.280611991882
same_epochs,m_sam,32,300,468900,0.12754589161634444,0.97102,0.09781163692712784,0.97844,0.42750498991012575,0.8611,0.11734,18745.219643354416
same_epochs,m_sam,32,301,470463,0.1280736993789673,0.97,0.09561565365552903,0.98042,0.42401259784698486,0.8598,0.12061999999999995,18791.440941095352
same_epochs,m_sam,32,302,472026,0.12542317066311837,0.97136,0.09487715528726577,0.97976,0.42472743997573853,0.8639,0.11585999999999996,18837.790741682053
same_epochs,m_sam,32,303,473589,0.12488468003034592,0.97204,0.0949177286529541,0.9795,0.4270962722301483,0.8649,0.11460000000000004,18879.504410743713
same_epochs,m_sam,32,304,475152,0.12412562878131866,0.97212,0.1030167565202713,0.97638,0.44783651690483095,0.8547,0.12168000000000001,18920.09827041626
same_epochs,m_sam,32,305,476715,0.12252406386733056,0.97258,0.09140675305604935,0.98286,0.4105331877231598,0.868,0.11485999999999996,18967.79945898056
same_epochs,m_sam,32,306,478278,0.12531400869131087,0.97136,0.08614792548894883,0.98046,0.42633059701919557,0.8642,0.11626000000000003,18998.655324459076
same_epochs,m_sam,32,307,479841,0.12368290897369384,0.97132,0.09452553455829621,0.98046,0.42559848899841307,0.861,0.11946000000000001,19035.68879699707
same_epochs,m_sam,32,308,481404,0.1225282984983921,0.97162,0.09430446255683898,0.97906,0.43038227124214173,0.8596,0.11946000000000001,19076.528954982758
same_epochs,m_sam,32,309,482967,0.12387784428238868,0.97166,0.09110376369476318,0.98102,0.42752952795028687,0.8645,0.11651999999999996,19122.924374103546
same_epochs,m_sam,32,310,484530,0.1236712020111084,0.97124,0.08969507398843765,0.98158,0.419348117685318,0.8661,0.11548000000000003,19160.798437833786
same_epochs,m_sam,32,311,486093,0.12347980403423309,0.97178,0.08867930683612824,0.98252,0.41973086671829224,0.8676,0.11491999999999991,19207.460910320282
same_epochs,m_sam,32,312,487656,0.12168971516251564,0.9723,0.09717020030736923,0.98176,0.4202284543991089,0.8652,0.11656,19245.749591112137
same_epochs,m_sam,32,313,489219,0.1218532569372654,0.97284,0.08892618653774262,0.98258,0.42251455368995666,0.862,0.12058000000000002,19293.654634714127
same_epochs,m_sam,32,314,490782,0.12032564587831497,0.9726,0.09109930622577667,0.9819,0.4222521087169647,0.8637,0.11819999999999997,19338.935237169266
same_epochs,m_sam,32,315,492345,0.12231333279132843,0.97258,0.08652056221961975,0.98132,0.41623955125808715,0.8679,0.11341999999999997,19377.97916483879
same_epochs,m_sam,32,316,493908,0.11987713132500649,0.97298,0.08865513165712356,0.98356,0.42543479256629946,0.8623,0.12126000000000003,19415.220188856125
same_epochs,m_sam,32,317,495471,0.12062476315021516,0.97364,0.08474414071798325,0.9827,0.4192780340194702,0.8629,0.11980000000000002,19449.426122665405
same_epochs,m_sam,32,318,497034,0.11925493109583854,0.97378,0.08279732131719589,0.98514,0.40696045870780945,0.8717,0.11343999999999999,19494.33396577835
same_epochs,m_sam,32,319,498597,0.11875617032766342,0.97296,0.08463232498168945,0.98272,0.4268892951488495,0.8625,0.12022,19533.151480197906
same_epochs,m_sam,32,320,500160,0.11802675857901573,0.97294,0.08400106371402741,0.98262,0.4323421293258667,0.861,0.12162000000000006,19577.8501765728
same_epochs,m_sam,32,321,501723,0.11827946814060211,0.97408,0.08224256197929382,0.98444,0.42211271061897276,0.865,0.11943999999999999,19613.90510749817
same_epochs,m_sam,32,322,503286,0.1182297894012928,0.97416,0.09190981211185455,0.98092,0.4382660210609436,0.856,0.12492000000000003,19664.18924689293
same_epochs,m_sam,32,323,504849,0.11672912221312523,0.9739,0.08755381334543229,0.98342,0.4276700387477875,0.8619,0.12151999999999996,19705.364466190338
same_epochs,m_sam,32,324,506412,0.11788122500896454,0.97362,0.08321469843387604,0.98498,0.4148492598056793,0.8681,0.11687999999999998,19737.50221300125
same_epochs,m_sam,32,325,507975,0.116402113956213,0.97468,0.07582444095373153,0.98486,0.4133052831172943,0.8687,0.11615999999999993,19785.537915706635
same_epochs,m_sam,32,326,509538,0.1145149630844593,0.97556,0.08166719912052155,0.98272,0.42659845333099367,0.8643,0.11842000000000008,19818.907276153564
same_epochs,m_sam,32,327,511101,0.11537984652519226,0.97488,0.08033515695095063,0.98338,0.41794319591522217,0.8675,0.11587999999999998,19864.302475214005
same_epochs,m_sam,32,328,512664,0.11486334658741951,0.97524,0.07973946157217025,0.98436,0.41692940049171445,0.8654,0.11896000000000007,19897.005351781845
same_epochs,m_sam,32,329,514227,0.11214365357279778,0.97628,0.08297090327978134,0.98468,0.42151537957191465,0.8658,0.11887999999999999,19936.808658361435
same_epochs,m_sam,32,330,515790,0.11347882578492165,0.97524,0.0782066031885147,0.98584,0.4137319185256958,0.8654,0.1204400000000001,19982.347027540207
same_epochs,m_sam,32,331,517353,0.11062905432164669,0.97588,0.08793600540399552,0.98204,0.43262668018341066,0.8626,0.11943999999999999,20029.86423754692
same_epochs,m_sam,32,332,518916,0.11270618447899819,0.9755,0.08840254386663438,0.98408,0.4263446373939514,0.8645,0.11957999999999991,20070.157675266266
same_epochs,m_sam,32,333,520479,0.11180022655725479,0.97674,0.08363536724090576,0.98492,0.4146428471088409,0.8676,0.11731999999999998,20115.9529941082
same_epochs,m_sam,32,334,522042,0.11368677188158036,0.97536,0.08395615915298461,0.9845,0.4237658779144287,0.868,0.11650000000000005,20150.750509738922
same_epochs,m_sam,32,335,523605,0.11344645670175553,0.97596,0.08523135928630829,0.98414,0.41921625490188597,0.8668,0.11734,20193.29363965988
same_epochs,m_sam,32,336,525168,0.11188127908706665,0.97586,0.08239858345985412,0.98378,0.43765603551864624,0.8636,0.12017999999999995,20234.641943216324
same_epochs,m_sam,32,337,526731,0.11110999998211861,0.9771,0.07462872146606446,0.98534,0.4212086763858795,0.8688,0.11653999999999998,20273.144027471542
same_epochs,m_sam,32,338,528294,0.11069993710041046,0.97634,0.08632981762170791,0.98324,0.4266221913337708,0.8648,0.11843999999999999,20307.338981866837
same_epochs,m_sam,32,339,529857,0.11098995651721955,0.97638,0.08602453988552093,0.98294,0.43808044385910033,0.86,0.12294000000000005,20346.620931625366
same_epochs,m_sam,32,340,531420,0.10876076241731644,0.97716,0.07604615549564361,0.98636,0.42552789878845215,0.8646,0.12175999999999998,20391.673467874527
same_epochs,m_sam,32,341,532983,0.10896328426122666,0.97668,0.07906106479167939,0.98336,0.42680303716659546,0.867,0.11636000000000002,20429.656059265137
same_epochs,m_sam,32,342,534546,0.10875564652204514,0.97648,0.08372830634593964,0.98578,0.4203821710586548,0.8623,0.12348000000000003,20474.271503686905
same_epochs,m_sam,32,343,536109,0.10932667354941368,0.97672,0.08262435794353486,0.98478,0.42064183917045594,0.8651,0.11968000000000001,20515.222282409668
same_epochs,m_sam,32,344,537672,0.10757101204395295,0.9766,0.07939121173024177,0.98558,0.4302273609638214,0.8653,0.12028000000000005,20563.517293214798
same_epochs,m_sam,32,345,539235,0.1095722083890438,0.97646,0.08273721080303192,0.98378,0.43367602009773254,0.8629,0.12087999999999999,20611.295058727264
same_epochs,m_sam,32,346,540798,0.10834104616999626,0.97688,0.07717482347249985,0.98548,0.41808360245227816,0.8687,0.11678,20655.506402492523
same_epochs,m_sam,32,347,542361,0.10533138413548469,0.97792,0.07336040509343147,0.98684,0.4308206788063049,0.8615,0.12534,20698.5814576149
same_epochs,m_sam,32,348,543924,0.10802130164325237,0.97662,0.07165780063867569,0.98698,0.4253624828338623,0.8681,0.11887999999999999,20741.824669361115
same_epochs,m_sam,32,349,545487,0.10713633529186249,0.97662,0.08457242570400238,0.98406,0.4370760875225067,0.8621,0.12196000000000007,20790.02360868454
same_epochs,m_sam,32,350,547050,0.10551617756485938,0.97708,0.07653337564706802,0.98652,0.42932991771698,0.8631,0.12341999999999997,20836.50146317482
same_epochs,m_sam,32,351,548613,0.1069134141421318,0.97714,0.08032777168750763,0.98536,0.4273675533771515,0.8601,0.12526000000000004,20870.35233259201
same_epochs,m_sam,32,352,550176,0.10605458886384964,0.97758,0.07440225265026093,0.98784,0.4218269443035126,0.8631,0.12474000000000007,20908.587928533554
same_epochs,m_sam,32,353,551739,0.10622556183695793,0.97716,0.07161540880203247,0.98802,0.4254419679641724,0.8643,0.12372000000000005,20949.923560380936
same_epochs,m_sam,32,354,553302,0.10469990477323532,0.97812,0.06783366719961166,0.9881,0.4252308737754822,0.8663,0.12180000000000002,20985.995332479477
same_epochs,m_sam,32,355,554865,0.10412156524538994,0.97824,0.06779416270971299,0.98684,0.4246022919654846,0.8671,0.11974000000000007,21021.85205245018
same_epochs,m_sam,32,356,556428,0.10365602405667305,0.97814,0.07542052495956421,0.98744,0.4199657160997391,0.8657,0.12173999999999996,21055.76493525505
same_epochs,m_sam,32,357,557991,0.10186475146532059,0.97938,0.07465522954940795,0.9845,0.43435601181983946,0.8641,0.12040000000000006,21097.9793112278
same_epochs,m_sam,32,358,559554,0.1039733647364378,0.97794,0.07739313425064087,0.98602,0.42687769334316256,0.8635,0.12251999999999996,21130.884166955948
same_epochs,m_sam,32,359,561117,0.10164216292023659,0.97912,0.07577430790424347,0.9864,0.44145317244529725,0.8614,0.125,21169.65497326851
same_epochs,m_sam,32,360,562680,0.10166490865945817,0.97838,0.07373312219858169,0.98704,0.4220232572078705,0.8678,0.11924000000000001,21204.841289281845
same_epochs,m_sam,32,361,564243,0.09817317330360413,0.97952,0.08223986308574677,0.9836,0.45435312213897705,0.8578,0.12580000000000002,21249.719696998596
same_epochs,m_sam,32,362,565806,0.10026197319149971,0.97872,0.06823662119150162,0.98828,0.42850472598075867,0.8643,0.12398000000000009,21293.59987258911
same_epochs,m_sam,32,363,567369,0.10174633206963539,0.97922,0.08301775538921356,0.98324,0.44992218170166015,0.8562,0.12704000000000004,21327.05085682869
same_epochs,m_sam,32,364,568932,0.10236316446304321,0.97892,0.06727603312492371,0.98788,0.42792138986587525,0.8667,0.12117999999999995,21372.079920768738
same_epochs,m_sam,32,365,570495,0.10077009894371032,0.9794,0.06677031633377076,0.98778,0.4277288496017456,0.8651,0.12268000000000001,21409.347686052322
same_epochs,m_sam,32,366,572058,0.09934108362317086,0.97998,0.07072271296977997,0.9866,0.4389832020282745,0.8628,0.12380000000000002,21449.98389697075
same_epochs,m_sam,32,367,573621,0.09781252936482429,0.98034,0.06293627642154694,0.9891,0.4222649841785431,0.8684,0.12070000000000003,21494.89550089836
same_epochs,m_sam,32,368,575184,0.09710920837283135,0.97964,0.07343291052818299,0.98732,0.43740978946685793,0.8594,0.12791999999999992,21537.577440738678
same_epochs,m_sam,32,369,576747,0.09825453803777695,0.9793,0.0645321399307251,0.98906,0.41889147491455075,0.868,0.12106000000000006,21584.560306072235
same_epochs,m_sam,32,370,578310,0.09768750707268715,0.97962,0.06869767797589302,0.98714,0.44120648474693297,0.8614,0.12573999999999996,21631.217994213104
same_epochs,m_sam,32,371,579873,0.0980208020055294,0.97978,0.07545698918581009,0.98598,0.43963112082481387,0.8602,0.12578,21678.349281787872
same_epochs,m_sam,32,372,581436,0.09710271180033683,0.97948,0.06726283556103706,0.98694,0.4351243594646454,0.8616,0.12534,21716.255574464798
same_epochs,m_sam,32,373,582999,0.09847016997098923,0.97966,0.07234706040382385,0.98714,0.4284095670700073,0.8661,0.12104000000000004,21758.55486536026
same_epochs,m_sam,32,374,584562,0.09756864129662514,0.98008,0.06473672925949096,0.9885,0.42920466783046723,0.8656,0.12290000000000001,21804.7683634758
same_epochs,m_sam,32,375,586125,0.09694486382126809,0.98076,0.06932052249670029,0.98708,0.4403717989087105,0.8606,0.12647999999999993,21840.727857351303
same_epochs,m_sam,32,376,587688,0.0961139035665989,0.98092,0.0645729387331009,0.98672,0.44279851435422896,0.8622,0.12452000000000008,21883.31023979187
same_epochs,m_sam,32,377,589251,0.09684707247793674,0.97998,0.060910852730274204,0.9899,0.4202072452545166,0.8699,0.12,21921.641286611557
same_epochs,m_sam,32,378,590814,0.09753889076590538,0.98052,0.06034784350156784,0.98964,0.4342126265764236,0.8672,0.12244,21960.520647525787
same_epochs,m_sam,32,379,592377,0.09642187262058258,0.98058,0.06875389702320099,0.98724,0.4419052676439285,0.8641,0.12314000000000003,22008.211386442184
same_epochs,m_sam,32,380,593940,0.09478260738253594,0.98102,0.06686427260279655,0.98766,0.4429514169692993,0.863,0.12465999999999999,22047.82980465889
same_epochs,m_sam,32,381,595503,0.09555422691941261,0.98058,0.06561710206985473,0.98902,0.4338820392131805,0.863,0.12602000000000002,22094.975116491318
same_epochs,m_sam,32,382,597066,0.09558083008766174,0.9808,0.0722919792675972,0.98812,0.4388385078430176,0.8625,0.12561999999999995,22131.084674358368
same_epochs,m_sam,32,383,598629,0.09497821912527084,0.9808,0.0755201237821579,0.98448,0.45842496438026425,0.8557,0.12878,22176.945823431015
same_epochs,m_sam,32,384,600192,0.0946983452630043,0.9814,0.060705281990766524,0.9894,0.43996728971004484,0.864,0.12539999999999996,22214.989207029343
same_epochs,m_sam,32,385,601755,0.09154774764299392,0.98156,0.07326909367084503,0.98802,0.4317448402404785,0.8629,0.12512,22261.841091632843
same_epochs,m_sam,32,386,603318,0.09285915637612342,0.98182,0.06514207456588746,0.98922,0.4311545836687088,0.8645,0.12471999999999994,22310.276114702225
same_epochs,m_sam,32,387,604881,0.09250779340863227,0.98166,0.06535061209440231,0.98624,0.4495316227436066,0.8605,0.12573999999999996,22346.896161317825
same_epochs,m_sam,32,388,606444,0.09356377175569534,0.9812,0.07282135972976685,0.98532,0.45524014494419096,0.8598,0.12551999999999996,22390.549992084503
same_epochs,m_sam,32,389,608007,0.09432612526774406,0.98132,0.06782693475842476,0.98654,0.44228868899345397,0.8598,0.12673999999999996,22436.292278766632
same_epochs,m_sam,32,390,609570,0.091553848528862,0.98204,0.06600338567018509,0.98848,0.43209916276931765,0.862,0.12648000000000004,22475.67125749588
same_epochs,m_sam,32,391,611133,0.09297386501133442,0.98122,0.06485934658050536,0.989,0.4281464482307434,0.8626,0.12639999999999996,22522.758582353592
same_epochs,m_sam,32,392,612696,0.09073985573649407,0.98098,0.06136420609474182,0.98828,0.45774738602638243,0.8572,0.13108000000000009,22570.32087445259
same_epochs,m_sam,32,393,614259,0.09011612075448036,0.9823,0.06992179175138473,0.9882,0.44149923584461215,0.8608,0.12739999999999996,22604.714455604553
same_epochs,m_sam,32,394,615822,0.08891521447598934,0.98288,0.0574914050090313,0.9903,0.43108246445655823,0.8663,0.124,22651.134862422943
same_epochs,m_sam,32,395,617385,0.09080828325510025,0.98216,0.067462298463583,0.98878,0.43914919142723086,0.8621,0.12668000000000001,22692.41167616844
same_epochs,m_sam,32,396,618948,0.08963349512577057,0.98258,0.06819627359509468,0.98684,0.46490790009498595,0.8537,0.13314000000000004,22734.68524479866
same_epochs,m_sam,32,397,620511,0.09099352092266083,0.98212,0.0634832979798317,0.98948,0.4313453326702118,0.8636,0.12588,22779.835942983627
same_epochs,m_sam,32,398,622074,0.09180241490542888,0.9819,0.06188527096033096,0.98992,0.4435134491920471,0.8618,0.12812,22823.782376527786
same_epochs,m_sam,32,399,623637,0.09043652378082276,0.98234,0.07087729494929314,0.987,0.46357163894176484,0.8543,0.13270000000000004,22871.67892384529
same_epochs,m_sam,32,400,625200,0.09031708874344825,0.98288,0.05810470094680786,0.98922,0.43669786343574524,0.8633,0.12592000000000003,22918.551275253296
same_epochs,m_sam,32,401,626763,0.09112299581050873,0.98132,0.06093026706695557,0.98974,0.4353033112049103,0.8652,0.12453999999999998,22952.13892364502
same_epochs,m_sam,32,402,628326,0.09055890029907226,0.98218,0.06533241367101669,0.98806,0.4496615895032883,0.8577,0.13036000000000003,22996.69247317314
same_epochs,m_sam,32,403,629889,0.09030094355225562,0.98266,0.06535549396753311,0.98978,0.4377866285324097,0.8651,0.12468000000000001,23034.520723581314
same_epochs,m_sam,32,404,631452,0.0884452815246582,0.9831,0.06701774011850357,0.98874,0.4472753177165985,0.8597,0.12903999999999993,23071.223337173462
same_epochs,m_sam,32,405,633015,0.08867306542634965,0.98214,0.05993411222577095,0.99024,0.4333592279672623,0.8632,0.12704000000000004,23108.213119745255
same_epochs,m_sam,32,406,634578,0.0896480676984787,0.982,0.06643377707242966,0.98938,0.4283168025016785,0.8634,0.1259800000000001,23149.723707914352
same_epochs,m_sam,32,407,636141,0.08717344123482704,0.983,0.0677322513961792,0.98808,0.4524210476398468,0.8583,0.12978,23189.663451194763
same_epochs,m_sam,32,408,637704,0.0879185823905468,0.9827,0.06423166362047196,0.98844,0.4513640305042267,0.8593,0.12914000000000003,23238.538849830627
same_epochs,m_sam,32,409,639267,0.08950936223983764,0.98292,0.07589454758167268,0.9868,0.4715692176580429,0.856,0.13080000000000003,23272.040105104446
same_epochs,m_sam,32,410,640830,0.0868450542318821,0.98324,0.06941999991297722,0.98754,0.4417668231010437,0.8599,0.12763999999999998,23320.322846651077
same_epochs,m_sam,32,411,642393,0.08714207241535186,0.98298,0.059768788558244704,0.9901,0.4393738737344742,0.8643,0.12580000000000002,23368.17436170578
same_epochs,m_sam,32,412,643956,0.08705964720129966,0.98302,0.06400695684313774,0.98984,0.43619817712306974,0.8626,0.12724000000000002,23408.288361787796
same_epochs,m_sam,32,413,645519,0.08717108765721321,0.98404,0.06260312343716622,0.99,0.4303256889820099,0.8658,0.12419999999999998,23443.4926674366
same_epochs,m_sam,32,414,647082,0.08619540620684624,0.9829,0.05852940002560616,0.99006,0.4494155417442322,0.8601,0.12996000000000008,23491.794516563416
same_epochs,m_sam,32,415,648645,0.08663832543969155,0.98298,0.055430138247013094,0.99094,0.4398652146100998,0.8611,0.12984000000000007,23532.46959733963
same_epochs,m_sam,32,416,650208,0.0865383920788765,0.98328,0.05735044438004494,0.9902,0.44023439803123476,0.8653,0.12490000000000001,23570.988045215607
same_epochs,m_sam,32,417,651771,0.08556621467351913,0.98362,0.053582279551029205,0.99082,0.4296193681716919,0.8671,0.12372000000000005,23607.576233625412
same_epochs,m_sam,32,418,653334,0.08461134939610958,0.98376,0.059977527952194215,0.99006,0.4449083352565765,0.8613,0.1287600000000001,23648.355472564697
same_epochs,m_sam,32,419,654897,0.08644855638742446,0.9837,0.064951233856678,0.98842,0.4449759291648865,0.8639,0.12451999999999996,23689.697602033615
same_epochs,m_sam,32,420,656460,0.08578380227088928,0.984,0.0638278766298294,0.99096,0.42870056490898134,0.8637,0.12725999999999993,23726.382850408554
same_epochs,m_sam,32,421,658023,0.084264346023798,0.98432,0.059753531341552736,0.99066,0.43721321172714234,0.8618,0.12885999999999997,23771.20664525032
same_epochs,m_sam,32,422,659586,0.08360533885359764,0.98428,0.05783539740562439,0.98964,0.4491044530153275,0.8592,0.13044,23812.37630534172
same_epochs,m_sam,32,423,661149,0.08525901761054992,0.98358,0.05733443717956543,0.99014,0.4325428927898407,0.8647,0.12544,23857.36860370636
same_epochs,m_sam,32,424,662712,0.0842627048933506,0.98384,0.0644341908621788,0.9905,0.44205699381828306,0.8628,0.12770000000000004,23891.161351442337
same_epochs,m_sam,32,425,664275,0.0826990014731884,0.98428,0.05512851504921913,0.99196,0.43775525794029235,0.8636,0.12835999999999992,23936.988834142685
same_epochs,m_sam,32,426,665838,0.08528580431342125,0.98368,0.05763420539975166,0.99076,0.4320349031209946,0.8672,0.12356,23984.502175807953
same_epochs,m_sam,32,427,667401,0.08361540983319282,0.98436,0.06007492019534111,0.99052,0.43533549387454984,0.866,0.12451999999999996,24028.131042957306
same_epochs,m_sam,32,428,668964,0.08302016446471214,0.98452,0.05784996969103813,0.98976,0.44789240217208864,0.8626,0.12715999999999994,24064.970942258835
same_epochs,m_sam,32,429,670527,0.08313057782053948,0.9843,0.06469753356695175,0.98936,0.44111074690818786,0.8636,0.12575999999999998,24108.112458705902
same_epochs,m_sam,32,430,672090,0.08295432780265809,0.9847,0.056338914711475375,0.99168,0.4356393699884415,0.8614,0.13027999999999995,24151.418236732483
same_epochs,m_sam,32,431,673653,0.08244752179026604,0.98448,0.05236464015603066,0.9923,0.42970824629068377,0.8691,0.12319999999999998,24186.713392972946
same_epochs,m_sam,32,432,675216,0.08148380291104317,0.98552,0.05480707835316658,0.99088,0.43842894172668456,0.8662,0.12468000000000001,24225.417329788208
same_epochs,m_sam,32,433,676779,0.08140594421625137,0.9845,0.06281989348173142,0.98982,0.45149528617858886,0.8556,0.13422,24264.71838259697
same_epochs,m_sam,32,434,678342,0.081873326151371,0.9843,0.058689477117061614,0.99098,0.4343986357688904,0.8666,0.12437999999999994,24312.516220331192
same_epochs,m_sam,32,435,679905,0.08153746515750886,0.985,0.060091777398586274,0.99086,0.443060626411438,0.8613,0.12956,24358.714916467667
same_epochs,m_sam,32,436,681468,0.0789559624660015,0.98522,0.057795692633390426,0.991,0.44924321427345276,0.8581,0.13290000000000002,24405.540246486664
same_epochs,m_sam,32,437,683031,0.08100048781394958,0.98486,0.05410204881668091,0.9907,0.4526004568815231,0.8611,0.12960000000000005,24442.20741701126
same_epochs,m_sam,32,438,684594,0.08036984041452408,0.98522,0.052881256635189056,0.99138,0.44017066173553465,0.8631,0.12828000000000006,24484.593401908875
same_epochs,m_sam,32,439,686157,0.08082487384796143,0.98482,0.05494891323208809,0.99118,0.4344833979845047,0.8647,0.12647999999999993,24521.657963514328
same_epochs,m_sam,32,440,687720,0.0809058704328537,0.98454,0.05376560232400894,0.99226,0.42506871848106387,0.8639,0.12836000000000003,24557.376210689545
same_epochs,m_sam,32,441,689283,0.07977387402534485,0.98502,0.0696322605061531,0.9865,0.46853028674125674,0.8574,0.1291,24596.084894418716
same_epochs,m_sam,32,442,690846,0.07959871913433075,0.98544,0.057956106271743774,0.99086,0.44143841128349304,0.8622,0.12866,24639.11261534691
same_epochs,m_sam,32,443,692409,0.08055325945377349,0.98494,0.05121875472187996,0.99124,0.4350881090164185,0.8633,0.12794000000000005,24677.722761154175
same_epochs,m_sam,32,444,693972,0.0816707277828455,0.98484,0.05262115649104118,0.99108,0.429779243183136,0.8666,0.12447999999999992,24721.192477226257
same_epochs,m_sam,32,445,695535,0.0812053525865078,0.98472,0.0569049293243885,0.99068,0.447878879570961,0.8608,0.12988,24764.456520557404
same_epochs,m_sam,32,446,697098,0.08256298107862473,0.98464,0.05947132527589798,0.98814,0.4612371244907379,0.8588,0.12934,24798.107038974762
same_epochs,m_sam,32,447,698661,0.07940753132224083,0.985,0.05841971241235733,0.98986,0.4515486929655075,0.8606,0.12925999999999993,24833.583754062653
same_epochs,m_sam,32,448,700224,0.08008387194275857,0.98546,0.052675990602970124,0.99292,0.43447851510047913,0.8637,0.12922,24878.54637646675
same_epochs,m_sam,32,449,701787,0.07874787674546242,0.98624,0.05448883018970489,0.99068,0.44139734172821044,0.8622,0.12848000000000004,24915.674489736557
same_epochs,m_sam,32,450,703350,0.07947863067030907,0.98528,0.05541567323684692,0.99092,0.4376348972320557,0.8661,0.12482000000000004,24951.813640594482
same_epochs,m_sam,32,451,704913,0.07895622188448906,0.98566,0.04974056935429573,0.9928,0.44197510526180267,0.8625,0.13029999999999997,24987.183299064636
same_epochs,m_sam,32,452,706476,0.07892956549167633,0.98524,0.053213931521177295,0.9916,0.45494056775569913,0.8604,0.13119999999999998,25022.68756532669
same_epochs,m_sam,32,453,708039,0.07861655205845833,0.98568,0.05823655543446541,0.9919,0.42956953315734864,0.8653,0.12660000000000005,25055.193871736526
same_epochs,m_sam,32,454,709602,0.077774080452919,0.9862,0.054489078991413115,0.99196,0.42814827055931093,0.8641,0.12785999999999997,25097.131898880005
same_epochs,m_sam,32,455,711165,0.07834144161224366,0.9856,0.05146259273290634,0.99242,0.430095732319355,0.8668,0.12561999999999995,25143.417592287064
same_epochs,m_sam,32,456,712728,0.07569161263227463,0.9862,0.05189963826298714,0.99234,0.43485695853233336,0.8637,0.12863999999999998,25190.593675851822
same_epochs,m_sam,32,457,714291,0.07643539470791817,0.98552,0.0551321060359478,0.991,0.45294568247795103,0.8583,0.13270000000000004,25224.135364055634
same_epochs,m_sam,32,458,715854,0.07916743296384811,0.98542,0.054012766718864444,0.99114,0.4437031618595123,0.863,0.12814000000000003,25263.070110559464
same_epochs,m_sam,32,459,717417,0.07634447829127311,0.9858,0.047747733461856845,0.9924,0.4423226185798645,0.8636,0.12879999999999991,25304.828276872635
same_epochs,m_sam,32,460,718980,0.0751868843138218,0.98624,0.0500184215259552,0.99284,0.43520950753688814,0.8645,0.1283399999999999,25339.057864189148
same_epochs,m_sam,32,461,720543,0.07541824470996857,0.98666,0.046730398817062375,0.9933,0.4306771083831787,0.8662,0.1271,25373.103996515274
same_epochs,m_sam,32,462,722106,0.07585949463129044,0.98546,0.06204756191492081,0.9907,0.44403723034858705,0.8608,0.12990000000000002,25410.674766778946
same_epochs,m_sam,32,463,723669,0.07775959232747555,0.98582,0.05134726024866104,0.99248,0.43611981847286224,0.8668,0.12568000000000001,25446.979509353638
same_epochs,m_sam,32,464,725232,0.0752458611881733,0.98592,0.053684788300991056,0.99218,0.43913952584266663,0.8625,0.1296799999999999,25492.452843666077
same_epochs,m_sam,32,465,726795,0.07555861916184425,0.98626,0.05841023749351502,0.99056,0.4558921898841858,0.8571,0.13346000000000002,25536.28339624405
same_epochs,m_sam,32,466,728358,0.07759597605466842,0.98542,0.047603057585954664,0.99346,0.42831744837760927,0.8696,0.12385999999999997,25582.670028209686
same_epochs,m_sam,32,467,729921,0.07696941098570824,0.98602,0.054179825440645216,0.99164,0.4383732875585556,0.8626,0.12903999999999993,25618.764058828354
same_epochs,m_sam,32,468,731484,0.0747697939479351,0.98634,0.04868255581140518,0.9924,0.44128193209171296,0.865,0.12739999999999996,25662.111493110657
same_epochs,m_sam,32,469,733047,0.07556409721970558,0.98592,0.05273245854735374,0.9922,0.42831108455657957,0.8679,0.12429999999999997,25695.92620587349
same_epochs,m_sam,32,470,734610,0.07518789849996567,0.98714,0.051793935273885726,0.99268,0.4449800465106964,0.8638,0.12888,25734.654366016388
same_epochs,m_sam,32,471,736173,0.07625508502185345,0.98672,0.04905046494245529,0.993,0.4352297033786774,0.8643,0.12870000000000004,25775.71113395691
same_epochs,m_sam,32,472,737736,0.07576238009214402,0.98656,0.04701600708246231,0.99362,0.4310227076530457,0.8651,0.12851999999999997,25809.536494016647
same_epochs,m_sam,32,473,739299,0.07510884057402611,0.9867,0.05725128899812698,0.99174,0.4402059205055237,0.8636,0.12813999999999992,25849.49866437912
same_epochs,m_sam,32,474,740862,0.0753169004869461,0.98658,0.060003234386444095,0.99162,0.44626963448524476,0.8639,0.12771999999999994,25882.224841356277
same_epochs,m_sam,32,475,742425,0.07390719949781895,0.9866,0.055582445684671404,0.99156,0.4504625874042511,0.8618,0.12976,25925.60323548317
same_epochs,m_sam,32,476,743988,0.0755245147395134,0.9867,0.04789171959996223,0.99212,0.4335824461460114,0.8651,0.12702000000000002,25965.398936510086
same_epochs,m_sam,32,477,745551,0.0744557782292366,0.98666,0.0500536558842659,0.99308,0.4348544113874435,0.8622,0.13088,26004.56476831436
same_epochs,m_sam,32,478,747114,0.07397524069786071,0.98746,0.05198972226023674,0.99194,0.4426828854084015,0.8619,0.13004000000000004,26052.147132873535
same_epochs,m_sam,32,479,748677,0.07431181440114976,0.98652,0.05280934945583343,0.99248,0.4400717007160187,0.8624,0.13007999999999997,26092.57764339447
same_epochs,m_sam,32,480,750240,0.0751301259469986,0.98632,0.0494102724647522,0.99292,0.43734918298721315,0.8642,0.12872000000000006,26126.27194738388
same_epochs,m_sam,32,481,751803,0.07201492229819298,0.9875,0.05200137707591057,0.99352,0.43552351927757266,0.8633,0.13022,26167.630383968353
same_epochs,m_sam,32,482,753366,0.07232524936079979,0.9872,0.0468123218691349,0.99288,0.4383440425157547,0.8633,0.12958000000000003,26208.29925107956
same_epochs,m_sam,32,483,754929,0.07258545117139817,0.98736,0.04614640706300736,0.9928,0.44122585201263426,0.8642,0.12860000000000005,26251.60742378235
same_epochs,m_sam,32,484,756492,0.07424549687266349,0.98596,0.04832983142971992,0.9917,0.45353397727012634,0.8594,0.13229999999999997,26296.085215330124
same_epochs,m_sam,32,485,758055,0.07166088649630546,0.98642,0.05141460011601448,0.99206,0.4419259630680084,0.8618,0.13026000000000004,26330.713933944702
same_epochs,m_sam,32,486,759618,0.07275655477166176,0.98712,0.04619235852003097,0.9933,0.4389240138053894,0.8671,0.12619999999999998,26371.663406848907
same_epochs,m_sam,32,487,761181,0.07311498138368129,0.98698,0.051545551425218585,0.99168,0.44790201053619383,0.8632,0.12848000000000004,26405.6639418602
same_epochs,m_sam,32,488,762744,0.0724687177079916,0.98676,0.048975709011554715,0.9926,0.44893476781845093,0.8647,0.1279,26451.016521453857
same_epochs,m_sam,32,489,764307,0.07296442713439465,0.98678,0.05100168168306351,0.99208,0.4432991745471954,0.8626,0.12947999999999993,26484.701410770416
same_epochs,m_sam,32,490,765870,0.0722911760365963,0.98692,0.05109818031549454,0.9916,0.44189240279197695,0.863,0.12860000000000005,26518.47451019287
same_epochs,m_sam,32,491,767433,0.07119129429161548,0.98746,0.048092483168840405,0.9931,0.44404069752693176,0.8599,0.13319999999999999,26552.302886247635
same_epochs,m_sam,32,492,768996,0.06966513519227505,0.98722,0.043324874875545503,0.99356,0.43234574279785154,0.8696,0.12395999999999996,26592.09289908409
same_epochs,m_sam,32,493,770559,0.07186467899560928,0.98698,0.04714180344820022,0.9928,0.4385477808475494,0.8638,0.129,26638.047830343246
same_epochs,m_sam,32,494,772122,0.07111738321304321,0.98708,0.05310705097675324,0.98992,0.4741694854736328,0.8554,0.13451999999999997,26683.62676692009
same_epochs,m_sam,32,495,773685,0.07076139559626579,0.9867,0.04994653178572655,0.99324,0.4377309423923492,0.8653,0.12794000000000005,26719.08743953705
same_epochs,m_sam,32,496,775248,0.0703236388206482,0.98758,0.05454094228506088,0.99036,0.4627664671897888,0.8577,0.13266,26753.77970457077
same_epochs,m_sam,32,497,776811,0.07241595016241073,0.98684,0.05206955160498619,0.9917,0.43633378024101255,0.8639,0.12780000000000002,26791.345638513565
same_epochs,m_sam,32,498,778374,0.07091070162534714,0.988,0.04584670976877213,0.99262,0.4407300795316696,0.8648,0.12781999999999993,26825.153977394104
same_epochs,m_sam,32,499,779937,0.06941879107952117,0.98742,0.05884229639291763,0.99028,0.4570592572689056,0.8581,0.13218000000000008,26862.8079829216
same_epochs,m_sam,32,500,781500,0.07215782572507859,0.98684,0.04639989105463028,0.99302,0.4381651285648346,0.8649,0.12812,26906.917912006378
same_epochs,m_sam,32,501,783063,0.07090103217422962,0.98752,0.05182938761472702,0.99198,0.44913491501808167,0.862,0.12997999999999998,26945.633929491043
same_epochs,m_sam,32,502,784626,0.06965763744056225,0.9871,0.04677911472320557,0.9929,0.43744743547439574,0.8642,0.12870000000000004,26980.484032392502
same_epochs,m_sam,32,503,786189,0.06759867287695408,0.98866,0.04974375983119011,0.99176,0.4473312953710556,0.8641,0.12766,27014.13383746147
same_epochs,m_sam,32,504,787752,0.0691017143189907,0.9884,0.04639826964616776,0.99218,0.4480947743177414,0.8628,0.12937999999999994,27047.60113286972
same_epochs,m_sam,32,505,789315,0.06782423687517643,0.98812,0.05250314135670662,0.99138,0.4487058260202408,0.8616,0.12978,27086.929318904877
same_epochs,m_sam,32,506,790878,0.06914893502414227,0.988,0.042030792219638825,0.99382,0.4358944375991821,0.8651,0.12872000000000006,27121.662449359894
same_epochs,m_sam,32,507,792441,0.06976395951271057,0.98796,0.04538494154214859,0.99276,0.4397423976898193,0.8652,0.12756,27163.46819782257
same_epochs,m_sam,32,508,794004,0.07051260038197041,0.98764,0.05524680698156357,0.9917,0.4528358665466309,0.8623,0.12940000000000007,27200.28807926178
same_epochs,m_sam,32,509,795567,0.06961622252106667,0.98838,0.053893736124038694,0.99194,0.45061464948654173,0.8609,0.13104000000000005,27241.097566843033
same_epochs,m_sam,32,510,797130,0.06854680147349834,0.98842,0.050522497586011884,0.99318,0.4530882977962494,0.8582,0.13498,27282.121592760086
same_epochs,m_sam,32,511,798693,0.0679035877764225,0.98798,0.05467139085531235,0.99096,0.4553546457290649,0.8597,0.13125999999999993,27326.153722286224
same_epochs,m_sam,32,512,800256,0.06923463528752327,0.98762,0.04951579305768013,0.99306,0.43572841727733613,0.8676,0.12546000000000002,27374.208284139633
same_epochs,m_sam,32,513,801819,0.06900757099270821,0.98862,0.051370581591129304,0.9917,0.44446693451404573,0.8623,0.12940000000000007,27410.01713037491
same_epochs,m_sam,32,514,803382,0.06751406563401222,0.98846,0.0488658337521553,0.99212,0.4451090515613556,0.8617,0.13041999999999998,27449.08103966713
same_epochs,m_sam,32,515,804945,0.06721284690916539,0.98858,0.047446860144138334,0.99342,0.43983495044708254,0.864,0.12941999999999998,27482.97241306305
same_epochs,m_sam,32,516,806508,0.06702687451720238,0.98832,0.046457328003644945,0.99306,0.4356140833377838,0.8651,0.12796000000000007,27529.233877658844
same_epochs,m_sam,32,517,808071,0.06641484778463841,0.98918,0.044356652126312256,0.99336,0.44357368552684784,0.8657,0.12766,27574.99095582962
same_epochs,m_sam,32,518,809634,0.06746211097836495,0.98836,0.04600861078262329,0.99332,0.45028818571567536,0.8622,0.13112000000000001,27618.826333999634
same_epochs,m_sam,32,519,811197,0.0674266498953104,0.9887,0.04633039602160454,0.99292,0.4421913815021515,0.8636,0.12932,27659.58507490158
same_epochs,m_sam,32,520,812760,0.06877849110364914,0.98782,0.05269696533203125,0.99282,0.44190118680000307,0.8657,0.12712,27698.179355621338
same_epochs,m_sam,32,521,814323,0.06588034174621105,0.98902,0.04241934622168541,0.99348,0.4409599225997925,0.8648,0.12868000000000002,27737.612831115723
same_epochs,m_sam,32,522,815886,0.06805056115508079,0.98782,0.04968114776849747,0.99314,0.4532712212085724,0.8579,0.13524000000000003,27772.68434405327
same_epochs,m_sam,32,523,817449,0.06680978713989258,0.98824,0.045073014218807224,0.99266,0.4512844838857651,0.8612,0.13146000000000002,27819.526413679123
same_epochs,m_sam,32,524,819012,0.06788381806731224,0.98834,0.04454761057138443,0.99298,0.46240072317123415,0.8542,0.13878000000000001,27860.236884355545
same_epochs,m_sam,32,525,820575,0.06564419460237027,0.98902,0.050455255100727084,0.9914,0.4542146369695663,0.8581,0.13329999999999997,27902.850459575653
same_epochs,m_sam,32,526,822138,0.06653152649343014,0.9887,0.04499193452119827,0.99312,0.4362741462469101,0.8651,0.12802000000000002,27951.244239091873
same_epochs,m_sam,32,527,823701,0.06513098208189011,0.98944,0.0460612671482563,0.99232,0.44767396998405456,0.8601,0.13222,27998.30743932724
same_epochs,m_sam,32,528,825264,0.06786339646697044,0.98868,0.044992855575084686,0.99312,0.437768363904953,0.8646,0.12851999999999997,28036.683355093002
same_epochs,m_sam,32,529,826827,0.06771551665663719,0.98886,0.05102586977958679,0.99326,0.44258602638244626,0.8615,0.13176,28082.19997525215
same_epochs,m_sam,32,530,828390,0.06703555419802666,0.9885,0.04353888613700867,0.99354,0.44963516616821286,0.8613,0.13224000000000002,28118.428020477295
same_epochs,m_sam,32,531,829953,0.0663469232225418,0.98848,0.04862412617921829,0.99194,0.44878071660995483,0.8641,0.12784000000000006,28152.044657707214
same_epochs,m_sam,32,532,831516,0.06525049756348134,0.98842,0.045543895510435105,0.99308,0.43465072860717774,0.8645,0.12857999999999992,28185.17913365364
same_epochs,m_sam,32,533,833079,0.06636132233858108,0.98878,0.042462575974464414,0.99324,0.4516684058189392,0.8634,0.12984000000000007,28223.711646318436
same_epochs,m_sam,32,534,834642,0.06664903716027737,0.98886,0.04650152955174446,0.99386,0.43258910393714906,0.865,0.12885999999999997,28257.52988052368
same_epochs,m_sam,32,535,836205,0.0672335596048832,0.9883,0.049405352745056155,0.99308,0.44886450929641725,0.863,0.13007999999999997,28294.0126452446
same_epochs,m_sam,32,536,837768,0.06560471592485904,0.98944,0.042371454055309295,0.99394,0.4399863461971283,0.8659,0.12804000000000004,28342.116938591003
same_epochs,m_sam,32,537,839331,0.06396580926418305,0.9898,0.04838150529742241,0.99194,0.44592742471694946,0.8626,0.12934,28390.402765274048
same_epochs,m_sam,32,538,840894,0.06547733206927776,0.9889,0.04508705472111702,0.99326,0.44550752825737,0.8619,0.13136000000000003,28438.552005529404
same_epochs,m_sam,32,539,842457,0.06719830561041831,0.9885,0.05285192400097847,0.99118,0.4659373326063156,0.8525,0.13867999999999991,28478.14502763748
same_epochs,m_sam,32,540,844020,0.06370352498710155,0.98966,0.050386582143306734,0.99296,0.44372960591316224,0.8611,0.13185999999999998,28516.25317311287
same_epochs,m_sam,32,541,845583,0.06450143946111202,0.98916,0.04723424732208252,0.99346,0.44898673899173736,0.8604,0.13305999999999996,28561.651067972183
same_epochs,m_sam,32,542,847146,0.06209265893638134,0.9897,0.04300770723879337,0.994,0.4463777196407318,0.8641,0.12990000000000002,28595.134934186935
same_epochs,m_sam,32,543,848709,0.06559889777898789,0.98864,0.04332312765955925,0.9937,0.43552170038223265,0.8639,0.12980000000000003,28632.920595169067
same_epochs,m_sam,32,544,850272,0.0654341258752346,0.98894,0.03996838786959648,0.99436,0.4333850449085236,0.8675,0.12685999999999997,28666.649916172028
same_epochs,m_sam,32,545,851835,0.06345065506160259,0.98942,0.047911276609897614,0.99216,0.45497665877342225,0.8601,0.13206000000000007,28704.032714128494
same_epochs,m_sam,32,546,853398,0.06483331521213055,0.98926,0.04440009063005448,0.99268,0.44964925184249876,0.8631,0.12958000000000003,28751.672156095505
same_epochs,m_sam,32,547,854961,0.0627588817512989,0.98954,0.047182522164583206,0.99276,0.4560323955535889,0.86,0.13276,28795.203884124756
same_epochs,m_sam,32,548,856524,0.06533063580155372,0.98896,0.044899826751947404,0.99384,0.43749449734687806,0.8628,0.13103999999999993,28842.57945561409
same_epochs,m_sam,32,549,858087,0.06293151110827923,0.98974,0.04474386306881905,0.993,0.45146774106025694,0.8609,0.1321,28885.005393266678
same_epochs,m_sam,32,550,859650,0.06300238887310028,0.98982,0.044455164796113965,0.99352,0.45370622148513795,0.8617,0.13181999999999994,28919.888919591904
same_epochs,m_sam,32,551,861213,0.0634077729076147,0.98916,0.044498706409931185,0.99366,0.4399287870407104,0.8625,0.13115999999999994,28962.481039762497
same_epochs,m_sam,32,552,862776,0.06513357071936131,0.98902,0.048466565668582914,0.9924,0.4479686439037323,0.8619,0.13049999999999995,28996.447395563126
same_epochs,m_sam,32,553,864339,0.06286912924170494,0.99022,0.04394657671928406,0.9919,0.45439549961090087,0.8585,0.13339999999999996,29042.09255337715
same_epochs,m_sam,32,554,865902,0.06298491039514542,0.9894,0.04147118061065674,0.99432,0.44480172138214114,0.8648,0.12951999999999997,29086.648285388947
same_epochs,m_sam,32,555,867465,0.06285597708702087,0.99014,0.046654058754444123,0.99326,0.45829724617004397,0.8563,0.13696000000000008,29131.524770259857
same_epochs,m_sam,32,556,869028,0.06218034636318684,0.98998,0.04312501440048218,0.99332,0.43957531499862673,0.8638,0.12951999999999997,29167.53039598465
same_epochs,m_sam,32,557,870591,0.06135857114076614,0.98976,0.0427417413020134,0.99354,0.444368967628479,0.8618,0.13173999999999997,29204.439168214798
same_epochs,m_sam,32,558,872154,0.0631195057708025,0.9896,0.03895905202031136,0.99406,0.4418367333889008,0.8669,0.12716000000000005,29245.07501721382
same_epochs,m_sam,32,559,873717,0.06117569269657135,0.99024,0.04577211795091629,0.992,0.4482416793346405,0.8649,0.1271,29278.821487665176
same_epochs,m_sam,32,560,875280,0.06192263317227364,0.98962,0.04345680168867111,0.99406,0.43933308758735656,0.864,0.13006000000000006,29318.962033748627
same_epochs,m_sam,32,561,876843,0.06063004838764668,0.99018,0.04644387861251831,0.99248,0.46732997550964356,0.8568,0.13568000000000002,29352.40047478676
same_epochs,m_sam,32,562,878406,0.05964306799829006,0.99024,0.04019714411616326,0.99418,0.44799914543628694,0.8644,0.12978,29393.684066295624
same_epochs,m_sam,32,563,879969,0.06169025295674801,0.99018,0.04261699690937996,0.99436,0.4432677501678467,0.8634,0.13096000000000008,29427.098957061768
same_epochs,m_sam,32,564,881532,0.06035572114884853,0.98966,0.04376788432240486,0.99382,0.4452097277164459,0.862,0.13182000000000005,29473.424509763718
same_epochs,m_sam,32,565,883095,0.059863027045726776,0.99046,0.04543821732878685,0.99256,0.4493763824462891,0.8605,0.13205999999999996,29513.93048453331
same_epochs,m_sam,32,566,884658,0.061071717128753665,0.98994,0.039843836629390714,0.99398,0.45313777689933776,0.8611,0.13288,29562.297496795654
same_epochs,m_sam,32,567,886221,0.06178187629699707,0.99,0.03883261880636215,0.99456,0.4468746626853943,0.8619,0.13266,29605.63025689125
same_epochs,m_sam,32,568,887784,0.058931013833284376,0.99066,0.038502824370861055,0.99446,0.4376663147449493,0.8659,0.12856,29652.886068344116
same_epochs,m_sam,32,569,889347,0.05969394614577293,0.9908,0.03895071942329407,0.99484,0.43699400520324705,0.8648,0.13003999999999993,29692.843015670776
same_epochs,m_sam,32,570,890910,0.06025234948158264,0.98958,0.04573270550489426,0.99304,0.4553997258663178,0.8592,0.13384000000000007,29733.00361776352
same_epochs,m_sam,32,571,892473,0.0591789155614376,0.99068,0.0381074893450737,0.99424,0.45340664601325986,0.8611,0.13314000000000004,29774.36267709732
same_epochs,m_sam,32,572,894036,0.060271275362372395,0.99048,0.041389718506336215,0.99464,0.448986518573761,0.8622,0.13244,29807.302340507507
same_epochs,m_sam,32,573,895599,0.05896287526667118,0.99092,0.04378971732378006,0.99324,0.46258511452674866,0.8576,0.13563999999999998,29853.390959739685
same_epochs,m_sam,32,574,897162,0.06046726431787014,0.99024,0.04078715678930282,0.99502,0.4398224064350128,0.8638,0.13122,29888.93933725357
same_epochs,m_sam,32,575,898725,0.058556756517291066,0.99062,0.0397209438252449,0.99402,0.44792963671684266,0.8619,0.13212000000000002,29929.17592048645
same_epochs,m_sam,32,576,900288,0.060668603308796885,0.98984,0.04134981248855591,0.99408,0.43077068481445313,0.8668,0.12727999999999995,29977.537584781647
same_epochs,m_sam,32,577,901851,0.05914096420943737,0.99044,0.039317038583755494,0.99484,0.439139794588089,0.8677,0.12713999999999992,30011.476561546326
same_epochs,m_sam,32,578,903414,0.05871866126775742,0.99046,0.03927459169507027,0.9945,0.44637826566696165,0.865,0.12950000000000006,30052.673187494278
same_epochs,m_sam,32,579,904977,0.0599713319003582,0.99052,0.04367649845123291,0.99424,0.44407601113319395,0.8629,0.13134,30085.783039808273
same_epochs,m_sam,32,580,906540,0.059874626797437665,0.99044,0.04418265946865082,0.99302,0.4606451222896576,0.8587,0.13432,30132.264095783234
same_epochs,m_sam,32,581,908103,0.059460649120807646,0.9908,0.04135138068675995,0.99442,0.4466496057033539,0.8625,0.13191999999999993,30176.091220855713
same_epochs,m_sam,32,582,909666,0.058465569336414336,0.99076,0.03991527475714683,0.99428,0.4428915612220764,0.8658,0.12848000000000004,30220.223254919052
same_epochs,m_sam,32,583,911229,0.05878180838048458,0.9902,0.03657148795247078,0.9951,0.43329440352916715,0.8656,0.12949999999999995,30261.123214244843
same_epochs,m_sam,32,584,912792,0.05758736016452312,0.99074,0.04261896211266518,0.99372,0.4543858247756958,0.8594,0.13432,30295.46689915657
same_epochs,m_sam,32,585,914355,0.057249173316955566,0.99088,0.0425589533340931,0.99406,0.4463556008338928,0.8641,0.12996000000000008,30332.413249731064
same_epochs,m_sam,32,586,915918,0.058901081947684286,0.99058,0.042097361191511154,0.99346,0.4472034489154816,0.8613,0.13216000000000006,30377.579551696777
same_epochs,m_sam,32,587,917481,0.0582635979783535,0.99058,0.040068964545726775,0.99416,0.44897421627044676,0.8633,0.1308600000000001,30414.039222955704
same_epochs,m_sam,32,588,919044,0.05781113682627678,0.99032,0.038571903114914895,0.9952,0.4354268250465393,0.8679,0.12729999999999997,30461.548370599747
same_epochs,m_sam,32,589,920607,0.05894496419250965,0.99076,0.03827658861577511,0.9944,0.45516871428489686,0.8616,0.13279999999999992,30496.72384095192
same_epochs,m_sam,32,590,922170,0.05554791305482387,0.99106,0.041394691507816314,0.99432,0.4573572096824646,0.8601,0.13422,30543.838537693024
same_epochs,m_sam,32,591,923733,0.056449353635311124,0.99136,0.04089875736474991,0.99448,0.4524799780368805,0.8615,0.13298,30579.983600854874
same_epochs,m_sam,32,592,925296,0.057189899635910986,0.99062,0.037750057871341704,0.99392,0.4654364386081696,0.8596,0.13432,30623.196976423264
same_epochs,m_sam,32,593,926859,0.05629260752916336,0.99076,0.044086702947616574,0.99358,0.45881721963882444,0.8591,0.13448000000000004,30666.253385782242
same_epochs,m_sam,32,594,928422,0.055803147056698796,0.99088,0.03776460776567459,0.99482,0.4363053554058075,0.866,0.12882000000000005,30702.441339969635
same_epochs,m_sam,32,595,929985,0.05560598144054413,0.9911,0.03868698226213455,0.99474,0.445230126619339,0.8611,0.13363999999999998,30777.81683588028
same_epochs,m_sam,32,596,931548,0.05600594999372959,0.99078,0.03412184177398682,0.99524,0.4334208284854889,0.8668,0.12844,30889.25357222557
same_epochs,m_sam,32,597,933111,0.05711504496634007,0.99116,0.037872908469438554,0.99466,0.44904586267471314,0.8657,0.12895999999999996,30967.538273096085
same_epochs,m_sam,32,598,934674,0.056532941438555716,0.99102,0.03735791379213333,0.99488,0.45415135736465456,0.8623,0.13258000000000003,31083.816217422485
same_epochs,m_sam,32,599,936237,0.055415291668772695,0.99142,0.03811154954195023,0.99442,0.454640966129303,0.8633,0.13112000000000001,31195.586090803146
same_epochs,m_sam,32,600,937800,0.05436196136116982,0.99136,0.035831158312559126,0.99538,0.4479831134796143,0.8609,0.13448000000000004,31308.87398171425
same_epochs,m_sam,32,601,939363,0.05636875982820988,0.99052,0.04263208330392838,0.99428,0.46239233865737916,0.8571,0.13718000000000008,31387.884469985962
same_epochs,m_sam,32,602,940926,0.05700171613931656,0.99074,0.03887975553274155,0.99528,0.4391953194618225,0.8621,0.13318000000000008,31493.156663656235
same_epochs,m_sam,32,603,942489,0.055778368365764615,0.99108,0.03742479588627815,0.99468,0.4522362653255463,0.8624,0.13227999999999995,31607.826771259308
same_epochs,m_sam,32,604,944052,0.05677624180138111,0.99092,0.03996585571050644,0.99466,0.45089993615150453,0.8609,0.13376,31687.157995939255
same_epochs,m_sam,32,605,945615,0.0568427344596386,0.99148,0.03731954321980476,0.99448,0.45030768933296206,0.8618,0.13268000000000002,31799.32209610939
same_epochs,m_sam,32,606,947178,0.05798546486914158,0.99094,0.041201712379455566,0.99496,0.44572931776046754,0.8624,0.1325599999999999,31912.268094301224
same_epochs,m_sam,32,607,948741,0.056483875291347505,0.99098,0.040848132725954056,0.99476,0.4377678677558899,0.8622,0.13256,32024.012487649918
same_epochs,m_sam,32,608,950304,0.0553721041816473,0.99176,0.03979521864891052,0.99448,0.4531429630279541,0.858,0.13648000000000005,32098.023149728775
same_epochs,m_sam,32,609,951867,0.055570285769701,0.99168,0.03260870150923729,0.9961,0.43488755989074707,0.866,0.1301,32214.159707069397
same_epochs,m_sam,32,610,953430,0.055870038653612134,0.9916,0.034543676265478135,0.99588,0.43833914256095885,0.866,0.12988,32326.0074365139
same_epochs,m_sam,32,611,954993,0.05532424766302109,0.99174,0.03814992975115776,0.99522,0.4435809682369232,0.8625,0.13271999999999995,32403.02242088318
same_epochs,m_sam,32,612,956556,0.05672178803563118,0.9914,0.041024515793323516,0.99482,0.4520553416252136,0.8598,0.13502000000000003,32514.441348314285
same_epochs,m_sam,32,613,958119,0.05520096365332604,0.992,0.04303459211230278,0.99364,0.4488077053070068,0.8628,0.13083999999999996,32625.967487573624
same_epochs,m_sam,32,614,959682,0.05468330512046814,0.9917,0.03357829483747482,0.99542,0.43264515948295595,0.8669,0.12851999999999997,32669.209107875824
same_epochs,m_sam,32,615,961245,0.0547918575835228,0.99146,0.04171945017695427,0.99348,0.458217817735672,0.8591,0.13438000000000005,32716.541829109192
same_epochs,m_sam,32,616,962808,0.05578007277190685,0.99154,0.04124258267879486,0.99426,0.44996848182678223,0.8594,0.13485999999999998,32764.535764217377
same_epochs,m_sam,32,617,964371,0.05391007838308811,0.99156,0.0420282581448555,0.99388,0.44898168001174926,0.861,0.13288,32800.45134520531
same_epochs,m_sam,32,618,965934,0.05252283756732941,0.99222,0.04122626132011414,0.99418,0.4670644776821136,0.8556,0.13857999999999993,32847.36032414436
same_epochs,m_sam,32,619,967497,0.05312378518044949,0.9918,0.03862845468401909,0.99514,0.45036272709369657,0.8617,0.13344,32890.36117911339
same_epochs,m_sam,32,620,969060,0.05342859978616238,0.99158,0.03646141932249069,0.99538,0.4449310369491577,0.8611,0.13428000000000007,32933.68785262108
same_epochs,m_sam,32,621,970623,0.05363521474778652,0.99166,0.036434939383268354,0.99536,0.44338135542869567,0.8646,0.13076,32977.265612363815
same_epochs,m_sam,32,622,972186,0.05245321861207485,0.99238,0.03612917770385742,0.99572,0.4382937343597412,0.8634,0.1323200000000001,33010.753759622574
same_epochs,m_sam,32,623,973749,0.05466419135689735,0.99134,0.04100123417496681,0.99398,0.4648540686607361,0.858,0.13598,33058.765503406525
same_epochs,m_sam,32,624,975312,0.05346070922911167,0.9914,0.043069635384082795,0.99518,0.44812064037322996,0.8601,0.13507999999999998,33092.59331345558
same_epochs,m_sam,32,625,976875,0.05323347124576568,0.99186,0.035417598375082016,0.99506,0.439626673579216,0.8637,0.13135999999999992,33126.59342265129
same_epochs,m_sam,32,626,978438,0.05412800353527069,0.99182,0.03556195862829685,0.99502,0.45633522391319276,0.8601,0.13492000000000004,33173.55280947685
same_epochs,m_sam,32,627,980001,0.052760716241002086,0.99204,0.03423515133142471,0.9953,0.4487224904298782,0.864,0.13129999999999997,33206.59976840019
same_epochs,m_sam,32,628,981564,0.05280551477432251,0.99174,0.03503561383485794,0.99528,0.44253876485824584,0.8644,0.1308800000000001,33252.92344999313
same_epochs,m_sam,32,629,983127,0.052898456320762635,0.99276,0.038569925632476805,0.9945,0.44755539426803587,0.8636,0.13090000000000002,33287.58025383949
same_epochs,m_sam,32,630,984690,0.05384232486128807,0.99196,0.03606382189512253,0.99454,0.45490106964111326,0.8635,0.13103999999999993,33324.490641355515
same_epochs,m_sam,32,631,986253,0.051948422179222103,0.99204,0.038199251335859295,0.99398,0.46304971117973326,0.8623,0.13168000000000002,33367.34491443634
same_epochs,m_sam,32,632,987816,0.05279291769683361,0.99136,0.03422478687286377,0.99564,0.4502540750026703,0.8609,0.13473999999999997,33412.91107130051
same_epochs,m_sam,32,633,989379,0.05138858848452568,0.99212,0.03750240355849266,0.99494,0.44613036556243896,0.8668,0.12814000000000003,33460.957224845886
same_epochs,m_sam,32,634,990942,0.05265045828521252,0.99144,0.036388897645473484,0.99488,0.4526518379688263,0.8645,0.13037999999999994,33494.6001932621
same_epochs,m_sam,32,635,992505,0.05235933984398842,0.99186,0.03758229570388794,0.995,0.4550176914691925,0.8629,0.1321,33542.5864303112
same_epochs,m_sam,32,636,994068,0.05340023947775364,0.99156,0.040038892565965656,0.9945,0.45630143241882326,0.8623,0.1322000000000001,33586.353066682816
same_epochs,m_sam,32,637,995631,0.05162046847224235,0.992,0.03394501903772354,0.99592,0.4435273468017578,0.866,0.12992000000000004,33631.10643839836
same_epochs,m_sam,32,638,997194,0.05381241867780685,0.99206,0.040444829308986664,0.99448,0.4538127209663391,0.8595,0.13498,33664.15095114708
same_epochs,m_sam,32,639,998757,0.05015266520738602,0.99238,0.0348688306593895,0.99514,0.45603016357421877,0.8625,0.13263999999999998,33712.374386548996
same_epochs,m_sam,32,640,1000320,0.05099151268184185,0.99278,0.03230758360147476,0.99518,0.44620144686698915,0.8663,0.12888,33753.04404568672
same_epochs,m_sam,32,641,1001883,0.04947198550343514,0.99222,0.03527244021475315,0.99442,0.4406196774482727,0.8643,0.13012,33790.995042562485
same_epochs,m_sam,32,642,1003446,0.05075556073188782,0.99274,0.034482299710512164,0.9951,0.45675728497505186,0.861,0.1341,33830.996852874756
same_epochs,m_sam,32,643,1005009,0.05113957501351833,0.99246,0.03689954070806503,0.99434,0.4564603377342224,0.8648,0.12954,33876.17108249664
same_epochs,m_sam,32,644,1006572,0.052386352171301845,0.9926,0.03929118513941765,0.99458,0.4531288101673126,0.8617,0.13288,33916.32415962219
same_epochs,m_sam,32,645,1008135,0.05111781632184982,0.9926,0.03537258752942085,0.99482,0.4554691651344299,0.8635,0.13132,33959.66957640648
same_epochs,m_sam,32,646,1009698,0.05011612880647182,0.993,0.032728466852903364,0.9958,0.4449955069541931,0.8649,0.13090000000000002,33997.867273807526
same_epochs,m_sam,32,647,1011261,0.04918464499115944,0.9926,0.03455100520968437,0.99482,0.4473925625801086,0.8656,0.12922,34042.70720100403
same_epochs,m_sam,32,648,1012824,0.05052912256300449,0.99248,0.034437196519374845,0.99532,0.4504331790924072,0.8608,0.13451999999999997,34085.78397130966
same_epochs,m_sam,32,649,1014387,0.048968027099967004,0.99346,0.039103952469825745,0.99546,0.4369235805988312,0.8672,0.12826000000000004,34131.268156290054
same_epochs,m_sam,32,650,1015950,0.050402624273300174,0.9923,0.034016961933374404,0.99554,0.4409270668029785,0.8664,0.12914000000000003,34178.54657745361
same_epochs,m_sam,32,651,1017513,0.05064611668586731,0.9926,0.03445693881273269,0.99518,0.4454641411304474,0.8621,0.13307999999999998,34212.43543410301
same_epochs,m_sam,32,652,1019076,0.05073043994367123,0.99276,0.03640141476392746,0.99588,0.4464032958030701,0.8631,0.13278,34253.55777049065
same_epochs,m_sam,32,653,1020639,0.05125573511064053,0.99242,0.04455845322728157,0.994,0.45244098701477053,0.8596,0.13439999999999996,34302.3243560791
same_epochs,m_sam,32,654,1022202,0.04987796748280525,0.9923,0.03277937522649765,0.99562,0.4447270020484924,0.8642,0.13141999999999998,34345.47383141518
same_epochs,m_sam,32,655,1023765,0.04991977447926998,0.99268,0.036522320420742035,0.99546,0.44661693761348725,0.8614,0.13405999999999996,34388.68849849701
same_epochs,m_sam,32,656,1025328,0.04858772285819054,0.99284,0.036093538796901706,0.99432,0.4616307273864746,0.8614,0.13291999999999993,34431.65849351883
same_epochs,m_sam,32,657,1026891,0.04840162854194641,0.99266,0.03201308135032654,0.9953,0.4575995301485062,0.8602,0.1351,34468.02717781067
same_epochs,m_sam,32,658,1028454,0.051379631657004356,0.992,0.032087551259994504,0.99562,0.4493037832736969,0.8641,0.13151999999999997,34514.06282067299
same_epochs,m_sam,32,659,1030017,0.04845896618783474,0.99304,0.03252337834239006,0.9958,0.44906322350502015,0.8647,0.1311,34550.57078456879
same_epochs,m_sam,32,660,1031580,0.0497840790450573,0.99282,0.0330761909365654,0.99584,0.446214678478241,0.8628,0.13303999999999994,34588.22942447662
same_epochs,m_sam,32,661,1033143,0.04812432517588139,0.99352,0.031185621925592422,0.99544,0.4515455443382263,0.8646,0.13083999999999996,34631.44650936127
same_epochs,m_sam,32,662,1034706,0.049788104503154754,0.99266,0.03233662154912949,0.99606,0.43743783049583435,0.866,0.13005999999999995,34666.76123070717
same_epochs,m_sam,32,663,1036269,0.04864716186642647,0.99298,0.033338150560855866,0.9955,0.45043897914886477,0.863,0.13250000000000006,34702.94609475136
same_epochs,m_sam,32,664,1037832,0.04899459835231304,0.99272,0.03315710222244263,0.9952,0.4576168349266052,0.8608,0.13439999999999996,34740.7162873745
same_epochs,m_sam,32,665,1039395,0.04776489501953125,0.99324,0.033406794072389605,0.99522,0.46055347380638123,0.8593,0.13592000000000004,34777.572843790054
same_epochs,m_sam,32,666,1040958,0.04810920882761478,0.99338,0.033791176394224166,0.9957,0.44433039672374725,0.8631,0.13260000000000005,34811.25855898857
same_epochs,m_sam,32,667,1042521,0.048297158781886104,0.99318,0.032757144187688825,0.99572,0.44913622708320616,0.8632,0.13252000000000008,34851.538580179214
same_epochs,m_sam,32,668,1044084,0.048576596987247464,0.9932,0.03551653517365456,0.9952,0.46268058705329895,0.8583,0.13690000000000002,34898.468005895615
same_epochs,m_sam,32,669,1045647,0.04984711973130703,0.99264,0.031184906710386276,0.99598,0.4349976056098938,0.8701,0.12588,34934.12210774422
same_epochs,m_sam,32,670,1047210,0.047722555960416795,0.99364,0.03508547679066658,0.99472,0.4625553987979889,0.8597,0.13502000000000003,34972.138159275055
same_epochs,m_sam,32,671,1048773,0.048061982712745664,0.99326,0.03169076258420944,0.99602,0.4500857275009155,0.86,0.13602000000000003,35005.74348807335
same_epochs,m_sam,32,672,1050336,0.047825510342121125,0.99338,0.03289422497332096,0.99562,0.443825063085556,0.8644,0.13122,35039.72842049599
same_epochs,m_sam,32,673,1051899,0.047207065516114234,0.9935,0.032387358346581456,0.99568,0.4512713807106018,0.8634,0.13228000000000006,35073.13452935219
same_epochs,m_sam,32,674,1053462,0.04777064971268177,0.99376,0.03257984069347382,0.99616,0.4500443045139313,0.8624,0.13376,35106.74583673477
same_epochs,m_sam,32,675,1055025,0.04772527076542377,0.99352,0.03365691841840744,0.99504,0.45201761937141416,0.8603,0.13474000000000008,35142.681300640106
same_epochs,m_sam,32,676,1056588,0.0479260434538126,0.99328,0.034830329983234404,0.9954,0.4521648238658905,0.8625,0.1328999999999999,35176.46095752716
same_epochs,m_sam,32,677,1058151,0.04754990456521511,0.99372,0.031074525402784346,0.99558,0.4555304027557373,0.8619,0.13368000000000002,35220.62026762962
same_epochs,m_sam,32,678,1059714,0.046834892668128014,0.99314,0.036819055424928665,0.99504,0.46624537072181704,0.8556,0.13944,35265.033234119415
same_epochs,m_sam,32,679,1061277,0.04726747730970383,0.99314,0.034815414390563966,0.9962,0.4650071885108948,0.8582,0.138,35298.345791339874
same_epochs,m_sam,32,680,1062840,0.04711921018242836,0.99342,0.03553117777109146,0.99552,0.44406655979156495,0.8662,0.12932,35344.29547333717
same_epochs,m_sam,32,681,1064403,0.04691569006025791,0.9934,0.03545118880212307,0.9947,0.4726622984409332,0.8557,0.139,35389.47309398651
same_epochs,m_sam,32,682,1065966,0.0483123677700758,0.99324,0.03175035981714726,0.99568,0.45396733613014223,0.8627,0.13298,35427.57377910614
same_epochs,m_sam,32,683,1067529,0.0466480489975214,0.99352,0.03375244341135025,0.99486,0.45806052012443543,0.8619,0.13295999999999997,35472.51002240181
same_epochs,m_sam,32,684,1069092,0.04653523047208786,0.9931,0.033713987543582916,0.99568,0.45460085949897766,0.8612,0.13448000000000004,35515.557837963104
same_epochs,m_sam,32,685,1070655,0.046773704800009724,0.99376,0.029696143392920493,0.99606,0.44646125321388247,0.8641,0.13195999999999997,35549.168984889984
same_epochs,m_sam,32,686,1072218,0.047105831518769264,0.99384,0.0319297204709053,0.99556,0.4474064852714539,0.8652,0.13036000000000003,35593.03047156334
same_epochs,m_sam,32,687,1073781,0.04597626632332802,0.99384,0.030465081749558448,0.99636,0.4444539788722992,0.8652,0.13116000000000005,35634.56956219673
same_epochs,m_sam,32,688,1075344,0.04750272399187088,0.99336,0.03431011884450912,0.99546,0.46086183881759646,0.8586,0.13685999999999998,35681.38260221481
same_epochs,m_sam,32,689,1076907,0.04578504117488861,0.99392,0.03087222118020058,0.99712,0.45130127840042117,0.8628,0.13432,35716.687908411026
same_epochs,m_sam,32,690,1078470,0.04549978454947472,0.99356,0.03042921732068062,0.99608,0.4499004716873169,0.8632,0.13288,35761.66100358963
same_epochs,m_sam,32,691,1080033,0.044949795824289325,0.99412,0.03187867760658264,0.99646,0.46025728607177735,0.8598,0.13666,35795.41681933403
same_epochs,m_sam,32,692,1081596,0.04564867559790611,0.99408,0.032160594203472136,0.99608,0.4556250871181488,0.8635,0.13257999999999992,35835.11701917648
same_epochs,m_sam,32,693,1083159,0.04455777862071991,0.99398,0.029772181443572045,0.99644,0.45018275561332705,0.8643,0.13214000000000004,35869.309389829636
same_epochs,m_sam,32,694,1084722,0.04624451103568077,0.99394,0.03283718157708645,0.99588,0.45336224961280824,0.8629,0.13298,35912.12641644478
same_epochs,m_sam,32,695,1086285,0.04619514995157719,0.99368,0.03091335761666298,0.99652,0.44874605445861815,0.8638,0.13271999999999995,35947.02488279343
same_epochs,m_sam,32,696,1087848,0.04464066111057997,0.99432,0.032496702986359594,0.9964,0.4480751687049866,0.8645,0.1318999999999999,35986.462700128555
same_epochs,m_sam,32,697,1089411,0.044959752735495566,0.9939,0.0322062690615654,0.99658,0.45182654509544373,0.8638,0.13278,36019.999418497086
same_epochs,m_sam,32,698,1090974,0.045221310513019565,0.99388,0.030886419826745986,0.99614,0.46473002004623415,0.8587,0.13744,36053.27674603462
same_epochs,m_sam,32,699,1092537,0.04330118013501167,0.99456,0.030597960729599,0.99634,0.4483363811969757,0.8611,0.13524000000000003,36097.40386343002
same_epochs,m_sam,32,700,1094100,0.04506321514427662,0.99388,0.03304033177912235,0.99596,0.460141841840744,0.8596,0.13635999999999993,36144.789403915405
same_epochs,m_sam,32,701,1095663,0.044419610638022425,0.9942,0.033532142409682275,0.99574,0.45768256411552427,0.8621,0.13363999999999998,36187.5713763237
same_epochs,m_sam,32,702,1097226,0.044541732910871504,0.99396,0.0288350727558136,0.99644,0.4684609324455261,0.861,0.13544,36221.65837073326
same_epochs,m_sam,32,703,1098789,0.04405582569003105,0.99406,0.030651263316869737,0.99602,0.46293376059532165,0.861,0.13502000000000003,36262.18432164192
same_epochs,m_sam,32,704,1100352,0.04510266516566277,0.99422,0.03428451725423336,0.9961,0.4629125226020813,0.8609,0.1352,36300.74676609039
same_epochs,m_sam,32,705,1101915,0.043138626915216444,0.99476,0.03218863864183426,0.9969,0.4485976936817169,0.863,0.13390000000000002,36340.96346402168
same_epochs,m_sam,32,706,1103478,0.04288650315642357,0.99462,0.027537126292586325,0.99708,0.4435150218963623,0.8656,0.13147999999999993,36379.27884745598
same_epochs,m_sam,32,707,1105041,0.043953624826073644,0.9945,0.03587124841809273,0.99536,0.4651519824504852,0.8589,0.13646000000000003,36419.58457612991
same_epochs,m_sam,32,708,1106604,0.04462609525382519,0.99444,0.039710797978639606,0.99326,0.4891006727218628,0.8532,0.14006000000000007,36461.102338552475
same_epochs,m_sam,32,709,1108167,0.04306254420250654,0.99476,0.03130026414036751,0.99562,0.4590787137031555,0.8595,0.1361199999999999,36495.994547605515
same_epochs,m_sam,32,710,1109730,0.04239696439087391,0.99446,0.028916884155869484,0.9966,0.45690333771705627,0.8624,0.13419999999999999,36533.248344659805
same_epochs,m_sam,32,711,1111293,0.04297851676464081,0.9945,0.03110913782119751,0.99662,0.45514067425727844,0.8631,0.13351999999999997,36573.371093034744
same_epochs,m_sam,32,712,1112856,0.04369069850981235,0.9943,0.03289055945873261,0.9962,0.46418945822715757,0.862,0.13419999999999999,36606.87000131607
same_epochs,m_sam,32,713,1114419,0.043371191232800484,0.99426,0.03451954394102096,0.99592,0.46400426750183105,0.8599,0.13602000000000003,36642.93437409401
same_epochs,m_sam,32,714,1115982,0.04368683130204678,0.99452,0.030083688907027246,0.99644,0.4553748915672302,0.861,0.13544,36679.58051800728
same_epochs,m_sam,32,715,1117545,0.043682140100002285,0.99434,0.03202443928003311,0.9966,0.4618009278297424,0.8571,0.13950000000000007,36714.401007413864
same_epochs,m_sam,32,716,1119108,0.04392976097464561,0.99396,0.03184199435353279,0.99682,0.4540414113044739,0.8628,0.13402000000000003,36761.315741062164
same_epochs,m_sam,32,717,1120671,0.042102244545817374,0.99464,0.031086889953017234,0.9969,0.46007307662963864,0.8588,0.1381,36794.174228429794
same_epochs,m_sam,32,718,1122234,0.04153072436153889,0.99488,0.02853991846859455,0.99724,0.4504962112426758,0.8643,0.13294000000000006,36831.56436705589
same_epochs,m_sam,32,719,1123797,0.04454589417517185,0.99446,0.02818571999490261,0.99712,0.4454851173400879,0.8628,0.13432,36879.25161099434
same_epochs,m_sam,32,720,1125360,0.04190130776822567,0.99484,0.028720216894745826,0.99658,0.4489620731830597,0.8646,0.13198,36918.3206474781
same_epochs,m_sam,32,721,1126923,0.04250558445930481,0.99438,0.02867836498737335,0.9964,0.4571985344648361,0.861,0.13539999999999996,36964.40724945068
same_epochs,m_sam,32,722,1128486,0.04397837878584862,0.99414,0.032858054387569426,0.99628,0.44814037919044497,0.862,0.13428000000000007,37001.51353907585
same_epochs,m_sam,32,723,1130049,0.043541692380309104,0.9947,0.030498197221755983,0.9971,0.45226699652671815,0.8622,0.13490000000000002,37041.95497965813
same_epochs,m_sam,32,724,1131612,0.043091017220020296,0.99438,0.02950851737976074,0.9965,0.45358210549354555,0.8611,0.13540000000000008,37089.65723633766
same_epochs,m_sam,32,725,1133175,0.0413187966811657,0.99472,0.031401489907503126,0.99626,0.4599487297058105,0.8593,0.13696000000000008,37132.460317611694
same_epochs,m_sam,32,726,1134738,0.04191502470076084,0.99504,0.027001827922463417,0.99756,0.4476662663459778,0.8657,0.13185999999999998,37177.03498983383
same_epochs,m_sam,32,727,1136301,0.04389201906323433,0.99474,0.032508971890211104,0.9962,0.4530274433135986,0.8616,0.13459999999999994,37215.50091433525
same_epochs,m_sam,32,728,1137864,0.04272130469352007,0.99464,0.02909025491595268,0.99702,0.44874241905212403,0.8646,0.13241999999999998,37256.728794813156
same_epochs,m_sam,32,729,1139427,0.04117969306647778,0.99488,0.02749610781610012,0.99662,0.4530815031528473,0.862,0.13461999999999996,37298.51793861389
same_epochs,m_sam,32,730,1140990,0.04070537036895752,0.99498,0.02853694967031479,0.99618,0.45516545610427855,0.8657,0.13047999999999993,37331.6815199852
same_epochs,m_sam,32,731,1142553,0.041378489309549335,0.995,0.029607345429062844,0.99606,0.4700779585838318,0.8604,0.1356599999999999,37370.95741534233
same_epochs,m_sam,32,732,1144116,0.04190146354228258,0.99414,0.02906150157928467,0.99612,0.45062555809021,0.8631,0.13302000000000003,37408.91045212746
same_epochs,m_sam,32,733,1145679,0.042530328139066695,0.99456,0.031849832026958465,0.99636,0.46552290110588074,0.8624,0.13395999999999997,37449.6985912323
same_epochs,m_sam,32,734,1147242,0.04230662590384483,0.99476,0.030377994267940522,0.9964,0.4561381691455841,0.8631,0.13329999999999997,37486.255225896835
same_epochs,m_sam,32,735,1148805,0.0416346794898808,0.99474,0.028772363775968552,0.99672,0.4527048943042755,0.8639,0.13282000000000005,37522.43752837181
same_epochs,m_sam,32,736,1150368,0.04227325579643249,0.99482,0.026254394837021827,0.99646,0.4574389555454254,0.8631,0.13336000000000003,37567.94949054718
same_epochs,m_sam,32,737,1151931,0.04070118288576603,0.99506,0.0284443571048975,0.99646,0.4605138230800629,0.8634,0.13306000000000007,37613.380740880966
same_epochs,m_sam,32,738,1153494,0.04078539371430874,0.9947,0.027681495825052263,0.99726,0.44495664896965026,0.8667,0.13056,37682.02892065048
same_epochs,m_sam,32,739,1155057,0.04086229349374771,0.99488,0.03008068082213402,0.99668,0.4589205331325531,0.8623,0.13438000000000005,37795.23961210251
same_epochs,m_sam,32,740,1156620,0.04234493735492229,0.99466,0.03011467403769493,0.99642,0.45667813458442685,0.862,0.13441999999999998,37910.45310616493
same_epochs,m_sam,32,741,1158183,0.041821997171640396,0.99472,0.02953096008300781,0.9958,0.463526336479187,0.8569,0.13890000000000002,37991.552188396454
same_epochs,m_sam,32,742,1159746,0.04115200085669756,0.99482,0.0312495391947031,0.99602,0.47751611394882204,0.8586,0.13742,38098.53908109665
same_epochs,m_sam,32,743,1161309,0.04163984172344208,0.99532,0.028144389886260033,0.99748,0.4533464454650879,0.8653,0.13218000000000008,38210.1280837059
same_epochs,m_sam,32,744,1162872,0.04055115111231804,0.99502,0.030065292935967446,0.99612,0.46352048325538636,0.861,0.13512000000000002,38283.048767089844
same_epochs,m_sam,32,745,1164435,0.04062144330918789,0.99464,0.0265744486194849,0.99708,0.460942263841629,0.8637,0.13337999999999994,38397.73230600357
same_epochs,m_sam,32,746,1165998,0.04039175308644771,0.99492,0.026495145312547683,0.99724,0.4559975829124451,0.8602,0.13704000000000005,38509.445996284485
same_epochs,m_sam,32,747,1167561,0.040428310807943346,0.99502,0.029970858892202377,0.99686,0.46840833711624147,0.861,0.13585999999999998,38583.478147506714
same_epochs,m_sam,32,748,1169124,0.04136282649695873,0.99444,0.025458939751982688,0.9974,0.4472296124458313,0.8642,0.13319999999999999,38698.29226279259
same_epochs,m_sam,32,749,1170687,0.04043428969144821,0.99542,0.030793898974061013,0.99652,0.46602102651596067,0.8581,0.13842,38810.22721147537
same_epochs,m_sam,32,750,1172250,0.03980893848001957,0.9953,0.028764919068813323,0.99638,0.4661325581073761,0.8601,0.13628000000000007,38889.228229522705
same_epochs,m_sam,32,751,1173813,0.040349748432040214,0.99488,0.02931944133758545,0.99686,0.45945736186504366,0.8628,0.13405999999999996,39002.96920180321
same_epochs,m_sam,32,752,1175376,0.04152796396970749,0.99524,0.030173487015366554,0.99614,0.46319502744674684,0.8592,0.13694000000000006,39111.8924036026
same_epochs,m_sam,32,753,1176939,0.04145705105870962,0.9949,0.027136905485391615,0.99732,0.450109520816803,0.8624,0.13491999999999993,39225.88750910759
same_epochs,m_sam,32,754,1178502,0.039665707848668096,0.99526,0.030682394732832907,0.99626,0.4559135539770126,0.8616,0.13466,39304.732882499695
same_epochs,m_sam,32,755,1180065,0.04036013674378395,0.99556,0.027368132086992264,0.99696,0.44868768796920777,0.8653,0.13166,39415.68696165085
same_epochs,m_sam,32,756,1181628,0.04039506365835667,0.99576,0.03152669282078743,0.9965,0.4610846619129181,0.8592,0.1373000000000001,39528.6825261116
same_epochs,m_sam,32,757,1183191,0.038753303032517436,0.9953,0.02747808291554451,0.99756,0.4457140552520752,0.8636,0.13395999999999997,39605.29562282562
same_epochs,m_sam,32,758,1184754,0.04004717818856239,0.99496,0.029685636035203935,0.99654,0.45932723178863527,0.8612,0.13534000000000002,39716.8721473217
same_epochs,m_sam,32,759,1186317,0.04068710806965828,0.99528,0.026885711098909377,0.997,0.454206739616394,0.8637,0.13329999999999997,39828.476175546646
same_epochs,m_sam,32,760,1187880,0.038707479844093326,0.99538,0.029117596817016603,0.99666,0.45731070408821106,0.8615,0.13515999999999995,39903.644120931625
same_epochs,m_sam,32,761,1189443,0.0406776535820961,0.995,0.029080671204328536,0.99598,0.46780015330314634,0.8593,0.13668000000000002,40016.7863779068
same_epochs,m_sam,32,762,1191006,0.04024746555626393,0.99522,0.02943683501958847,0.99638,0.45325339608192444,0.8644,0.1319800000000001,40131.14543843269
same_epochs,m_sam,32,763,1192569,0.040534070477485654,0.99538,0.02720365702390671,0.99694,0.4561638138771057,0.8629,0.13404000000000005,40208.66659736633
same_epochs,m_sam,32,764,1194132,0.03876867191255093,0.99568,0.029108179473280905,0.99618,0.4705577938079834,0.8558,0.14037999999999995,40320.65743160248
same_epochs,m_sam,32,765,1195695,0.03901243463754654,0.99504,0.02593119473695755,0.99694,0.43840301561355594,0.865,0.13194000000000006,40434.182665109634
same_epochs,m_sam,32,766,1197258,0.038585642571747306,0.9955,0.03177366303801536,0.99594,0.4606949364185333,0.8562,0.1397400000000001,40546.59754252434
same_epochs,m_sam,32,767,1198821,0.03855488727331161,0.99574,0.028884774962067605,0.99694,0.452782023191452,0.8643,0.1326400000000001,40624.38104701042
same_epochs,m_sam,32,768,1200384,0.03932918503522873,0.99506,0.031062446632385252,0.9969,0.4649930931568146,0.8592,0.13770000000000004,40732.20337295532
same_epochs,m_sam,32,769,1201947,0.03874906657516956,0.99578,0.031161484631299974,0.99618,0.48271170191764834,0.851,0.14517999999999998,40846.21196603775
same_epochs,m_sam,32,770,1203510,0.0389941916552186,0.9953,0.02696063673257828,0.99748,0.4505424703121185,0.8591,0.13838000000000006,40924.10266637802
same_epochs,m_sam,32,771,1205073,0.03747953637212515,0.99564,0.025680545595884324,0.99716,0.4572079710483551,0.8593,0.1378600000000001,41034.9866335392
same_epochs,m_sam,32,772,1206636,0.03894219729959965,0.99548,0.02941937829732895,0.99668,0.45536080975532534,0.8557,0.14098,41149.15843605995
same_epochs,m_sam,32,773,1208199,0.03810743883371353,0.99546,0.02392291731476784,0.99724,0.45399318981170655,0.864,0.13324000000000003,41227.06616139412
same_epochs,m_sam,32,774,1209762,0.03814439918994904,0.99544,0.02820487970352173,0.9971,0.4612583858013153,0.8596,0.13749999999999996,41340.91279196739
same_epochs,m_sam,32,775,1211325,0.03823891938090324,0.99578,0.026278910485506058,0.9974,0.4623352391719818,0.8609,0.13649999999999995,41450.05882740021
same_epochs,m_sam,32,776,1212888,0.037382491474747655,0.9956,0.02631437968492508,0.99736,0.4564829721927643,0.8612,0.13616000000000006,41525.368720293045
same_epochs,m_sam,32,777,1214451,0.038574131047725675,0.9958,0.02440847775220871,0.99764,0.44524661555290224,0.865,0.13263999999999998,41637.86574053764
same_epochs,m_sam,32,778,1216014,0.03910841122448444,0.99524,0.02622657766699791,0.99774,0.45989083242416384,0.8577,0.14003999999999994,41751.7152159214
same_epochs,m_sam,32,779,1217577,0.03771223884820938,0.99548,0.025850683995485305,0.99754,0.4654892142295837,0.86,0.13754,41826.87270736694
same_epochs,m_sam,32,780,1219140,0.03669713938474655,0.99602,0.025961416056156157,0.9973,0.4693572561740875,0.8596,0.13769999999999993,41940.90597987175
same_epochs,m_sam,32,781,1220703,0.03804378314375877,0.99574,0.02774757884144783,0.99746,0.45717577395439146,0.8595,0.13795999999999997,42053.24847841263
same_epochs,m_sam,32,782,1222266,0.03850873719930649,0.99562,0.02611570853471756,0.99728,0.4527582345962524,0.8618,0.13548000000000004,42165.945199012756
same_epochs,m_sam,32,783,1223829,0.037735799524784085,0.99572,0.025514213725328444,0.99724,0.44370766797065736,0.8661,0.13114000000000003,42242.68148851395
same_epochs,m_sam,32,784,1225392,0.03629804235994816,0.99592,0.028241206597089768,0.9968,0.47179943010807035,0.859,0.13780000000000003,42354.72460269928
same_epochs,m_sam,32,785,1226955,0.03759055329501629,0.996,0.02591372544169426,0.9978,0.4486412790298462,0.8639,0.13390000000000002,42466.695024728775
same_epochs,m_sam,32,786,1228518,0.037189154653549196,0.99616,0.028462436267137528,0.99666,0.46164869928359986,0.8584,0.13825999999999994,42541.405780792236
same_epochs,m_sam,32,787,1230081,0.036736288246512414,0.9959,0.026106453551650047,0.99796,0.453213734292984,0.8615,0.13645999999999991,42652.371728658676
same_epochs,m_sam,32,788,1231644,0.03751984720170498,0.99604,0.026298755531311037,0.99678,0.4588878534317017,0.8619,0.13488,42767.99111557007
same_epochs,m_sam,32,789,1233207,0.03673890638649464,0.99606,0.027779378336668013,0.99718,0.4515644725799561,0.8613,0.13588,42842.56126308441
same_epochs,m_sam,32,790,1234770,0.03657155208230019,0.9959,0.02944103702187538,0.99708,0.4568885139942169,0.8578,0.13927999999999996,42957.63963389397
same_epochs,m_sam,32,791,1236333,0.039096153943538665,0.9952,0.026160565356016158,0.99744,0.44987622232437136,0.8625,0.13493999999999995,43070.316601514816
same_epochs,m_sam,32,792,1237896,0.03622183293104172,0.99604,0.029376748478412627,0.99674,0.4650535903453827,0.8595,0.13723999999999992,43148.57379198074
same_epochs,m_sam,32,793,1239459,0.03723596949398517,0.99632,0.03080374558568001,0.99696,0.4751293058633804,0.8565,0.14045999999999992,43262.613285541534
same_epochs,m_sam,32,794,1241022,0.03823582747995853,0.99584,0.027548676673173903,0.99728,0.4604721633911133,0.8635,0.13378,43370.87932395935
same_epochs,m_sam,32,795,1242585,0.036691490086317065,0.99558,0.02609794527888298,0.9976,0.4577531310081482,0.8627,0.13490000000000002,43445.40056848526
same_epochs,m_sam,32,796,1244148,0.035781290782392026,0.99614,0.02508244455933571,0.99726,0.463138995552063,0.86,0.13726000000000005,43558.298458337784
same_epochs,m_sam,32,797,1245711,0.035747787381112575,0.99622,0.022099440900087357,0.998,0.4600165317058563,0.8623,0.13570000000000004,43670.78862404823
same_epochs,m_sam,32,798,1247274,0.03637817286849022,0.99596,0.03131079407811165,0.9963,0.4737735728263855,0.8537,0.14259999999999995,43744.72524142265
same_epochs,m_sam,32,799,1248837,0.03668432571947575,0.9959,0.025133790551424028,0.99692,0.4583513384342194,0.8634,0.13352000000000008,43859.80235791206
same_epochs,m_sam,32,800,1250400,0.03575712473273277,0.9961,0.026431554733514787,0.99696,0.4585808512449265,0.8626,0.13435999999999992,43971.09910297394
same_epochs,m_sam,32,801,1251963,0.03559167529642582,0.99616,0.026458477960824966,0.99672,0.46283472192287445,0.8624,0.13432,44085.182226896286
same_epochs,m_sam,32,802,1253526,0.03634585570335388,0.9961,0.025692061030864716,0.99738,0.4650891426563263,0.8632,0.13418000000000008,44167.30823588371
same_epochs,m_sam,32,803,1255089,0.03602776401430369,0.99634,0.025784748433828355,0.99712,0.47270315680503844,0.8576,0.13951999999999998,44275.39752435684
same_epochs,m_sam,32,804,1256652,0.035815679790377614,0.996,0.024746738005280496,0.99726,0.45756481595039367,0.8608,0.13646000000000003,44387.63228750229
same_epochs,m_sam,32,805,1258215,0.03642647279754281,0.99594,0.02523041602253914,0.9973,0.4583751640319824,0.8622,0.1351,44466.13327860832
same_epochs,m_sam,32,806,1259778,0.03488770594060421,0.99648,0.025958557961583136,0.99694,0.46558275904655455,0.8591,0.13784000000000007,44578.63176846504
same_epochs,m_sam,32,807,1261341,0.035649233060479166,0.99616,0.026956144987344742,0.99722,0.47621567702293394,0.8569,0.14032,44689.537438869476
same_epochs,m_sam,32,808,1262904,0.03694525167196989,0.9959,0.02487814620256424,0.99684,0.4673539152622223,0.8598,0.13703999999999994,44804.06974244118
same_epochs,m_sam,32,809,1264467,0.036035966478288176,0.99572,0.026564716094732283,0.99752,0.461405789232254,0.8607,0.13681999999999994,44879.66537499428
same_epochs,m_sam,32,810,1266030,0.03580348536849022,0.9962,0.029717503224015236,0.99656,0.4713123324871063,0.8572,0.13936000000000004,44991.317118644714
same_epochs,m_sam,32,811,1267593,0.035387854558825496,0.9959,0.02994448702931404,0.99632,0.4754851086616516,0.8575,0.13881999999999994,45104.33823418617
same_epochs,m_sam,32,812,1269156,0.03645152613580227,0.99594,0.02618926092207432,0.9972,0.47082162461280824,0.8556,0.14159999999999995,45178.11648321152
same_epochs,m_sam,32,813,1270719,0.03509402180850506,0.99624,0.026042908571958543,0.9974,0.4647362020969391,0.8561,0.14129999999999998,45292.22695851326
same_epochs,m_sam,32,814,1272282,0.035031094317436215,0.99678,0.02276802212715149,0.99756,0.452824845123291,0.8633,0.13426000000000005,45404.572211027145
same_epochs,m_sam,32,815,1273845,0.036194211107194424,0.99594,0.02860576644539833,0.996,0.48355026535987855,0.8547,0.14129999999999998,45482.031907081604
same_epochs,m_sam,32,816,1275408,0.036174411217570306,0.99628,0.03193568822860718,0.99636,0.4750860517501831,0.8574,0.13895999999999997,45593.70007252693
same_epochs,m_sam,32,817,1276971,0.035412188311219214,0.99628,0.023943653173446655,0.99762,0.45843889985084535,0.8609,0.13671999999999995,45706.65654540062
same_epochs,m_sam,32,818,1278534,0.03421694567978382,0.99662,0.02198880387842655,0.99814,0.4564606849193573,0.8599,0.13824000000000003,45782.08627486229
same_epochs,m_sam,32,819,1280097,0.03524011071354151,0.99596,0.02347363947033882,0.99826,0.45826951084136963,0.8615,0.13676,45894.067469358444
same_epochs,m_sam,32,820,1281660,0.0339535582652688,0.9967,0.02515110110282898,0.99726,0.46755416355133056,0.8602,0.13706000000000007,46009.19470453262
same_epochs,m_sam,32,821,1283223,0.035639499529004096,0.99648,0.025522859917283057,0.99746,0.4660421214103699,0.8596,0.13785999999999998,46087.57923030853
same_epochs,m_sam,32,822,1284786,0.03418179571390152,0.99648,0.027211636029481887,0.99722,0.4577580717563629,0.8597,0.13751999999999998,46199.785870313644
same_epochs,m_sam,32,823,1286349,0.03584439642131328,0.99632,0.02669425525665283,0.99706,0.4523208600997925,0.8627,0.13435999999999992,46312.99369716644
same_epochs,m_sam,32,824,1287912,0.03623526669383049,0.99616,0.02637799236357212,0.99738,0.4669270911216736,0.858,0.13938000000000006,46425.672179698944
same_epochs,m_sam,32,825,1289475,0.034751911777853965,0.99658,0.022321910451054573,0.99778,0.4550530571460724,0.8601,0.13768000000000002,46502.9036128521
same_epochs,m_sam,32,826,1291038,0.03466154961258173,0.9965,0.022805652499198914,0.99778,0.4607317578792572,0.8594,0.13837999999999995,46612.52838611603
same_epochs,m_sam,32,827,1292601,0.03364974013209343,0.99634,0.02604826480984688,0.99698,0.4755165586948395,0.8584,0.13857999999999993,46727.96482729912
same_epochs,m_sam,32,828,1294164,0.03406235634207726,0.9967,0.024623306879401206,0.99758,0.4661016925811768,0.857,0.14058000000000004,46805.2528090477
same_epochs,m_sam,32,829,1295727,0.0333219042557478,0.99668,0.024106170191168785,0.99782,0.4561546274662018,0.8619,0.13592000000000004,46917.3095638752
same_epochs,m_sam,32,830,1297290,0.0350778848195076,0.99642,0.027050212945342066,0.99778,0.4615970923900604,0.8591,0.13868000000000003,47030.3098962307
same_epochs,m_sam,32,831,1298853,0.03398345160394907,0.99656,0.023911007162332534,0.99772,0.4608419286727905,0.8621,0.13562000000000007,47107.1052031517
same_epochs,m_sam,32,832,1300416,0.034457459255158904,0.99628,0.024496052614450453,0.99818,0.45390406284332274,0.8621,0.13607999999999998,47218.8143928051
same_epochs,m_sam,32,833,1301979,0.034089235778450966,0.99678,0.022405243626236915,0.99786,0.44890551724433897,0.8621,0.13576,47332.48344087601
same_epochs,m_sam,32,834,1303542,0.03522269268333912,0.99626,0.024442939796447755,0.9978,0.45797669997215273,0.8597,0.1381,47403.06424474716
same_epochs,m_sam,32,835,1305105,0.03381888158619404,0.9965,0.022926735647916793,0.9981,0.45580822434425355,0.864,0.1341,47515.556339502335
same_epochs,m_sam,32,836,1306668,0.03406681725859642,0.99686,0.02402160273492336,0.9973,0.4731797630786896,0.8608,0.13649999999999995,47630.60903406143
same_epochs,m_sam,32,837,1308231,0.034007537851035594,0.99642,0.02503484769105911,0.99754,0.4620964418888092,0.8608,0.13673999999999997,47700.66226482391
same_epochs,m_sam,32,838,1309794,0.03467464382946491,0.99628,0.023852058868408202,0.99798,0.45218677277565,0.8657,0.13227999999999995,47816.277923345566
same_epochs,m_sam,32,839,1311357,0.034485562133193016,0.99682,0.02348534370779991,0.99784,0.4528110621929169,0.8619,0.13593999999999995,47929.8508002758
same_epochs,m_sam,32,840,1312920,0.032880464494228365,0.9966,0.023859389395713807,0.99778,0.45542587018013003,0.8627,0.13507999999999998,48004.38875102997
same_epochs,m_sam,32,841,1314483,0.03332876480162144,0.9971,0.030442210953235627,0.99698,0.4789044715166092,0.8565,0.14047999999999994,48116.92204070091
same_epochs,m_sam,32,842,1316046,0.03315049607694149,0.9966,0.023465894449949263,0.99766,0.4655625920295715,0.8607,0.13695999999999997,48230.36790108681
same_epochs,m_sam,32,843,1317609,0.03339861574858427,0.9964,0.02592451824784279,0.99762,0.4593236299514771,0.8621,0.13551999999999997,48309.44167757034
same_epochs,m_sam,32,844,1319172,0.03302411864846945,0.99664,0.02250311116874218,0.9979,0.45451509208679197,0.8628,0.1351,48425.3575527668
same_epochs,m_sam,32,845,1320735,0.03265378000557423,0.9968,0.02393182839035988,0.9978,0.46109817113876345,0.8623,0.13550000000000006,48531.132795095444
same_epochs,m_sam,32,846,1322298,0.03339184163093567,0.99684,0.023739902304410934,0.9979,0.4609647400856018,0.8627,0.1352,48646.11044168472
same_epochs,m_sam,32,847,1323861,0.03259741971373558,0.9969,0.023464094957113265,0.99832,0.44277101292610166,0.8662,0.13212000000000002,48721.09437537193
same_epochs,m_sam,32,848,1325424,0.0324069228965044,0.99696,0.023338853272795678,0.99764,0.4689454499721527,0.8587,0.13893999999999995,48834.41149997711
same_epochs,m_sam,32,849,1326987,0.03140053559988737,0.99696,0.024383510118722914,0.99752,0.47886853322982786,0.8581,0.13942,48946.302069664
same_epochs,m_sam,32,850,1328550,0.03293038984954357,0.99684,0.022171802644729614,0.99774,0.4622094775915146,0.8643,0.13344,49027.80625963211
same_epochs,m_sam,32,851,1330113,0.03216765743970871,0.99698,0.021273770813941956,0.9982,0.4545931646347046,0.862,0.1362,49135.60302877426
same_epochs,m_sam,32,852,1331676,0.03154208380639553,0.99714,0.020727507984638214,0.99846,0.4451308562755585,0.8665,0.13195999999999997,49249.64994239807
same_epochs,m_sam,32,853,1333239,0.03139586631119251,0.99756,0.023223202879726887,0.99792,0.454083510184288,0.8617,0.13622,49327.477543354034
same_epochs,m_sam,32,854,1334802,0.03208466632544994,0.99692,0.022044882507026197,0.9976,0.46569794068336484,0.8619,0.13570000000000004,49440.29707431793
same_epochs,m_sam,32,855,1336365,0.03201643917232752,0.99698,0.025209131475687027,0.99768,0.4685238922595978,0.8566,0.14107999999999998,49550.6674118042
same_epochs,m_sam,32,856,1337928,0.0334503054869175,0.99684,0.02169095424056053,0.99818,0.46071350359916685,0.8621,0.13607999999999998,49621.00407552719
same_epochs,m_sam,32,857,1339491,0.032572421760559085,0.99702,0.02502319767832756,0.99774,0.46543846282958984,0.8586,0.13913999999999993,49738.79453134537
same_epochs,m_sam,32,858,1341054,0.03210433831334114,0.99704,0.022885842950344085,0.99808,0.45846695642471313,0.8618,0.13627999999999996,49849.64918780327
same_epochs,m_sam,32,859,1342617,0.03165408545643091,0.99724,0.022678017058968544,0.9971,0.47171523308753965,0.8621,0.135,49926.19057106972
same_epochs,m_sam,32,860,1344180,0.03255554633140564,0.99702,0.02346801891922951,0.99814,0.46301325492858886,0.8621,0.13604000000000005,50040.16550731659
same_epochs,m_sam,32,861,1345743,0.031521291227936746,0.99698,0.023477711938619614,0.99832,0.4668414020776749,0.8625,0.13581999999999994,50155.83003592491
same_epochs,m_sam,32,862,1347306,0.033015446733236316,0.9969,0.024912534327507018,0.99814,0.45848770503997804,0.8623,0.13584000000000007,50266.73630475998
same_epochs,m_sam,32,863,1348869,0.03299482622206211,0.99682,0.02527328487753868,0.99776,0.47331828927993774,0.8575,0.14025999999999994,50343.97002720833
same_epochs,m_sam,32,864,1350432,0.032377440857291225,0.99694,0.02540940037250519,0.99794,0.4608442677974701,0.8619,0.13604000000000005,50454.74106836319
same_epochs,m_sam,32,865,1351995,0.03283829056739807,0.99718,0.022448887211084366,0.99834,0.4724912886619568,0.8608,0.13754,50567.12124800682
same_epochs,m_sam,32,866,1353558,0.033501066367030145,0.99672,0.02681472854077816,0.99784,0.46462541451454165,0.8581,0.13973999999999998,50643.88764810562
same_epochs,m_sam,32,867,1355121,0.03212255256175995,0.99688,0.02144647394299507,0.99838,0.4532580358982086,0.8637,0.13468000000000002,50753.50262713432
same_epochs,m_sam,32,868,1356684,0.031487265200018884,0.99674,0.022767167108654975,0.99754,0.4622391643047333,0.8601,0.13744,50870.223575115204
same_epochs,m_sam,32,869,1358247,0.03141721802085638,0.9972,0.02228580857038498,0.99796,0.44988056936264037,0.861,0.13695999999999997,50948.13304853439
same_epochs,m_sam,32,870,1359810,0.0320405565187335,0.99692,0.02116578627079725,0.99852,0.4464350653648376,0.8643,0.13422,51060.67463874817
same_epochs,m_sam,32,871,1361373,0.03236732510060072,0.99716,0.025394233473539352,0.99754,0.46378969659805297,0.8575,0.14003999999999994,51171.98207807541
same_epochs,m_sam,32,872,1362936,0.03182594382047653,0.99696,0.021081218165159225,0.99788,0.4676440833568573,0.8549,0.14298,51241.88880324364
same_epochs,m_sam,32,873,1364499,0.03180858431994915,0.99648,0.02223658767580986,0.99794,0.47100099234580994,0.8577,0.14024000000000003,51364.7863779068
same_epochs,m_sam,32,874,1366062,0.030993634838163853,0.99714,0.026453121752738954,0.99726,0.47249136772155764,0.8548,0.14246000000000003,51473.412714242935
same_epochs,m_sam,32,875,1367625,0.03133126400887966,0.99714,0.023336132518053054,0.99748,0.46826927280426023,0.8603,0.13718000000000008,51586.31605553627
same_epochs,m_sam,32,876,1369188,0.031193171961903573,0.99706,0.02134401557981968,0.99804,0.4670408236503601,0.8579,0.14014000000000004,51664.922677993774
same_epochs,m_sam,32,877,1370751,0.0319760810738802,0.99696,0.022718613152503966,0.99816,0.456387179851532,0.8627,0.13546000000000002,51775.719196558
same_epochs,m_sam,32,878,1372314,0.03215020977675915,0.99682,0.02425854456961155,0.99804,0.4545750422000885,0.859,0.13904000000000005,51887.88653564453
same_epochs,m_sam,32,879,1373877,0.03203829295217991,0.99688,0.023364516937732695,0.998,0.46624870290756226,0.8587,0.13929999999999998,51965.537665605545
same_epochs,m_sam,32,880,1375440,0.03014135246604681,0.99742,0.021763768944740296,0.99816,0.4574424651145935,0.8612,0.13696000000000008,52077.04870390892
same_epochs,m_sam,32,881,1377003,0.03166140080571175,0.9967,0.020861639400720597,0.99804,0.4710800252914429,0.8581,0.13994000000000006,52188.009824991226
same_epochs,m_sam,32,882,1378566,0.030782629727125168,0.99744,0.021817733145952225,0.99768,0.4687674491405487,0.8607,0.13698,52259.94727778435
same_epochs,m_sam,32,883,1380129,0.030816665752530097,0.99728,0.02176139651417732,0.99806,0.44664124708175656,0.8634,0.13466,52374.93085503578
same_epochs,m_sam,32,884,1381692,0.03033238805502653,0.99742,0.024005271711349488,0.998,0.4599093496322632,0.8591,0.13890000000000002,52489.21473288536
same_epochs,m_sam,32,885,1383255,0.030909265501201152,0.99722,0.022322616533041,0.99816,0.46072330641746523,0.8603,0.1378600000000001,52566.38158631325
same_epochs,m_sam,32,886,1384818,0.03182458150863648,0.99708,0.020811588524580003,0.99798,0.4730813035964966,0.8559,0.14207999999999998,52678.865560531616
same_epochs,m_sam,32,887,1386381,0.0305188265940547,0.99708,0.023078271008133887,0.99806,0.46208755559921266,0.8588,0.13925999999999994,52791.38331866264
same_epochs,m_sam,32,888,1387944,0.03110561696410179,0.99658,0.020264988346099855,0.99826,0.45157484011650084,0.864,0.13426000000000005,52870.11848640442
same_epochs,m_sam,32,889,1389507,0.030539959543943406,0.99734,0.02020453310549259,0.9981,0.45674102177619935,0.8597,0.13839999999999997,52979.76959443092
same_epochs,m_sam,32,890,1391070,0.030808281994760038,0.99718,0.023883863552808762,0.99766,0.46264017715454103,0.8579,0.13976,53093.09718823433
same_epochs,m_sam,32,891,1392633,0.031215119166076184,0.99726,0.02105959214746952,0.99848,0.4506797798156738,0.8617,0.13678,53204.3825070858
same_epochs,m_sam,32,892,1394196,0.03038602444589138,0.99742,0.022667830043435096,0.99824,0.45973621253967284,0.8609,0.13734000000000002,53282.399401426315
same_epochs,m_sam,32,893,1395759,0.029979538314938544,0.99738,0.0203588909137249,0.99846,0.4590372268676758,0.8604,0.13805999999999996,53391.76114988327
same_epochs,m_sam,32,894,1397322,0.030229606878757476,0.99754,0.022925676577687265,0.9981,0.46389459300041197,0.8615,0.13659999999999994,53505.26910305023
same_epochs,m_sam,32,895,1398885,0.030925519168674948,0.99732,0.02363792434334755,0.99812,0.4606120527267456,0.8586,0.13951999999999998,53577.48425745964
same_epochs,m_sam,32,896,1400448,0.03003002001404762,0.99744,0.0240358868432045,0.99808,0.4616660887718201,0.8558,0.14227999999999996,53693.86623907089
same_epochs,m_sam,32,897,1402011,0.03066796006321907,0.99722,0.02259330867767334,0.99822,0.4675562005519867,0.8592,0.13902000000000003,53806.149715662
same_epochs,m_sam,32,898,1403574,0.02912218568265438,0.99738,0.02315028780400753,0.99762,0.47633735265731814,0.8611,0.13651999999999997,53886.72700858116
same_epochs,m_sam,32,899,1405137,0.029476387526094914,0.99746,0.020146763361692428,0.99832,0.455852344083786,0.863,0.13532,53992.995498895645
same_epochs,m_sam,32,900,1406700,0.029905057762265205,0.99728,0.018189824318885803,0.99844,0.456973549079895,0.8619,0.13654,54106.94305944443
same_epochs,m_sam,32,901,1408263,0.029395953501462936,0.9974,0.02202771202504635,0.99832,0.46490084614753724,0.86,0.13832,54178.132665872574
same_epochs,m_sam,32,902,1409826,0.028537312399148942,0.99776,0.021082476992607117,0.9981,0.4634303478360176,0.8605,0.13759999999999994,54291.36453294754
same_epochs,m_sam,32,903,1411389,0.029131811632514,0.99714,0.020206255307197572,0.99814,0.46654880537986754,0.8607,0.13744,54406.18478870392
same_epochs,m_sam,32,904,1412952,0.03000711333155632,0.99712,0.019517319107651712,0.99858,0.4546887099266052,0.862,0.13658000000000003,54480.128908634186
same_epochs,m_sam,32,905,1414515,0.02954514834225178,0.99736,0.022412926000356673,0.99768,0.4673597373485565,0.8576,0.14007999999999998,54591.39741706848
same_epochs,m_sam,32,906,1416078,0.029773942631185053,0.99744,0.02036045278608799,0.998,0.4592156102657318,0.8635,0.13449999999999995,54704.54349112511
same_epochs,m_sam,32,907,1417641,0.02923268713384867,0.99722,0.022107073135972023,0.99814,0.4576662934303284,0.864,0.13414000000000004,54781.81469321251
same_epochs,m_sam,32,908,1419204,0.029639186455011367,0.99742,0.020533914927244188,0.99846,0.4567739344596863,0.863,0.13546000000000002,54891.98648762703
same_epochs,m_sam,32,909,1420767,0.030153038854002952,0.99722,0.019860148798823356,0.99858,0.4674807614326477,0.8612,0.13738000000000006,55003.41417002678
same_epochs,m_sam,32,910,1422330,0.03052943778038025,0.99738,0.021033019752502442,0.99852,0.4608544321775436,0.8603,0.13822,55082.42391681671
same_epochs,m_sam,32,911,1423893,0.02954673041075468,0.99768,0.021136483714580535,0.99798,0.47599920191764833,0.8563,0.14168000000000003,55192.46271824837
same_epochs,m_sam,32,912,1425456,0.0300297796946764,0.99742,0.019704612876176836,0.99854,0.45830086402893067,0.8609,0.13763999999999998,55304.01058769226
same_epochs,m_sam,32,913,1427019,0.029736712726056574,0.9974,0.026193206949234007,0.99752,0.4784995761394501,0.8545,0.14301999999999992,55380.95647788048
same_epochs,m_sam,32,914,1428582,0.02993466030359268,0.9973,0.02048508551120758,0.99818,0.4670804455280304,0.8597,0.13847999999999994,55491.36471533775
same_epochs,m_sam,32,915,1430145,0.0299045897769928,0.99736,0.022431967912316324,0.99794,0.4800255583763123,0.8546,0.14334000000000002,55564.52692770958
same_epochs,m_sam,32,916,1431708,0.02898115010082722,0.99764,0.01920288870215416,0.99818,0.46580863409042356,0.8619,0.13627999999999996,55675.37065911293
same_epochs,m_sam,32,917,1433271,0.030943182725906373,0.99732,0.021486169058084488,0.99808,0.466646555185318,0.8602,0.13788,55791.24320816994
same_epochs,m_sam,32,918,1434834,0.02897549024105072,0.99734,0.019816535898447035,0.99838,0.45514873352050783,0.8624,0.13598,55903.84829497337
same_epochs,m_sam,32,919,1436397,0.027751418917775154,0.99778,0.021616819719672203,0.99812,0.4655433575630188,0.8588,0.13932,55981.32479214668
same_epochs,m_sam,32,920,1437960,0.029938661219477653,0.99714,0.02051813897252083,0.99806,0.4592407928943634,0.8605,0.1375599999999999,56092.97337079048
same_epochs,m_sam,32,921,1439523,0.028700932631492614,0.99748,0.020282502920627592,0.9983,0.4673749610900879,0.8576,0.14069999999999994,56204.77183675766
same_epochs,m_sam,32,922,1441086,0.02900088014781475,0.99768,0.02341231357574463,0.99772,0.47699680233001707,0.8583,0.1394200000000001,56277.883090257645
same_epochs,m_sam,32,923,1442649,0.02864471759468317,0.99754,0.018974886040091513,0.99844,0.46579510283470155,0.8612,0.13724000000000003,56393.65133500099
same_epochs,m_sam,32,924,1444212,0.029009626413583754,0.9976,0.01842790516793728,0.99868,0.4624655692577362,0.8587,0.13998,56504.63670086861
same_epochs,m_sam,32,925,1445775,0.028263584648370744,0.99768,0.02061688102722168,0.99828,0.47215045528411864,0.8609,0.13737999999999995,56578.748167037964
same_epochs,m_sam,32,926,1447338,0.028540403355062006,0.9976,0.019425045677423477,0.9986,0.4640631177902222,0.8637,0.13490000000000002,56693.57700896263
same_epochs,m_sam,32,927,1448901,0.027896944579184055,0.99778,0.018502230929732324,0.9987,0.45942823190689086,0.8623,0.13640000000000008,56803.799166202545
same_epochs,m_sam,32,928,1450464,0.027781093085706234,0.99776,0.02064402034342289,0.99816,0.46748414630889895,0.8596,0.13856000000000002,56876.490731954575
same_epochs,m_sam,32,929,1452027,0.02868196099102497,0.9974,0.022134008580446243,0.9979,0.46183579268455505,0.8616,0.13629999999999998,56992.25042438507
same_epochs,m_sam,32,930,1453590,0.028928007449507714,0.99768,0.021047709954977036,0.99844,0.45265245699882506,0.8628,0.13563999999999998,57103.67358112335
same_epochs,m_sam,32,931,1455153,0.028824900897145272,0.9974,0.021333333066105842,0.99814,0.4651641243934631,0.8601,0.13804000000000005,57178.55883336067
same_epochs,m_sam,32,932,1456716,0.029712059238255022,0.99736,0.021166533566713334,0.99856,0.461757845211029,0.8614,0.13715999999999995,57291.37407207489
same_epochs,m_sam,32,933,1458279,0.02864846731454134,0.99762,0.023371337619423865,0.99808,0.47188777451515196,0.859,0.13907999999999998,57403.86354589462
same_epochs,m_sam,32,934,1459842,0.02819985802680254,0.99778,0.01880013397037983,0.99872,0.46638072276115417,0.8625,0.13622,57484.03249120712
same_epochs,m_sam,32,935,1461405,0.028476254948675634,0.99728,0.020737197459936144,0.99848,0.4607268485546112,0.8629,0.13558000000000003,57591.98901247978
same_epochs,m_sam,32,936,1462968,0.0288777386623621,0.99762,0.01928005400657654,0.99804,0.46850221853256224,0.8598,0.13824000000000003,57703.87442398071
same_epochs,m_sam,32,937,1464531,0.02806672758758068,0.99756,0.021175654147267343,0.99804,0.4617937180519104,0.8604,0.13763999999999998,57779.63496232033
same_epochs,m_sam,32,938,1466094,0.029350398543179036,0.9973,0.018790847551822663,0.99822,0.46205493960380556,0.8612,0.13702000000000003,57889.6267516613
same_epochs,m_sam,32,939,1467657,0.02822935319274664,0.99758,0.020619333923459052,0.99842,0.467114297580719,0.8597,0.13871999999999995,57969.75660824776
same_epochs,m_sam,32,940,1469220,0.028182015108764173,0.99756,0.019810206540822984,0.99844,0.45934279322624205,0.8636,0.13483999999999996,58079.6933927536
same_epochs,m_sam,32,941,1470783,0.027865229582190513,0.9979,0.01928822679400444,0.9985,0.4709249057292938,0.8591,0.13940000000000008,58196.191349983215
same_epochs,m_sam,32,942,1472346,0.02794599640637636,0.99756,0.018819744021892546,0.9986,0.4757718528747559,0.8584,0.1402,58305.32806754112
same_epochs,m_sam,32,943,1473909,0.02780760734885931,0.99756,0.022309398584365845,0.9977,0.4840424941778183,0.8567,0.14100000000000001,58376.43810915947
same_epochs,m_sam,32,944,1475472,0.028880171605348587,0.99774,0.021924880777597428,0.99808,0.47174118785858155,0.8592,0.13888,58493.625591278076
same_epochs,m_sam,32,945,1477035,0.027288571235537528,0.99802,0.02169176058292389,0.99808,0.4627724807739258,0.8598,0.13827999999999996,58604.332867622375
same_epochs,m_sam,32,946,1478598,0.027646089826226235,0.99738,0.022218076242804526,0.99786,0.47473086228370664,0.8581,0.13976,58685.103111982346
same_epochs,m_sam,32,947,1480161,0.027346760598421095,0.99782,0.02059579977095127,0.998,0.4724301733493805,0.8569,0.1411,58793.083359479904
same_epochs,m_sam,32,948,1481724,0.02752387098491192,0.99766,0.019249917733073236,0.9983,0.4679628475189209,0.8607,0.13759999999999994,58904.8395011425
same_epochs,m_sam,32,949,1483287,0.02742133695870638,0.99792,0.020821265744566917,0.99822,0.4659521951675415,0.8588,0.13942,58977.44877767563
same_epochs,m_sam,32,950,1484850,0.026709987953305245,0.99782,0.019336683183312418,0.99824,0.4592774226665497,0.8616,0.13663999999999998,59094.38173222542
same_epochs,m_sam,32,951,1486413,0.026807457429766656,0.9979,0.01911031392276287,0.99838,0.47539814190864566,0.8567,0.14168000000000003,59204.96651554108
same_epochs,m_sam,32,952,1487976,0.026029699255824088,0.99812,0.019494352251291275,0.99838,0.4623190954685211,0.86,0.13838000000000006,59277.84903907776
same_epochs,m_sam,32,953,1489539,0.027656589441895484,0.99758,0.019789743685126305,0.9986,0.46166760449409483,0.8602,0.13840000000000008,59391.610127449036
same_epochs,m_sam,32,954,1491102,0.027691768059134484,0.99772,0.01993554141998291,0.99826,0.4665150978565216,0.8579,0.14036000000000004,59505.37320303917
same_epochs,m_sam,32,955,1492665,0.027505240674912928,0.99754,0.020637136208713054,0.99812,0.4813615008831024,0.8544,0.14371999999999996,59583.773537158966
same_epochs,m_sam,32,956,1494228,0.02579011054903269,0.99798,0.020365495191812515,0.9985,0.4658310303211212,0.8596,0.13890000000000002,59691.54983973503
same_epochs,m_sam,32,957,1495791,0.027149391157329082,0.99782,0.018231436687111854,0.9985,0.4717547286987305,0.8595,0.139,59808.07887554169
same_epochs,m_sam,32,958,1497354,0.026805224029421808,0.99796,0.020594044536948203,0.99846,0.47078352670669554,0.8572,0.14126000000000005,59877.18009185791
same_epochs,m_sam,32,959,1498917,0.02714612361997366,0.99808,0.02026423446595669,0.99854,0.46679204902648924,0.8568,0.14173999999999998,59992.831399679184
same_epochs,m_sam,32,960,1500480,0.02739268872231245,0.99792,0.01838621039748192,0.99852,0.4624550941944122,0.8608,0.13771999999999995,60106.02627110481
same_epochs,m_sam,32,961,1502043,0.026128397598564626,0.99772,0.01830492479622364,0.99862,0.4612362181663513,0.8622,0.13641999999999999,60183.240800857544
same_epochs,m_sam,32,962,1503606,0.026956110314428808,0.9979,0.020891320900321007,0.9982,0.46280768966674807,0.8595,0.13869999999999993,60294.35793495178
same_epochs,m_sam,32,963,1505169,0.028419348971545695,0.99758,0.01969313292622566,0.9984,0.4606689434289932,0.8601,0.13829999999999998,60406.36093401909
same_epochs,m_sam,32,964,1506732,0.02695062080323696,0.9978,0.020658792206048965,0.99834,0.4825918148994446,0.8552,0.14314000000000004,60477.87762737274
same_epochs,m_sam,32,965,1508295,0.026635693164169787,0.99788,0.020020249344706535,0.99838,0.46522097721099853,0.8589,0.13948000000000005,60595.70356011391
same_epochs,m_sam,32,966,1509858,0.02576977380812168,0.99814,0.01884423216164112,0.99878,0.4653291853904724,0.8623,0.13648000000000005,60706.33662009239
same_epochs,m_sam,32,967,1511421,0.02707438916325569,0.99758,0.019518131181001663,0.99814,0.48448540089130404,0.8556,0.14254,60782.92205405235
same_epochs,m_sam,32,968,1512984,0.026351832357645034,0.99794,0.020284967497587205,0.99824,0.47010882630348205,0.8568,0.14144,60893.42073607445
same_epochs,m_sam,32,969,1514547,0.027347465681135656,0.99768,0.020309036175012587,0.99854,0.4639598162174225,0.8589,0.13964,61004.94441699982
same_epochs,m_sam,32,970,1516110,0.02644614796459675,0.99808,0.02022006152689457,0.99824,0.4696330154418945,0.8568,0.14144,61084.22833299637
same_epochs,m_sam,32,971,1517673,0.026097489176988602,0.99812,0.01980598465561867,0.9987,0.4771401354789734,0.8571,0.14160000000000006,61197.79275345802
same_epochs,m_sam,32,972,1519236,0.025669404599368572,0.9978,0.020205380896925928,0.99832,0.4760988838672638,0.8556,0.14271999999999996,61310.16015148163
same_epochs,m_sam,32,973,1520799,0.025971794462800027,0.99798,0.017359820966124536,0.99872,0.4665942172050476,0.8597,0.13902000000000003,61390.793759822845
same_epochs,m_sam,32,974,1522362,0.027231430744826795,0.99776,0.019464888669252396,0.99858,0.4563384151935577,0.8627,0.13588,61496.32753658295
same_epochs,m_sam,32,975,1523925,0.02581521737456322,0.99804,0.0175752776786685,0.99838,0.4670595413684845,0.8606,0.13778,61610.11304116249
same_epochs,m_sam,32,976,1525488,0.025818825060129166,0.9982,0.022561544600725174,0.99794,0.4873596005439758,0.8518,0.14614000000000005,61687.64752340317
same_epochs,m_sam,32,977,1527051,0.025925651978850366,0.99768,0.019170956339240073,0.9983,0.4798195210456848,0.8581,0.1402,61799.73127365112
same_epochs,m_sam,32,978,1528614,0.025774303026497365,0.99784,0.018692888241112232,0.99836,0.4671942342042923,0.8606,0.13776,61910.07294297218
same_epochs,m_sam,32,979,1530177,0.026956852902173995,0.99752,0.01993037924349308,0.99846,0.4926312412261963,0.8546,0.14386,62024.565927267075
same_epochs,m_sam,32,980,1531740,0.02632521469116211,0.99784,0.018647968621850013,0.9988,0.4617952542304993,0.8594,0.13939999999999997,62105.0195851326
same_epochs,m_sam,32,981,1533303,0.026573083389997483,0.99804,0.01945486829161644,0.9983,0.47295763664245605,0.8582,0.1401,62214.410933971405
same_epochs,m_sam,32,982,1534866,0.025815729877054692,0.9981,0.020486234182715415,0.99826,0.47386841011047365,0.8605,0.13776,62327.740837574005
same_epochs,m_sam,32,983,1536429,0.026865458275079728,0.99766,0.020392262550592424,0.99822,0.4814976108074188,0.856,0.14222,62400.66847729683
same_epochs,m_sam,32,984,1537992,0.026034077197909355,0.99804,0.020673292747735977,0.99836,0.4737078863143921,0.857,0.14136000000000004,62512.5892894268
same_epochs,m_sam,32,985,1539555,0.026536658352017403,0.9979,0.0204326109033823,0.9981,0.47667510385513306,0.8556,0.14249999999999996,62626.66476559639
same_epochs,m_sam,32,986,1541118,0.02600766668975353,0.9979,0.01873952793419361,0.99856,0.46695835409164427,0.86,0.13856000000000002,62705.77793931961
same_epochs,m_sam,32,987,1542681,0.025462337494790554,0.998,0.019088472065925597,0.9985,0.4669163165807724,0.8602,0.1383000000000001,62818.00107526779
same_epochs,m_sam,32,988,1544244,0.025677761005461215,0.99794,0.022083837072253226,0.99802,0.477599961566925,0.8547,0.14332,62929.850684165955
same_epochs,m_sam,32,989,1545807,0.026330513847768307,0.99792,0.019909694980978967,0.99862,0.45468702502250674,0.8603,0.13832,63001.59823727608
same_epochs,m_sam,32,990,1547370,0.02460132551342249,0.99826,0.016293263965845108,0.9987,0.4677293039321899,0.8605,0.1382,63119.32647442818
same_epochs,m_sam,32,991,1548933,0.025272443401962517,0.998,0.0171515136128664,0.99886,0.45484708414077757,0.8608,0.13805999999999996,63230.1760225296
same_epochs,m_sam,32,992,1550496,0.024995982359349727,0.99806,0.01721774116933346,0.99856,0.47061414284706116,0.8612,0.13736000000000004,63305.41944408417
same_epochs,m_sam,32,993,1552059,0.02577999609053135,0.99788,0.01855487967133522,0.99874,0.46711300592422483,0.86,0.13873999999999997,63414.5837392807
same_epochs,m_sam,32,994,1553622,0.02584020601809025,0.9979,0.019297151851058007,0.9984,0.4857094521045685,0.8565,0.14189999999999992,63528.021162986755
same_epochs,m_sam,32,995,1555185,0.02553697859585285,0.99792,0.017418689830601214,0.99846,0.469934180355072,0.86,0.13846000000000003,63607.288370132446
same_epochs,m_sam,32,996,1556748,0.025036545091867448,0.99804,0.017704704756140707,0.99886,0.4643360695362091,0.861,0.13785999999999998,63721.420743227005
same_epochs,m_sam,32,997,1558311,0.02514904817044735,0.9982,0.01924950647354126,0.99836,0.47417634539604187,0.8594,0.13895999999999997,63830.69370317459
same_epochs,m_sam,32,998,1559874,0.02416887338966131,0.99834,0.0187033119815588,0.99854,0.46824802255630493,0.8588,0.13973999999999998,63901.94370794296
same_epochs,m_sam,32,999,1561437,0.02479471990555525,0.99832,0.017633142738044262,0.99842,0.4745242446422577,0.8615,0.13691999999999993,64019.68080639839
same_epochs,m_sam,32,1000,1563000,0.02457518239736557,0.99808,0.017696861493885517,0.9987,0.46552037811279295,0.8634,0.1353000000000001,64129.411291599274
