comparison,method,m,epoch,update,train_loss_step,train_acc_step,train_eval_loss,train_eval_acc,test_loss,test_acc,generalization_gap,elapsed_sec
same_epochs,m_sam,128,1,391,2.020245867843628,0.2469,1.8137886243438721,0.33456,1.8051908792495728,0.341,-0.006440000000000001,12.104431629180908
same_epochs,m_sam,128,2,782,1.7727467127227783,0.34758,1.6734887816619872,0.39598,1.668276488304138,0.4014,-0.00541999999999998,51.3146538734436
same_epochs,m_sam,128,3,1173,1.649608807106018,0.3919,1.5814905184936523,0.4331,1.5781636121749878,0.4355,-0.0024000000000000132,62.69387888908386
same_epochs,m_sam,128,4,1564,1.566378723526001,0.4272,1.560630478591919,0.42802,1.5582641130447388,0.4256,0.0024200000000000332,73.67864346504211
same_epochs,m_sam,128,5,1955,1.5006517774200439,0.45246,1.4278217655181884,0.478,1.4275709329605102,0.4788,-0.0008000000000000229,115.33981966972351
same_epochs,m_sam,128,6,2346,1.450809638748169,0.47282,1.4069300051116944,0.4926,1.4098055557250977,0.4941,-0.0015000000000000013,126.3203604221344
same_epochs,m_sam,128,7,2737,1.4033844857788087,0.4925,1.4004385726547242,0.49572,1.4030627389907837,0.4994,-0.0036800000000000166,172.24095582962036
same_epochs,m_sam,128,8,3128,1.3678918621063232,0.50858,1.3629903369903564,0.50598,1.3688756645202638,0.5083,-0.0023199999999999887,183.69373869895935
same_epochs,m_sam,128,9,3519,1.3286607580566405,0.5193,1.280756526260376,0.54278,1.287482812690735,0.5395,0.0032800000000000606,229.1296796798706
same_epochs,m_sam,128,10,3910,1.2920665608215331,0.5344,1.2797711238861085,0.54582,1.289640203666687,0.5445,0.0013199999999999878,240.14544224739075
same_epochs,m_sam,128,11,4301,1.2591713976287842,0.54758,1.237971482887268,0.55918,1.2480216453552246,0.5546,0.0045800000000000285,251.32374358177185
same_epochs,m_sam,128,12,4692,1.2342783242416382,0.55758,1.1925537498855592,0.57148,1.2049873447418213,0.5665,0.0049799999999999844,293.05715322494507
same_epochs,m_sam,128,13,5083,1.2031712412261963,0.56924,1.1858510094451904,0.57166,1.1949833366394043,0.5672,0.0044599999999999085,304.84280824661255
same_epochs,m_sam,128,14,5474,1.1774620226669312,0.5798,1.164643909225464,0.58546,1.1801094520568847,0.5784,0.007059999999999955,349.9315996170044
same_epochs,m_sam,128,15,5865,1.152492209739685,0.58914,1.102903111076355,0.6111,1.1188672061920166,0.6069,0.0041999999999999815,361.12401580810547
same_epochs,m_sam,128,16,6256,1.128345844154358,0.59938,1.10535934841156,0.60826,1.1281608125686646,0.5998,0.008460000000000023,372.3260974884033
same_epochs,m_sam,128,17,6647,1.1057679361724853,0.60702,1.0710805297851562,0.6215,1.0924316898345947,0.6119,0.009600000000000053,414.35114097595215
same_epochs,m_sam,128,18,7038,1.0833552510452271,0.61532,1.0441445521163941,0.6287,1.0658641297340392,0.6194,0.009300000000000086,424.9475862979889
same_epochs,m_sam,128,19,7429,1.064104731903076,0.62334,1.0686802715301513,0.62432,1.0917871025085448,0.6134,0.01092000000000004,470.84537291526794
same_epochs,m_sam,128,20,7820,1.0458893124771118,0.63062,1.034392702064514,0.63398,1.05774089012146,0.6241,0.00988,481.8477852344513
same_epochs,m_sam,128,21,8211,1.034464405593872,0.63706,0.9992355883789062,0.64862,1.0229093212127685,0.6401,0.008519999999999972,492.81711292266846
same_epochs,m_sam,128,22,8602,1.0165795672607423,0.64142,0.998916395187378,0.64534,1.0324431415557862,0.6351,0.010240000000000027,534.7725257873535
same_epochs,m_sam,128,23,8993,1.0052105561065674,0.64624,0.9658374304962158,0.6626,0.9975523471832275,0.649,0.013599999999999945,546.4672043323517
same_epochs,m_sam,128,24,9384,0.9796326471710205,0.6551,0.9670092129516602,0.6572,0.9978968481063842,0.6466,0.010600000000000054,591.6327922344208
same_epochs,m_sam,128,25,9775,0.971740362815857,0.65968,0.9565987502288819,0.66192,0.990334521484375,0.6477,0.0142199999999999,602.9283847808838
same_epochs,m_sam,128,26,10166,0.9568127753829956,0.6624,0.9875903774261474,0.6509,1.023227334022522,0.642,0.008900000000000019,613.7905683517456
same_epochs,m_sam,128,27,10557,0.9405461156082153,0.66974,0.915744727897644,0.6778,0.956015312385559,0.6616,0.016199999999999992,655.8158731460571
same_epochs,m_sam,128,28,10948,0.9314121039009094,0.67394,0.9163965155410767,0.68,0.9565904613494873,0.6673,0.012700000000000045,666.7327351570129
same_epochs,m_sam,128,29,11339,0.9191431435012818,0.67758,0.9094129983139038,0.67968,0.9504686635971069,0.6718,0.007879999999999998,712.7319734096527
same_epochs,m_sam,128,30,11730,0.910218310546875,0.68188,0.8918903369140625,0.68438,0.9341675491333008,0.6719,0.012479999999999936,723.631819486618
same_epochs,m_sam,128,31,12121,0.897569452495575,0.68702,0.8789032512664795,0.68688,0.9240349992752075,0.6719,0.014979999999999993,769.2562816143036
same_epochs,m_sam,128,32,12512,0.8915008435440064,0.68568,0.8388582671737671,0.70988,0.8841665378570557,0.6967,0.01317999999999997,780.2031412124634
same_epochs,m_sam,128,33,12903,0.8795684450149536,0.69314,0.8563352367019653,0.69848,0.9041483304977417,0.6854,0.01307999999999998,791.0968563556671
same_epochs,m_sam,128,34,13294,0.8704045427131653,0.69544,0.8406511233520508,0.70408,0.8881094313621521,0.6874,0.016680000000000028,833.4095299243927
same_epochs,m_sam,128,35,13685,0.8564239845657349,0.70002,0.8421142788887024,0.70674,0.8915176946640014,0.6861,0.02063999999999999,844.1513979434967
same_epochs,m_sam,128,36,14076,0.8514590071296692,0.7022,0.8219592492294312,0.7112,0.876651327419281,0.6944,0.016800000000000037,890.0068943500519
same_epochs,m_sam,128,37,14467,0.8420792473602295,0.70586,0.8158574280929566,0.7145,0.8684853407859803,0.6949,0.019600000000000062,901.0012257099152
same_epochs,m_sam,128,38,14858,0.8349733198165894,0.71018,0.8163518255996705,0.71652,0.8704060718536377,0.699,0.01752000000000009,911.9281558990479
same_epochs,m_sam,128,39,15249,0.8249844497680664,0.71188,0.8111883076095581,0.71538,0.870890312385559,0.6951,0.020279999999999965,954.084112405777
same_epochs,m_sam,128,40,15640,0.8201011405563354,0.71504,0.7733252016830444,0.73152,0.8304549947738648,0.7117,0.01981999999999995,964.8496491909027
same_epochs,m_sam,128,41,16031,0.810777573337555,0.71666,0.771078517780304,0.7295,0.827885081577301,0.7122,0.017299999999999982,1010.6693940162659
same_epochs,m_sam,128,42,16422,0.802714176826477,0.7186,0.7742862748336792,0.72882,0.8361255033493042,0.7062,0.022619999999999973,1021.2787954807281
same_epochs,m_sam,128,43,16813,0.7939706546211243,0.72314,0.7800044501113892,0.7273,0.8400966599464417,0.7043,0.02299999999999991,1031.9652557373047
same_epochs,m_sam,128,44,17204,0.787275168132782,0.72618,0.7623450997543335,0.73526,0.8260867124557495,0.7142,0.02106000000000008,1074.7103598117828
same_epochs,m_sam,128,45,17595,0.7796234433174133,0.72838,0.7332362719345092,0.74548,0.7978950407028198,0.7243,0.021179999999999977,1085.6004011631012
same_epochs,m_sam,128,46,17986,0.7756027124977112,0.73214,0.7285931597709656,0.74796,0.7930004351615906,0.7239,0.02405999999999997,1131.5921449661255
same_epochs,m_sam,128,47,18377,0.7688591925811767,0.73242,0.738958313922882,0.74298,0.8054504664421082,0.7177,0.02527999999999997,1142.4790451526642
same_epochs,m_sam,128,48,18768,0.7630329824638367,0.73504,0.730216606426239,0.74434,0.8028619302749633,0.7211,0.02324000000000004,1153.4475185871124
same_epochs,m_sam,128,49,19159,0.7570046319198609,0.7378,0.7441757342910766,0.74032,0.8138084959030152,0.7163,0.02401999999999993,1196.1454017162323
same_epochs,m_sam,128,50,19550,0.750622605342865,0.73974,0.7388532925796509,0.74258,0.8073502460479737,0.7208,0.02178000000000002,1207.4593770503998
same_epochs,m_sam,128,51,19941,0.7413977488517761,0.74296,0.7243420818901062,0.7486,0.8002743969917298,0.7241,0.024500000000000077,1252.4571976661682
same_epochs,m_sam,128,52,20332,0.7362905940628052,0.74648,0.7092319848823547,0.75592,0.7849386870384216,0.7308,0.02512000000000003,1263.5500464439392
same_epochs,m_sam,128,53,20723,0.731842854347229,0.74614,0.6998244125175476,0.75778,0.774330253982544,0.7357,0.02207999999999999,1309.1718592643738
same_epochs,m_sam,128,54,21114,0.726982850227356,0.74898,0.6956964784622193,0.76042,0.7725237428665161,0.7369,0.023519999999999985,1320.4488489627838
same_epochs,m_sam,128,55,21505,0.723357396697998,0.74938,0.7115798115539551,0.75522,0.7893361757278442,0.7302,0.025020000000000042,1331.6981778144836
same_epochs,m_sam,128,56,21896,0.7157948849487304,0.75362,0.6923057254219055,0.75838,0.7740792985916137,0.7312,0.027180000000000093,1373.3776597976685
same_epochs,m_sam,128,57,22287,0.711697957572937,0.75486,0.6804080238342285,0.76294,0.7630404163360596,0.7335,0.02943999999999991,1384.735758304596
same_epochs,m_sam,128,58,22678,0.7031882306861877,0.75508,0.6813539852714539,0.7643,0.7668784227371216,0.7337,0.03059999999999996,1430.217647075653
same_epochs,m_sam,128,59,23069,0.6968767924213409,0.76122,0.6644610020256042,0.76686,0.7510427286148071,0.7349,0.03195999999999999,1440.9822721481323
same_epochs,m_sam,128,60,23460,0.6951754765701293,0.75956,0.6693892144775391,0.77146,0.7549391572952271,0.7437,0.027760000000000007,1452.3287992477417
same_epochs,m_sam,128,61,23851,0.6860524105644226,0.7627,0.6528264280700684,0.77476,0.7416513200759888,0.7439,0.03086,1494.7218358516693
same_epochs,m_sam,128,62,24242,0.6822263764572144,0.7652,0.6548472659111023,0.77424,0.7438026844024658,0.7445,0.02973999999999999,1505.7283325195312
same_epochs,m_sam,128,63,24633,0.6768499217796325,0.7657,0.6517090121650696,0.7762,0.7402650471687316,0.7483,0.027900000000000036,1552.5056624412537
same_epochs,m_sam,128,64,25024,0.6743843500518799,0.76814,0.6372330907058715,0.77498,0.7311514698028564,0.7462,0.028780000000000028,1563.3409023284912
same_epochs,m_sam,128,65,25415,0.6677818837165832,0.77086,0.6344378803825378,0.77914,0.7296245985984803,0.7441,0.03504000000000007,1574.5133321285248
same_epochs,m_sam,128,66,25806,0.6649540898323059,0.7704,0.6346911351394653,0.77904,0.732989071559906,0.7461,0.03293999999999997,1615.5035381317139
same_epochs,m_sam,128,67,26197,0.6609456993865966,0.77272,0.623887759590149,0.78566,0.71911779794693,0.7528,0.03286,1626.4129548072815
same_epochs,m_sam,128,68,26588,0.6560086448287964,0.77328,0.6082162335014343,0.79084,0.7065381178855896,0.7581,0.03273999999999999,1672.528752565384
same_epochs,m_sam,128,69,26979,0.652420129776001,0.77472,0.6245690030288696,0.78242,0.7226543362140656,0.747,0.03542000000000001,1683.2960646152496
same_epochs,m_sam,128,70,27370,0.6461331593132019,0.77806,0.6144815545082092,0.78646,0.7164971616744995,0.7521,0.03436000000000006,1729.0271708965302
same_epochs,m_sam,128,71,27761,0.6434834568405151,0.77812,0.6052505145645142,0.79216,0.7090653480529785,0.7566,0.035559999999999925,1739.6805992126465
same_epochs,m_sam,128,72,28152,0.6364784762763978,0.78194,0.6049871148872376,0.79354,0.7045819526195526,0.7607,0.03283999999999998,1750.2164583206177
same_epochs,m_sam,128,73,28543,0.6312700267791748,0.78406,0.6075749455070496,0.78846,0.7124564712047576,0.753,0.03546000000000005,1793.240975856781
same_epochs,m_sam,128,74,28934,0.6330460145187378,0.7821,0.5910691570472717,0.79768,0.6959395927429199,0.7595,0.03817999999999999,1804.1373479366302
same_epochs,m_sam,128,75,29325,0.6273413557052613,0.7838,0.5867414828109742,0.79818,0.6939726079463959,0.7605,0.03768000000000005,1849.9334955215454
same_epochs,m_sam,128,76,29716,0.6246295795440674,0.7845,0.5824589715957642,0.8004,0.6891224662303924,0.7603,0.040100000000000025,1860.709407567978
same_epochs,m_sam,128,77,30107,0.6170504455757141,0.78974,0.598849383392334,0.79416,0.7063889568805695,0.7568,0.03735999999999995,1871.4630784988403
same_epochs,m_sam,128,78,30498,0.617097431344986,0.7884,0.5781451164245606,0.80302,0.6880096109867095,0.7656,0.03742000000000001,1914.002099275589
same_epochs,m_sam,128,79,30889,0.6101544302940368,0.79074,0.5693139462661743,0.80304,0.6809960486412049,0.766,0.03703999999999996,1924.8823263645172
same_epochs,m_sam,128,80,31280,0.6051431882095337,0.7915,0.5661965803718567,0.80524,0.678046888589859,0.7649,0.04033999999999993,1970.852469921112
same_epochs,m_sam,128,81,31671,0.6031524966049194,0.7938,0.5576154399490356,0.80928,0.6739441498279571,0.7677,0.04157999999999995,1982.01207613945
same_epochs,m_sam,128,82,32062,0.5984082885169983,0.79384,0.5629350043296814,0.80632,0.6790020132064819,0.7645,0.04182000000000008,1992.9346008300781
same_epochs,m_sam,128,83,32453,0.5955859793281555,0.7973,0.5485666410636901,0.8147,0.6613022220611572,0.7754,0.0393,2035.1242461204529
same_epochs,m_sam,128,84,32844,0.5918952637290955,0.79688,0.5526793574905395,0.81244,0.6730756656169892,0.7706,0.0418400000000001,2046.5714039802551
same_epochs,m_sam,128,85,33235,0.5894082849311829,0.79772,0.5451301656532288,0.8138,0.6590675497055054,0.7739,0.039899999999999936,2091.719593524933
same_epochs,m_sam,128,86,33626,0.5833661297416687,0.79936,0.572815016822815,0.80266,0.6957709445476532,0.7617,0.040959999999999996,2103.1330630779266
same_epochs,m_sam,128,87,34017,0.5810621969223022,0.8006,0.5381674682235718,0.81542,0.6597136195659637,0.7725,0.04292000000000007,2114.236648797989
same_epochs,m_sam,128,88,34408,0.5773112745285034,0.8022,0.5247913174247741,0.82218,0.649466745185852,0.776,0.04618,2156.0792105197906
same_epochs,m_sam,128,89,34799,0.5739693001937867,0.80256,0.5227872036552429,0.8235,0.64740355386734,0.7777,0.04580000000000006,2166.995038509369
same_epochs,m_sam,128,90,35190,0.575824279718399,0.80086,0.5332729849624633,0.81798,0.6583970299243928,0.7704,0.04758000000000007,2212.583577156067
same_epochs,m_sam,128,91,35581,0.5690231240463257,0.80498,0.5398672004318237,0.8165,0.6669205986022949,0.7685,0.04800000000000004,2223.4992311000824
same_epochs,m_sam,128,92,35972,0.5643804335212708,0.80674,0.5194174491882324,0.82288,0.6453332203865051,0.7775,0.045379999999999976,2269.416793823242
same_epochs,m_sam,128,93,36363,0.5620742883872986,0.8092,0.5106694130134583,0.82738,0.640619489812851,0.7786,0.048780000000000046,2280.837321996689
same_epochs,m_sam,128,94,36754,0.5562263017463684,0.80978,0.51019539560318,0.82754,0.6424915037155151,0.78,0.04754000000000003,2291.744289636612
same_epochs,m_sam,128,95,37145,0.5552017034721375,0.81158,0.5097087026596069,0.82798,0.6413848474979401,0.7798,0.04818,2335.241142272949
same_epochs,m_sam,128,96,37536,0.5519055160140991,0.81308,0.4938010259628296,0.83334,0.6255239864349366,0.7837,0.04964000000000002,2346.0355746746063
same_epochs,m_sam,128,97,37927,0.5463616963768005,0.8145,0.5041361810302735,0.82892,0.6406790395259857,0.7791,0.049819999999999975,2390.602468252182
same_epochs,m_sam,128,98,38318,0.5434191924381256,0.81544,0.5282228213119506,0.81798,0.6688963948726654,0.7709,0.04708000000000001,2401.4788434505463
same_epochs,m_sam,128,99,38709,0.5398833033752442,0.81486,0.49030467205047606,0.83344,0.6327515396595002,0.7827,0.05074000000000001,2412.5782327651978
same_epochs,m_sam,128,100,39100,0.5377291598129272,0.816,0.49869758642196654,0.8307,0.6412537136554718,0.7777,0.05300000000000005,2454.40625667572
same_epochs,m_sam,128,101,39491,0.5367599183273315,0.81736,0.4875546098136902,0.83642,0.6244870840072632,0.7837,0.0527200000000001,2467.749509572983
same_epochs,m_sam,128,102,39882,0.529750939655304,0.81976,0.49918251741409303,0.8292,0.6430122334957122,0.7768,0.0524,2511.509604215622
same_epochs,m_sam,128,103,40273,0.5313386583805084,0.8179,0.49235879064559934,0.8325,0.6332548352718353,0.7795,0.05300000000000005,2522.4118745326996
same_epochs,m_sam,128,104,40664,0.5268167483711242,0.81874,0.4817988441848755,0.83752,0.6232060009002686,0.7836,0.05392000000000008,2533.484766483307
same_epochs,m_sam,128,105,41055,0.5262669885063171,0.82066,0.4978104824638367,0.82964,0.6417235384941101,0.777,0.05264000000000002,2575.6188864707947
same_epochs,m_sam,128,106,41446,0.5197276029586791,0.82156,0.485998332901001,0.83594,0.6307109747886658,0.7825,0.05344000000000004,2586.3015854358673
same_epochs,m_sam,128,107,41837,0.5171130267143249,0.82484,0.47083007930755616,0.84064,0.6161435952186585,0.7883,0.05234000000000005,2632.646079301834
same_epochs,m_sam,128,108,42228,0.5115588820075989,0.82652,0.46282393608093264,0.84426,0.6094778075695038,0.79,0.054259999999999975,2643.759259223938
same_epochs,m_sam,128,109,42619,0.5107556574440002,0.82654,0.4727904501914978,0.84436,0.6182745958328247,0.787,0.05735999999999997,2689.003478050232
same_epochs,m_sam,128,110,43010,0.5112988208580017,0.82792,0.4741976951789856,0.8407,0.6250976076126099,0.7857,0.05500000000000005,2699.902407169342
same_epochs,m_sam,128,111,43401,0.5039347716712952,0.8288,0.45602062774658203,0.84684,0.607397146320343,0.7894,0.05744000000000005,2710.752783536911
same_epochs,m_sam,128,112,43792,0.5022719974136353,0.82942,0.4671313750076294,0.8424,0.6187764744758606,0.7844,0.05800000000000005,2753.3002393245697
same_epochs,m_sam,128,113,44183,0.5002081916809082,0.83136,0.46046333585739135,0.84554,0.6179179654598236,0.7892,0.056339999999999946,2763.892516374588
same_epochs,m_sam,128,114,44574,0.49546861865997316,0.83024,0.4750218052864075,0.83586,0.6347057517051696,0.7796,0.05626000000000009,2810.138214111328
same_epochs,m_sam,128,115,44965,0.49570044565200805,0.83238,0.44196951950073243,0.8539,0.599362992143631,0.7917,0.06220000000000003,2820.8726136684418
same_epochs,m_sam,128,116,45356,0.49263611440658567,0.83274,0.43939224639892577,0.85496,0.5995499901771545,0.7923,0.06266000000000005,2831.8894653320312
same_epochs,m_sam,128,117,45747,0.4895962274265289,0.83592,0.43547583431243897,0.85564,0.596992111492157,0.794,0.06163999999999992,2873.962952375412
same_epochs,m_sam,128,118,46138,0.4858451092338562,0.83642,0.42686771465301515,0.8567,0.594932026386261,0.7969,0.059799999999999964,2884.67050242424
same_epochs,m_sam,128,119,46529,0.4800629292964935,0.8376,0.42389902070999147,0.85898,0.5877795727729798,0.798,0.06097999999999992,2930.6824867725372
same_epochs,m_sam,128,120,46920,0.47868459609031677,0.83856,0.4509401956939697,0.8473,0.6170308714866638,0.788,0.05930000000000002,2941.4340682029724
same_epochs,m_sam,128,121,47311,0.47788332683563234,0.8389,0.43539893140792846,0.85308,0.6052348989963532,0.7941,0.05897999999999992,2952.502712249756
same_epochs,m_sam,128,122,47702,0.4768885400009155,0.8399,0.43132477893829346,0.85542,0.6003646478176117,0.7917,0.06372,2994.703371286392
same_epochs,m_sam,128,123,48093,0.47163788687705993,0.84274,0.4258040356826782,0.85642,0.5982243730068206,0.796,0.06041999999999992,3005.494681596756
same_epochs,m_sam,128,124,48484,0.4704459998893738,0.84208,0.42148585620880125,0.86062,0.5906175504207611,0.7964,0.06422000000000005,3051.325602531433
same_epochs,m_sam,128,125,48875,0.46448640159606935,0.84308,0.4209842426681519,0.86044,0.5912398501396179,0.7955,0.06494,3062.0001668930054
same_epochs,m_sam,128,126,49266,0.46201248460769656,0.8447,0.4172695007514954,0.86242,0.5865417157173157,0.7982,0.06421999999999994,3072.9460620880127
same_epochs,m_sam,128,127,49657,0.46273375122070315,0.84516,0.40812285190582276,0.86102,0.5878102343082428,0.7961,0.06491999999999998,3115.2517840862274
same_epochs,m_sam,128,128,50048,0.4587427807807922,0.84546,0.4212746013832092,0.85944,0.5948889935493469,0.7941,0.06533999999999995,3126.077879190445
same_epochs,m_sam,128,129,50439,0.45442102500915527,0.84696,0.39595980436325073,0.86996,0.5751544062614441,0.7986,0.07135999999999998,3172.553975582123
same_epochs,m_sam,128,130,50830,0.45182580993652344,0.84918,0.4102180795478821,0.86396,0.5878349672794342,0.7971,0.06685999999999992,3183.4117534160614
same_epochs,m_sam,128,131,51221,0.4504978867530823,0.84738,0.39882332410812377,0.86858,0.5815917387008667,0.8002,0.06838,3229.083928346634
same_epochs,m_sam,128,132,51612,0.44841438530921934,0.84948,0.40255009326934815,0.86624,0.5829432904243469,0.7961,0.07013999999999998,3240.0632569789886
same_epochs,m_sam,128,133,52003,0.44944102219581605,0.84852,0.39572758697509763,0.86938,0.5821115129947663,0.7975,0.07188000000000005,3251.277812719345
same_epochs,m_sam,128,134,52394,0.44647814525604246,0.85068,0.41500939008712767,0.86264,0.5961979090213776,0.7908,0.07184000000000001,3293.650208711624
same_epochs,m_sam,128,135,52785,0.4398172975063324,0.8529,0.40675870220184324,0.86326,0.5958919948577881,0.7963,0.06696000000000002,3304.6158018112183
same_epochs,m_sam,128,136,53176,0.4432598180103302,0.85124,0.3794471009731293,0.87466,0.5671806290149689,0.8072,0.06745999999999996,3350.4356620311737
same_epochs,m_sam,128,137,53567,0.4369120831203461,0.85358,0.3935497951889038,0.87092,0.5822931874752044,0.8006,0.07032000000000005,3361.5228633880615
same_epochs,m_sam,128,138,53958,0.43679546761512755,0.85518,0.3867605082511902,0.871,0.575214752483368,0.798,0.07299999999999995,3373.8605194091797
same_epochs,m_sam,128,139,54349,0.43358436279296875,0.85482,0.38306253772735593,0.8736,0.5768183900356293,0.8001,0.07350000000000001,3414.340719461441
same_epochs,m_sam,128,140,54740,0.4316756417655945,0.85578,0.37887901914596556,0.87316,0.5757313941001893,0.8021,0.07106000000000001,3425.15190410614
same_epochs,m_sam,128,141,55131,0.42616554862976075,0.85678,0.3775579054260254,0.87548,0.5765114664554596,0.803,0.07247999999999999,3470.912212371826
same_epochs,m_sam,128,142,55522,0.4267160954475403,0.85626,0.3835784158992767,0.87256,0.5803467841148376,0.8014,0.07116,3481.789707183838
same_epochs,m_sam,128,143,55913,0.42483308977127077,0.8591,0.378204176197052,0.87608,0.5714184013843536,0.8021,0.07397999999999993,3492.8005142211914
same_epochs,m_sam,128,144,56304,0.42003136116027834,0.85988,0.3691632604980469,0.87856,0.5739106695652008,0.8052,0.07335999999999998,3535.651454925537
same_epochs,m_sam,128,145,56695,0.41886522666931153,0.86092,0.37346355154037475,0.87726,0.5737411773681641,0.8043,0.07296000000000002,3546.7502319812775
same_epochs,m_sam,128,146,57086,0.4172536447238922,0.86088,0.3649360470676422,0.88212,0.5617026731967926,0.8092,0.07291999999999998,3591.8773419857025
same_epochs,m_sam,128,147,57477,0.41660668886184693,0.86022,0.3690074397468567,0.88016,0.5652039383888244,0.8059,0.0742600000000001,3602.870148420334
same_epochs,m_sam,128,148,57868,0.41158011796951294,0.8627,0.3593873660850525,0.88302,0.5600504999160767,0.8033,0.07972000000000001,3613.6869390010834
same_epochs,m_sam,128,149,58259,0.4105934337425232,0.8634,0.3573859629249573,0.88418,0.557786567401886,0.8075,0.07667999999999997,3656.138613462448
same_epochs,m_sam,128,150,58650,0.40739866846084594,0.8643,0.3603891190433502,0.88392,0.5614865373134613,0.8054,0.07852000000000003,3667.255155801773
same_epochs,m_sam,128,151,59041,0.4033351575565338,0.86474,0.3539525467014313,0.88518,0.5586428045749664,0.8062,0.07897999999999994,3712.7467892169952
same_epochs,m_sam,128,152,59432,0.4052590011787415,0.8655,0.3510801280975342,0.88434,0.5659828921794892,0.8051,0.07923999999999998,3723.9395084381104
same_epochs,m_sam,128,153,59823,0.39998756059646606,0.86662,0.34704563756942747,0.88612,0.5582048053741455,0.8104,0.07572000000000001,3769.5892984867096
same_epochs,m_sam,128,154,60214,0.3953870409297943,0.86896,0.3388627028465271,0.88992,0.5527532489299775,0.8119,0.07802000000000009,3780.659659385681
same_epochs,m_sam,128,155,60605,0.3938693775367737,0.86752,0.35544879453659056,0.88436,0.5691306385993957,0.8057,0.07866000000000006,3791.613070487976
same_epochs,m_sam,128,156,60996,0.39464591452598574,0.86918,0.34672432280540466,0.88624,0.5646480705261231,0.8051,0.08113999999999999,3833.8987612724304
same_epochs,m_sam,128,157,61387,0.38851486525535583,0.87216,0.34598683519363405,0.88716,0.5631589993476868,0.8066,0.08055999999999996,3844.9677052497864
same_epochs,m_sam,128,158,61778,0.3861892885398865,0.87114,0.3435560114383697,0.88736,0.5587022164821625,0.8057,0.08166000000000007,3890.8028190135956
same_epochs,m_sam,128,159,62169,0.3896138558006287,0.87088,0.33375756759643554,0.8931,0.5496958500862121,0.8095,0.08360000000000001,3901.776083469391
same_epochs,m_sam,128,160,62560,0.3855364838218689,0.87298,0.34132154832839967,0.88844,0.5634363629817962,0.8049,0.08354000000000006,3913.004860639572
same_epochs,m_sam,128,161,62951,0.38598536790847776,0.8734,0.33311308968544007,0.89036,0.5572917429447174,0.8078,0.08256000000000008,3954.7819647789
same_epochs,m_sam,128,162,63342,0.3812192233848572,0.87424,0.34884467699050903,0.88422,0.5766083847522736,0.8014,0.08282,3965.734543800354
same_epochs,m_sam,128,163,63733,0.37871503319740296,0.8746,0.3379189875793457,0.88878,0.5612206853866577,0.8051,0.08367999999999998,4011.6819376945496
same_epochs,m_sam,128,164,64124,0.3739995414543152,0.8758,0.32480208329200744,0.89416,0.5548707515239716,0.8106,0.08355999999999997,4022.9038548469543
same_epochs,m_sam,128,165,64515,0.37739914821624754,0.8749,0.32108363379478455,0.89604,0.5503385785341263,0.8105,0.08553999999999995,4034.3352501392365
same_epochs,m_sam,128,166,64906,0.3734728684139252,0.87734,0.3240896084403992,0.89542,0.5570118968009948,0.8086,0.08682000000000001,4075.6903808116913
same_epochs,m_sam,128,167,65297,0.37068664739608764,0.87818,0.3203550985145569,0.89638,0.5518948034286499,0.8093,0.08707999999999994,4086.5615124702454
same_epochs,m_sam,128,168,65688,0.3694192316532135,0.87912,0.3172305349826813,0.89894,0.5424563957691193,0.8115,0.08743999999999996,4132.942517280579
same_epochs,m_sam,128,169,66079,0.36716376262664796,0.87884,0.3236231796836853,0.89466,0.5543715841293335,0.8067,0.08796000000000004,4144.4217121601105
same_epochs,m_sam,128,170,66470,0.363092241601944,0.8808,0.31162232343673707,0.90002,0.5457611431598663,0.8112,0.08882000000000001,4189.242938995361
same_epochs,m_sam,128,171,66861,0.36140711660385133,0.88116,0.3143195504951477,0.90036,0.5462266945362091,0.8148,0.08556000000000008,4200.1329045295715
same_epochs,m_sam,128,172,67252,0.36160972392082213,0.88336,0.31793134278297425,0.89778,0.5585133298397065,0.8102,0.08757999999999999,4211.035938262939
same_epochs,m_sam,128,173,67643,0.35782075110435485,0.88302,0.3065776742744446,0.90168,0.5447062802314758,0.8095,0.09218000000000004,4253.330603599548
same_epochs,m_sam,128,174,68034,0.355742012720108,0.88416,0.30348826635360715,0.90276,0.5416158655643463,0.812,0.09075999999999995,4264.169482469559
same_epochs,m_sam,128,175,68425,0.35415074434280397,0.88524,0.30834627019882205,0.90298,0.5433515124320983,0.8132,0.08977999999999997,4310.25097823143
same_epochs,m_sam,128,176,68816,0.35236857478141786,0.8859,0.29291001314163206,0.90604,0.5386445722579956,0.8169,0.08914,4321.159778356552
same_epochs,m_sam,128,177,69207,0.3491480304527283,0.88526,0.3073755622768402,0.90292,0.5445643016815186,0.8115,0.09141999999999995,4332.176528215408
same_epochs,m_sam,128,178,69598,0.34795585302352905,0.88702,0.29066344826698304,0.90916,0.5323641076087952,0.8183,0.09085999999999994,4374.489707231522
same_epochs,m_sam,128,179,69989,0.34763605039596557,0.88572,0.2979814590549469,0.90498,0.5435145984172821,0.814,0.09098000000000006,4385.314488649368
same_epochs,m_sam,128,180,70380,0.3444167191982269,0.88826,0.28965323586463926,0.90764,0.5398467133045196,0.8163,0.09133999999999998,4431.096709489822
same_epochs,m_sam,128,181,70771,0.34227276078224184,0.88876,0.29756781702041624,0.90514,0.5475416714668274,0.8136,0.09153999999999995,4441.793366193771
same_epochs,m_sam,128,182,71162,0.34203462879180907,0.88888,0.29769412813186646,0.90738,0.5430482405185699,0.8143,0.09307999999999994,4453.71709728241
same_epochs,m_sam,128,183,71553,0.33983823026657106,0.88938,0.29573077857017516,0.90658,0.5429733075618743,0.8144,0.09218000000000004,4495.174155712128
same_epochs,m_sam,128,184,71944,0.33868720558166504,0.88996,0.2752690159416199,0.91358,0.5266106232643127,0.8213,0.09227999999999992,4506.133643388748
same_epochs,m_sam,128,185,72335,0.3369522960281372,0.88972,0.2922391882324219,0.90766,0.5371015755653381,0.8144,0.09326000000000001,4552.0314383506775
same_epochs,m_sam,128,186,72726,0.3329210775852203,0.8921,0.2775052775669098,0.9127,0.5331443765640259,0.8193,0.09339999999999993,4562.9338965415955
same_epochs,m_sam,128,187,73117,0.33038640577316286,0.8936,0.27918525716781617,0.91196,0.5333823148727417,0.8192,0.09275999999999995,4573.802275419235
same_epochs,m_sam,128,188,73508,0.3312355405855179,0.8928,0.30444956387519834,0.90036,0.5625727468967437,0.8087,0.09166000000000007,4617.607583999634
same_epochs,m_sam,128,189,73899,0.32688532665252684,0.8945,0.2857259893798828,0.91112,0.5409860173225403,0.8154,0.09572000000000003,4628.629818201065
same_epochs,m_sam,128,190,74290,0.32658516887664796,0.89392,0.27624103585243226,0.91174,0.5393753232955932,0.8165,0.09523999999999999,4673.091239452362
same_epochs,m_sam,128,191,74681,0.3227528038740158,0.89672,0.26819642493247986,0.91586,0.5296606791019439,0.8205,0.09536,4685.290363073349
same_epochs,m_sam,128,192,75072,0.32290104716300966,0.89644,0.27369242638587954,0.91356,0.5351351262569427,0.8143,0.09926000000000001,4729.905563831329
same_epochs,m_sam,128,193,75463,0.32153168752670286,0.89752,0.26148275533676146,0.91662,0.5291987695693969,0.8214,0.09521999999999997,4740.593792438507
same_epochs,m_sam,128,194,75854,0.3202977561378479,0.89866,0.2801684657764435,0.91148,0.546971444272995,0.8175,0.09397999999999995,4751.460066795349
same_epochs,m_sam,128,195,76245,0.3164994137096405,0.89718,0.2652492934131622,0.9184,0.5331321310997009,0.8177,0.10070000000000001,4794.093183755875
same_epochs,m_sam,128,196,76636,0.31305570610046385,0.89964,0.2616116445732117,0.9206,0.5251132182359696,0.8227,0.09789999999999999,4804.884338617325
same_epochs,m_sam,128,197,77027,0.31553021473884585,0.89808,0.2712089475250244,0.9142,0.5484147292613983,0.8128,0.10140000000000005,4850.9064037799835
same_epochs,m_sam,128,198,77418,0.31106399835586546,0.90008,0.2758777423381805,0.915,0.5498000285148621,0.812,0.10299999999999998,4862.247242689133
same_epochs,m_sam,128,199,77809,0.3125941249370575,0.89978,0.26121172700881956,0.91824,0.5296901773452759,0.8195,0.09873999999999994,4873.342530012131
same_epochs,m_sam,128,200,78200,0.307980900554657,0.90116,0.25841268080711366,0.92028,0.5330458417892456,0.8205,0.09977999999999998,4915.486658573151
same_epochs,m_sam,128,201,78591,0.304318756313324,0.9021,0.2611725152397156,0.91898,0.5402635419368744,0.8194,0.09958,4927.057522773743
same_epochs,m_sam,128,202,78982,0.3008275512886047,0.90446,0.25374281488418576,0.92138,0.5335615144252777,0.8177,0.10368,4971.702903032303
same_epochs,m_sam,128,203,79373,0.2983644879341125,0.9048,0.25415401082992556,0.92076,0.5333494394779206,0.8196,0.10116000000000003,4982.477070569992
same_epochs,m_sam,128,204,79764,0.29674752299308776,0.90546,0.24238250829696656,0.92596,0.5230452130317688,0.8233,0.10265999999999997,4993.248504400253
same_epochs,m_sam,128,205,80155,0.2943494837331772,0.90704,0.2442559337425232,0.92488,0.5274406367778778,0.8218,0.10308000000000006,5036.24454164505
same_epochs,m_sam,128,206,80546,0.294601960067749,0.90654,0.24986077808380128,0.9225,0.5368473710536957,0.8156,0.1069,5047.028221130371
same_epochs,m_sam,128,207,80937,0.29468190178871156,0.90542,0.23775654223442078,0.92808,0.5186546902179718,0.8234,0.10468,5092.441713809967
same_epochs,m_sam,128,208,81328,0.2919259794616699,0.90634,0.24629577337265016,0.92278,0.531836048579216,0.8204,0.10238000000000003,5103.2901446819305
same_epochs,m_sam,128,209,81719,0.29350968125343324,0.90666,0.23312816084861757,0.93154,0.5161924086570739,0.8248,0.10674000000000006,5149.339079380035
same_epochs,m_sam,128,210,82110,0.2908496551847458,0.90738,0.23982911306381224,0.92808,0.5282757512569427,0.8208,0.10728000000000004,5160.055635213852
same_epochs,m_sam,128,211,82501,0.2885192236804962,0.90842,0.2326341797065735,0.92928,0.5301833748817444,0.822,0.10728000000000004,5170.970485210419
same_epochs,m_sam,128,212,82892,0.28490696739196775,0.90978,0.23581140241622925,0.92628,0.5356235608577729,0.8172,0.10907999999999995,5213.238626003265
same_epochs,m_sam,128,213,83283,0.2850110889530182,0.9095,0.2350406018924713,0.92732,0.5260164683818818,0.819,0.10832000000000008,5224.199556112289
same_epochs,m_sam,128,214,83674,0.28368697054862974,0.91088,0.22972501084327698,0.93064,0.5223440647125244,0.8255,0.10514000000000001,5270.041940450668
same_epochs,m_sam,128,215,84065,0.2816181194782257,0.91022,0.23288502136230468,0.93138,0.5236371282815934,0.8215,0.10987999999999998,5280.927157402039
same_epochs,m_sam,128,216,84456,0.279423203496933,0.91344,0.22730775650024415,0.93074,0.5188917469978332,0.8217,0.10904000000000003,5291.751169919968
same_epochs,m_sam,128,217,84847,0.27809578702926635,0.91244,0.22843168714523315,0.92928,0.5325127840518952,0.8212,0.10807999999999995,5334.333684206009
same_epochs,m_sam,128,218,85238,0.2755274896812439,0.91316,0.22066426671981812,0.93478,0.5187576100349426,0.8213,0.11348000000000003,5345.509789228439
same_epochs,m_sam,128,219,85629,0.2719810095500946,0.91506,0.2150111830806732,0.93546,0.5197264484405517,0.8243,0.11115999999999993,5390.953746557236
same_epochs,m_sam,128,220,86020,0.27114557847976684,0.91384,0.21506137278556825,0.93684,0.5189715519428253,0.8238,0.11304000000000003,5401.868680238724
same_epochs,m_sam,128,221,86411,0.2684214997625351,0.91708,0.22548612005233765,0.93272,0.527960080575943,0.8234,0.10931999999999997,5412.693034648895
same_epochs,m_sam,128,222,86802,0.2693153175830841,0.91532,0.22440540420532226,0.93232,0.5287552269935608,0.8218,0.11052000000000006,5454.923185825348
same_epochs,m_sam,128,223,87193,0.26930373426437376,0.91606,0.22709940683364868,0.93208,0.5249295561790467,0.8203,0.11177999999999999,5465.7548768520355
same_epochs,m_sam,128,224,87584,0.26497093154907225,0.9167,0.21237996713638305,0.9368,0.525501631975174,0.8242,0.11259999999999992,5511.915001630783
same_epochs,m_sam,128,225,87975,0.26348764323711393,0.91732,0.21617596190452576,0.93508,0.5239192628860474,0.8252,0.10987999999999998,5522.557283163071
same_epochs,m_sam,128,226,88366,0.25950341460227966,0.91854,0.21574763467788696,0.93392,0.534588098526001,0.8209,0.11302000000000001,5533.370945453644
same_epochs,m_sam,128,227,88757,0.2600809877109528,0.91892,0.20526897894859314,0.93944,0.5148851104259491,0.8267,0.11274000000000006,5575.7877876758575
same_epochs,m_sam,128,228,89148,0.25520859101295473,0.9219,0.1968664553165436,0.94274,0.505821438407898,0.8281,0.11464000000000008,5586.83173084259
same_epochs,m_sam,128,229,89539,0.25397854313850404,0.92222,0.209084689245224,0.93676,0.5253968231201172,0.8237,0.11306000000000005,5632.687363386154
same_epochs,m_sam,128,230,89930,0.2541940674495697,0.92198,0.20556989155769348,0.94006,0.5189920509815216,0.8272,0.11285999999999996,5643.517887592316
same_epochs,m_sam,128,231,90321,0.2564816582107544,0.91972,0.215764396648407,0.93574,0.5285544902801513,0.8212,0.11453999999999998,5689.137206554413
same_epochs,m_sam,128,232,90712,0.25063627078533174,0.92258,0.20441529262542724,0.9387,0.5267636883258819,0.8246,0.11409999999999998,5700.4755046367645
same_epochs,m_sam,128,233,91103,0.2507402201843262,0.9218,0.19812513695716857,0.94256,0.5125210582733154,0.8263,0.11625999999999992,5711.56353354454
same_epochs,m_sam,128,234,91494,0.24838681499004364,0.9234,0.1965947845363617,0.9419,0.5141561648368835,0.8279,0.11399999999999999,5753.764201641083
same_epochs,m_sam,128,235,91885,0.24697348539352418,0.92358,0.1986227852344513,0.94232,0.5221705890655518,0.8232,0.11912,5764.403948307037
same_epochs,m_sam,128,236,92276,0.24872536566734313,0.92294,0.19465252080917358,0.94194,0.5232980921268463,0.825,0.11694000000000004,5809.907199859619
same_epochs,m_sam,128,237,92667,0.24490851391792298,0.92352,0.19395348496437073,0.94366,0.5183405588626862,0.8268,0.11686000000000007,5820.761509656906
same_epochs,m_sam,128,238,93058,0.2439776535797119,0.92484,0.18694338119506837,0.94744,0.5092968933105468,0.83,0.11743999999999999,5833.762901067734
same_epochs,m_sam,128,239,93449,0.2408126758480072,0.92732,0.18430958713531495,0.94806,0.5073414519786835,0.8302,0.11785999999999996,5874.252136468887
same_epochs,m_sam,128,240,93840,0.24138798304557801,0.92618,0.18610363594055176,0.94626,0.516239756822586,0.8288,0.11746000000000001,5885.399176120758
same_epochs,m_sam,128,241,94231,0.23923670578479767,0.92764,0.19021670000076293,0.94574,0.516752924823761,0.8269,0.11884000000000006,5931.144360542297
same_epochs,m_sam,128,242,94622,0.2345554407596588,0.92788,0.1810155298280716,0.94818,0.5183098072052001,0.8292,0.11897999999999997,5942.275595426559
same_epochs,m_sam,128,243,95013,0.23593333250999451,0.92868,0.18396206557273864,0.94884,0.5103204286575317,0.8263,0.12253999999999998,5952.947192907333
same_epochs,m_sam,128,244,95404,0.23119944351673127,0.93118,0.18181234694480897,0.94598,0.5302824801921845,0.8254,0.12058000000000002,5995.105262994766
same_epochs,m_sam,128,245,95795,0.2309866372346878,0.93078,0.18277934849262237,0.9467,0.523684391117096,0.8246,0.12209999999999999,6007.838895320892
same_epochs,m_sam,128,246,96186,0.2310675758743286,0.93026,0.18141833312511443,0.94842,0.5143474425792695,0.828,0.12042000000000008,6052.220047950745
same_epochs,m_sam,128,247,96577,0.23299925934314727,0.92918,0.179037343211174,0.94928,0.5151052781105041,0.8271,0.12218000000000007,6063.306455850601
same_epochs,m_sam,128,248,96968,0.22354800711631775,0.9327,0.18208150629997252,0.9475,0.5256237500667572,0.8251,0.12240000000000006,6074.21555519104
same_epochs,m_sam,128,249,97359,0.2273872605895996,0.9317,0.17635646931171417,0.95122,0.5129546439647674,0.8285,0.12271999999999994,6116.799582242966
same_epochs,m_sam,128,250,97750,0.22452150787830352,0.93364,0.18142142466545105,0.94548,0.5371572798728943,0.8213,0.12417999999999996,6127.495684623718
same_epochs,m_sam,128,251,98141,0.22440034388542177,0.93238,0.17469244408130646,0.95132,0.5136284142494202,0.8323,0.11902000000000001,6173.1628630161285
same_epochs,m_sam,128,252,98532,0.22166823470592498,0.93382,0.1674961542224884,0.95326,0.5156745222091674,0.8266,0.12666,6184.516380786896
same_epochs,m_sam,128,253,98923,0.22157654614448546,0.93368,0.1752212629032135,0.95,0.5228226720333099,0.8246,0.12539999999999996,6229.852787494659
same_epochs,m_sam,128,254,99314,0.2172506188774109,0.93538,0.16658847061157225,0.95428,0.5128540025949478,0.8304,0.12387999999999999,6241.049751281738
same_epochs,m_sam,128,255,99705,0.21775731522560118,0.93526,0.16469996129989625,0.95394,0.5149858983039856,0.8265,0.12744,6251.942440509796
same_epochs,m_sam,128,256,100096,0.216671089925766,0.93534,0.1643622933101654,0.9545,0.5223980769157409,0.8244,0.1301,6293.7753438949585
same_epochs,m_sam,128,257,100487,0.21399760440587998,0.93594,0.16245289814949035,0.95546,0.5227295210361481,0.8262,0.12925999999999993,6304.959632158279
same_epochs,m_sam,128,258,100878,0.211547263879776,0.93756,0.16411353940486909,0.95562,0.5214748292922974,0.8298,0.12582000000000004,6350.533455848694
same_epochs,m_sam,128,259,101269,0.21449397638320922,0.93604,0.1645763803958893,0.9544,0.5222727768421173,0.83,0.12440000000000007,6361.557106733322
same_epochs,m_sam,128,260,101660,0.2094990979385376,0.93744,0.1609961148881912,0.95664,0.517682360458374,0.8302,0.12644,6372.287155389786
same_epochs,m_sam,128,261,102051,0.2094439549446106,0.93888,0.16387741826057434,0.9558,0.5243401484966278,0.8292,0.12659999999999993,6414.867019891739
same_epochs,m_sam,128,262,102442,0.2046197679376602,0.93896,0.1573517312192917,0.95838,0.5142718671798706,0.8307,0.12768000000000002,6426.549592494965
same_epochs,m_sam,128,263,102833,0.20460904641628266,0.94022,0.15447107989788056,0.95916,0.5081124521732331,0.8349,0.12426000000000004,6471.441986083984
same_epochs,m_sam,128,264,103224,0.2048721496295929,0.9389,0.15818206177711486,0.95628,0.5243268877267837,0.8288,0.12748000000000004,6482.188504219055
same_epochs,m_sam,128,265,103615,0.203972638463974,0.93974,0.14878725726127626,0.9614,0.5095963980674744,0.8306,0.13080000000000003,6492.973450899124
same_epochs,m_sam,128,266,104006,0.19983777599811553,0.94056,0.15881689059257506,0.95662,0.5322926352977753,0.8253,0.13132,6535.819999217987
same_epochs,m_sam,128,267,104397,0.20002422829627992,0.9416,0.13948190183639525,0.96258,0.5090442650794983,0.832,0.13058000000000003,6546.547357082367
same_epochs,m_sam,128,268,104788,0.1963081784248352,0.94404,0.15062039872169494,0.95902,0.5260671611785889,0.8262,0.13281999999999994,6592.626242160797
same_epochs,m_sam,128,269,105179,0.19827063784599305,0.9421,0.15106177836894988,0.95886,0.5285960463523864,0.8283,0.13056,6603.800862789154
same_epochs,m_sam,128,270,105570,0.19369395622014998,0.94572,0.14948906787872315,0.95902,0.5226617899894714,0.8272,0.13181999999999994,6649.097564458847
same_epochs,m_sam,128,271,105961,0.19479152661323548,0.94314,0.14578375821113587,0.96158,0.5189848328113555,0.8278,0.13378,6659.785583734512
same_epochs,m_sam,128,272,106352,0.19574517891407012,0.94248,0.14821784437656402,0.96084,0.5254130017757416,0.8281,0.13274000000000008,6670.924711942673
same_epochs,m_sam,128,273,106743,0.1938563384437561,0.9433,0.1395748805952072,0.96208,0.5239228534221649,0.8279,0.13418000000000008,6713.701941013336
same_epochs,m_sam,128,274,107134,0.18822399525642394,0.94496,0.14513210424423217,0.96006,0.5239322329521179,0.8275,0.13256,6724.754610538483
same_epochs,m_sam,128,275,107525,0.18734726526737214,0.94654,0.13866786339282988,0.96356,0.5147755773544311,0.8316,0.13195999999999997,6770.064500570297
same_epochs,m_sam,128,276,107916,0.1871788907623291,0.94606,0.13956852887153626,0.96374,0.5126881135940552,0.8311,0.1326400000000001,6781.419366121292
same_epochs,m_sam,128,277,108307,0.18772919642448424,0.94612,0.13721372722148895,0.96516,0.518439930152893,0.8296,0.13556,6792.6028444767
same_epochs,m_sam,128,278,108698,0.18588199610710143,0.94742,0.13107823074340821,0.9675,0.5134279506206513,0.8324,0.1351,6838.438768863678
same_epochs,m_sam,128,279,109089,0.1816968466758728,0.94946,0.13587878333091735,0.96472,0.5206352298259735,0.8326,0.13212000000000002,6849.19166970253
same_epochs,m_sam,128,280,109480,0.1822281129026413,0.94842,0.13367938737869262,0.96628,0.5133388602733612,0.8325,0.13378,6891.618993520737
same_epochs,m_sam,128,281,109871,0.18206576241493225,0.949,0.12887722156524659,0.9665,0.5227333529949189,0.8337,0.13280000000000003,6902.618019580841
same_epochs,m_sam,128,282,110262,0.17837387139320374,0.95084,0.13429094599723815,0.96496,0.5185515543222428,0.8299,0.13506000000000007,6913.96747469902
same_epochs,m_sam,128,283,110653,0.18114676234722138,0.94854,0.1275455407190323,0.96664,0.5244306628227234,0.8291,0.1375400000000001,6955.047862291336
same_epochs,m_sam,128,284,111044,0.17666546867847444,0.9497,0.13652080584049225,0.96422,0.5340667780876159,0.8293,0.13491999999999993,6966.129408836365
same_epochs,m_sam,128,285,111435,0.17799422807216644,0.95022,0.12662944849967955,0.96682,0.5213197344303131,0.8324,0.13441999999999998,7012.324832677841
same_epochs,m_sam,128,286,111826,0.1752655753803253,0.95088,0.12878779860019685,0.96812,0.5170180139064788,0.8303,0.13781999999999994,7023.4367525577545
same_epochs,m_sam,128,287,112217,0.1735655169391632,0.95188,0.12514011054039,0.967,0.5177989549636841,0.8315,0.13549999999999995,7068.914186477661
same_epochs,m_sam,128,288,112608,0.17255967561721802,0.95128,0.1329862141895294,0.96698,0.5250623386383056,0.8291,0.13788,7080.276128768921
same_epochs,m_sam,128,289,112999,0.16914156044483183,0.95272,0.12779728729248047,0.96572,0.5333715631961823,0.8277,0.13802000000000003,7092.702904701233
same_epochs,m_sam,128,290,113390,0.17028867389678956,0.95228,0.11848540417671204,0.97148,0.5184222333908081,0.8345,0.13698,7133.323256492615
same_epochs,m_sam,128,291,113781,0.1679062606906891,0.9543,0.13217536665439605,0.9633,0.5391305820465088,0.8263,0.137,7144.149756669998
same_epochs,m_sam,128,292,114172,0.16650172598838806,0.95398,0.11767956100463867,0.96914,0.5210312346458436,0.8324,0.13673999999999997,7189.927479982376
same_epochs,m_sam,128,293,114563,0.1680630642747879,0.9543,0.11472028786659241,0.97158,0.5245789520740509,0.8328,0.13878000000000001,7200.807204246521
same_epochs,m_sam,128,294,114954,0.16597691508769988,0.95328,0.12095151673316956,0.96952,0.5238365614891052,0.8309,0.13862000000000008,7211.613968372345
same_epochs,m_sam,128,295,115345,0.16304796963214874,0.95504,0.11122269332408904,0.97226,0.5234681232452393,0.8295,0.14276,7253.929936408997
same_epochs,m_sam,128,296,115736,0.16020205767154694,0.95564,0.12083344804763795,0.97122,0.5237273908615112,0.8288,0.14242,7265.3626828193665
same_epochs,m_sam,128,297,116127,0.16087231437206267,0.95626,0.11647183887958526,0.9709,0.5259543983459473,0.8288,0.1421,7310.816002607346
same_epochs,m_sam,128,298,116518,0.16305368253231048,0.9541,0.10859888544559479,0.97446,0.5168802847862244,0.8319,0.14256000000000002,7324.920245885849
same_epochs,m_sam,128,299,116909,0.1548163927745819,0.95788,0.1061210350894928,0.97214,0.5355659539222717,0.8303,0.14183999999999997,7335.985993146896
same_epochs,m_sam,128,300,117300,0.15475530123710632,0.95846,0.1079964567232132,0.97412,0.5187724798679352,0.8336,0.14051999999999998,7375.336753368378
same_epochs,m_sam,128,301,117691,0.1540497672367096,0.95792,0.1115386848449707,0.97348,0.5216502889633179,0.8295,0.14398,7386.568987131119
same_epochs,m_sam,128,302,118082,0.1532691271686554,0.95856,0.1042198803281784,0.97512,0.5172167850017547,0.8339,0.14122,7432.258610248566
same_epochs,m_sam,128,303,118473,0.15083279032707214,0.95978,0.10938750964164734,0.97208,0.5365369992256165,0.8303,0.14178000000000002,7443.2171540260315
same_epochs,m_sam,128,304,118864,0.15233744752407075,0.95962,0.11061971065521241,0.97298,0.5298889738559723,0.8297,0.14327999999999996,7488.669394731522
same_epochs,m_sam,128,305,119255,0.15178998945236205,0.95998,0.10049915764093399,0.97828,0.5105744816064834,0.8357,0.14258000000000004,7499.26855301857
same_epochs,m_sam,128,306,119646,0.153479763879776,0.95782,0.10393112136840821,0.97532,0.52363095536232,0.8319,0.14342,7510.360553026199
same_epochs,m_sam,128,307,120037,0.14811065018653868,0.96054,0.09742347866296769,0.97698,0.5229927296638489,0.8331,0.14388,7552.547610044479
same_epochs,m_sam,128,308,120428,0.14749463195323945,0.96014,0.10396277773857117,0.97648,0.5181960237503052,0.8344,0.14207999999999998,7563.665573120117
same_epochs,m_sam,128,309,120819,0.14283854557037354,0.96264,0.09903922099590301,0.9774,0.5259999740123749,0.8336,0.14380000000000004,7609.565001010895
same_epochs,m_sam,128,310,121210,0.1456003984069824,0.96192,0.09785881467342376,0.97596,0.5287405358791352,0.8328,0.14316000000000006,7621.02269244194
same_epochs,m_sam,128,311,121601,0.14491479842185975,0.96192,0.09695074441671371,0.9769,0.5327791659355163,0.8321,0.14480000000000004,7632.008228778839
same_epochs,m_sam,128,312,121992,0.14359942385673524,0.96156,0.09613165611743928,0.97706,0.5300146324157715,0.833,0.14406000000000008,7673.828105688095
same_epochs,m_sam,128,313,122383,0.14319838632106782,0.96184,0.0959015124487877,0.97634,0.5317409771442413,0.8342,0.14213999999999993,7684.815702199936
same_epochs,m_sam,128,314,122774,0.14035368583202362,0.96342,0.08882320308923722,0.9787,0.5302725205421448,0.8357,0.14300000000000002,7730.688896417618
same_epochs,m_sam,128,315,123165,0.13930742014169692,0.96376,0.09719170652866363,0.97764,0.5273099708080292,0.8324,0.14523999999999992,7742.70311498642
same_epochs,m_sam,128,316,123556,0.14063161596298218,0.96376,0.08991920362949371,0.98036,0.5205481227397919,0.8346,0.14576,7754.1850118637085
same_epochs,m_sam,128,317,123947,0.14049903207063674,0.96232,0.09805112851858139,0.97762,0.5338478193283082,0.829,0.14862000000000009,7795.027627706528
same_epochs,m_sam,128,318,124338,0.13865651622533798,0.9639,0.0934371015739441,0.9782,0.5341317481040955,0.8318,0.14639999999999997,7808.241485357285
same_epochs,m_sam,128,319,124729,0.13410786810159683,0.96602,0.09187507819890976,0.97954,0.5275123905658722,0.8325,0.14703999999999995,7851.806025028229
same_epochs,m_sam,128,320,125120,0.13517338422775269,0.96514,0.09195819090127945,0.97742,0.5414629062652588,0.8306,0.14681999999999995,7862.490619421005
same_epochs,m_sam,128,321,125511,0.13392464456558228,0.96464,0.089947212433815,0.98094,0.5246133859157562,0.8345,0.14644000000000001,7873.534574508667
same_epochs,m_sam,128,322,125902,0.13494135895729065,0.96504,0.09344668309926987,0.97956,0.5268868204116821,0.8325,0.14705999999999997,7916.701888084412
same_epochs,m_sam,128,323,126293,0.13234569514751435,0.9666,0.0890702845954895,0.97978,0.5452948079109192,0.8307,0.14908,7927.676314115524
same_epochs,m_sam,128,324,126684,0.129769061088562,0.96864,0.0909533198928833,0.9801,0.5450589998245239,0.83,0.1501,7972.826814413071
same_epochs,m_sam,128,325,127075,0.12845988540172576,0.9678,0.0816650993013382,0.98198,0.5279523565769195,0.8335,0.14847999999999995,7983.705390691757
same_epochs,m_sam,128,326,127466,0.12814187908411026,0.96792,0.08385410225391388,0.98108,0.5392664428234101,0.8334,0.14767999999999992,8029.486417770386
same_epochs,m_sam,128,327,127857,0.1287024702811241,0.96778,0.08970843457460403,0.97904,0.5402530441761016,0.8314,0.14764,8040.20387005806
same_epochs,m_sam,128,328,128248,0.12680843599557876,0.96822,0.08391388497829437,0.98024,0.5420235242843628,0.8312,0.14903999999999995,8051.165137767792
same_epochs,m_sam,128,329,128639,0.1250994772696495,0.96852,0.08912542413473129,0.9808,0.5274741645812988,0.8349,0.14590000000000003,8093.574553012848
same_epochs,m_sam,128,330,129030,0.1263378956747055,0.96822,0.08350982800960541,0.98118,0.5351593013763428,0.8332,0.14798,8104.348600149155
same_epochs,m_sam,128,331,129421,0.12193910644054413,0.96986,0.08445863567829132,0.9803,0.5520698378562927,0.8287,0.15159999999999996,8150.350343942642
same_epochs,m_sam,128,332,129812,0.12194249508857727,0.97016,0.08513102718114852,0.98022,0.5410300856113434,0.831,0.14922000000000002,8161.055620670319
same_epochs,m_sam,128,333,130203,0.12335426239013672,0.96926,0.08666628091335296,0.98106,0.5330533556222916,0.8304,0.15066000000000002,8171.757305860519
same_epochs,m_sam,128,334,130594,0.12142961912155151,0.96998,0.08084195259571075,0.98416,0.5355595493555069,0.8309,0.15326000000000006,8214.366313934326
same_epochs,m_sam,128,335,130985,0.11903925873279572,0.97078,0.0814821429681778,0.9826,0.5337120712280273,0.8329,0.14970000000000006,8225.154404640198
same_epochs,m_sam,128,336,131376,0.11925722795963287,0.97086,0.0781480323266983,0.98286,0.5440650453567505,0.8313,0.15155999999999992,8272.164207696915
same_epochs,m_sam,128,337,131767,0.11918660145998002,0.97084,0.07665725731372833,0.98232,0.5533885683059693,0.8322,0.15011999999999992,8286.683773040771
same_epochs,m_sam,128,338,132158,0.11659566179275513,0.97156,0.07460812422513961,0.98542,0.5314174163341522,0.8339,0.15152,8297.671135425568
same_epochs,m_sam,128,339,132549,0.11423358703136444,0.9737,0.07760337533235549,0.98268,0.5590579623699188,0.8287,0.15398,8338.005459785461
same_epochs,m_sam,128,340,132940,0.11447337906360626,0.9721,0.07438911870479584,0.98426,0.5460819655895233,0.8332,0.15105999999999997,8348.644865751266
same_epochs,m_sam,128,341,133331,0.11297609102249145,0.97304,0.07377319037914276,0.98362,0.5442505455493927,0.8311,0.1525200000000001,8392.796158313751
same_epochs,m_sam,128,342,133722,0.11547818234205245,0.97178,0.07840846007823944,0.98298,0.5390453696489335,0.8312,0.15177999999999991,8404.235333442688
same_epochs,m_sam,128,343,134113,0.11212427727222443,0.97352,0.07854034234762192,0.98396,0.5420629504680634,0.8305,0.15345999999999993,8449.673716783524
same_epochs,m_sam,128,344,134504,0.11043485033988952,0.97306,0.07258029634952545,0.98508,0.5471959432125092,0.8294,0.15567999999999993,8461.074786663055
same_epochs,m_sam,128,345,134895,0.10897467888355256,0.97488,0.07599031217575074,0.98362,0.5510448235988616,0.831,0.1526200000000001,8472.421106815338
same_epochs,m_sam,128,346,135286,0.10878705215215682,0.97456,0.07080646429181099,0.98498,0.5571921252250671,0.8321,0.15288000000000002,8513.945867300034
same_epochs,m_sam,128,347,135677,0.11160332457065582,0.9732,0.07243661199808121,0.98608,0.5303522974967957,0.831,0.15508,8524.835415124893
same_epochs,m_sam,128,348,136068,0.10906454284667969,0.97444,0.07495318733930588,0.98534,0.5344989122390748,0.8314,0.15393999999999997,8570.350398540497
same_epochs,m_sam,128,349,136459,0.10853577141284942,0.97486,0.06679843126535416,0.98564,0.5445645187854767,0.835,0.15064,8581.576853990555
same_epochs,m_sam,128,350,136850,0.10803196059703826,0.9742,0.0693916098856926,0.98618,0.5406263457775116,0.8343,0.1518799999999999,8592.48757648468
same_epochs,m_sam,128,351,137241,0.10410712865829468,0.97688,0.07206883963108063,0.98602,0.5394362420558929,0.8301,0.15592000000000006,8634.372678756714
same_epochs,m_sam,128,352,137632,0.10565561005115509,0.97524,0.06551043097019195,0.98728,0.5386413728713989,0.8338,0.15348000000000006,8647.516585111618
same_epochs,m_sam,128,353,138023,0.1047709894990921,0.97558,0.06816068180561066,0.9871,0.540302761220932,0.8323,0.15479999999999994,8691.939264774323
same_epochs,m_sam,128,354,138414,0.10529493721485138,0.97568,0.06278758761882781,0.98844,0.5403509335041046,0.835,0.15344000000000002,8703.33499288559
same_epochs,m_sam,128,355,138805,0.10376786725521088,0.97602,0.06121826555967331,0.98776,0.5486896495342255,0.8347,0.15305999999999997,8714.479024410248
same_epochs,m_sam,128,356,139196,0.10179314066886902,0.97678,0.06078384037256241,0.98804,0.5552134369373322,0.8346,0.15344000000000002,8755.77208018303
same_epochs,m_sam,128,357,139587,0.09976758885145187,0.97756,0.06426544834852219,0.9859,0.5493870306968689,0.8341,0.15180000000000005,8766.493254899979
same_epochs,m_sam,128,358,139978,0.10153339403629302,0.97704,0.06290643605947495,0.98774,0.5535769940853119,0.8338,0.15393999999999997,8812.523091554642
same_epochs,m_sam,128,359,140369,0.10090466077089309,0.9768,0.06391153398990632,0.9881,0.5482163938522339,0.8299,0.1582,8823.586535215378
same_epochs,m_sam,128,360,140760,0.09698201078891754,0.97798,0.05983802605867386,0.98806,0.5461182929992676,0.8334,0.15466000000000002,8869.118908405304
same_epochs,m_sam,128,361,141151,0.09889921707630157,0.97852,0.058256291043758394,0.98932,0.5407409443378448,0.8371,0.15222000000000002,8879.994443178177
same_epochs,m_sam,128,362,141542,0.09634930639266968,0.97864,0.07093665760278701,0.9845,0.5642257831573486,0.8253,0.1592,8890.833458185196
same_epochs,m_sam,128,363,141933,0.09720164256572723,0.9782,0.06247439546585083,0.98716,0.5498432291269303,0.8336,0.15356000000000003,8935.006242990494
same_epochs,m_sam,128,364,142324,0.09443170321941376,0.9793,0.057585807297229764,0.98976,0.5373817483901977,0.8341,0.15566000000000002,8945.843725919724
same_epochs,m_sam,128,365,142715,0.09422374937057496,0.97938,0.05664241740465164,0.99036,0.5411683360099793,0.8342,0.15615999999999997,8990.254600763321
same_epochs,m_sam,128,366,143106,0.09194880548238754,0.97952,0.05728926347017288,0.99056,0.5288272190570831,0.8362,0.15435999999999994,9001.333189487457
same_epochs,m_sam,128,367,143497,0.09071560250997543,0.98112,0.05449316964387894,0.99076,0.5403980198383331,0.8353,0.15545999999999993,9012.276381492615
same_epochs,m_sam,128,368,143888,0.09253940922498703,0.98032,0.06251499599337577,0.9872,0.5629292458534241,0.8328,0.15439999999999998,9054.374870538712
same_epochs,m_sam,128,369,144279,0.09295181154251099,0.97882,0.05477574393510819,0.9899,0.5340436982631683,0.8374,0.15249999999999997,9065.228966474533
same_epochs,m_sam,128,370,144670,0.09266553671836852,0.98046,0.05735640239953995,0.98972,0.5465183263301849,0.8345,0.15522000000000002,9111.010370969772
same_epochs,m_sam,128,371,145061,0.09297323542118073,0.97986,0.05252752390980721,0.99002,0.544742025089264,0.8362,0.15381999999999996,9122.109359025955
same_epochs,m_sam,128,372,145452,0.08890535995721817,0.98092,0.05819041019320488,0.9888,0.5636887213230133,0.8316,0.1572,9133.243532657623
same_epochs,m_sam,128,373,145843,0.08615356843948364,0.98296,0.05377436019182205,0.98972,0.5460699916362762,0.8351,0.1546200000000001,9175.566281080246
same_epochs,m_sam,128,374,146234,0.08810365270614624,0.9813,0.054192509995698926,0.99068,0.5490587183952331,0.8356,0.15508,9186.606437444687
same_epochs,m_sam,128,375,146625,0.0885068329691887,0.98114,0.053833613245487216,0.99062,0.5489512340545655,0.8318,0.15881999999999996,9231.942252397537
same_epochs,m_sam,128,376,147016,0.08528694267988204,0.98224,0.052377092981338504,0.99114,0.5474507475376129,0.8333,0.15783999999999998,9242.899094820023
same_epochs,m_sam,128,377,147407,0.08752256997227668,0.981,0.046031387851238253,0.99218,0.55087751121521,0.8363,0.1558799999999999,9253.693839788437
same_epochs,m_sam,128,378,147798,0.08507605669498444,0.98174,0.05004261729717255,0.99232,0.5351184784412384,0.8341,0.15822000000000003,9295.997452497482
same_epochs,m_sam,128,379,148189,0.08559618758678436,0.9816,0.049818647336959836,0.99138,0.5497265497684479,0.8341,0.1572800000000001,9306.851931810379
same_epochs,m_sam,128,380,148580,0.08549967595338821,0.98174,0.048226734199523925,0.99204,0.549719557094574,0.837,0.15504000000000007,9352.602524518967
same_epochs,m_sam,128,381,148971,0.08381047993183136,0.98218,0.05106370353221893,0.99156,0.5501492805480958,0.8345,0.15705999999999998,9363.460129022598
same_epochs,m_sam,128,382,149362,0.08030321256160736,0.98342,0.056153972911834715,0.98998,0.5546959218025207,0.832,0.15798,9409.372750282288
same_epochs,m_sam,128,383,149753,0.08446859835863113,0.98238,0.04739601409673691,0.99164,0.551419840145111,0.8371,0.15454,9420.395788192749
same_epochs,m_sam,128,384,150144,0.08026693974256516,0.98376,0.04822351183772087,0.99246,0.5514659724235534,0.8333,0.15915999999999997,9431.73771572113
same_epochs,m_sam,128,385,150535,0.08067031669139862,0.98378,0.046331736507415774,0.99322,0.5508217183113098,0.8327,0.16052,9473.403739213943
same_epochs,m_sam,128,386,150926,0.07979268798589706,0.98448,0.04648185515642166,0.992,0.5526753614902497,0.8351,0.15690000000000004,9484.254504919052
same_epochs,m_sam,128,387,151317,0.08022097105860711,0.9841,0.04148841945528984,0.99344,0.5541107672691346,0.8371,0.15634000000000003,9530.156174898148
same_epochs,m_sam,128,388,151708,0.07831451072692872,0.98416,0.0473532619535923,0.99172,0.5552317665100097,0.8342,0.15752,9540.912923574448
same_epochs,m_sam,128,389,152099,0.07913133697986603,0.9846,0.04644021103143692,0.99278,0.5476762782096862,0.8354,0.15737999999999996,9551.346707820892
same_epochs,m_sam,128,390,152490,0.07946532243728638,0.98382,0.043786787159442904,0.99262,0.5650414137840271,0.832,0.16061999999999999,9595.887206077576
same_epochs,m_sam,128,391,152881,0.0756256438589096,0.98492,0.04807898714900017,0.99164,0.5715804807662964,0.8312,0.16043999999999992,9607.277871847153
same_epochs,m_sam,128,392,153272,0.0759793084859848,0.98532,0.04369559716463089,0.99372,0.5494633418560028,0.833,0.16072000000000009,9651.184665441513
same_epochs,m_sam,128,393,153663,0.07579465854167938,0.98528,0.04700056361436844,0.9919,0.5588056388378143,0.8301,0.16180000000000005,9661.957977771759
same_epochs,m_sam,128,394,154054,0.07685615378379822,0.98472,0.040435637259483334,0.99376,0.5519763857364655,0.8388,0.15496,9673.21897816658
same_epochs,m_sam,128,395,154445,0.07435146631240845,0.9852,0.045343819502592086,0.99256,0.5591998694896698,0.8327,0.15986,9715.144986629486
same_epochs,m_sam,128,396,154836,0.07331982093691826,0.98644,0.04864611842036247,0.9912,0.5714004356384277,0.8301,0.16110000000000002,9726.303389549255
same_epochs,m_sam,128,397,155227,0.0733082395195961,0.9861,0.04577463846087456,0.9918,0.5754001525878907,0.83,0.16180000000000005,9772.961961507797
same_epochs,m_sam,128,398,155618,0.07332691693782806,0.98562,0.0447281716132164,0.99368,0.5552778193950653,0.8359,0.15778000000000003,9784.303498506546
same_epochs,m_sam,128,399,156009,0.07354137066602708,0.98588,0.041760586154460905,0.9941,0.5625157765865326,0.8333,0.16079999999999994,9828.988499879837
same_epochs,m_sam,128,400,156400,0.07310272395610809,0.98568,0.04230596598386765,0.99314,0.5650418081283569,0.8304,0.16274,9840.333697795868
same_epochs,m_sam,128,401,156791,0.0729099021244049,0.9857,0.040064539057016374,0.99394,0.5503808797836304,0.8338,0.16014000000000006,9851.124799966812
same_epochs,m_sam,128,402,157182,0.07278660739421844,0.98562,0.04539432965278625,0.99232,0.5717822336196899,0.8312,0.16111999999999993,9893.16972398758
same_epochs,m_sam,128,403,157573,0.0716395557141304,0.9865,0.042485687917470934,0.99316,0.5610658154964447,0.8329,0.16026000000000007,9903.821213722229
same_epochs,m_sam,128,404,157964,0.07066265103697776,0.9868,0.03600484570264816,0.9949,0.5600058015346527,0.837,0.15790000000000004,9949.834013462067
same_epochs,m_sam,128,405,158355,0.0703971615576744,0.98634,0.03777634251475334,0.994,0.569763833475113,0.8371,0.15690000000000004,9960.75518488884
same_epochs,m_sam,128,406,158746,0.0696341018795967,0.98668,0.04137424278378487,0.99302,0.5735953154802322,0.8332,0.15981999999999996,9971.423037052155
same_epochs,m_sam,128,407,159137,0.06727368391513824,0.9877,0.040217775042057036,0.99368,0.5651170397758484,0.8383,0.15537999999999996,10014.252239704132
same_epochs,m_sam,128,408,159528,0.06814265819311142,0.98752,0.03934562048196793,0.99388,0.566590052318573,0.8351,0.15878000000000003,10025.472363233566
same_epochs,m_sam,128,409,159919,0.06720947868347169,0.9876,0.03950496550440788,0.9943,0.5589137513637543,0.8344,0.15989999999999993,10070.669817209244
same_epochs,m_sam,128,410,160310,0.06663145542383193,0.9876,0.03882434978842735,0.994,0.5575882530689239,0.8337,0.1603,10081.734509468079
same_epochs,m_sam,128,411,160701,0.06582719358444214,0.98754,0.037608597747087476,0.99444,0.5565814554691315,0.8328,0.16164,10093.03035736084
same_epochs,m_sam,128,412,161092,0.06513298928499221,0.98868,0.03821224810838699,0.99474,0.5552256673812866,0.8346,0.16013999999999995,10134.864292621613
same_epochs,m_sam,128,413,161483,0.06469446773290634,0.9875,0.033211467247009276,0.99556,0.5531408210754395,0.837,0.15856000000000003,10146.385053634644
same_epochs,m_sam,128,414,161874,0.06438091552257538,0.98848,0.035973936293125154,0.99498,0.5625072438240051,0.835,0.15998,10191.769282579422
same_epochs,m_sam,128,415,162265,0.06293632977724076,0.98942,0.0356677050948143,0.99462,0.5695324447631835,0.8333,0.1613199999999999,10203.195255041122
same_epochs,m_sam,128,416,162656,0.06200884806156159,0.98878,0.033061274460554124,0.99564,0.5633823197364807,0.8365,0.15913999999999995,10214.152543783188
same_epochs,m_sam,128,417,163047,0.062300855848789215,0.98896,0.03346839719891548,0.99454,0.5819312615394592,0.8348,0.15974,10256.098721504211
same_epochs,m_sam,128,418,163438,0.06183767391324043,0.9892,0.03513479864835739,0.99502,0.572363667345047,0.8318,0.16322000000000003,10267.297360897064
same_epochs,m_sam,128,419,163829,0.06274850964307785,0.98872,0.0359845318365097,0.99512,0.5572030911922455,0.8341,0.16102000000000005,10312.64922618866
same_epochs,m_sam,128,420,164220,0.06242763537883759,0.9887,0.03286477577447891,0.99572,0.5563063832759857,0.8378,0.15792000000000006,10323.338605165482
same_epochs,m_sam,128,421,164611,0.061295885667800906,0.98926,0.03278907595038414,0.99542,0.5592642533302307,0.837,0.15842,10369.278021812439
same_epochs,m_sam,128,422,165002,0.06125714336395264,0.98954,0.04054982072591782,0.99356,0.5860926719665527,0.831,0.16256000000000004,10380.41021490097
same_epochs,m_sam,128,423,165393,0.061097387663125995,0.98964,0.03365901095688343,0.99536,0.5791753661632538,0.8315,0.16386,10391.294363737106
same_epochs,m_sam,128,424,165784,0.0598244315969944,0.98922,0.03956588117837906,0.99318,0.597721792793274,0.8283,0.16487999999999992,10433.623937129974
same_epochs,m_sam,128,425,166175,0.05889255305171013,0.98982,0.03252881217598915,0.99572,0.5686120275497436,0.8329,0.16282000000000008,10444.790996074677
same_epochs,m_sam,128,426,166566,0.059906127133369444,0.98944,0.030761401656866073,0.9964,0.5617184663772583,0.838,0.15839999999999999,10490.30514717102
same_epochs,m_sam,128,427,166957,0.057240802769660946,0.99002,0.03470761766552925,0.99552,0.5706813704490662,0.8331,0.16242,10501.529958248138
same_epochs,m_sam,128,428,167348,0.056808527628183364,0.99064,0.03224800642609596,0.99584,0.5717353591442108,0.8331,0.16274,10513.019770383835
same_epochs,m_sam,128,429,167739,0.05729096809625626,0.99,0.03260786492109299,0.99524,0.5833482220172882,0.8354,0.15983999999999998,10554.411359548569
same_epochs,m_sam,128,430,168130,0.05745254584074021,0.99014,0.03064998148560524,0.99586,0.5740438219070435,0.8367,0.15915999999999997,10565.258125305176
same_epochs,m_sam,128,431,168521,0.05852598781347275,0.99018,0.03193530993461609,0.99572,0.5700544829845429,0.8348,0.16092000000000006,10611.052074432373
same_epochs,m_sam,128,432,168912,0.055948949843645096,0.9908,0.033087465304136275,0.99492,0.5800361138820648,0.8334,0.16152,10621.824931621552
same_epochs,m_sam,128,433,169303,0.056078930163383486,0.99066,0.03174165163755417,0.99594,0.5667280885219574,0.8353,0.16064,10632.658454418182
same_epochs,m_sam,128,434,169694,0.05490962745785713,0.9912,0.028326234732866287,0.9966,0.5680480927467346,0.835,0.16160000000000008,10675.076834201813
same_epochs,m_sam,128,435,170085,0.053714001564979554,0.99142,0.032744820277690885,0.9954,0.6017897476196289,0.8299,0.16549999999999998,10685.800306797028
same_epochs,m_sam,128,436,170476,0.05400860366582871,0.9913,0.032140027780532834,0.99572,0.573686863899231,0.8334,0.16232000000000002,10733.390667200089
same_epochs,m_sam,128,437,170867,0.05432146853327751,0.9911,0.029197275252342225,0.99552,0.5829397128105164,0.8343,0.16121999999999992,10744.399831295013
same_epochs,m_sam,128,438,171258,0.05348645854949951,0.99106,0.03479403736114502,0.9956,0.5762606407642364,0.8323,0.1633,10755.052472829819
same_epochs,m_sam,128,439,171649,0.05221854449272156,0.992,0.026003114060163496,0.99708,0.5757431330680847,0.8351,0.16198,10796.28078007698
same_epochs,m_sam,128,440,172040,0.0537621351480484,0.99132,0.03048860660970211,0.9954,0.5809979234695435,0.8316,0.16379999999999995,10807.186778068542
same_epochs,m_sam,128,441,172431,0.053647533042430876,0.99076,0.031176608769893647,0.99524,0.5735358617305756,0.8359,0.15934000000000004,10853.264465093613
same_epochs,m_sam,128,442,172822,0.052229949293136596,0.99158,0.02552621504843235,0.99666,0.579799217414856,0.8383,0.15835999999999995,10864.275842905045
same_epochs,m_sam,128,443,173213,0.0531127407002449,0.99086,0.028919912652373314,0.99602,0.5773348097801209,0.8366,0.15942,10909.601870298386
same_epochs,m_sam,128,444,173604,0.051349636526107786,0.99168,0.032441858416795734,0.99518,0.5914082764148713,0.8326,0.16257999999999995,10920.632181406021
same_epochs,m_sam,128,445,173995,0.0506707036793232,0.99218,0.024611636086106302,0.9977,0.5689953789710999,0.8361,0.16160000000000008,10932.046276330948
same_epochs,m_sam,128,446,174386,0.04995993020176887,0.99236,0.026159929200410843,0.99704,0.5681152146339417,0.8364,0.16064,10975.199030637741
same_epochs,m_sam,128,447,174777,0.04830422805547714,0.99266,0.02682475883483887,0.99624,0.5910366215705871,0.833,0.16324000000000005,10986.326295137405
same_epochs,m_sam,128,448,175168,0.05020965928435325,0.99214,0.02689265935778618,0.9965,0.5903491498947143,0.8333,0.1632,11030.96573972702
same_epochs,m_sam,128,449,175559,0.04861337670087814,0.99296,0.0234431715041399,0.99724,0.5803471780776978,0.8392,0.15804000000000007,11041.844257116318
same_epochs,m_sam,128,450,175950,0.049117744433879854,0.9923,0.024390452820062636,0.99738,0.5809650983810425,0.8367,0.16068000000000005,11054.656547546387
same_epochs,m_sam,128,451,176341,0.048910844662189486,0.99236,0.025028018712997438,0.99646,0.6003645286560059,0.8329,0.16356000000000004,11095.524826526642
same_epochs,m_sam,128,452,176732,0.04910325590848923,0.99184,0.026519230595231057,0.9969,0.5861950654029846,0.8333,0.16359999999999997,11106.432345151901
same_epochs,m_sam,128,453,177123,0.048592425920963286,0.99242,0.0264662533724308,0.997,0.584362548160553,0.8344,0.16259999999999997,11152.002728939056
same_epochs,m_sam,128,454,177514,0.04771145367026329,0.99258,0.025974888780713083,0.99662,0.5829825514793396,0.8354,0.16121999999999992,11163.458515882492
same_epochs,m_sam,128,455,177905,0.047907179107666016,0.99278,0.024568515589237214,0.99752,0.5740909030914306,0.8373,0.16021999999999992,11174.356611013412
same_epochs,m_sam,128,456,178296,0.04604899960279465,0.99302,0.02403843805670738,0.99736,0.5818660568714142,0.835,0.16236000000000006,11216.358667612076
same_epochs,m_sam,128,457,178687,0.04808074968099594,0.9923,0.02544048077225685,0.99698,0.5743841032028199,0.8382,0.15878000000000003,11227.538806438446
same_epochs,m_sam,128,458,179078,0.04721462579369545,0.99296,0.023720444815158843,0.99716,0.5766712888240815,0.8378,0.15936000000000006,11272.614534378052
same_epochs,m_sam,128,459,179469,0.04732878843426704,0.99302,0.025317023278474807,0.99636,0.5820224615097046,0.8349,0.16146000000000005,11283.946585416794
same_epochs,m_sam,128,460,179860,0.04474484830975532,0.9932,0.02474692446947098,0.9965,0.5886651921272278,0.8351,0.1614000000000001,11329.638175010681
same_epochs,m_sam,128,461,180251,0.04514467638254166,0.99376,0.023284244218468666,0.99704,0.5968659333229065,0.8343,0.16274,11340.84151339531
same_epochs,m_sam,128,462,180642,0.04479990905880928,0.99326,0.025280226036310197,0.99684,0.5824673885345459,0.8308,0.16603999999999997,11352.197814702988
same_epochs,m_sam,128,463,181033,0.044974798080921176,0.99312,0.023851218984127044,0.99758,0.5734158529758453,0.8362,0.16137999999999997,11393.943333387375
same_epochs,m_sam,128,464,181424,0.0450316103053093,0.9932,0.022359945234656335,0.99728,0.5800627274036407,0.8347,0.16258000000000006,11405.296085596085
same_epochs,m_sam,128,465,181815,0.04462036491036415,0.99304,0.025768031520843507,0.99672,0.5838238328933716,0.8336,0.16312000000000004,11450.687246322632
same_epochs,m_sam,128,466,182206,0.04451525495648384,0.993,0.02721990942955017,0.99654,0.6088847771644592,0.8282,0.16833999999999993,11462.04576587677
same_epochs,m_sam,128,467,182597,0.044085990757346157,0.99362,0.02308585135817528,0.99696,0.5937818115234375,0.8325,0.16445999999999994,11473.12841463089
same_epochs,m_sam,128,468,182988,0.04421581406593323,0.9938,0.02171814911365509,0.9976,0.5822560821533204,0.8348,0.16280000000000006,11514.965821266174
same_epochs,m_sam,128,469,183379,0.044926937273740766,0.99286,0.023803558121919633,0.99702,0.5867750311851502,0.8307,0.16632000000000002,11525.738291740417
same_epochs,m_sam,128,470,183770,0.04324229498386383,0.99312,0.023039653834700583,0.99766,0.5758254536151886,0.8368,0.16086,11571.37385058403
same_epochs,m_sam,128,471,184161,0.043814961869716645,0.99348,0.022654326465725898,0.99744,0.572503529548645,0.8387,0.15874,11582.336978197098
same_epochs,m_sam,128,472,184552,0.042991093752384184,0.99406,0.02266519522845745,0.99738,0.5858035893440247,0.835,0.16238000000000008,11593.72267818451
same_epochs,m_sam,128,473,184943,0.04078727266728878,0.99464,0.02393539684355259,0.99738,0.5741886053562164,0.838,0.15938000000000008,11635.814938545227
same_epochs,m_sam,128,474,185334,0.04087317353963852,0.9943,0.021910907016396523,0.99784,0.582206659412384,0.8394,0.15843999999999991,11646.656375408173
same_epochs,m_sam,128,475,185725,0.04230085322856903,0.99394,0.023761961198449134,0.99702,0.6009057434558869,0.8327,0.16432000000000002,11692.489511013031
same_epochs,m_sam,128,476,186116,0.04139757722496987,0.99374,0.022316519931554795,0.9975,0.5851714237213135,0.8362,0.1613,11703.346584320068
same_epochs,m_sam,128,477,186507,0.04062175386309624,0.99456,0.02188425412774086,0.99758,0.5801912305355073,0.8375,0.16008,11749.093577623367
same_epochs,m_sam,128,478,186898,0.04001590885519982,0.99434,0.028183041130304336,0.9963,0.5975173926353454,0.8314,0.16489999999999994,11760.208173036575
same_epochs,m_sam,128,479,187289,0.04055265929698944,0.99474,0.019428401060402393,0.9979,0.5910933117866516,0.8338,0.16410000000000002,11771.011524438858
same_epochs,m_sam,128,480,187680,0.041458899905681613,0.9939,0.022962949382066725,0.99738,0.592441902923584,0.8337,0.16368000000000005,11812.950053453445
same_epochs,m_sam,128,481,188071,0.04032069825172424,0.9942,0.022423753578066825,0.997,0.5904337134361267,0.835,0.16200000000000003,11823.997549533844
same_epochs,m_sam,128,482,188462,0.03992755093097687,0.99424,0.021207259174585342,0.99814,0.5886147918701172,0.8354,0.16274,11869.810914039612
same_epochs,m_sam,128,483,188853,0.03941427980065346,0.99436,0.02334662154197693,0.99696,0.5932158358573913,0.8323,0.16465999999999992,11880.929689645767
same_epochs,m_sam,128,484,189244,0.03917586567759514,0.99464,0.021604632796645165,0.99816,0.57457378988266,0.8346,0.16356000000000004,11891.867832422256
same_epochs,m_sam,128,485,189635,0.03966209088087082,0.99396,0.022560856142044068,0.99764,0.5799603346824646,0.8337,0.16393999999999997,11933.918953180313
same_epochs,m_sam,128,486,190026,0.03998715171575546,0.9944,0.021966951148808003,0.99766,0.594599668598175,0.8326,0.16505999999999998,11944.670439243317
same_epochs,m_sam,128,487,190417,0.03881284223437309,0.9947,0.021746937574744225,0.9976,0.5848704243659973,0.8357,0.16190000000000004,11990.661814689636
same_epochs,m_sam,128,488,190808,0.03889969415664673,0.99462,0.021385577824115754,0.99708,0.5972971387386322,0.8326,0.16447999999999996,12002.012968301773
same_epochs,m_sam,128,489,191199,0.038765333405733106,0.99464,0.022927451133728027,0.99686,0.6153732718467713,0.831,0.16586,12013.003427743912
same_epochs,m_sam,128,490,191590,0.03905480330824852,0.9948,0.020015720619559287,0.99808,0.5821028512477875,0.8365,0.16157999999999995,12055.329090356827
same_epochs,m_sam,128,491,191981,0.038918980201482774,0.99448,0.02126905804991722,0.9978,0.5844883007526398,0.8339,0.16390000000000005,12066.32986164093
same_epochs,m_sam,128,492,192372,0.038021503509283065,0.99528,0.02240246691763401,0.99782,0.5841435266494751,0.8319,0.16592000000000007,12111.499258041382
same_epochs,m_sam,128,493,192763,0.03710318125247955,0.99534,0.022331260189414025,0.99752,0.5938207055091858,0.8339,0.16362,12122.34999871254
same_epochs,m_sam,128,494,193154,0.03718956217050552,0.9946,0.02170710675239563,0.9979,0.5825993623733521,0.8344,0.16349999999999998,12133.181277275085
same_epochs,m_sam,128,495,193545,0.03765145482897758,0.99512,0.019950899694561958,0.99774,0.5882820355415345,0.8366,0.16113999999999995,12175.353672742844
same_epochs,m_sam,128,496,193936,0.036855494171380995,0.99534,0.024168079967498778,0.99668,0.6053015856742859,0.8285,0.16818,12186.444884061813
same_epochs,m_sam,128,497,194327,0.03692255587339401,0.99514,0.02140154290139675,0.99778,0.5915591447353363,0.8328,0.16498000000000002,12232.606178045273
same_epochs,m_sam,128,498,194718,0.036433418713808056,0.99492,0.023186157333254815,0.99774,0.600664075422287,0.8303,0.16743999999999992,12244.094642877579
same_epochs,m_sam,128,499,195109,0.03839175022006035,0.9945,0.020153822857737543,0.99754,0.5883348838806153,0.8324,0.16513999999999995,12289.390594005585
same_epochs,m_sam,128,500,195500,0.03709890475988388,0.99496,0.01951453192949295,0.99784,0.6024316745758057,0.8321,0.16574,12300.467407941818
same_epochs,m_sam,128,501,195891,0.036058439848423,0.99524,0.019632167365849017,0.99814,0.5921657752037048,0.8301,0.16804000000000008,12311.592435359955
same_epochs,m_sam,128,502,196282,0.03682304464459419,0.99502,0.02128073113232851,0.99758,0.6098671084880829,0.8315,0.16608,12353.284442901611
same_epochs,m_sam,128,503,196673,0.03564661576747894,0.99512,0.018384020837545395,0.9984,0.5775311785697937,0.8364,0.16199999999999992,12366.211156606674
same_epochs,m_sam,128,504,197064,0.03640515603423119,0.99502,0.019334283888638018,0.9981,0.5873124723911285,0.8349,0.1632,12410.284750699997
same_epochs,m_sam,128,505,197455,0.03528248525738716,0.99566,0.01925782612323761,0.99814,0.5838875369071961,0.8348,0.16334000000000004,12421.173299789429
same_epochs,m_sam,128,506,197846,0.03482854659616947,0.99594,0.01862206322133541,0.99808,0.586708572435379,0.8341,0.16398000000000001,12432.258213996887
same_epochs,m_sam,128,507,198237,0.03569394333899021,0.99548,0.02106874406218529,0.99806,0.577352066230774,0.8341,0.16396,12476.28382730484
same_epochs,m_sam,128,508,198628,0.0361118566429615,0.99556,0.020740943735837937,0.99826,0.5913685473442077,0.8325,0.16576000000000002,12488.651960611343
same_epochs,m_sam,128,509,199019,0.03489490599632263,0.99552,0.02047059352874756,0.99734,0.5970578887939453,0.8325,0.16484,12531.632489442825
same_epochs,m_sam,128,510,199410,0.034620128322839734,0.99562,0.02183793105661869,0.99726,0.6045959460258484,0.8323,0.16496,12542.334506750107
same_epochs,m_sam,128,511,199801,0.03446502904772759,0.99562,0.018223988131284712,0.99786,0.6018794936180115,0.8315,0.16635999999999995,12553.576355934143
same_epochs,m_sam,128,512,200192,0.0347252176463604,0.99536,0.019561399290561676,0.99836,0.5840763081073761,0.8346,0.16376000000000002,12596.361787557602
same_epochs,m_sam,128,513,200583,0.03341215326666832,0.996,0.020698486233353616,0.99776,0.5875037877559662,0.8348,0.16296,12607.274993896484
same_epochs,m_sam,128,514,200974,0.03537786242604256,0.9953,0.02146212686538696,0.99772,0.5992013019561767,0.8343,0.16342,12652.610028028488
same_epochs,m_sam,128,515,201365,0.035008337788581846,0.99534,0.01887473987162113,0.99854,0.5941091564178467,0.8315,0.16703999999999997,12664.143437623978
same_epochs,m_sam,128,516,201756,0.03529024472236633,0.99522,0.019698320044875144,0.99842,0.5804922668457031,0.8359,0.16252,12709.700100660324
same_epochs,m_sam,128,517,202147,0.03328333012223244,0.99576,0.018404561084508896,0.9985,0.5811052290916443,0.8356,0.16290000000000004,12720.663115501404
same_epochs,m_sam,128,518,202538,0.03357013949811458,0.99578,0.018160926401019097,0.9986,0.5844384294509888,0.835,0.16360000000000008,12731.399182319641
same_epochs,m_sam,128,519,202929,0.032841629584431646,0.99594,0.019566864203214646,0.99796,0.5989166276931762,0.8324,0.16555999999999993,12773.855278015137
same_epochs,m_sam,128,520,203320,0.033741852921247484,0.99576,0.018137304696440697,0.99836,0.5881128073692322,0.8354,0.16296,12785.060522079468
same_epochs,m_sam,128,521,203711,0.03287296340584755,0.99612,0.019798298916220664,0.99788,0.609062083864212,0.8296,0.16827999999999999,12830.402575731277
same_epochs,m_sam,128,522,204102,0.03296344593763351,0.99594,0.020156579142212867,0.99806,0.5913146420001983,0.8314,0.16665999999999992,12841.492576122284
same_epochs,m_sam,128,523,204493,0.03436187445282936,0.99588,0.019088925667405127,0.99838,0.5998434664726258,0.8336,0.16478000000000004,12852.318259239197
same_epochs,m_sam,128,524,204884,0.03323756410956383,0.9961,0.01832834758937359,0.99888,0.5742356618881226,0.8366,0.16227999999999998,12894.412414312363
same_epochs,m_sam,128,525,205275,0.03233130346894264,0.99666,0.022312827328443526,0.9978,0.5951237379074097,0.8293,0.16849999999999998,12905.372420310974
same_epochs,m_sam,128,526,205666,0.032520927085876464,0.9962,0.019111307754516603,0.99812,0.6009231093406677,0.8326,0.16552,12952.706186532974
same_epochs,m_sam,128,527,206057,0.03315045873939991,0.9957,0.01917583014756441,0.99798,0.5908850604534149,0.8323,0.16567999999999994,12964.158186674118
same_epochs,m_sam,128,528,206448,0.03240856932759285,0.99624,0.018774809019863607,0.99838,0.5862274249076843,0.8348,0.16358000000000006,12975.55244731903
same_epochs,m_sam,128,529,206839,0.03380386527776718,0.99564,0.02022745525598526,0.9981,0.59025701212883,0.8349,0.1632,13015.751288890839
same_epochs,m_sam,128,530,207230,0.03290537415087223,0.9959,0.01849293977737427,0.99832,0.586808159160614,0.8362,0.16211999999999993,13026.392040729523
same_epochs,m_sam,128,531,207621,0.03149203099966049,0.99654,0.01764373254776001,0.9984,0.5886943406581878,0.8352,0.1631999999999999,13072.253660678864
same_epochs,m_sam,128,532,208012,0.03268911252140999,0.99608,0.019019565119445324,0.9986,0.5856963687896729,0.8354,0.1632,13083.317529439926
same_epochs,m_sam,128,533,208403,0.032123969111442566,0.99666,0.022615838383436202,0.9977,0.5945027606964112,0.8331,0.16460000000000008,13129.284905910492
same_epochs,m_sam,128,534,208794,0.03295762467980385,0.99618,0.01965660946428776,0.99792,0.5911638648033142,0.835,0.16292000000000006,13140.520266532898
same_epochs,m_sam,128,535,209185,0.0322634599006176,0.99602,0.020397320421934127,0.9975,0.590642080116272,0.8327,0.16480000000000006,13151.814150333405
same_epochs,m_sam,128,536,209576,0.032988051911592486,0.99564,0.018102628541588783,0.99834,0.5919239284038543,0.8343,0.16403999999999996,13193.91666674614
same_epochs,m_sam,128,537,209967,0.03200289342701435,0.99602,0.023787722619175913,0.9969,0.6004920833587647,0.8306,0.1663,13205.245031356812
same_epochs,m_sam,128,538,210358,0.03212894473075867,0.99592,0.020679532797932623,0.99784,0.595022740650177,0.8316,0.16623999999999994,13250.186261177063
same_epochs,m_sam,128,539,210749,0.030332475202679635,0.99654,0.0212151017588377,0.99792,0.59826292552948,0.8297,0.16822000000000004,13260.907009363174
same_epochs,m_sam,128,540,211140,0.03254654168009758,0.9959,0.017093293065428734,0.99852,0.5845658334732056,0.8363,0.16221999999999992,13271.630332708359
same_epochs,m_sam,128,541,211531,0.030760955495834352,0.99618,0.017074419137239456,0.99884,0.5844173153877258,0.8362,0.1626399999999999,13314.387150764465
same_epochs,m_sam,128,542,211922,0.029877871420383454,0.99676,0.018418533995747565,0.9984,0.5793914958953857,0.8377,0.16069999999999995,13325.248841762543
same_epochs,m_sam,128,543,212313,0.031828798730373385,0.99636,0.01811622512280941,0.99872,0.588802240562439,0.8339,0.16482000000000008,13371.183895111084
same_epochs,m_sam,128,544,212704,0.030563158336281777,0.99628,0.018953201493620873,0.99832,0.594907969045639,0.8344,0.16391999999999995,13381.982445001602
same_epochs,m_sam,128,545,213095,0.031036194463968277,0.9963,0.0176739243298769,0.99862,0.590635092163086,0.8349,0.16371999999999998,13392.91368174553
same_epochs,m_sam,128,546,213486,0.0324918154168129,0.99586,0.01910493680357933,0.9983,0.5861836787223816,0.8341,0.1642,13435.218444824219
same_epochs,m_sam,128,547,213877,0.031935723247528074,0.99596,0.01899173282146454,0.9983,0.5877340799331665,0.8344,0.16389999999999993,13446.52647304535
same_epochs,m_sam,128,548,214268,0.03236712574243546,0.99608,0.016093418490588665,0.99892,0.5836016890525818,0.8359,0.16302000000000005,13491.968538999557
same_epochs,m_sam,128,549,214659,0.030610462783575057,0.9964,0.018061925817131997,0.9982,0.5838396597862243,0.8331,0.16510000000000002,13503.004767656326
same_epochs,m_sam,128,550,215050,0.030228878079652785,0.99672,0.017194821357727052,0.99892,0.5760592131614685,0.8357,0.16322000000000003,13513.95008802414
same_epochs,m_sam,128,551,215441,0.030607649312615396,0.99622,0.017053665226697923,0.99898,0.5762254161834717,0.8375,0.16147999999999996,13556.443283319473
same_epochs,m_sam,128,552,215832,0.02998979977250099,0.99684,0.018627255401015282,0.99852,0.5913284448623657,0.8322,0.1663199999999999,13567.292688846588
same_epochs,m_sam,128,553,216223,0.030305296515226364,0.99632,0.01764466369152069,0.99852,0.5779961109161377,0.8379,0.16061999999999999,13612.740667819977
same_epochs,m_sam,128,554,216614,0.03126606207966805,0.99652,0.01695165623664856,0.9989,0.5799469033718109,0.8351,0.16380000000000006,13624.058668375015
same_epochs,m_sam,128,555,217005,0.03004563543379307,0.99652,0.018150266243219377,0.99872,0.5829768882751465,0.8342,0.16452,13669.68709897995
same_epochs,m_sam,128,556,217396,0.03023259648799896,0.99646,0.0189339561226964,0.99852,0.5963134795188904,0.8324,0.16611999999999993,13681.08361697197
same_epochs,m_sam,128,557,217787,0.029431164024472236,0.99698,0.017432510060667993,0.9988,0.5841808097839355,0.8357,0.16310000000000002,13692.211670398712
same_epochs,m_sam,128,558,218178,0.030043335725069047,0.99636,0.016514953357875346,0.99874,0.5715015756607056,0.839,0.15974,13733.66115951538
same_epochs,m_sam,128,559,218569,0.031029799954891205,0.9963,0.020977548359632493,0.99742,0.6029641246795654,0.8313,0.16611999999999993,13744.858390331268
same_epochs,m_sam,128,560,218960,0.030259211948513984,0.99684,0.017122754621207714,0.99898,0.5751606764793395,0.8347,0.16427999999999998,13790.580866575241
same_epochs,m_sam,128,561,219351,0.02945869083940983,0.9971,0.017907331179380415,0.9984,0.5793979568004608,0.8347,0.16369999999999996,13801.3475522995
same_epochs,m_sam,128,562,219742,0.03008912788271904,0.99702,0.017444580495357513,0.99874,0.5734918086051941,0.836,0.16274,13812.655011415482
same_epochs,m_sam,128,563,220133,0.030393376952409745,0.99676,0.018417007532715798,0.9986,0.5848418414115906,0.8345,0.16410000000000002,13855.103030443192
same_epochs,m_sam,128,564,220524,0.028888938828110694,0.99688,0.018422771538496016,0.99822,0.5974701140403748,0.8318,0.16642,13866.36719751358
same_epochs,m_sam,128,565,220915,0.028964009001255037,0.99704,0.019986172701120377,0.99878,0.5808728157043457,0.8319,0.16688000000000003,13911.329837322235
same_epochs,m_sam,128,566,221306,0.030387788140773773,0.99686,0.018550447506308555,0.99836,0.5839200761318207,0.8315,0.16686,13922.58935880661
same_epochs,m_sam,128,567,221697,0.030064511289596557,0.99668,0.01676268162071705,0.99878,0.5718297659873962,0.8366,0.16218,13933.70643901825
same_epochs,m_sam,128,568,222088,0.0302501560151577,0.99672,0.01830754855632782,0.99844,0.586732310295105,0.8313,0.16713999999999996,13975.48621582985
same_epochs,m_sam,128,569,222479,0.030115978585481644,0.99638,0.017459953354001044,0.99848,0.5821635389328003,0.8354,0.16308,13986.637641191483
same_epochs,m_sam,128,570,222870,0.029832813448905943,0.99672,0.018731231989264487,0.9986,0.5835236915588379,0.8359,0.16270000000000007,14032.091361761093
same_epochs,m_sam,128,571,223261,0.02824259840965271,0.99726,0.017769768669307233,0.99854,0.5859678153038025,0.8374,0.16113999999999995,14043.111450910568
same_epochs,m_sam,128,572,223652,0.028183945866823195,0.9969,0.017494677584469317,0.99874,0.5868046702384949,0.8387,0.16003999999999996,14089.054727315903
same_epochs,m_sam,128,573,224043,0.027748242923021315,0.99706,0.01807864312171936,0.99822,0.5966718692302704,0.8324,0.16581999999999997,14100.947039842606
same_epochs,m_sam,128,574,224434,0.028831060620546342,0.99688,0.01792122488439083,0.99846,0.5929236604690552,0.8345,0.16396,14111.743275880814
same_epochs,m_sam,128,575,224825,0.02863158734381199,0.99684,0.015237340088486671,0.999,0.587646815443039,0.8376,0.1614,14153.318751811981
same_epochs,m_sam,128,576,225216,0.02888153491616249,0.99662,0.017520571172833444,0.99864,0.5839773413181305,0.8344,0.16423999999999994,14164.047132253647
same_epochs,m_sam,128,577,225607,0.028962172909080982,0.99656,0.016622233280837537,0.99876,0.5768988134384155,0.8357,0.16305999999999998,14210.02510523796
same_epochs,m_sam,128,578,225998,0.028311891607642175,0.9971,0.018213046575188636,0.99864,0.5850389852523804,0.834,0.16464,14220.995453119278
same_epochs,m_sam,128,579,226389,0.028125993324518202,0.9971,0.020750675985813143,0.99816,0.5950038304328918,0.8336,0.16456000000000004,14231.663638353348
same_epochs,m_sam,128,580,226780,0.02898680356323719,0.99694,0.019801840457320214,0.99766,0.5962050442695618,0.8329,0.16476000000000002,14274.112211942673
same_epochs,m_sam,128,581,227171,0.02833215898990631,0.99718,0.0177944327378273,0.99904,0.5795265983581543,0.8358,0.16324000000000005,14284.90084862709
same_epochs,m_sam,128,582,227562,0.02798114102780819,0.99704,0.016738198652863502,0.999,0.5844150234222412,0.8327,0.1663,14330.753783464432
same_epochs,m_sam,128,583,227953,0.029138997752070427,0.99674,0.01983388000369072,0.99856,0.5789181831359863,0.8374,0.16115999999999997,14341.951365232468
same_epochs,m_sam,128,584,228344,0.028335226712822913,0.9973,0.01845199231147766,0.99828,0.5879545763015747,0.8362,0.1620799999999999,14353.111245632172
same_epochs,m_sam,128,585,228735,0.0284062142264843,0.9973,0.017292399257421494,0.99854,0.5857673760414124,0.834,0.16454000000000002,14394.885757684708
same_epochs,m_sam,128,586,229126,0.02778458600640297,0.99716,0.01811892809867859,0.99842,0.5807146744728089,0.8334,0.16501999999999994,14405.629016399384
same_epochs,m_sam,128,587,229517,0.02726122527003288,0.99694,0.018885491165816785,0.9985,0.5875817616462707,0.8328,0.16570000000000007,14451.532754898071
same_epochs,m_sam,128,588,229908,0.02795343964397907,0.99716,0.016432564554214477,0.99892,0.5745582921981811,0.837,0.16192000000000006,14462.260878562927
same_epochs,m_sam,128,589,230299,0.027869497542381286,0.99692,0.01796904516160488,0.99828,0.5872853687286377,0.8381,0.16018,14473.112767457962
same_epochs,m_sam,128,590,230690,0.027475756623744966,0.99736,0.01514067157059908,0.99926,0.5754712040901184,0.8355,0.16376000000000002,14517.290641784668
same_epochs,m_sam,128,591,231081,0.028124871928691866,0.99704,0.01795018591195345,0.99856,0.5932802382469178,0.8305,0.16806,14528.599833250046
same_epochs,m_sam,128,592,231472,0.027024080965518952,0.99744,0.016288303748369218,0.99878,0.5792565225601196,0.8371,0.16168000000000005,14574.753458738327
same_epochs,m_sam,128,593,231863,0.027041300463676452,0.99702,0.017312079400420188,0.99854,0.5932112789154053,0.8303,0.16823999999999995,14586.02667927742
same_epochs,m_sam,128,594,232254,0.028435217351317404,0.99682,0.016377559208869935,0.99898,0.5833266719818115,0.8346,0.16437999999999997,14629.803139925003
same_epochs,m_sam,128,595,232645,0.026680923274755478,0.99748,0.016234147405326367,0.9989,0.5754321762561798,0.8341,0.16480000000000006,14640.850481748581
same_epochs,m_sam,128,596,233036,0.026340493507683277,0.99734,0.017163896855711937,0.99872,0.5883897793769837,0.8341,0.1646200000000001,14651.69058561325
same_epochs,m_sam,128,597,233427,0.02735803758978844,0.99744,0.01787239128470421,0.9984,0.5863815230846405,0.8314,0.16699999999999993,14694.684556007385
same_epochs,m_sam,128,598,233818,0.02689295752823353,0.9974,0.015849999029934406,0.99906,0.5705874763011932,0.8345,0.16455999999999993,14705.99475312233
same_epochs,m_sam,128,599,234209,0.027436052423715593,0.99712,0.01736194498896599,0.99858,0.5867208024978637,0.8325,0.16608,14750.753025531769
same_epochs,m_sam,128,600,234600,0.027146830043792723,0.99722,0.020679043434262277,0.99772,0.5924143043041229,0.8292,0.16852,14761.90850520134
same_epochs,m_sam,128,601,234991,0.02723258901834488,0.99724,0.01713986106514931,0.99884,0.5755379435539245,0.8347,0.16413999999999995,14772.4732234478
same_epochs,m_sam,128,602,235382,0.027271370192766188,0.99696,0.018499855159521104,0.9986,0.5877577212333679,0.8313,0.1673,14814.950167655945
same_epochs,m_sam,128,603,235773,0.026902147948741913,0.9975,0.015821055485606195,0.9991,0.5770144354820251,0.836,0.16310000000000002,14825.571951150894
same_epochs,m_sam,128,604,236164,0.026589115031957627,0.99756,0.01691570589005947,0.9989,0.584728880405426,0.8333,0.16559999999999997,14871.547033071518
same_epochs,m_sam,128,605,236555,0.027099238381385803,0.99724,0.019563962971568108,0.9984,0.5972234451293945,0.8283,0.17009999999999992,14882.831864595413
same_epochs,m_sam,128,606,236946,0.026815528400540353,0.99736,0.016693961467146873,0.99918,0.5765343733787537,0.8337,0.16547999999999996,14894.10784482956
same_epochs,m_sam,128,607,237337,0.026464107645154,0.99738,0.01772204852283001,0.99864,0.5718628651618958,0.8345,0.16413999999999995,14935.818650484085
same_epochs,m_sam,128,608,237728,0.026440850849151612,0.99752,0.017952468452453612,0.99876,0.5669384930610657,0.8358,0.16296,14946.794367313385
same_epochs,m_sam,128,609,238119,0.028086368037462235,0.99734,0.017823582139611244,0.9984,0.5895532005310059,0.8317,0.16669999999999996,14992.677234172821
same_epochs,m_sam,128,610,238510,0.027226300580501555,0.99718,0.01686513911128044,0.9987,0.5845772497177124,0.8333,0.1654,15003.385870695114
same_epochs,m_sam,128,611,238901,0.02777252773165703,0.99682,0.016757806901931762,0.99866,0.5799490236282349,0.831,0.16766000000000003,15049.084538698196
same_epochs,m_sam,128,612,239292,0.027674474756717683,0.99712,0.01747580083489418,0.99868,0.5868490897655487,0.8308,0.16788000000000003,15060.474933624268
same_epochs,m_sam,128,613,239683,0.02631878767311573,0.99742,0.017337074982821943,0.9989,0.5713472856998444,0.8384,0.16049999999999998,15071.874922990799
same_epochs,m_sam,128,614,240074,0.027195778552293777,0.99714,0.015821280252337457,0.9991,0.5696486148834229,0.8362,0.16289999999999993,15113.590663194656
same_epochs,m_sam,128,615,240465,0.025715662938952447,0.99754,0.017617565447986126,0.9987,0.5772452425003052,0.8331,0.16560000000000008,15124.960873365402
same_epochs,m_sam,128,616,240856,0.02620413053393364,0.99754,0.016019460234045983,0.99882,0.5780884150505066,0.8359,0.16292000000000006,15170.342620134354
same_epochs,m_sam,128,617,241247,0.02593528604865074,0.99728,0.017196584684848786,0.99858,0.5824241524219513,0.8365,0.16208,15181.165246963501
same_epochs,m_sam,128,618,241638,0.02578920945942402,0.99772,0.017319570812880995,0.9986,0.5910189526557922,0.8336,0.16500000000000004,15191.789372682571
same_epochs,m_sam,128,619,242029,0.02647010479092598,0.9974,0.01729930120229721,0.9986,0.5851200838088989,0.8346,0.16400000000000003,15234.607231378555
same_epochs,m_sam,128,620,242420,0.026731562168598174,0.99722,0.017646455987989904,0.99838,0.582431010723114,0.8324,0.16598000000000002,15245.501831531525
same_epochs,m_sam,128,621,242811,0.02755580031812191,0.9969,0.016272328183650972,0.99878,0.5768516721725464,0.8344,0.16437999999999997,15291.24393415451
same_epochs,m_sam,128,622,243202,0.027220838711857796,0.99726,0.016599096458554268,0.9988,0.5793449774742127,0.8355,0.1633,15301.880727291107
same_epochs,m_sam,128,623,243593,0.026350151983499527,0.99764,0.017955170212090015,0.99854,0.5856352052688598,0.833,0.16554000000000002,15313.171765089035
same_epochs,m_sam,128,624,243984,0.02695284727036953,0.99728,0.016662043030261992,0.99876,0.5764506073951721,0.837,0.16176000000000001,15354.985656261444
same_epochs,m_sam,128,625,244375,0.02620306400179863,0.99728,0.018026487292051314,0.99886,0.5766842926979064,0.8339,0.16496,15367.516730070114
same_epochs,m_sam,128,626,244766,0.026639158998727798,0.99742,0.01936302651524544,0.99814,0.5763702917099,0.8351,0.16304000000000007,15412.283414363861
same_epochs,m_sam,128,627,245157,0.02652960408091545,0.99736,0.015886075634658336,0.99898,0.5808986501693726,0.8359,0.16308,15423.498860120773
same_epochs,m_sam,128,628,245548,0.02577578249812126,0.99762,0.0159061945271492,0.99898,0.572944912147522,0.8312,0.16777999999999993,15468.69301867485
same_epochs,m_sam,128,629,245939,0.02563951327800751,0.99764,0.015330267804563046,0.99902,0.5785295187950135,0.839,0.16002000000000005,15479.767100095749
same_epochs,m_sam,128,630,246330,0.025827967993617057,0.9976,0.016339653945565222,0.99882,0.5755335943698883,0.8347,0.16412000000000004,15490.679715633392
same_epochs,m_sam,128,631,246721,0.026333869602680207,0.99748,0.016324572762846948,0.99906,0.5806301696777344,0.8327,0.16635999999999995,15532.905268669128
same_epochs,m_sam,128,632,247112,0.025229230195879936,0.99792,0.017346310865283012,0.99906,0.5731559748649597,0.8324,0.16665999999999992,15543.979323625565
same_epochs,m_sam,128,633,247503,0.026071288385391234,0.99748,0.018117856208086015,0.99842,0.5873724281311035,0.8309,0.16752,15589.540718078613
same_epochs,m_sam,128,634,247894,0.026050684582591056,0.9971,0.017055028153657913,0.99848,0.5851879144668579,0.8339,0.16458000000000006,15600.74274134636
same_epochs,m_sam,128,635,248285,0.025301416076421737,0.99802,0.015805878630280493,0.9992,0.5656285354614258,0.8384,0.16079999999999994,15611.663765907288
same_epochs,m_sam,128,636,248676,0.024776666194796564,0.99798,0.018947453839182855,0.9981,0.5915240717887879,0.8297,0.1684,15653.944957017899
same_epochs,m_sam,128,637,249067,0.025347476054430006,0.99766,0.0170593610394001,0.99844,0.5829256318092346,0.8344,0.16403999999999996,15665.335407018661
same_epochs,m_sam,128,638,249458,0.025613893500566483,0.99784,0.01685447463750839,0.99894,0.5735341874122619,0.8316,0.16734000000000004,15710.493045091629
same_epochs,m_sam,128,639,249849,0.02528589175105095,0.99774,0.017796926982402803,0.99854,0.5937463527679443,0.8327,0.16584,15721.548380374908
same_epochs,m_sam,128,640,250240,0.025827504795193672,0.99738,0.01638419681042433,0.99884,0.576598399925232,0.8344,0.16443999999999992,15732.462885141373
same_epochs,m_sam,128,641,250631,0.02451415843129158,0.99772,0.016299462475776672,0.99888,0.5740734199523926,0.8359,0.16298,15775.004355430603
same_epochs,m_sam,128,642,251022,0.02566077879846096,0.99754,0.015419238218665123,0.99918,0.5730948861598969,0.8346,0.16457999999999995,15785.827494382858
same_epochs,m_sam,128,643,251413,0.024992217987775803,0.99742,0.019481595677733422,0.9983,0.5846436643600463,0.8332,0.1650999999999999,15831.439424753189
same_epochs,m_sam,128,644,251804,0.025330265255570413,0.99764,0.017747864284515382,0.99864,0.5848579909324646,0.8324,0.16623999999999994,15842.38767528534
same_epochs,m_sam,128,645,252195,0.024746563012599945,0.99754,0.017492897641956807,0.99862,0.581910595035553,0.8299,0.16871999999999998,15853.461368083954
same_epochs,m_sam,128,646,252586,0.02525602402091026,0.99782,0.01807318484723568,0.99884,0.5703051304340363,0.8331,0.16574,15895.692187547684
same_epochs,m_sam,128,647,252977,0.026810432628393173,0.99736,0.01783816393017769,0.9988,0.5818529042243957,0.8296,0.16920000000000002,15906.76896739006
same_epochs,m_sam,128,648,253368,0.025835635616779328,0.9978,0.016500882920324804,0.99866,0.5733898798465729,0.836,0.16266000000000003,15952.092902898788
same_epochs,m_sam,128,649,253759,0.026061231507658957,0.99754,0.01764808248460293,0.99876,0.5749727106571197,0.8337,0.16505999999999998,15963.286854982376
same_epochs,m_sam,128,650,254150,0.024425449134111404,0.99768,0.01838632134705782,0.99818,0.5980986693382263,0.8292,0.1689799999999999,15974.15760564804
same_epochs,m_sam,128,651,254541,0.024841704404950142,0.99762,0.015574644683003425,0.99884,0.572058567905426,0.8342,0.1646399999999999,16016.115218400955
same_epochs,m_sam,128,652,254932,0.024348809992671014,0.99776,0.016933155970871448,0.99856,0.5831069017410279,0.8331,0.16546000000000005,16027.454575538635
same_epochs,m_sam,128,653,255323,0.024059495409727096,0.99812,0.016319239118099214,0.99926,0.5702508804321289,0.8346,0.16466000000000003,16073.062551021576
same_epochs,m_sam,128,654,255714,0.025126004229187964,0.99766,0.018012930664420126,0.9987,0.5787918868541717,0.8342,0.16449999999999998,16084.787822008133
same_epochs,m_sam,128,655,256105,0.024942184983491898,0.99774,0.016600335793495177,0.99906,0.5695287247180939,0.8353,0.1637599999999999,16129.702583789825
same_epochs,m_sam,128,656,256496,0.025125620970726015,0.99758,0.016049335789084435,0.9993,0.572852206325531,0.836,0.1633,16140.37413096428
same_epochs,m_sam,128,657,256887,0.02500279867887497,0.9978,0.018917647113204,0.99842,0.5780793964385986,0.8297,0.16871999999999998,16151.128260850906
same_epochs,m_sam,128,658,257278,0.025747735778093337,0.99726,0.017484178624749182,0.99856,0.5886554213523865,0.8332,0.16535999999999995,16194.200388908386
same_epochs,m_sam,128,659,257669,0.025097294404506684,0.99774,0.015978317326903343,0.99886,0.5867369091033936,0.8337,0.16515999999999997,16204.956904649734
same_epochs,m_sam,128,660,258060,0.025371467928886414,0.99768,0.017295311303734778,0.99878,0.5788310017585755,0.835,0.16378000000000004,16251.089668512344
same_epochs,m_sam,128,661,258451,0.02420867898464203,0.99794,0.016597465108633042,0.99894,0.5724841039657593,0.8383,0.16064,16262.143854618073
same_epochs,m_sam,128,662,258842,0.02432220626413822,0.99798,0.015356959590911864,0.99924,0.5659037024497986,0.8361,0.16314000000000006,16273.27158164978
same_epochs,m_sam,128,663,259233,0.02389004833340645,0.99764,0.01689541470170021,0.99912,0.5716467616081238,0.8341,0.16502000000000006,16315.004645109177
same_epochs,m_sam,128,664,259624,0.024605641773939133,0.99796,0.017259863372147084,0.99872,0.5819588549613952,0.8338,0.16492000000000007,16326.428009271622
same_epochs,m_sam,128,665,260015,0.02438419302523136,0.99778,0.014158764192759991,0.99932,0.5637757041454315,0.8391,0.16022000000000003,16371.57158446312
same_epochs,m_sam,128,666,260406,0.023882696214318277,0.99794,0.01571985757112503,0.99916,0.5709605113983154,0.8356,0.16356000000000004,16382.342366933823
same_epochs,m_sam,128,667,260797,0.02354261337697506,0.99774,0.017344136492908002,0.9989,0.5750068853378296,0.8343,0.16459999999999997,16393.26846075058
same_epochs,m_sam,128,668,261188,0.02369492234349251,0.9982,0.016527798261344432,0.99908,0.5822254618644714,0.8322,0.16687999999999992,16436.369472503662
same_epochs,m_sam,128,669,261579,0.024096014649569987,0.99788,0.016942437806427478,0.99878,0.583914077758789,0.8325,0.16627999999999998,16450.205748558044
same_epochs,m_sam,128,670,261970,0.023941554552912712,0.99768,0.015284924994111061,0.99892,0.5800093997001647,0.8371,0.16182000000000007,16493.207090377808
same_epochs,m_sam,128,671,262361,0.02395672856926918,0.9976,0.015509462203383445,0.9991,0.5739423451423645,0.8367,0.1624,16503.884719610214
same_epochs,m_sam,128,672,262752,0.023771940187215804,0.99794,0.017312889330983162,0.9987,0.5745748363494873,0.8348,0.16390000000000005,16549.535670518875
same_epochs,m_sam,128,673,263143,0.02449427623808384,0.99792,0.01662238951206207,0.99882,0.5754023108482361,0.8362,0.16262,16560.463922977448
same_epochs,m_sam,128,674,263534,0.02464240224480629,0.998,0.016188658341765402,0.99906,0.5735749002456665,0.8366,0.16245999999999994,16571.434981822968
same_epochs,m_sam,128,675,263925,0.023552454231381418,0.99794,0.015549411759078502,0.99896,0.5695623812675477,0.8368,0.16215999999999997,16613.904349565506
same_epochs,m_sam,128,676,264316,0.024806747003793716,0.99804,0.01660125495314598,0.9988,0.5795216107368469,0.8357,0.16310000000000002,16624.909418582916
same_epochs,m_sam,128,677,264707,0.02444341001152992,0.99794,0.01617551055878401,0.99894,0.5607914743423462,0.8386,0.16034000000000004,16670.372930288315
same_epochs,m_sam,128,678,265098,0.023734113622903823,0.99804,0.015626651654839514,0.99928,0.563071152305603,0.8367,0.16257999999999995,16681.7830119133
same_epochs,m_sam,128,679,265489,0.023964801562428473,0.99792,0.015688241496682166,0.999,0.5611887516975402,0.8363,0.16269999999999996,16692.452755451202
same_epochs,m_sam,128,680,265880,0.02374487138390541,0.99792,0.014484511432051659,0.99926,0.5590555331230164,0.8378,0.16146000000000005,16734.542308330536
same_epochs,m_sam,128,681,266271,0.02377037640631199,0.9982,0.01581868240594864,0.99894,0.5702414859771728,0.8339,0.16504000000000008,16745.669405698776
same_epochs,m_sam,128,682,266662,0.023986271272897722,0.99782,0.016362240242660045,0.99888,0.5787555126190186,0.8344,0.16447999999999996,16791.249327898026
same_epochs,m_sam,128,683,267053,0.024332581518888473,0.99764,0.01444584838628769,0.99904,0.5635959205627441,0.8385,0.16054000000000002,16802.53998565674
same_epochs,m_sam,128,684,267444,0.023981503608226776,0.99796,0.017186590767502785,0.99868,0.5666657711029053,0.8355,0.16318,16813.344079256058
same_epochs,m_sam,128,685,267835,0.023538829255104064,0.99806,0.016700585851967334,0.99872,0.5763470355987549,0.8329,0.16582000000000008,16855.449919700623
same_epochs,m_sam,128,686,268226,0.023651867988705635,0.99758,0.016125158880352975,0.99886,0.5676805376052857,0.8356,0.16325999999999996,16866.17418384552
same_epochs,m_sam,128,687,268617,0.02347494945704937,0.99804,0.015274635830521584,0.99898,0.5915183595657348,0.8327,0.16627999999999998,16911.943141937256
same_epochs,m_sam,128,688,269008,0.023653507507443428,0.99786,0.016520301451087,0.99898,0.5784042132377625,0.8319,0.16708,16922.571438789368
same_epochs,m_sam,128,689,269399,0.024724783803224563,0.9978,0.014940527000427245,0.99944,0.56368053689003,0.8351,0.16434000000000004,16933.847469329834
same_epochs,m_sam,128,690,269790,0.023205129959583282,0.9982,0.014111079276800156,0.99954,0.5712583765029907,0.8356,0.16393999999999997,16976.68837237358
same_epochs,m_sam,128,691,270181,0.023140926150083542,0.99808,0.014845568324923515,0.9994,0.571738189792633,0.8338,0.16559999999999997,16987.51573085785
same_epochs,m_sam,128,692,270572,0.02229273331642151,0.99808,0.013586602104306221,0.9994,0.5553979955673217,0.8365,0.16289999999999993,17032.839605093002
same_epochs,m_sam,128,693,270963,0.022334835432767867,0.99806,0.01462878461062908,0.99916,0.5695365960121155,0.8363,0.16286,17043.86808848381
same_epochs,m_sam,128,694,271354,0.02350707933485508,0.99772,0.01517124607682228,0.9991,0.573267689037323,0.8337,0.1654,17089.49315881729
same_epochs,m_sam,128,695,271745,0.023039373990297318,0.9981,0.014581439932584763,0.99936,0.5747325613021851,0.8344,0.16496,17100.149486780167
same_epochs,m_sam,128,696,272136,0.02282146708667278,0.99776,0.0145882520750165,0.99934,0.5685726760864258,0.8371,0.16224000000000005,17110.992456912994
same_epochs,m_sam,128,697,272527,0.0226316255068779,0.99818,0.015090278536081313,0.9993,0.5735698274612426,0.8338,0.16549999999999998,17153.58254480362
same_epochs,m_sam,128,698,272918,0.023235286692380903,0.99814,0.018270127683281897,0.99858,0.5875859728813171,0.8288,0.16978000000000004,17164.71154808998
same_epochs,m_sam,128,699,273309,0.02364308470904827,0.9981,0.015152759718298912,0.99916,0.5833154532432556,0.8285,0.17066000000000003,17210.386291742325
same_epochs,m_sam,128,700,273700,0.023239793761372567,0.99816,0.017417034407854082,0.99882,0.5874435886383057,0.8306,0.16822000000000004,17221.28152823448
same_epochs,m_sam,128,701,274091,0.022659920948147772,0.99834,0.015235734291374684,0.99916,0.5736384740829468,0.8371,0.1620600000000001,17234.23902821541
same_epochs,m_sam,128,702,274482,0.02255426415026188,0.9982,0.015333941819667816,0.9988,0.5802691828727722,0.8333,0.16549999999999998,17274.997708559036
same_epochs,m_sam,128,703,274873,0.02235343630194664,0.99822,0.016532090297043323,0.99848,0.5746081053733826,0.8356,0.16288000000000002,17285.76882171631
same_epochs,m_sam,128,704,275264,0.02158778932571411,0.99858,0.014189634990990161,0.99918,0.5836476777076721,0.8349,0.16427999999999998,17331.42431330681
same_epochs,m_sam,128,705,275655,0.022415772391557693,0.99804,0.016259926195144655,0.99872,0.572196554851532,0.8307,0.16802000000000006,17342.427278757095
same_epochs,m_sam,128,706,276046,0.02272901294887066,0.99816,0.01392519030869007,0.9994,0.5670208746910095,0.8356,0.16379999999999995,17353.27561235428
same_epochs,m_sam,128,707,276437,0.02277513877272606,0.99798,0.01478519551217556,0.99892,0.5804253436088562,0.8379,0.16102000000000005,17395.2848341465
same_epochs,m_sam,128,708,276828,0.022310880720317363,0.99842,0.015313303398787975,0.99924,0.5778271483421326,0.8339,0.16534000000000004,17406.539210557938
same_epochs,m_sam,128,709,277219,0.02132979315638542,0.99856,0.015494633280932903,0.99884,0.5775320772171021,0.835,0.16383999999999999,17452.31305885315
same_epochs,m_sam,128,710,277610,0.021934388182759286,0.99822,0.013821336143612861,0.99934,0.5779700911521911,0.8355,0.16383999999999999,17466.093502998352
same_epochs,m_sam,128,711,278001,0.022202968842983246,0.99828,0.01668762822598219,0.9988,0.5919278561592102,0.8308,0.16800000000000004,17509.233261346817
same_epochs,m_sam,128,712,278392,0.022605749329924582,0.99832,0.0152308575963974,0.99916,0.5844289034843445,0.8338,0.16536000000000006,17520.050662517548
same_epochs,m_sam,128,713,278783,0.022781100313663483,0.99806,0.01516941335439682,0.9989,0.5756623769760132,0.836,0.16290000000000004,17531.24999475479
same_epochs,m_sam,128,714,279174,0.021793983222842216,0.9984,0.01387184418141842,0.9992,0.5638014065742493,0.8371,0.16210000000000002,17573.391755342484
same_epochs,m_sam,128,715,279565,0.02165656423330307,0.99822,0.01503341121673584,0.9992,0.5691283804893493,0.8351,0.16410000000000002,17584.253725767136
same_epochs,m_sam,128,716,279956,0.022398434861898422,0.9983,0.015901917213797568,0.99876,0.5761220461845398,0.8341,0.16466000000000003,17630.044703722
same_epochs,m_sam,128,717,280347,0.021447858303189276,0.9986,0.014290814999043942,0.9988,0.5758932390213013,0.8361,0.16270000000000007,17640.984885692596
same_epochs,m_sam,128,718,280738,0.02137139100074768,0.99796,0.015757291527092456,0.99898,0.5763340326309204,0.8363,0.16267999999999994,17651.67849111557
same_epochs,m_sam,128,719,281129,0.022283346617519857,0.99828,0.01581341975271702,0.99916,0.583892929649353,0.8348,0.16436000000000006,17694.04651784897
same_epochs,m_sam,128,720,281520,0.022557628573179243,0.99802,0.015424358306527138,0.9989,0.5791754397392272,0.8355,0.1634,17705.30019235611
same_epochs,m_sam,128,721,281911,0.02161573825597763,0.99844,0.015136412596702576,0.99898,0.5719110490322113,0.8337,0.16527999999999998,17750.837235689163
same_epochs,m_sam,128,722,282302,0.022649998247623444,0.99784,0.014482209768593312,0.9991,0.5806249091148377,0.8356,0.16349999999999998,17762.17145872116
same_epochs,m_sam,128,723,282693,0.021331002756357194,0.99836,0.01579572318136692,0.99888,0.5808685207366944,0.8355,0.16337999999999997,17772.909727096558
same_epochs,m_sam,128,724,283084,0.022625269531011582,0.9981,0.013322285606861115,0.9994,0.5615361945152283,0.8346,0.16479999999999995,17815.33165550232
same_epochs,m_sam,128,725,283475,0.022744013391137123,0.99812,0.014121535902023315,0.99932,0.5778419101715088,0.8359,0.16342,17828.748752593994
same_epochs,m_sam,128,726,283866,0.02094281605988741,0.9986,0.0162698858076334,0.99856,0.5877641117095947,0.8311,0.16746000000000005,17871.893752098083
same_epochs,m_sam,128,727,284257,0.02178199280321598,0.99838,0.015714403559863567,0.99892,0.5801299880504608,0.8362,0.16271999999999998,17883.06871843338
same_epochs,m_sam,128,728,284648,0.023386364659070968,0.99776,0.014461639632880687,0.9992,0.5738808847427368,0.8349,0.1643,17894.5636177063
same_epochs,m_sam,128,729,285039,0.021411727567911147,0.99836,0.01362852091372013,0.9993,0.5660007552146912,0.839,0.1603,17936.449854373932
same_epochs,m_sam,128,730,285430,0.02285851643562317,0.99804,0.01691841175556183,0.9987,0.589972220659256,0.8304,0.1683,17951.208844184875
same_epochs,m_sam,128,731,285821,0.0220325591558218,0.99822,0.014956729241907597,0.999,0.5716331624507904,0.8365,0.16249999999999998,17993.549084186554
same_epochs,m_sam,128,732,286212,0.021355791784524916,0.99814,0.015081319907009602,0.999,0.5792837579727173,0.8354,0.16359999999999997,18004.86504817009
same_epochs,m_sam,128,733,286603,0.02147764005422592,0.99822,0.01627121583968401,0.99872,0.5793509095191955,0.8334,0.16532000000000002,18050.117078065872
same_epochs,m_sam,128,734,286994,0.02067699498951435,0.99852,0.015246296978294849,0.99902,0.5775286410331726,0.8335,0.16552,18060.87336087227
same_epochs,m_sam,128,735,287385,0.021018712124526502,0.99838,0.015290839002728462,0.99894,0.5906607346534729,0.8346,0.16434000000000004,18071.553592681885
same_epochs,m_sam,128,736,287776,0.020947161151468753,0.99842,0.014265157386660576,0.9992,0.5701503512859345,0.8358,0.1634,18116.39351916313
same_epochs,m_sam,128,737,288167,0.022270774549245833,0.99808,0.014052469888329505,0.99938,0.5714118460655212,0.8352,0.16418,18127.771682977676
same_epochs,m_sam,128,738,288558,0.021523793489336966,0.99808,0.014927856852412224,0.99896,0.5800935200691223,0.8349,0.16405999999999998,18171.538925647736
same_epochs,m_sam,128,739,288949,0.021313646228909494,0.99822,0.01465846444606781,0.9991,0.5783611788749695,0.8337,0.1654,18184.012888669968
same_epochs,m_sam,128,740,289340,0.02084981615245342,0.99858,0.014481843262016774,0.9991,0.567781727218628,0.8366,0.16249999999999998,18194.84839940071
same_epochs,m_sam,128,741,289731,0.02083222526371479,0.99834,0.016625522975623606,0.9987,0.581426374912262,0.836,0.16270000000000007,18235.47017288208
same_epochs,m_sam,128,742,290122,0.021056035363674164,0.9984,0.01919103407174349,0.998,0.5799545721054077,0.8299,0.16810000000000003,18245.6754758358
same_epochs,m_sam,128,743,290513,0.02150685275733471,0.99822,0.015387952992320061,0.99908,0.571453804397583,0.835,0.16408,18292.12717628479
same_epochs,m_sam,128,744,290904,0.0209592974627018,0.99852,0.013445228395462036,0.99924,0.5641293273925782,0.8364,0.16283999999999998,18302.914508342743
same_epochs,m_sam,128,745,291295,0.02109726347208023,0.99826,0.01365528079032898,0.99918,0.5753932855606079,0.8333,0.16587999999999992,18348.789932012558
same_epochs,m_sam,128,746,291686,0.020490972105264665,0.9985,0.015308390209376813,0.99882,0.5753492017745971,0.8335,0.16532000000000002,18359.77455186844
same_epochs,m_sam,128,747,292077,0.02186242882668972,0.99832,0.01450286780744791,0.99908,0.5633779984474182,0.837,0.16208,18370.851618528366
same_epochs,m_sam,128,748,292468,0.0225644271838665,0.99794,0.0162685690587759,0.99874,0.5895067423820496,0.8304,0.16833999999999993,18413.01254916191
same_epochs,m_sam,128,749,292859,0.020903803092241286,0.99834,0.013833600559830666,0.99924,0.5738790581703186,0.8352,0.16403999999999996,18423.8690199852
same_epochs,m_sam,128,750,293250,0.020442292945981027,0.99872,0.014668761082291603,0.999,0.5833044675827026,0.8326,0.1664,18469.78071331978
same_epochs,m_sam,128,751,293641,0.021650242933034896,0.99776,0.013928204488754273,0.99926,0.5688392534255982,0.8379,0.16136000000000006,18480.408207178116
same_epochs,m_sam,128,752,294032,0.020583689855337144,0.9984,0.016967096467614174,0.9985,0.585915934085846,0.831,0.1675000000000001,18491.19051837921
same_epochs,m_sam,128,753,294423,0.021012414003610612,0.99844,0.016392390264868738,0.99902,0.5794142570495605,0.834,0.16502000000000006,18533.937706708908
same_epochs,m_sam,128,754,294814,0.021497153211832046,0.99814,0.014439170756042004,0.99918,0.5789025757789612,0.8366,0.16257999999999995,18545.22649526596
same_epochs,m_sam,128,755,295205,0.021531579364538193,0.99852,0.013527884628772736,0.99912,0.5788145348548889,0.8371,0.16202000000000005,18590.428926467896
same_epochs,m_sam,128,756,295596,0.020798536080121995,0.99826,0.013453200632929803,0.99926,0.5760265659332275,0.8371,0.16216000000000008,18601.275708913803
same_epochs,m_sam,128,757,295987,0.020340456877350806,0.9982,0.015402156205177308,0.99896,0.5860352100372315,0.8327,0.16625999999999996,18613.959371328354
same_epochs,m_sam,128,758,296378,0.02117404267847538,0.99856,0.015725399917960167,0.99892,0.5785517530441284,0.8337,0.16522000000000003,18654.768013715744
same_epochs,m_sam,128,759,296769,0.02054777751147747,0.99836,0.013844294440448284,0.99908,0.5743845071792603,0.838,0.16108,18665.356067419052
same_epochs,m_sam,128,760,297160,0.020226036696136,0.9984,0.014075371804833411,0.99908,0.5801836091995239,0.8331,0.16598000000000002,18711.39001107216
same_epochs,m_sam,128,761,297551,0.020581308375597,0.99816,0.01496627414405346,0.99868,0.5789061485290528,0.8373,0.16137999999999997,18722.533774375916
same_epochs,m_sam,128,762,297942,0.020510727060437203,0.99842,0.01402832571297884,0.99926,0.5781098398208618,0.835,0.16426000000000007,18733.645772457123
same_epochs,m_sam,128,763,298333,0.02048151815056801,0.99838,0.014502665156722069,0.99892,0.5860608038902283,0.8365,0.16242,18776.394632339478
same_epochs,m_sam,128,764,298724,0.020251200658082964,0.9986,0.013194982818067073,0.99916,0.5686959785461426,0.8386,0.16056000000000004,18789.502967119217
same_epochs,m_sam,128,765,299115,0.020702210847139357,0.9984,0.014303840594291687,0.99932,0.5724212487220764,0.839,0.16032000000000002,18833.23749113083
same_epochs,m_sam,128,766,299506,0.02102083476662636,0.99822,0.014839812061786651,0.99916,0.5708429646492005,0.8349,0.16426000000000007,18844.07079768181
same_epochs,m_sam,128,767,299897,0.02037727078437805,0.9985,0.01487985042989254,0.99904,0.5677395119667054,0.835,0.16404000000000007,18889.495049476624
same_epochs,m_sam,128,768,300288,0.020216473135352134,0.99848,0.014409775686264038,0.99906,0.5831754822731018,0.8378,0.16125999999999996,18900.165064811707
same_epochs,m_sam,128,769,300679,0.02077682154893875,0.99858,0.013999072814583778,0.99924,0.5630088222503662,0.8417,0.15754,18910.9363386631
same_epochs,m_sam,128,770,301070,0.0204481336158514,0.99844,0.013049747551083565,0.9994,0.5818889538764953,0.8343,0.1650999999999999,18953.633564710617
same_epochs,m_sam,128,771,301461,0.020066128743886948,0.99852,0.014634277575612068,0.99914,0.5660057870388031,0.8339,0.16524000000000005,18964.99993634224
same_epochs,m_sam,128,772,301852,0.020604670460224152,0.99856,0.01537134086728096,0.99904,0.5743401963233947,0.8351,0.16394000000000009,19010.34480047226
same_epochs,m_sam,128,773,302243,0.020261059944331646,0.99852,0.013910269098877907,0.99934,0.5694564086437225,0.8372,0.16213999999999995,19022.28165626526
same_epochs,m_sam,128,774,302634,0.020890938141644,0.99836,0.012707384560406208,0.9994,0.569740071105957,0.8381,0.1613,19033.053094387054
same_epochs,m_sam,128,775,303025,0.019439139680862427,0.99874,0.014220220142006874,0.9991,0.5867546575546264,0.8322,0.16689999999999994,19074.80272102356
same_epochs,m_sam,128,776,303416,0.01966931489467621,0.99844,0.013362666247189046,0.99956,0.5591442562103272,0.8384,0.16115999999999997,19085.598734855652
same_epochs,m_sam,128,777,303807,0.019748028257489204,0.99834,0.015578678739368915,0.99896,0.5808160704612731,0.8329,0.16605999999999999,19131.318767786026
same_epochs,m_sam,128,778,304198,0.019727426112294198,0.9985,0.013724475059509278,0.99908,0.5772258762359619,0.8317,0.16737999999999997,19141.810603380203
same_epochs,m_sam,128,779,304589,0.020254153908491133,0.99834,0.012874144965410233,0.99934,0.5839038082122803,0.8341,0.16524000000000005,19153.03625893593
same_epochs,m_sam,128,780,304980,0.019602450678646563,0.9986,0.013802301855683327,0.999,0.6000488664627075,0.8356,0.1634,19195.42204260826
same_epochs,m_sam,128,781,305371,0.019783094264268875,0.9985,0.012907662869095803,0.99946,0.5693233415603638,0.8349,0.16456000000000004,19206.463583946228
same_epochs,m_sam,128,782,305762,0.020170522989034653,0.99832,0.013174768108129502,0.99946,0.5718737383842468,0.837,0.16246000000000005,19252.05682325363
same_epochs,m_sam,128,783,306153,0.020554471568763256,0.99862,0.01567284572005272,0.9988,0.5609031408309937,0.8395,0.1593,19262.668805360794
same_epochs,m_sam,128,784,306544,0.019901022693514823,0.99854,0.013464371098279953,0.99918,0.5758718540191651,0.8368,0.16237999999999997,19273.82348060608
same_epochs,m_sam,128,785,306935,0.02018310924232006,0.99846,0.012744318499267101,0.99954,0.5652866363525391,0.8386,0.16093999999999997,19316.81444811821
same_epochs,m_sam,128,786,307326,0.020755782510638237,0.9984,0.012991130414307118,0.99924,0.5741443020820618,0.8358,0.16344000000000003,19327.82407259941
same_epochs,m_sam,128,787,307717,0.02040704671919346,0.99844,0.014115841680169106,0.9991,0.5795437623500824,0.8348,0.1643,19372.94123864174
same_epochs,m_sam,128,788,308108,0.020348795937895774,0.99834,0.014108136852383614,0.999,0.5770232221603394,0.8364,0.16259999999999997,19384.337128400803
same_epochs,m_sam,128,789,308499,0.019936622044444085,0.99864,0.01432026420146227,0.99922,0.5832684212684631,0.8315,0.16771999999999998,19429.929211854935
same_epochs,m_sam,128,790,308890,0.019432909702062608,0.9986,0.012953074909746646,0.99936,0.5798031976699829,0.835,0.16436000000000006,19440.713729143143
same_epochs,m_sam,128,791,309281,0.01990490853667259,0.99838,0.012374078150093556,0.99926,0.581518765449524,0.8375,0.16176000000000001,19451.37061715126
same_epochs,m_sam,128,792,309672,0.019235975066423418,0.99858,0.012273107892274857,0.99946,0.5695005245208741,0.8389,0.16056000000000004,19493.96457672119
same_epochs,m_sam,128,793,310063,0.019538121590018272,0.99846,0.013506305376887321,0.999,0.5874016410827637,0.8338,0.1652,19504.786128759384
same_epochs,m_sam,128,794,310454,0.01894797862291336,0.99862,0.01482302472114563,0.99896,0.5772663820743561,0.8348,0.16415999999999997,19550.42969942093
same_epochs,m_sam,128,795,310845,0.019390068422555924,0.9984,0.013925247819125653,0.99898,0.5805645304679871,0.8361,0.16288000000000002,19561.678282260895
same_epochs,m_sam,128,796,311236,0.018872936536669733,0.99864,0.01404909573495388,0.99894,0.5757769783020019,0.8352,0.16374,19572.25088453293
same_epochs,m_sam,128,797,311627,0.01866546130925417,0.99872,0.013077394271194935,0.99908,0.5788316992759704,0.8378,0.16127999999999998,19614.67370200157
same_epochs,m_sam,128,798,312018,0.020000395505130292,0.99818,0.013308671144843102,0.99928,0.580302105140686,0.8377,0.16157999999999995,19625.40718436241
same_epochs,m_sam,128,799,312409,0.01883368198990822,0.999,0.01387890264481306,0.99908,0.5752323431015015,0.8381,0.16098,19671.256508350372
same_epochs,m_sam,128,800,312800,0.019243211853802206,0.99866,0.014033179016411304,0.99908,0.5772781192779541,0.8355,0.16357999999999995,19682.087858438492
same_epochs,m_sam,128,801,313191,0.01919243141114712,0.99852,0.01528727764159441,0.99866,0.6082535532474518,0.8285,0.17015999999999998,19693.35421514511
same_epochs,m_sam,128,802,313582,0.018971584112942218,0.99848,0.012537349843978881,0.9993,0.5800510301589966,0.8348,0.16449999999999998,19735.51816010475
same_epochs,m_sam,128,803,313973,0.02039716846883297,0.99828,0.012202920289337634,0.99942,0.5717683567047119,0.8364,0.16301999999999994,19746.479305028915
same_epochs,m_sam,128,804,314364,0.02009275901019573,0.99844,0.012501543973386287,0.99956,0.569922948884964,0.8378,0.16176000000000001,19792.41165137291
same_epochs,m_sam,128,805,314755,0.02030917765200138,0.99844,0.01307302515298128,0.99922,0.5788506531715393,0.834,0.16522000000000003,19803.45325779915
same_epochs,m_sam,128,806,315146,0.019788152096867562,0.99846,0.013394002731442452,0.99912,0.5804954398155212,0.8355,0.16362,19848.947271347046
same_epochs,m_sam,128,807,315537,0.018917537932395936,0.9987,0.014981269921660424,0.99852,0.5893816211223603,0.832,0.16652,19860.133520126343
same_epochs,m_sam,128,808,315928,0.018963766250610352,0.9985,0.011512086082100869,0.9994,0.5748120580196381,0.8354,0.16399999999999992,19871.219628810883
same_epochs,m_sam,128,809,316319,0.01967652807354927,0.9985,0.013395066775679589,0.99898,0.5816501850605011,0.8332,0.16577999999999993,19913.493195533752
same_epochs,m_sam,128,810,316710,0.018961936869323254,0.99872,0.011733791365027427,0.99946,0.5737404445648193,0.8384,0.16105999999999998,19924.261065721512
same_epochs,m_sam,128,811,317101,0.019138659348785877,0.99856,0.013892916450798511,0.9991,0.5879860808372498,0.8325,0.16659999999999997,19969.83956027031
same_epochs,m_sam,128,812,317492,0.019306977279782294,0.99886,0.013934242967367172,0.99926,0.5875489827156067,0.8346,0.16466000000000003,19980.52925825119
same_epochs,m_sam,128,813,317883,0.019231715814471244,0.99862,0.013385780801773071,0.99916,0.587375608921051,0.8349,0.16426000000000007,19991.82847595215
same_epochs,m_sam,128,814,318274,0.019761497989296915,0.99854,0.014225519995689393,0.9993,0.5641418536186218,0.8349,0.1644,20034.052896022797
same_epochs,m_sam,128,815,318665,0.019736158134937287,0.9982,0.012944250715374946,0.99918,0.5830270328521728,0.8378,0.16137999999999997,20045.396258592606
same_epochs,m_sam,128,816,319056,0.01956277536034584,0.99836,0.01274683833271265,0.99942,0.5795436013221741,0.8345,0.16491999999999996,20090.696790218353
same_epochs,m_sam,128,817,319447,0.01858618169993162,0.9986,0.013261763378977776,0.99924,0.5807650282859802,0.8337,0.16554000000000002,20101.937745571136
same_epochs,m_sam,128,818,319838,0.01910245032310486,0.99872,0.012579925377368927,0.99922,0.5844978790283203,0.834,0.16522000000000003,20113.310123205185
same_epochs,m_sam,128,819,320229,0.01945334829568863,0.99856,0.014940343562364579,0.99862,0.5868134466171264,0.8334,0.16521999999999992,20154.760727882385
same_epochs,m_sam,128,820,320620,0.019140871932506562,0.99856,0.012974687061905861,0.99936,0.5848089618682861,0.8353,0.16405999999999998,20165.867163419724
same_epochs,m_sam,128,821,321011,0.019198351269066334,0.99854,0.012884207036793232,0.99936,0.5765870266914368,0.8364,0.16296,20211.72762131691
same_epochs,m_sam,128,822,321402,0.019954844365417956,0.99856,0.012558717601299285,0.99932,0.573986159324646,0.8353,0.16401999999999994,20223.14913916588
same_epochs,m_sam,128,823,321793,0.01964602065384388,0.99832,0.013494078303575515,0.99896,0.5848809183120728,0.8356,0.16335999999999995,20234.226687431335
same_epochs,m_sam,128,824,322184,0.01913486886739731,0.99862,0.013659917072951794,0.99918,0.5862905944824218,0.8355,0.16367999999999994,20276.54249882698
same_epochs,m_sam,128,825,322575,0.01843277160823345,0.9988,0.012757740812003612,0.99932,0.5869229700088501,0.8351,0.16422000000000003,20287.356848716736
same_epochs,m_sam,128,826,322966,0.018883368084430696,0.99874,0.013327661535441876,0.99934,0.5871123526573181,0.8346,0.16474,20333.044111013412
same_epochs,m_sam,128,827,323357,0.01872081378221512,0.99878,0.011826140853762627,0.99956,0.5866190850257873,0.8356,0.16396,20344.647782325745
same_epochs,m_sam,128,828,323748,0.018401997967362405,0.99876,0.012668129553198815,0.99926,0.5766711772918701,0.8346,0.16466000000000003,20389.913514137268
same_epochs,m_sam,128,829,324139,0.018054141595959663,0.99898,0.01368257016837597,0.99922,0.592710076713562,0.8344,0.16481999999999997,20401.010854005814
same_epochs,m_sam,128,830,324530,0.018009584513306618,0.99884,0.013950235924124718,0.99922,0.5790021839141846,0.8351,0.16412000000000004,20411.99923658371
same_epochs,m_sam,128,831,324921,0.018833234208226204,0.99878,0.013578236559331417,0.99924,0.5697874764442444,0.836,0.16324000000000005,20453.64355993271
same_epochs,m_sam,128,832,325312,0.018705406282544135,0.9987,0.0135024699690938,0.99908,0.5789601079940796,0.8351,0.16398000000000001,20464.96581506729
same_epochs,m_sam,128,833,325703,0.018499808664917947,0.99892,0.012874703951478005,0.99932,0.5694362001419068,0.8366,0.16271999999999998,20510.44892668724
same_epochs,m_sam,128,834,326094,0.01837369606554508,0.99872,0.013394787716269493,0.99916,0.5866640748023987,0.8333,0.16586,20521.2836933136
same_epochs,m_sam,128,835,326485,0.01816785539805889,0.9988,0.012086655625104904,0.99944,0.579167130279541,0.8373,0.16213999999999995,20532.625309228897
same_epochs,m_sam,128,836,326876,0.019424724670648576,0.99828,0.012143647826910018,0.99966,0.569599110031128,0.8389,0.16076000000000001,20574.758905649185
same_epochs,m_sam,128,837,327267,0.018505331352055072,0.99876,0.012107361666560174,0.99922,0.5770768655776978,0.8383,0.16091999999999995,20585.40515780449
same_epochs,m_sam,128,838,327658,0.018623108922243118,0.99884,0.012693342714905739,0.99926,0.5807133298873901,0.8339,0.16536000000000006,20631.357199668884
same_epochs,m_sam,128,839,328049,0.01861537408322096,0.99852,0.01236367439031601,0.99952,0.5696029138565063,0.8375,0.16201999999999994,20642.347560167313
same_epochs,m_sam,128,840,328440,0.018791032322645188,0.99868,0.011717595259547233,0.99926,0.5787579224586487,0.8377,0.16156000000000004,20653.492222309113
same_epochs,m_sam,128,841,328831,0.01833702220618725,0.99898,0.013405568069815636,0.99926,0.5704135473251343,0.8394,0.15986,20695.419736623764
same_epochs,m_sam,128,842,329222,0.018349545827209948,0.99882,0.012334272627234459,0.99934,0.5865354222297668,0.8353,0.16403999999999996,20706.192131996155
same_epochs,m_sam,128,843,329613,0.018404665960073473,0.99866,0.014084179148972035,0.99928,0.584672307395935,0.8335,0.16577999999999993,20752.07696056366
same_epochs,m_sam,128,844,330004,0.01814397764801979,0.99884,0.012090572524070739,0.99932,0.5827207406044006,0.8375,0.16181999999999996,20763.43457508087
same_epochs,m_sam,128,845,330395,0.01786579108119011,0.99872,0.012984390973448754,0.99906,0.5906860701560974,0.8326,0.16645999999999994,20808.738795042038
same_epochs,m_sam,128,846,330786,0.01821256288945675,0.9987,0.013872077569961548,0.99902,0.5866447056770324,0.8338,0.16522000000000003,20820.504923582077
same_epochs,m_sam,128,847,331177,0.018053082112669944,0.9988,0.013681003091931343,0.99892,0.5883877475738526,0.8326,0.16632000000000002,20831.6967420578
same_epochs,m_sam,128,848,331568,0.018159878424406053,0.99868,0.012619859969615937,0.99924,0.5932772584915161,0.8337,0.16554000000000002,20873.46627855301
same_epochs,m_sam,128,849,331959,0.018081353699564935,0.99868,0.012600071556568147,0.99934,0.5737262023925781,0.8335,0.16584,20884.411208629608
same_epochs,m_sam,128,850,332350,0.018530949877500535,0.9988,0.01448416729927063,0.99892,0.5851216588973999,0.829,0.16992000000000007,20929.869607448578
same_epochs,m_sam,128,851,332741,0.0179230598706007,0.9985,0.0131043987762928,0.99932,0.5966019777297974,0.8324,0.16691999999999996,20941.30440044403
same_epochs,m_sam,128,852,333132,0.01756822593420744,0.99876,0.012320379632413387,0.99928,0.5849950057029724,0.8308,0.16847999999999996,20952.51851248741
same_epochs,m_sam,128,853,333523,0.01776682992249727,0.99876,0.011095518159866332,0.9996,0.5580951917648316,0.8391,0.1605000000000001,20994.238919258118
same_epochs,m_sam,128,854,333914,0.01798209677696228,0.99884,0.011426223810017108,0.99948,0.5776641555786133,0.8365,0.16298,21005.35155081749
same_epochs,m_sam,128,855,334305,0.017880459032654762,0.99862,0.012790628524124622,0.99936,0.5857400798797607,0.8328,0.16656000000000004,21050.868174552917
same_epochs,m_sam,128,856,334696,0.018109315239191057,0.99872,0.012050012801289558,0.99948,0.5770739181518555,0.8344,0.16508,21061.71912908554
same_epochs,m_sam,128,857,335087,0.01825646663069725,0.99878,0.01427122127354145,0.9991,0.5932777378082276,0.8264,0.17269999999999996,21072.840819120407
same_epochs,m_sam,128,858,335478,0.017638693263530732,0.99896,0.01162844168573618,0.99958,0.5683504280090332,0.8366,0.16298,21115.136306285858
same_epochs,m_sam,128,859,335869,0.017589788253307342,0.99886,0.014445316096544265,0.99896,0.5984152967453003,0.8293,0.16965999999999992,21126.348115682602
same_epochs,m_sam,128,860,336260,0.018267925338447094,0.99896,0.012403123458623886,0.99932,0.5829289528846741,0.8363,0.16301999999999994,21171.74592757225
same_epochs,m_sam,128,861,336651,0.018404403588473797,0.99856,0.01203047945201397,0.99954,0.5780750921726227,0.8373,0.16223999999999994,21182.789005756378
same_epochs,m_sam,128,862,337042,0.01799243964910507,0.99896,0.015258387317359448,0.9988,0.5907243628501893,0.8283,0.17049999999999998,21193.68316411972
same_epochs,m_sam,128,863,337433,0.017457546806037425,0.99864,0.01111585859298706,0.99946,0.5815191984176635,0.8358,0.16366000000000003,21235.92748785019
same_epochs,m_sam,128,864,337824,0.018092750161886214,0.99858,0.011648261301517486,0.99944,0.5818159538269043,0.8337,0.16574,21246.84902572632
same_epochs,m_sam,128,865,338215,0.017900321732759475,0.99862,0.012603165329694748,0.99932,0.5790489416122436,0.8329,0.16642,21292.55084323883
same_epochs,m_sam,128,866,338606,0.017862800976037978,0.9984,0.011585312113761901,0.99956,0.5779325563430786,0.8339,0.16566000000000003,21303.66575551033
same_epochs,m_sam,128,867,338997,0.017111718764305114,0.99868,0.013328666944503784,0.99906,0.5843967178344727,0.8327,0.16635999999999995,21349.193256378174
same_epochs,m_sam,128,868,339388,0.017566589128971098,0.99886,0.012169635092616081,0.9996,0.5688253917694092,0.836,0.16360000000000008,21360.258821725845
same_epochs,m_sam,128,869,339779,0.01836194790661335,0.99872,0.01181402892589569,0.9994,0.5696111643791198,0.8367,0.16269999999999996,21371.45442891121
same_epochs,m_sam,128,870,340170,0.018939374910593033,0.99856,0.012435229470133782,0.99956,0.5695890217781067,0.8354,0.16415999999999997,21413.32398748398
same_epochs,m_sam,128,871,340561,0.01833089215695858,0.99886,0.011657370572686196,0.99952,0.5870586228370667,0.8336,0.16591999999999996,21424.52183818817
same_epochs,m_sam,128,872,340952,0.017441156910657882,0.9988,0.014019856354892253,0.99902,0.5851930014133453,0.8353,0.16371999999999998,21470.24125933647
same_epochs,m_sam,128,873,341343,0.01812188657462597,0.99868,0.013511576498150825,0.99896,0.5906450709342956,0.831,0.16796,21482.02751302719
same_epochs,m_sam,128,874,341734,0.01800448540210724,0.99878,0.013041160659193992,0.99938,0.5792103151321412,0.8359,0.16348000000000007,21493.03799700737
same_epochs,m_sam,128,875,342125,0.018163635661005973,0.9988,0.014799182687699794,0.999,0.5854300975322724,0.8289,0.17010000000000003,21534.708401203156
same_epochs,m_sam,128,876,342516,0.01801651379287243,0.99886,0.012611763586997986,0.99934,0.5892468548297882,0.8319,0.16744000000000003,21546.14409303665
same_epochs,m_sam,128,877,342907,0.017484774995446206,0.99882,0.011420555040836335,0.99954,0.5654488867759705,0.837,0.16254000000000002,21591.356107234955
same_epochs,m_sam,128,878,343298,0.017891081832051278,0.9988,0.012525019559264184,0.99936,0.5743847135543824,0.8349,0.16446000000000005,21602.26187133789
same_epochs,m_sam,128,879,343689,0.018259325430393217,0.99868,0.01233564622759819,0.99948,0.5933498715400696,0.8331,0.16638000000000008,21613.1924636364
same_epochs,m_sam,128,880,344080,0.017628644050955773,0.99882,0.01382989767163992,0.99892,0.5954712253570557,0.8324,0.16652,21655.75359249115
same_epochs,m_sam,128,881,344471,0.017629499536156654,0.99872,0.013151170747876167,0.99916,0.5954769464015961,0.8326,0.16656000000000004,21666.738478183746
same_epochs,m_sam,128,882,344862,0.017765702112317084,0.99888,0.012461177038550377,0.99922,0.5754536029338837,0.8358,0.16342,21712.205282211304
same_epochs,m_sam,128,883,345253,0.018184512190520762,0.99872,0.011933862892389298,0.99958,0.5724608434677124,0.8409,0.15868000000000004,21723.207277059555
same_epochs,m_sam,128,884,345644,0.017936336631178856,0.99912,0.01205189894169569,0.9995,0.5674954646110535,0.8371,0.1624000000000001,21768.745973825455
same_epochs,m_sam,128,885,346035,0.017894310504198076,0.99872,0.012543137069940567,0.99946,0.569172647190094,0.8344,0.16505999999999998,21779.734924316406
same_epochs,m_sam,128,886,346426,0.01777724900960922,0.99892,0.013215193500816822,0.99942,0.5717182506084442,0.8355,0.16391999999999995,21791.074615240097
same_epochs,m_sam,128,887,346817,0.016870854966938496,0.99886,0.011724071376919746,0.99942,0.5706414352416992,0.8362,0.16321999999999992,21833.178574323654
same_epochs,m_sam,128,888,347208,0.0175267582654953,0.99868,0.011853218767046928,0.99944,0.5802212070465088,0.836,0.16344000000000003,21844.370945453644
same_epochs,m_sam,128,889,347599,0.017623538210391997,0.99856,0.012731054754257202,0.99924,0.583480902338028,0.8367,0.16254000000000002,21889.91534471512
same_epochs,m_sam,128,890,347990,0.0168847882771492,0.9989,0.01159171033501625,0.99928,0.5849202750205994,0.8356,0.16367999999999994,21900.77334690094
same_epochs,m_sam,128,891,348381,0.016945416726768015,0.99906,0.012643225963711738,0.99906,0.5766786695957183,0.8388,0.16025999999999996,21911.63357782364
same_epochs,m_sam,128,892,348772,0.017335735238194466,0.99884,0.01245907684147358,0.99942,0.5732437935829162,0.8374,0.16201999999999994,21953.79153418541
same_epochs,m_sam,128,893,349163,0.017485096083283424,0.999,0.013470984658002854,0.99934,0.5771477557659149,0.8363,0.16303999999999996,21965.116141796112
same_epochs,m_sam,128,894,349554,0.017171888196468352,0.99886,0.013836596598625184,0.9992,0.5659456748008728,0.8356,0.16359999999999997,22010.810635089874
same_epochs,m_sam,128,895,349945,0.01746335834264755,0.99896,0.01162825439274311,0.99946,0.5773524971961975,0.8369,0.16256000000000004,22022.36961388588
same_epochs,m_sam,128,896,350336,0.01680347753703594,0.99898,0.011874562484622002,0.99944,0.5870567774772644,0.835,0.16444000000000003,22033.63580751419
same_epochs,m_sam,128,897,350727,0.01642312373518944,0.9988,0.012113867906928063,0.9995,0.5822749746322632,0.8347,0.16480000000000006,22074.985040426254
same_epochs,m_sam,128,898,351118,0.01662481032550335,0.99904,0.012853218231499194,0.9993,0.584550608253479,0.8336,0.16569999999999996,22086.479687452316
same_epochs,m_sam,128,899,351509,0.01632286308646202,0.99914,0.012997920174002647,0.99914,0.5830423301696778,0.835,0.16414000000000006,22131.710428476334
same_epochs,m_sam,128,900,351900,0.0170296778178215,0.99898,0.011069637233614921,0.9995,0.5799050428390503,0.836,0.1635000000000001,22143.0963640213
same_epochs,m_sam,128,901,352291,0.017041447686851025,0.99882,0.013333195914626122,0.99906,0.5747651589870453,0.8345,0.16455999999999993,22154.573914289474
same_epochs,m_sam,128,902,352682,0.016696866535544395,0.99896,0.01173164479792118,0.99956,0.5818321676254272,0.8351,0.16446000000000005,22197.51163816452
same_epochs,m_sam,128,903,353073,0.016160799147486686,0.99896,0.011424347207546233,0.9993,0.5833111530303955,0.8348,0.16449999999999998,22208.88186979294
same_epochs,m_sam,128,904,353464,0.016685687061548233,0.99906,0.01227181390106678,0.9994,0.5821928086280823,0.8349,0.16449999999999998,22253.181188344955
same_epochs,m_sam,128,905,353855,0.016562720331549645,0.99872,0.011361414151191712,0.99938,0.5780937870979309,0.8363,0.16308,22264.196711063385
same_epochs,m_sam,128,906,354246,0.01606564116060734,0.99912,0.011963281099200248,0.9995,0.5760212529182434,0.8358,0.16370000000000007,22309.717507600784
same_epochs,m_sam,128,907,354637,0.01664401979535818,0.99886,0.01105927111208439,0.99958,0.5675555179595947,0.8373,0.16227999999999998,22320.726897478104
same_epochs,m_sam,128,908,355028,0.017055304733514787,0.99868,0.011760159956216812,0.9994,0.5940588198661804,0.8293,0.17009999999999992,22331.515915632248
same_epochs,m_sam,128,909,355419,0.016962050340473652,0.99908,0.011591697118878365,0.99936,0.5871340842247009,0.832,0.16736000000000006,22373.979628801346
same_epochs,m_sam,128,910,355810,0.016760277489423752,0.9989,0.012050071684718132,0.99932,0.5857111310005187,0.8329,0.16642,22384.839034557343
same_epochs,m_sam,128,911,356201,0.016804402335286142,0.99884,0.011652458302378654,0.99952,0.586832065296173,0.8327,0.16681999999999997,22430.43634867668
same_epochs,m_sam,128,912,356592,0.016950570548176766,0.99888,0.011751138115525245,0.99952,0.5796407403945922,0.83,0.16952,22441.280848026276
same_epochs,m_sam,128,913,356983,0.01744955376803875,0.99884,0.012284714994132518,0.9993,0.5823005855560303,0.8334,0.16589999999999994,22453.35235643387
same_epochs,m_sam,128,914,357374,0.016742492856383323,0.99874,0.013933472461104393,0.99908,0.5895358691215515,0.8305,0.16857999999999995,22494.74020051956
same_epochs,m_sam,128,915,357765,0.015950691534280775,0.9988,0.011234005076289176,0.9996,0.5923553783416748,0.8342,0.1654,22506.09643983841
same_epochs,m_sam,128,916,358156,0.01609270635485649,0.99904,0.014075667569935321,0.999,0.5919132606506348,0.8328,0.16620000000000001,22551.58751797676
same_epochs,m_sam,128,917,358547,0.017467976061999797,0.99892,0.012901835696995259,0.99942,0.5814696210861207,0.8311,0.16832000000000003,22562.531430244446
same_epochs,m_sam,128,918,358938,0.017700203654766083,0.99874,0.013080409795641899,0.99928,0.5790331294059753,0.8328,0.16647999999999996,22573.395668506622
same_epochs,m_sam,128,919,359329,0.017091830243766308,0.99874,0.013309853428602218,0.99932,0.5809823862075806,0.8311,0.16822000000000004,22615.482906341553
same_epochs,m_sam,128,920,359720,0.01690179123669863,0.9991,0.012593830410838128,0.99932,0.5849784059524537,0.8345,0.16481999999999997,22626.725937366486
same_epochs,m_sam,128,921,360111,0.016875377331972124,0.99882,0.011559640070497989,0.99942,0.5723248618125916,0.8342,0.16521999999999992,22672.422145843506
same_epochs,m_sam,128,922,360502,0.016886065619587897,0.99872,0.012731335194706917,0.99938,0.5922525566101075,0.833,0.16638000000000008,22683.313657045364
same_epochs,m_sam,128,923,360893,0.01679535085976124,0.99882,0.011342453756332397,0.9995,0.5820749110221862,0.8365,0.16300000000000003,22729.061102628708
same_epochs,m_sam,128,924,361284,0.01627804467231035,0.999,0.01244437171459198,0.99934,0.5824842398643494,0.8304,0.16893999999999998,22740.38123869896
same_epochs,m_sam,128,925,361675,0.01665576318025589,0.9987,0.010605239633917808,0.99954,0.576435621881485,0.8368,0.16274,22751.706516742706
same_epochs,m_sam,128,926,362066,0.016399756476283073,0.99888,0.012233130059838296,0.99922,0.5885429345607758,0.8334,0.16581999999999997,22793.28404688835
same_epochs,m_sam,128,927,362457,0.015446389248967171,0.99914,0.011569358971714974,0.9993,0.5878667239665986,0.836,0.1633,22804.409641504288
same_epochs,m_sam,128,928,362848,0.015751175698935985,0.99906,0.009958054656982422,0.99956,0.5833713063240051,0.837,0.16256000000000004,22849.94106030464
same_epochs,m_sam,128,929,363239,0.016198315583467484,0.99898,0.011178898567259312,0.99924,0.600697757101059,0.8326,0.16664,22861.213670015335
same_epochs,m_sam,128,930,363630,0.015779505567848684,0.99894,0.011670276773571969,0.99956,0.5796049168586731,0.8368,0.16276000000000002,22872.360585451126
same_epochs,m_sam,128,931,364021,0.015818594257235526,0.9993,0.011180225506424904,0.99956,0.5782915865898133,0.8375,0.16205999999999998,22914.231701374054
same_epochs,m_sam,128,932,364412,0.016388840152025224,0.99894,0.010229392507076263,0.99962,0.5804234574794769,0.8363,0.1633199999999999,22925.30028629303
same_epochs,m_sam,128,933,364803,0.015265178254842759,0.9991,0.014069565298557282,0.99878,0.5973787058830261,0.8302,0.16857999999999995,22970.9331908226
same_epochs,m_sam,128,934,365194,0.0160880878341198,0.99906,0.012515449137687684,0.99918,0.5952012241363526,0.8339,0.16527999999999998,22981.70429134369
same_epochs,m_sam,128,935,365585,0.016266725640296936,0.9986,0.01220694305628538,0.99906,0.5902820095062256,0.8321,0.16696,22993.153206825256
same_epochs,m_sam,128,936,365976,0.016247112660109995,0.99914,0.011035245462059974,0.99946,0.5712203365325927,0.8359,0.16356000000000004,23035.441125631332
same_epochs,m_sam,128,937,366367,0.015966212837696076,0.99888,0.011306813635230064,0.99922,0.582082750415802,0.8356,0.16362,23046.336722135544
same_epochs,m_sam,128,938,366758,0.015751316547989846,0.99906,0.012054497444331645,0.99918,0.5882590183258056,0.8348,0.16437999999999997,23091.822556972504
same_epochs,m_sam,128,939,367149,0.016466367653012275,0.99904,0.011402347887158394,0.99954,0.5814287216186523,0.8344,0.16513999999999995,23102.866830825806
same_epochs,m_sam,128,940,367540,0.015910054316818713,0.99912,0.010665156643688679,0.99938,0.5859381536483764,0.834,0.16538000000000008,23114.075964927673
same_epochs,m_sam,128,941,367931,0.015533601170182229,0.99914,0.011048440864682197,0.99952,0.5902460470199585,0.8368,0.16271999999999998,23156.076194763184
same_epochs,m_sam,128,942,368322,0.01606151402682066,0.99892,0.010802156478762627,0.99954,0.5892208297729492,0.8366,0.16293999999999997,23167.01336789131
same_epochs,m_sam,128,943,368713,0.015501729101538658,0.9991,0.012445715909302235,0.99926,0.579698232460022,0.8347,0.16456000000000004,23212.5740544796
same_epochs,m_sam,128,944,369104,0.015749696389436723,0.99908,0.01056755117714405,0.99958,0.5782219115257263,0.8378,0.16178000000000003,23223.556065559387
same_epochs,m_sam,128,945,369495,0.015928460011482237,0.99906,0.009492371337711811,0.99968,0.5741845545768738,0.8374,0.16227999999999998,23269.214791059494
same_epochs,m_sam,128,946,369886,0.015714187347590922,0.99894,0.010735991361737252,0.99942,0.5838408091545105,0.8365,0.16291999999999995,23280.5677819252
same_epochs,m_sam,128,947,370277,0.016020790879130362,0.99904,0.01058664033740759,0.99946,0.579977451133728,0.8349,0.16456000000000004,23292.965883255005
same_epochs,m_sam,128,948,370668,0.016388699240386485,0.99896,0.01121125351190567,0.9995,0.5792319728851318,0.8373,0.1622,23333.613620996475
same_epochs,m_sam,128,949,371059,0.015488659623861313,0.9991,0.010492327302098274,0.99954,0.5875136378288269,0.8354,0.16413999999999995,23344.430789470673
same_epochs,m_sam,128,950,371450,0.015784382492899894,0.999,0.011705981025099755,0.99948,0.5814936573982239,0.8355,0.16398000000000001,23390.149280309677
same_epochs,m_sam,128,951,371841,0.01592431478202343,0.99896,0.01282579830110073,0.9994,0.5856714197635651,0.8344,0.16499999999999992,23401.007286071777
same_epochs,m_sam,128,952,372232,0.015567198119759559,0.9989,0.01031262724906206,0.99952,0.582184717464447,0.8339,0.16562,23412.118230342865
same_epochs,m_sam,128,953,372623,0.01522703501880169,0.99902,0.011477246760427951,0.99944,0.5812253949165345,0.8342,0.16523999999999994,23454.609298706055
same_epochs,m_sam,128,954,373014,0.015700983095765113,0.99892,0.011954320485293865,0.99922,0.5943303015232086,0.8335,0.16571999999999998,23466.72736597061
same_epochs,m_sam,128,955,373405,0.01574782716035843,0.99898,0.012215832361876965,0.9993,0.5883814738273621,0.8312,0.16809999999999992,23511.711338043213
same_epochs,m_sam,128,956,373796,0.015257389569282532,0.99916,0.01234274491250515,0.99936,0.5807924091339112,0.8301,0.16926000000000008,23525.22704720497
same_epochs,m_sam,128,957,374187,0.015683088502287865,0.99906,0.01036289932191372,0.99954,0.5771151383399964,0.832,0.16754000000000002,23536.213376045227
same_epochs,m_sam,128,958,374578,0.015072149885296822,0.99916,0.010776404583156108,0.99958,0.575818088722229,0.8369,0.16268000000000005,23575.623891830444
same_epochs,m_sam,128,959,374969,0.01523803549349308,0.99918,0.011352749400436879,0.99946,0.5638610563278198,0.8371,0.16236000000000006,23586.96932697296
same_epochs,m_sam,128,960,375360,0.015902271690666676,0.99906,0.011870460292994977,0.99922,0.5763201268196106,0.8325,0.16671999999999998,23632.718489170074
same_epochs,m_sam,128,961,375751,0.015415966413319111,0.99888,0.010877808328270911,0.99952,0.584143625164032,0.8354,0.16411999999999993,23643.64707684517
same_epochs,m_sam,128,962,376142,0.014920317996740342,0.99914,0.010886337485313416,0.9996,0.5789828164577484,0.836,0.16360000000000008,23689.477027654648
same_epochs,m_sam,128,963,376533,0.014782434700131417,0.9992,0.012964286088347435,0.99922,0.5890346022129059,0.8339,0.16532000000000002,23700.85284805298
same_epochs,m_sam,128,964,376924,0.014692409701347352,0.99912,0.011046479437351226,0.99958,0.5903846646308899,0.8313,0.16827999999999999,23711.987905740738
same_epochs,m_sam,128,965,377315,0.015147770399451256,0.999,0.011004188739657403,0.9995,0.5818181303024292,0.8366,0.16290000000000004,23754.220905780792
same_epochs,m_sam,128,966,377706,0.014892774833440781,0.99936,0.012235020073056222,0.99936,0.5789952280044556,0.836,0.16336000000000006,23765.12069129944
same_epochs,m_sam,128,967,378097,0.015072115170657634,0.99904,0.011650608798861503,0.9993,0.5941922097206116,0.8352,0.1640999999999999,23810.376089334488
same_epochs,m_sam,128,968,378488,0.014233413241505623,0.99922,0.010926824353635312,0.99942,0.5968836400985718,0.8351,0.16432000000000002,23821.484974622726
same_epochs,m_sam,128,969,378879,0.016087290989756583,0.9989,0.012654381222426892,0.9991,0.5906426306247711,0.8322,0.16689999999999994,23832.59049797058
same_epochs,m_sam,128,970,379270,0.016097644937634468,0.99894,0.01199858801305294,0.99938,0.6001273975372314,0.8326,0.16678000000000004,23874.36854147911
same_epochs,m_sam,128,971,379661,0.015356475715041161,0.99884,0.009989084742367267,0.99962,0.5754946630477905,0.8373,0.1623199999999999,23885.206732988358
same_epochs,m_sam,128,972,380052,0.014940414570569991,0.99922,0.010587721397280692,0.99948,0.5900955169677734,0.8338,0.16568000000000005,23931.28443455696
same_epochs,m_sam,128,973,380443,0.014851967021524906,0.999,0.011756454917788506,0.99934,0.5783561716079711,0.8349,0.16444000000000003,23942.323120355606
same_epochs,m_sam,128,974,380834,0.015445006150603294,0.99912,0.012759607438445092,0.99942,0.5851264375686646,0.8331,0.16632000000000002,23953.196779727936
same_epochs,m_sam,128,975,381225,0.015891001237928866,0.99908,0.010233362097740173,0.99938,0.5706001834392548,0.8358,0.16358000000000006,23995.55904006958
same_epochs,m_sam,128,976,381616,0.014767487732768059,0.99912,0.011013684198260307,0.99954,0.5888976400375366,0.8358,0.16374,24006.671491146088
same_epochs,m_sam,128,977,382007,0.014942135705649853,0.99914,0.010534397114515304,0.99954,0.590003468990326,0.8362,0.16333999999999993,24051.991624832153
same_epochs,m_sam,128,978,382398,0.014931830101311206,0.99902,0.010416335825324058,0.99968,0.5851932667732239,0.8366,0.16308,24062.96054458618
same_epochs,m_sam,128,979,382789,0.015210071384012699,0.99904,0.010679247294664383,0.99946,0.59117159075737,0.8366,0.16286,24073.835735082626
same_epochs,m_sam,128,980,383180,0.014929421384334564,0.99926,0.011128830897510052,0.99944,0.5930227351188659,0.8345,0.16493999999999998,24115.98127102852
same_epochs,m_sam,128,981,383571,0.014430179032981395,0.9992,0.010308203875720501,0.99974,0.5832200556755066,0.8371,0.16264,24127.296974658966
same_epochs,m_sam,128,982,383962,0.014716836735904217,0.99924,0.010940509071946145,0.9995,0.5830332025527954,0.8351,0.1644000000000001,24172.91858124733
same_epochs,m_sam,128,983,384353,0.015168725800216198,0.99924,0.010043068588376045,0.99952,0.5812688687801361,0.836,0.16352,24183.90229868889
same_epochs,m_sam,128,984,384744,0.014876944426298142,0.9993,0.01003699948310852,0.99968,0.5801435819625854,0.8362,0.16347999999999996,24229.589458942413
same_epochs,m_sam,128,985,385135,0.015395849836170674,0.99874,0.012210844097137451,0.99926,0.6073564108848571,0.8332,0.16605999999999999,24240.64753317833
same_epochs,m_sam,128,986,385526,0.015252598536610604,0.99906,0.010598348317146301,0.99954,0.5776831508159638,0.8355,0.16403999999999996,24252.755658864975
same_epochs,m_sam,128,987,385917,0.014426354015469552,0.99922,0.010631463291943073,0.99938,0.5905643567085266,0.8321,0.1672800000000001,24294.095894098282
same_epochs,m_sam,128,988,386308,0.014574755567014217,0.99926,0.009725029378533364,0.99972,0.5818080101490021,0.836,0.1637200000000001,24306.483686208725
same_epochs,m_sam,128,989,386699,0.015214048255383968,0.99914,0.009487406196892261,0.99958,0.5759719086647034,0.8372,0.16237999999999997,24350.996049165726
same_epochs,m_sam,128,990,387090,0.0146107967120409,0.999,0.012317793827652931,0.99908,0.5878198056697845,0.8347,0.16437999999999997,24362.547362804413
same_epochs,m_sam,128,991,387481,0.015021436095237732,0.9993,0.011395043911933899,0.99942,0.5553313441276551,0.8367,0.16271999999999998,24373.869129657745
same_epochs,m_sam,128,992,387872,0.014718880698084831,0.9992,0.011555200263857842,0.99944,0.581897881603241,0.8372,0.16223999999999994,24415.584740638733
same_epochs,m_sam,128,993,388263,0.014336457716822624,0.99916,0.009983176078498364,0.99972,0.5814455291748047,0.8388,0.16092000000000006,24426.940289497375
same_epochs,m_sam,128,994,388654,0.014179997124671936,0.99928,0.01223644641637802,0.9991,0.6072937063217163,0.8345,0.16459999999999997,24472.243651390076
same_epochs,m_sam,128,995,389045,0.014413533680737018,0.99914,0.009802170202583074,0.99966,0.5918973507881164,0.8362,0.16345999999999994,24483.32713651657
same_epochs,m_sam,128,996,389436,0.014143758115172387,0.9993,0.010170619315803051,0.99946,0.5786708591461182,0.839,0.16046000000000005,24494.031893968582
same_epochs,m_sam,128,997,389827,0.013886556129455566,0.99944,0.011912470262348651,0.99944,0.5870517617225647,0.8374,0.16203999999999996,24536.163071870804
same_epochs,m_sam,128,998,390218,0.015384953913092613,0.99906,0.009979266557991504,0.99966,0.5821293019771576,0.8354,0.16425999999999996,24547.27391934395
same_epochs,m_sam,128,999,390609,0.014935615302920341,0.99932,0.010525257512927055,0.9995,0.5962136444091797,0.8343,0.1652,24592.742144346237
same_epochs,m_sam,128,1000,391000,0.014854332959651948,0.9988,0.011152218601107598,0.99952,0.5762843194007874,0.8383,0.16121999999999992,24604.12143945694
