comparison,method,m,epoch,update,train_loss_step,train_acc_step,train_eval_loss,train_eval_acc,test_loss,test_acc,generalization_gap,elapsed_sec
same_updates,m_sam,128,,1,2.487008810043335,0.09375,2.4183395211029053,0.08828,2.4168356815338137,0.0895,-0.0012199999999999989,4.354914665222168
same_updates,m_sam,128,,2,2.458728790283203,0.0859375,2.4455050099182127,0.09674,2.4434273624420166,0.1025,-0.005759999999999987,7.688867807388306
same_updates,m_sam,128,,3,2.4157896041870117,0.0859375,2.50093210067749,0.09982,2.4981957710266114,0.0999,-7.999999999999674e-05,10.915845394134521
same_updates,m_sam,128,,4,2.525810718536377,0.0859375,2.5542354523468016,0.09698,2.5516714298248293,0.0967,0.00028000000000000247,14.183470487594604
same_updates,m_sam,128,,5,2.5511064529418945,0.125,2.609093212738037,0.10006,2.606836664581299,0.1002,-0.00014000000000000123,17.445937633514404
same_updates,m_sam,128,,6,2.6008288860321045,0.09375,2.663776368408203,0.10022,2.662538007736206,0.1012,-0.0009799999999999948,20.688538074493408
same_updates,m_sam,128,,7,2.7046024799346924,0.09375,2.607094388961792,0.10108,2.606093399429321,0.1002,0.0008800000000000058,23.989256381988525
same_updates,m_sam,128,,8,2.5228028297424316,0.1015625,2.4931035733032227,0.1013,2.4926369136810305,0.1021,-0.0007999999999999952,27.243542432785034
same_updates,m_sam,128,,9,2.5452704429626465,0.078125,2.405515548553467,0.15036,2.4051600227355956,0.1497,0.0006599999999999939,30.50411081314087
same_updates,m_sam,128,,10,2.4899542331695557,0.1171875,2.3311710181427,0.13424,2.3306352584838868,0.1314,0.002840000000000009,33.794578552246094
same_updates,m_sam,128,,11,2.283374309539795,0.1875,2.326801477355957,0.1061,2.3260031776428223,0.1061,0.0,37.10196328163147
same_updates,m_sam,128,,12,2.2659683227539062,0.1484375,2.3925133000183108,0.10892,2.391510481262207,0.1098,-0.0008799999999999919,40.40177917480469
same_updates,m_sam,128,,13,2.3665618896484375,0.1640625,2.442956713027954,0.14648,2.4414638458251954,0.1497,-0.0032200000000000006,43.69933032989502
same_updates,m_sam,128,,14,2.483989715576172,0.1796875,2.4406656452178956,0.13158,2.4388278831481935,0.1371,-0.005519999999999997,46.90610694885254
same_updates,m_sam,128,,15,2.344726324081421,0.1796875,2.414043897857666,0.1064,2.411709591293335,0.1086,-0.0022000000000000075,50.18448209762573
same_updates,m_sam,128,,16,2.4573822021484375,0.0703125,2.3820367176055908,0.13784,2.379623582458496,0.1379,-6.0000000000004494e-05,53.4289436340332
same_updates,m_sam,128,,17,2.392667770385742,0.15625,2.3881640849304198,0.1189,2.3861110458374024,0.1208,-0.001899999999999999,56.72751069068909
same_updates,m_sam,128,,18,2.3672971725463867,0.1328125,2.4017686951446535,0.11826,2.400037144088745,0.1197,-0.0014399999999999968,59.91188645362854
same_updates,m_sam,128,,19,2.3838794231414795,0.1328125,2.382333511657715,0.13942,2.380791565704346,0.1436,-0.004180000000000017,63.180989503860474
same_updates,m_sam,128,,20,2.309847831726074,0.125,2.343028050003052,0.11796,2.341423751068115,0.1187,-0.0007400000000000045,66.43167734146118
same_updates,m_sam,128,,21,2.3197617530822754,0.1328125,2.3016910693359374,0.1308,2.2996992824554443,0.1339,-0.0030999999999999917,69.72353005409241
same_updates,m_sam,128,,22,2.300875186920166,0.1328125,2.2719770210266113,0.12378,2.269481559371948,0.1229,0.0008800000000000058,73.02502489089966
same_updates,m_sam,128,,23,2.310512065887451,0.0703125,2.249577249908447,0.16786,2.247300754547119,0.1676,0.0002600000000000102,76.32206320762634
same_updates,m_sam,128,,24,2.265441417694092,0.15625,2.264833018798828,0.1487,2.2628087703704836,0.1498,-0.0010999999999999899,79.66021132469177
same_updates,m_sam,128,,25,2.307241439819336,0.1328125,2.290763850860596,0.13454,2.289004406738281,0.1324,0.002140000000000003,82.96744394302368
same_updates,m_sam,128,,26,2.283113956451416,0.171875,2.3203783058166505,0.11924,2.318882434463501,0.1186,0.0006400000000000017,86.25020670890808
same_updates,m_sam,128,,27,2.281437873840332,0.125,2.320112241897583,0.14598,2.3183410713195802,0.1478,-0.0018199999999999883,89.52430605888367
same_updates,m_sam,128,,28,2.2845280170440674,0.1796875,2.3176925425720216,0.15582,2.3154293872833254,0.1623,-0.0064800000000000135,92.8579454421997
same_updates,m_sam,128,,29,2.3037235736846924,0.1328125,2.311264424972534,0.13132,2.3090125076293946,0.1305,0.0008199999999999874,96.1155173778534
same_updates,m_sam,128,,30,2.3770077228546143,0.15625,2.290120558319092,0.13616,2.287897643661499,0.1385,-0.0023400000000000087,99.43763518333435
same_updates,m_sam,128,,31,2.2363741397857666,0.1328125,2.285074363632202,0.17762,2.283304581451416,0.179,-0.0013799999999999923,102.74236297607422
same_updates,m_sam,128,,32,2.2402889728546143,0.25,2.3074500744628907,0.149,2.306158856964111,0.1478,0.0012000000000000066,106.01499938964844
same_updates,m_sam,128,,33,2.281676769256592,0.140625,2.319360904464722,0.14864,2.318247887802124,0.1489,-0.0002600000000000102,109.24502515792847
same_updates,m_sam,128,,34,2.32183837890625,0.109375,2.3050201890563966,0.17368,2.3036018127441404,0.1753,-0.0016200000000000103,112.52331042289734
same_updates,m_sam,128,,35,2.3648366928100586,0.1484375,2.2918036016082763,0.1909,2.2900572135925295,0.1992,-0.008300000000000002,115.76620936393738
same_updates,m_sam,128,,36,2.318800449371338,0.109375,2.2821466228485106,0.1635,2.2802232025146485,0.1666,-0.0030999999999999917,118.98255586624146
same_updates,m_sam,128,,37,2.3028106689453125,0.109375,2.278416829147339,0.1625,2.2764464464187624,0.1663,-0.003799999999999998,122.24698114395142
same_updates,m_sam,128,,38,2.31927227973938,0.1796875,2.2766667300415038,0.15854,2.274608054351807,0.1575,0.0010399999999999854,125.47036695480347
same_updates,m_sam,128,,39,2.284980297088623,0.1484375,2.2741181078338624,0.1568,2.2719974029541015,0.1544,0.0023999999999999855,128.73195672035217
same_updates,m_sam,128,,40,2.3520140647888184,0.1328125,2.2511877909851075,0.15508,2.2490198554992675,0.1536,0.001480000000000009,132.02099132537842
same_updates,m_sam,128,,41,2.291719675064087,0.1015625,2.2265339826965334,0.16614,2.224164212799072,0.1627,0.0034399999999999986,135.29948806762695
same_updates,m_sam,128,,42,2.2183456420898438,0.1953125,2.2125183726501465,0.17326,2.2098138877868654,0.1749,-0.0016400000000000026,138.5925030708313
same_updates,m_sam,128,,43,2.254955768585205,0.1875,2.209046812286377,0.15812,2.2059420860290526,0.1642,-0.006080000000000002,141.89066171646118
same_updates,m_sam,128,,44,2.2548563480377197,0.09375,2.2124972786712647,0.17192,2.2090974571228026,0.1764,-0.004480000000000012,145.17919421195984
same_updates,m_sam,128,,45,2.263636589050293,0.171875,2.218213386001587,0.17192,2.215003443145752,0.1807,-0.00878000000000001,148.422616481781
same_updates,m_sam,128,,46,2.3279261589050293,0.1015625,2.21576149230957,0.16788,2.2132319107055665,0.1711,-0.0032200000000000006,151.66216349601746
same_updates,m_sam,128,,47,2.2694809436798096,0.140625,2.2142905506134034,0.16452,2.212338339614868,0.1643,0.00021999999999999797,154.90209770202637
same_updates,m_sam,128,,48,2.2005393505096436,0.1796875,2.216726565551758,0.17498,2.2151293270111085,0.1742,0.0007800000000000029,158.21955728530884
same_updates,m_sam,128,,49,2.21016788482666,0.1640625,2.2203390240478518,0.16304,2.219228282165527,0.1613,0.0017399999999999916,161.51215863227844
same_updates,m_sam,128,,50,2.2937300205230713,0.1171875,2.212105702972412,0.17854,2.210909419631958,0.178,0.0005400000000000127,164.77456545829773
same_updates,m_sam,128,,51,2.247565269470215,0.15625,2.1992785258483885,0.19058,2.1977494186401367,0.1945,-0.003920000000000007,168.04196548461914
same_updates,m_sam,128,,52,2.2277708053588867,0.1953125,2.1929127709197997,0.16726,2.191108469581604,0.1734,-0.0061400000000000066,171.28858160972595
same_updates,m_sam,128,,53,2.2031376361846924,0.1953125,2.18895915222168,0.18218,2.1867022451400757,0.1852,-0.003019999999999995,174.55293607711792
same_updates,m_sam,128,,54,2.224872589111328,0.1953125,2.185942076263428,0.19824,2.1831531595230103,0.2027,-0.004459999999999992,177.8071300983429
same_updates,m_sam,128,,55,2.1493473052978516,0.203125,2.1857141398620605,0.19922,2.1826667778015136,0.2016,-0.0023799999999999932,181.09837770462036
same_updates,m_sam,128,,56,2.179377317428589,0.1875,2.183609347076416,0.19702,2.180280190658569,0.2007,-0.003679999999999989,184.3483386039734
same_updates,m_sam,128,,57,2.2375059127807617,0.1953125,2.178912944946289,0.19978,2.1753902238845826,0.2012,-0.0014199999999999768,187.63354921340942
same_updates,m_sam,128,,58,2.1790833473205566,0.171875,2.1714543283843994,0.20224,2.1678252655029295,0.2061,-0.0038600000000000023,190.91693902015686
same_updates,m_sam,128,,59,2.195828914642334,0.1875,2.163931187133789,0.20972,2.1603274898529055,0.2111,-0.00138000000000002,194.1673185825348
same_updates,m_sam,128,,60,2.2434744834899902,0.125,2.1559089045715334,0.21004,2.1523348663330077,0.2199,-0.009860000000000008,197.4538779258728
same_updates,m_sam,128,,61,2.146165370941162,0.2265625,2.1534751529693605,0.21296,2.1501111820220946,0.2199,-0.006940000000000002,200.78629994392395
same_updates,m_sam,128,,62,2.1576759815216064,0.1796875,2.161225760574341,0.20392,2.158252501678467,0.207,-0.0030799999999999994,204.0259449481964
same_updates,m_sam,128,,63,2.173069477081299,0.171875,2.1710617193603516,0.20192,2.168603868865967,0.2003,0.0016199999999999826,207.28255105018616
same_updates,m_sam,128,,64,2.175217628479004,0.1484375,2.174502197494507,0.19478,2.1725766426086426,0.1933,0.001480000000000009,210.4980752468109
same_updates,m_sam,128,,65,2.2529616355895996,0.1640625,2.173184249801636,0.18722,2.171669871520996,0.1857,0.0015199999999999936,213.7760727405548
same_updates,m_sam,128,,66,2.190335988998413,0.15625,2.1565704652404785,0.20002,2.1545818813323976,0.1967,0.0033199999999999896,217.04317498207092
same_updates,m_sam,128,,67,2.132053852081299,0.2109375,2.140532888946533,0.21646,2.137571866607666,0.2185,-0.0020399999999999863,220.28548431396484
same_updates,m_sam,128,,68,2.140644073486328,0.2109375,2.1374561710357667,0.22966,2.1335710529327394,0.2378,-0.008140000000000008,223.62210202217102
same_updates,m_sam,128,,69,2.146336317062378,0.203125,2.144537010498047,0.22204,2.140008793067932,0.2307,-0.008660000000000001,226.87541508674622
same_updates,m_sam,128,,70,2.1329214572906494,0.2265625,2.1518167184448243,0.20818,2.1469428142547606,0.2125,-0.0043199999999999905,230.1623032093048
same_updates,m_sam,128,,71,2.2224955558776855,0.171875,2.148142927398682,0.19974,2.143356909942627,0.2075,-0.007759999999999989,233.49430179595947
same_updates,m_sam,128,,72,2.16721773147583,0.1484375,2.1395738499450685,0.20216,2.1350507236480714,0.205,-0.0028399999999999814,236.8144564628601
same_updates,m_sam,128,,73,2.2312188148498535,0.078125,2.1272272395324707,0.21366,2.123000886917114,0.2139,-0.00024000000000001798,240.12728905677795
same_updates,m_sam,128,,74,2.150811195373535,0.21875,2.1267311726379394,0.19818,2.123125449562073,0.1999,-0.0017199999999999993,243.41409134864807
same_updates,m_sam,128,,75,2.1182403564453125,0.2265625,2.140856084136963,0.1912,2.138157319641113,0.1938,-0.002599999999999991,246.72670221328735
same_updates,m_sam,128,,76,2.1442325115203857,0.1171875,2.1418442378234865,0.20552,2.1392116355895996,0.2095,-0.0039799999999999836,250.02021479606628
same_updates,m_sam,128,,77,2.123340606689453,0.2578125,2.1393500598144533,0.22034,2.136603108596802,0.2243,-0.003959999999999991,253.27866435050964
same_updates,m_sam,128,,78,2.1572370529174805,0.234375,2.133878840484619,0.2289,2.1308975408554076,0.2349,-0.006000000000000005,256.5261914730072
same_updates,m_sam,128,,79,2.1380438804626465,0.2421875,2.123253651275635,0.22134,2.11942841796875,0.2196,0.0017400000000000193,259.79716873168945
same_updates,m_sam,128,,80,2.092928409576416,0.203125,2.1213736357116697,0.20578,2.1165951669692995,0.2045,0.0012800000000000034,263.04442381858826
same_updates,m_sam,128,,81,2.072502374649048,0.2265625,2.1289512245178224,0.19672,2.123621054458618,0.1963,0.0004200000000000037,266.33134150505066
same_updates,m_sam,128,,82,2.1070780754089355,0.171875,2.1261961504364013,0.20086,2.120667217254639,0.2022,-0.00133999999999998,269.6123950481415
same_updates,m_sam,128,,83,2.1646728515625,0.2265625,2.120366560058594,0.20528,2.115380570602417,0.2072,-0.001920000000000005,272.83514165878296
same_updates,m_sam,128,,84,2.106004238128662,0.1640625,2.1120619857788085,0.21862,2.107628420829773,0.218,0.0006200000000000094,276.1426331996918
same_updates,m_sam,128,,85,2.115729331970215,0.1484375,2.105892504196167,0.21782,2.1016817771911622,0.221,-0.0031799999999999884,279.47028946876526
same_updates,m_sam,128,,86,2.0867762565612793,0.21875,2.1069899681091306,0.20488,2.1031395893096922,0.2099,-0.005019999999999997,282.7882254123688
same_updates,m_sam,128,,87,2.1775221824645996,0.171875,2.109519337081909,0.18986,2.105833575248718,0.1941,-0.004239999999999994,286.07310795783997
same_updates,m_sam,128,,88,2.06380033493042,0.1953125,2.114353771133423,0.1935,2.110782516860962,0.1976,-0.0040999999999999925,289.3539183139801
same_updates,m_sam,128,,89,2.0755176544189453,0.21875,2.109890115814209,0.20356,2.1058473608016968,0.2109,-0.007340000000000013,292.6331739425659
same_updates,m_sam,128,,90,2.1450161933898926,0.1953125,2.1038415912628174,0.2147,2.099279780960083,0.2185,-0.003799999999999998,295.94505286216736
same_updates,m_sam,128,,91,2.128753662109375,0.1875,2.100525110626221,0.22056,2.0959556331634523,0.223,-0.0024399999999999977,299.25355291366577
same_updates,m_sam,128,,92,2.0815515518188477,0.25,2.0981422232818603,0.22904,2.093773557662964,0.2307,-0.0016599999999999948,302.4984200000763
same_updates,m_sam,128,,93,2.0916996002197266,0.203125,2.093290793380737,0.2247,2.0891001174926758,0.2288,-0.0040999999999999925,305.7560751438141
same_updates,m_sam,128,,94,2.014669418334961,0.21875,2.091309334487915,0.24058,2.0870752946853637,0.2475,-0.0069200000000000095,309.05642104148865
same_updates,m_sam,128,,95,2.153451919555664,0.2109375,2.0838846278381347,0.2505,2.079459931945801,0.2599,-0.00940000000000002,312.2938280105591
same_updates,m_sam,128,,96,2.107395887374878,0.25,2.0731294876098634,0.24648,2.0680827087402345,0.252,-0.005519999999999997,315.59456300735474
same_updates,m_sam,128,,97,2.054318904876709,0.2265625,2.0668078538513184,0.24144,2.061306551361084,0.2447,-0.003260000000000013,318.80225372314453
same_updates,m_sam,128,,98,2.0889246463775635,0.1953125,2.0607457689666746,0.235,2.055502878189087,0.2396,-0.004600000000000021,322.10327792167664
same_updates,m_sam,128,,99,2.0965347290039062,0.203125,2.054591282119751,0.23272,2.0497666429519654,0.2341,-0.0013799999999999923,325.3793649673462
same_updates,m_sam,128,,100,2.0232906341552734,0.2421875,2.0539159010314942,0.23586,2.0495790393829347,0.237,-0.0011400000000000021,328.64835500717163
same_updates,m_sam,128,,101,2.076565980911255,0.21875,2.0477591719818116,0.24578,2.0432879556655883,0.2503,-0.004520000000000024,331.9623119831085
same_updates,m_sam,128,,102,2.046753406524658,0.2578125,2.045055152130127,0.2553,2.0405299783706665,0.2631,-0.007799999999999974,335.21457028388977
same_updates,m_sam,128,,103,1.9561131000518799,0.2890625,2.048521258239746,0.23536,2.044046655654907,0.2405,-0.005139999999999978,338.48976254463196
same_updates,m_sam,128,,104,2.0791707038879395,0.15625,2.0501428028106687,0.22896,2.045750634765625,0.2347,-0.005739999999999995,341.7589433193207
same_updates,m_sam,128,,105,2.075700044631958,0.1640625,2.0439830854034424,0.23332,2.039227124404907,0.2398,-0.0064800000000000135,345.07565116882324
same_updates,m_sam,128,,106,2.0410313606262207,0.2265625,2.046307233428955,0.23506,2.0420923387527465,0.2447,-0.00964000000000001,348.31694865226746
same_updates,m_sam,128,,107,2.046297550201416,0.2109375,2.039417453689575,0.2465,2.0349443477630613,0.2577,-0.011199999999999988,351.6042637825012
same_updates,m_sam,128,,108,2.029409170150757,0.203125,2.034668058013916,0.2569,2.030057305908203,0.2672,-0.010299999999999976,354.83729791641235
same_updates,m_sam,128,,109,2.0575685501098633,0.2890625,2.0365286595153806,0.25126,2.032112791442871,0.2604,-0.009140000000000037,358.0577211380005
same_updates,m_sam,128,,110,2.0446505546569824,0.28125,2.0402943072509765,0.25382,2.0362874897003174,0.2643,-0.01047999999999999,361.3452715873718
same_updates,m_sam,128,,111,2.033651351928711,0.265625,2.0367995964813232,0.25936,2.032708879852295,0.2693,-0.009940000000000004,364.6520161628723
same_updates,m_sam,128,,112,2.0670223236083984,0.2109375,2.028931582183838,0.27044,2.0245899785995483,0.2748,-0.004359999999999975,367.9285852909088
same_updates,m_sam,128,,113,2.0246963500976562,0.25,2.02130868812561,0.27244,2.016433669090271,0.2807,-0.00825999999999999,371.1595525741577
same_updates,m_sam,128,,114,2.0265467166900635,0.25,2.018232936706543,0.2641,2.013202058982849,0.2699,-0.005799999999999972,374.3836262226105
same_updates,m_sam,128,,115,2.119521141052246,0.1875,2.023878171386719,0.25616,2.0193463623046877,0.2639,-0.007740000000000025,377.64444041252136
same_updates,m_sam,128,,116,1.9638898372650146,0.3125,2.041436932220459,0.23886,2.0379128787994385,0.2398,-0.0009400000000000241,380.88055300712585
same_updates,m_sam,128,,117,2.0776774883270264,0.2109375,2.0414315701293946,0.23182,2.037885174179077,0.2332,-0.0013799999999999923,384.1618287563324
same_updates,m_sam,128,,118,2.043985605239868,0.25,2.0363804029846193,0.22954,2.032533762931824,0.2294,0.00014000000000000123,387.479451417923
same_updates,m_sam,128,,119,2.078568935394287,0.1953125,2.0269225885772704,0.23634,2.0223705881118774,0.2375,-0.0011599999999999944,390.75867795944214
same_updates,m_sam,128,,120,2.0751142501831055,0.15625,2.019431032562256,0.2683,2.014143444061279,0.2718,-0.003500000000000003,393.9930012226105
same_updates,m_sam,128,,121,2.0581769943237305,0.2734375,2.01602169921875,0.27028,2.0107029243469237,0.2778,-0.007519999999999971,397.2256066799164
same_updates,m_sam,128,,122,2.086191177368164,0.2265625,2.018082459640503,0.2489,2.0130733064651487,0.2533,-0.004400000000000015,400.5067546367645
same_updates,m_sam,128,,123,2.0181941986083984,0.2265625,2.0223845094299318,0.23392,2.0175354064941406,0.2388,-0.004880000000000023,403.78336477279663
same_updates,m_sam,128,,124,1.9848754405975342,0.25,2.020352957611084,0.23024,2.0153992877960203,0.2339,-0.0036599999999999966,407.12020206451416
same_updates,m_sam,128,,125,2.04604434967041,0.234375,2.015467587890625,0.22956,2.010656053543091,0.2354,-0.005840000000000012,410.4534375667572
same_updates,m_sam,128,,126,2.027815818786621,0.234375,2.0139207803344727,0.23426,2.0091723989486696,0.2384,-0.004140000000000005,413.82220816612244
same_updates,m_sam,128,,127,1.943264126777649,0.2421875,2.015384701538086,0.24184,2.011039865875244,0.2469,-0.005060000000000009,417.15048146247864
same_updates,m_sam,128,,128,2.0509836673736572,0.2421875,2.0153134625244142,0.25692,2.011059692192078,0.2645,-0.007580000000000031,420.51692032814026
same_updates,m_sam,128,,129,1.9508843421936035,0.2109375,2.0211079316711427,0.26722,2.0169254737854003,0.2742,-0.006979999999999986,423.76280307769775
same_updates,m_sam,128,,130,1.977409839630127,0.2890625,2.0245811235046385,0.24322,2.0197923192977907,0.252,-0.00878000000000001,427.0344536304474
same_updates,m_sam,128,,131,2.1112160682678223,0.15625,2.0248637656402586,0.2436,2.019435138320923,0.2515,-0.00789999999999999,430.3217656612396
same_updates,m_sam,128,,132,2.017082929611206,0.203125,2.0239334619903566,0.24822,2.0181837703704835,0.2521,-0.0038799999999999946,433.6340186595917
same_updates,m_sam,128,,133,2.05847430229187,0.21875,2.022409160385132,0.2502,2.016816810417175,0.2506,-0.00040000000000001146,436.939266204834
same_updates,m_sam,128,,134,2.004532814025879,0.234375,2.0206890268707274,0.25242,2.015860880279541,0.2528,-0.00038000000000004697,440.26437759399414
same_updates,m_sam,128,,135,2.0357437133789062,0.21875,2.0308183849334718,0.25464,2.0274381656646727,0.2578,-0.003159999999999996,443.4856822490692
same_updates,m_sam,128,,136,1.98838472366333,0.2578125,2.0576412678527833,0.24152,2.0559350202560425,0.2484,-0.006879999999999997,446.7266011238098
same_updates,m_sam,128,,137,2.0226433277130127,0.2421875,2.0810909323120117,0.21494,2.080356115913391,0.2126,0.002339999999999981,450.0500133037567
same_updates,m_sam,128,,138,2.1163089275360107,0.1953125,2.078771974182129,0.20506,2.0781641984939574,0.2054,-0.00034000000000000696,453.3090126514435
same_updates,m_sam,128,,139,2.0011091232299805,0.2734375,2.06137090133667,0.20658,2.0602231227874754,0.2023,0.004280000000000006,456.58162569999695
same_updates,m_sam,128,,140,2.0390796661376953,0.234375,2.0385770906066893,0.21686,2.0363533124923707,0.2135,0.003360000000000002,459.9344048500061
same_updates,m_sam,128,,141,2.086944580078125,0.1796875,2.0220033223724365,0.2257,2.0184852966308595,0.2233,0.0024000000000000132,463.2920925617218
same_updates,m_sam,128,,142,2.0537569522857666,0.2734375,2.0124842308807374,0.23994,2.0081036279678344,0.2412,-0.0012600000000000111,466.5452084541321
same_updates,m_sam,128,,143,2.0206806659698486,0.203125,2.0049791047668455,0.25538,1.9999858009338378,0.2591,-0.003720000000000001,469.8019664287567
same_updates,m_sam,128,,144,1.9700629711151123,0.28125,2.003925536804199,0.25486,1.9985083324432373,0.2642,-0.009340000000000015,473.0533330440521
same_updates,m_sam,128,,145,2.0374670028686523,0.25,2.0055132959747315,0.25082,1.9999997190475465,0.2576,-0.006780000000000008,476.3942723274231
same_updates,m_sam,128,,146,2.0378127098083496,0.2734375,2.007050918121338,0.24294,2.001800989151001,0.2485,-0.005560000000000009,479.71173119544983
same_updates,m_sam,128,,147,2.0400943756103516,0.25,2.010608553009033,0.2346,2.00575027885437,0.2371,-0.0025000000000000022,483.0089793205261
same_updates,m_sam,128,,148,1.9552578926086426,0.3046875,2.016474031524658,0.2308,2.0122903306961057,0.2353,-0.004500000000000004,486.2306673526764
same_updates,m_sam,128,,149,2.031834125518799,0.234375,2.0267687377929686,0.23764,2.0235402153015136,0.2455,-0.007860000000000006,489.5194773674011
same_updates,m_sam,128,,150,2.084115982055664,0.1796875,2.039929200515747,0.24548,2.0377767349243165,0.248,-0.0025199999999999945,492.8545801639557
same_updates,m_sam,128,,151,2.0560708045959473,0.2265625,2.0454628230285645,0.2466,2.0438631303787234,0.2472,-0.0005999999999999894,496.1616406440735
same_updates,m_sam,128,,152,1.9690533876419067,0.25,2.0360500102233887,0.24918,2.034408641624451,0.2525,-0.0033199999999999896,499.3953003883362
same_updates,m_sam,128,,153,2.074185848236084,0.1953125,2.0189255696868895,0.25156,2.016832488822937,0.2566,-0.005039999999999989,502.6824848651886
same_updates,m_sam,128,,154,1.9752347469329834,0.25,1.9994284490966796,0.2618,1.996541369819641,0.2683,-0.006500000000000006,505.8982925415039
same_updates,m_sam,128,,155,2.0060200691223145,0.28125,1.9852921383666993,0.27364,1.981536155128479,0.2797,-0.00606000000000001,509.1580398082733
same_updates,m_sam,128,,156,1.9534715414047241,0.3203125,1.9812128462219238,0.28268,1.9769025539398193,0.2919,-0.009220000000000006,512.491557598114
same_updates,m_sam,128,,157,2.030433177947998,0.28125,1.984115993347168,0.27868,1.979568828201294,0.2904,-0.011720000000000008,515.784859418869
same_updates,m_sam,128,,158,1.9463307857513428,0.328125,1.9896499787902833,0.2631,1.9851671993255615,0.2716,-0.008500000000000008,519.0649094581604
same_updates,m_sam,128,,159,2.0277223587036133,0.25,1.9923819038391113,0.25206,1.9879604822158814,0.2555,-0.0034399999999999986,522.3303639888763
same_updates,m_sam,128,,160,2.0701985359191895,0.1953125,1.9984672875976563,0.24158,1.9943690036773682,0.2465,-0.004920000000000008,525.5746922492981
same_updates,m_sam,128,,161,1.9822838306427002,0.2890625,2.005269605789185,0.23916,2.001605898857117,0.2461,-0.006940000000000002,528.920331954956
same_updates,m_sam,128,,162,2.008953332901001,0.25,2.0163200297546386,0.23132,2.01310361366272,0.2349,-0.00358,532.2364931106567
same_updates,m_sam,128,,163,1.9774463176727295,0.1953125,2.0248091677856443,0.23704,2.0219414783477783,0.2405,-0.003459999999999991,535.4758172035217
same_updates,m_sam,128,,164,1.9877030849456787,0.2265625,2.0202529135131835,0.24452,2.0171201013565065,0.2493,-0.0047800000000000065,538.7547516822815
same_updates,m_sam,128,,165,2.03532075881958,0.2890625,2.005869465866089,0.2498,2.0018978046417235,0.2582,-0.00839999999999999,542.0343570709229
same_updates,m_sam,128,,166,2.004885196685791,0.2109375,1.9914334886169434,0.26538,1.9864818426132203,0.2739,-0.008519999999999972,545.2818353176117
same_updates,m_sam,128,,167,2.0464730262756348,0.2109375,1.9796700394439697,0.2722,1.9736457370758056,0.2797,-0.007500000000000007,548.5692615509033
same_updates,m_sam,128,,168,1.9830517768859863,0.2421875,1.9745198570251465,0.26486,1.9677243144989014,0.2749,-0.010039999999999993,551.8163499832153
same_updates,m_sam,128,,169,2.019975185394287,0.2890625,1.9741343934631348,0.26142,1.966933455848694,0.2704,-0.008979999999999988,555.0951707363129
same_updates,m_sam,128,,170,2.078247547149658,0.2265625,1.9766993170166016,0.26132,1.9695039070129394,0.2687,-0.007379999999999998,558.3828625679016
same_updates,m_sam,128,,171,1.993239402770996,0.21875,1.979867860031128,0.26452,1.9734281131744384,0.2727,-0.00818000000000002,561.6875786781311
same_updates,m_sam,128,,172,1.9799247980117798,0.21875,1.9834499322509767,0.26424,1.9775795558929443,0.2745,-0.010260000000000047,564.9030675888062
same_updates,m_sam,128,,173,1.9118165969848633,0.359375,1.9907625879669189,0.25824,1.9855716655731201,0.2681,-0.00985999999999998,568.1688401699066
same_updates,m_sam,128,,174,2.0087599754333496,0.234375,2.000664313354492,0.25602,1.9962367782592774,0.2659,-0.00988,571.472986459732
same_updates,m_sam,128,,175,1.954234004020691,0.234375,2.0086642848205565,0.25608,2.0048924383163453,0.2619,-0.005820000000000047,574.7203686237335
same_updates,m_sam,128,,176,1.9594193696975708,0.28125,2.0087184282684327,0.25526,2.005106820678711,0.2608,-0.005539999999999989,577.9878036975861
same_updates,m_sam,128,,177,2.0205461978912354,0.2578125,2.0017711419677733,0.26366,1.9980365198135377,0.2722,-0.008539999999999992,581.2437937259674
same_updates,m_sam,128,,178,1.9938328266143799,0.2734375,1.9876616123962403,0.27494,1.9834539491653442,0.2828,-0.007859999999999978,584.5121731758118
same_updates,m_sam,128,,179,1.9809433221817017,0.25,1.979866363067627,0.2774,1.9752981494903565,0.2843,-0.006900000000000017,587.7426028251648
same_updates,m_sam,128,,180,1.9672099351882935,0.328125,1.9770550098419188,0.25946,1.9720676321029662,0.2691,-0.009639999999999982,591.0074095726013
same_updates,m_sam,128,,181,1.9697548151016235,0.265625,1.9732215391540526,0.25114,1.9681199657440185,0.2574,-0.006260000000000043,594.2616004943848
same_updates,m_sam,128,,182,2.0368094444274902,0.21875,1.9675936219787598,0.25122,1.9625973487854005,0.2584,-0.00718000000000002,597.5027484893799
same_updates,m_sam,128,,183,1.9870498180389404,0.2421875,1.9630849890899658,0.26672,1.9584102590560912,0.2692,-0.0024799999999999822,600.7540550231934
same_updates,m_sam,128,,184,1.9963103532791138,0.25,1.965295180130005,0.26658,1.9611638866424561,0.268,-0.0014200000000000323,604.0617933273315
same_updates,m_sam,128,,185,2.0436882972717285,0.2265625,1.9753418901062012,0.25826,1.971662520980835,0.26,-0.0017400000000000193,607.2992379665375
same_updates,m_sam,128,,186,1.94966721534729,0.234375,1.9857656318664552,0.24864,1.982313337135315,0.2481,0.0005400000000000127,610.5604636669159
same_updates,m_sam,128,,187,2.027837038040161,0.21875,1.9947980602264404,0.2561,1.991483058166504,0.2561,0.0,613.869166135788
same_updates,m_sam,128,,188,1.9879859685897827,0.203125,1.9920154936218262,0.26944,1.9886686862945557,0.2723,-0.0028599999999999737,617.1195101737976
same_updates,m_sam,128,,189,2.029059886932373,0.28125,1.9853208760070802,0.26892,1.9819302062988282,0.2733,-0.004379999999999995,620.4620056152344
same_updates,m_sam,128,,190,1.9908075332641602,0.28125,1.973370980758667,0.27066,1.9697850566864015,0.2755,-0.004840000000000011,623.7442646026611
same_updates,m_sam,128,,191,1.988376259803772,0.2421875,1.960959522781372,0.27324,1.9570800388336183,0.28,-0.006760000000000044,626.9513809680939
same_updates,m_sam,128,,192,2.0631613731384277,0.2890625,1.9582414231872558,0.27424,1.9544195447921753,0.2784,-0.004159999999999997,630.1817843914032
same_updates,m_sam,128,,193,1.9351096153259277,0.3203125,1.9593941125488281,0.27056,1.9557390293121337,0.277,-0.006440000000000001,633.408205986023
same_updates,m_sam,128,,194,2.00976824760437,0.203125,1.956381527557373,0.2781,1.9526920785903932,0.2834,-0.005299999999999971,636.6220891475677
same_updates,m_sam,128,,195,1.9153680801391602,0.328125,1.9519354331970216,0.27964,1.948031932449341,0.2834,-0.0037599999999999856,639.8879671096802
same_updates,m_sam,128,,196,1.9589755535125732,0.2578125,1.9500368180847167,0.27828,1.9460478736877442,0.2826,-0.0043199999999999905,643.1551616191864
same_updates,m_sam,128,,197,1.9457427263259888,0.2890625,1.9460875770568848,0.27172,1.941703451538086,0.2752,-0.003479999999999983,646.4418807029724
same_updates,m_sam,128,,198,1.9106205701828003,0.265625,1.9449279057312012,0.26142,1.9401488498687744,0.2691,-0.00768000000000002,649.6888303756714
same_updates,m_sam,128,,199,1.9070976972579956,0.28125,1.9456246750640869,0.25918,1.9408089515686036,0.2662,-0.007019999999999971,653.0015408992767
same_updates,m_sam,128,,200,1.9765806198120117,0.3125,1.9507612542724608,0.25752,1.9462022884368897,0.2651,-0.007579999999999976,656.206939458847
same_updates,m_sam,128,,201,1.962404489517212,0.265625,1.9570884195709228,0.26208,1.9528458087921143,0.273,-0.01092000000000004,659.4636788368225
same_updates,m_sam,128,,202,1.9362869262695312,0.265625,1.9580124085998536,0.27244,1.9539123350143432,0.2777,-0.005259999999999987,662.7109904289246
same_updates,m_sam,128,,203,1.944184422492981,0.3125,1.9609203382110596,0.2709,1.9569641775131226,0.275,-0.004100000000000048,665.9779794216156
same_updates,m_sam,128,,204,2.0230181217193604,0.265625,1.9521079053497314,0.26918,1.947987802696228,0.2719,-0.00272,669.1698369979858
same_updates,m_sam,128,,205,1.9541687965393066,0.28125,1.9468307499694824,0.26598,1.9427748420715332,0.2693,-0.0033199999999999896,672.3991892337799
same_updates,m_sam,128,,206,1.8956890106201172,0.3203125,1.9447450495147705,0.26558,1.9406568462371827,0.2695,-0.003920000000000035,675.6592166423798
same_updates,m_sam,128,,207,1.9417182207107544,0.265625,1.9479331034851075,0.26468,1.9439450759887695,0.2695,-0.004819999999999991,678.9286394119263
same_updates,m_sam,128,,208,1.9036870002746582,0.3046875,1.9536539598083495,0.25018,1.9497924148559571,0.2516,-0.0014199999999999768,682.2184052467346
same_updates,m_sam,128,,209,1.9848177433013916,0.2734375,1.957503431930542,0.2384,1.953833646583557,0.2386,-0.00020000000000000573,685.5229828357697
same_updates,m_sam,128,,210,1.885779619216919,0.21875,1.958133660888672,0.24828,1.9545833824157715,0.2545,-0.006220000000000003,688.822776556015
same_updates,m_sam,128,,211,1.8562846183776855,0.2734375,1.958759973526001,0.25748,1.9553621761322022,0.2618,-0.0043199999999999905,692.1034829616547
same_updates,m_sam,128,,212,1.9642927646636963,0.2578125,1.9654533917236328,0.25372,1.962445743751526,0.2596,-0.005879999999999996,695.3704817295074
same_updates,m_sam,128,,213,1.9855151176452637,0.1953125,1.9624229222106933,0.26298,1.9594437042236328,0.2669,-0.003920000000000035,698.7238490581512
same_updates,m_sam,128,,214,2.0372509956359863,0.28125,1.950974236907959,0.27468,1.9476207397460938,0.278,-0.003320000000000045,701.9821388721466
same_updates,m_sam,128,,215,2.1046347618103027,0.2734375,1.937577702178955,0.27948,1.9336428623199462,0.2855,-0.00601999999999997,705.2524642944336
same_updates,m_sam,128,,216,2.0259530544281006,0.2578125,1.9304771069335938,0.2792,1.926078556060791,0.2867,-0.007500000000000007,708.5318636894226
same_updates,m_sam,128,,217,1.9092742204666138,0.28125,1.9263793745422364,0.28502,1.9215116165161132,0.292,-0.006979999999999986,711.7737596035004
same_updates,m_sam,128,,218,2.0871477127075195,0.234375,1.9284026461791992,0.28402,1.9237473384857178,0.2924,-0.008379999999999999,715.0924127101898
same_updates,m_sam,128,,219,1.9944734573364258,0.3046875,1.9344248783874511,0.28282,1.9300631462097169,0.2909,-0.008079999999999976,718.326801776886
same_updates,m_sam,128,,220,2.008194923400879,0.2265625,1.9505934789276123,0.28262,1.9467262157440186,0.2891,-0.006480000000000041,721.6210701465607
same_updates,m_sam,128,,221,1.971879005432129,0.28125,1.9714790657806396,0.27586,1.9678411817550658,0.2819,-0.00603999999999999,724.8776924610138
same_updates,m_sam,128,,222,2.021461248397827,0.2421875,1.9938136094665528,0.26192,1.99050033493042,0.2675,-0.005580000000000029,728.1572561264038
same_updates,m_sam,128,,223,1.9893035888671875,0.234375,1.995760124282837,0.25376,1.9924634075164795,0.2587,-0.00494,731.4219868183136
same_updates,m_sam,128,,224,2.0793728828430176,0.2109375,1.9678152500915527,0.26418,1.9641982791900634,0.2702,-0.00601999999999997,734.7246978282928
same_updates,m_sam,128,,225,2.023301601409912,0.2578125,1.9351817111968994,0.26954,1.9307072090148927,0.2772,-0.00766,737.9434475898743
same_updates,m_sam,128,,226,1.936094045639038,0.2890625,1.9267958085632324,0.26548,1.9210240856170655,0.2729,-0.007419999999999982,741.1918504238129
same_updates,m_sam,128,,227,2.0109333992004395,0.203125,1.9323309211730957,0.26268,1.9260390226364135,0.27,-0.007319999999999993,744.4728569984436
same_updates,m_sam,128,,228,2.0541040897369385,0.21875,1.9348048515319825,0.26524,1.9284703472137452,0.2699,-0.0046599999999999975,747.77166223526
same_updates,m_sam,128,,229,1.944230079650879,0.2109375,1.9357767797851562,0.27246,1.9296081468582154,0.2809,-0.008440000000000003,751.0457532405853
same_updates,m_sam,128,,230,2.0064103603363037,0.1875,1.940658564529419,0.27802,1.9352646152496338,0.2863,-0.00828000000000001,754.3404037952423
same_updates,m_sam,128,,231,1.990156650543213,0.1953125,1.9499111854553222,0.27392,1.9452332370758056,0.2762,-0.0022800000000000042,757.5758717060089
same_updates,m_sam,128,,232,2.0048043727874756,0.203125,1.9527921376037598,0.26332,1.9483599151611328,0.2691,-0.005780000000000007,760.7637617588043
same_updates,m_sam,128,,233,1.8947391510009766,0.3125,1.9545039071655272,0.26608,1.9503252363204957,0.2729,-0.006819999999999993,764.0253608226776
same_updates,m_sam,128,,234,1.973506212234497,0.2109375,1.9503494376373292,0.2758,1.9460027976989747,0.2858,-0.010000000000000009,767.2086596488953
same_updates,m_sam,128,,235,1.9855015277862549,0.28125,1.9444677931213379,0.28342,1.9397748397827148,0.2934,-0.009979999999999989,770.4452607631683
same_updates,m_sam,128,,236,1.9938377141952515,0.1875,1.938756270904541,0.291,1.9335666454315186,0.2994,-0.008400000000000019,773.748105764389
same_updates,m_sam,128,,237,1.866433024406433,0.3359375,1.9412066582489014,0.29126,1.9357258197784424,0.2993,-0.008039999999999992,777.0700709819794
same_updates,m_sam,128,,238,2.0408873558044434,0.234375,1.9423728070831299,0.29102,1.9366284971237182,0.298,-0.006979999999999986,780.3796956539154
same_updates,m_sam,128,,239,1.9529227018356323,0.2421875,1.941590993499756,0.2874,1.9357508852005005,0.2927,-0.005300000000000027,783.661719083786
same_updates,m_sam,128,,240,1.9611403942108154,0.2421875,1.9380205061340332,0.28994,1.9323098628997804,0.2983,-0.008360000000000034,787.005401134491
same_updates,m_sam,128,,241,1.9522559642791748,0.34375,1.9328980284881592,0.29996,1.9272582725524903,0.3044,-0.0044399999999999995,790.2349700927734
same_updates,m_sam,128,,242,1.9100924730300903,0.28125,1.9295969012451173,0.30476,1.9238801643371581,0.3063,-0.0015400000000000413,793.5241837501526
same_updates,m_sam,128,,243,1.9686429500579834,0.2109375,1.9300048840332031,0.30374,1.9243844608306884,0.3047,-0.0009600000000000164,796.76353931427
same_updates,m_sam,128,,244,1.9203095436096191,0.28125,1.9321158891296386,0.29652,1.9265214601516725,0.2982,-0.0016800000000000148,800.0781629085541
same_updates,m_sam,128,,245,1.8813925981521606,0.328125,1.928331689529419,0.29362,1.9225607776641847,0.2997,-0.00608000000000003,803.3462111949921
same_updates,m_sam,128,,246,1.8965003490447998,0.3046875,1.921636416015625,0.2927,1.9156454175949096,0.2993,-0.006599999999999995,806.5665633678436
same_updates,m_sam,128,,247,1.9500656127929688,0.296875,1.9150518672180177,0.29038,1.9086723121643066,0.2962,-0.005819999999999992,809.7753143310547
same_updates,m_sam,128,,248,1.9247291088104248,0.2734375,1.9095013523864746,0.28792,1.9027311576843262,0.294,-0.006079999999999974,813.0394062995911
same_updates,m_sam,128,,249,1.8601322174072266,0.3125,1.9071067691802979,0.28478,1.9003499923706055,0.29,-0.005220000000000002,816.2437922954559
same_updates,m_sam,128,,250,1.906578540802002,0.28125,1.9042084282684326,0.28386,1.8975200580596925,0.2896,-0.005740000000000023,819.5316143035889
same_updates,m_sam,128,,251,1.828535795211792,0.328125,1.9049464027404786,0.28538,1.8987047313690186,0.2923,-0.006919999999999982,822.8211498260498
same_updates,m_sam,128,,252,1.961194634437561,0.2265625,1.906410112915039,0.28792,1.900528104019165,0.296,-0.008079999999999976,826.1493022441864
same_updates,m_sam,128,,253,1.8860359191894531,0.28125,1.9095730406188964,0.28844,1.903940124320984,0.2955,-0.007060000000000011,829.463830947876
same_updates,m_sam,128,,254,1.876471996307373,0.328125,1.9163728729248046,0.28796,1.9111380584716797,0.2952,-0.007240000000000024,832.733048915863
same_updates,m_sam,128,,255,1.8747388124465942,0.3203125,1.9234536824798585,0.28982,1.9184243194580077,0.2977,-0.007879999999999998,836.0138304233551
same_updates,m_sam,128,,256,1.916438341140747,0.3203125,1.923420418548584,0.296,1.9184637657165526,0.3028,-0.006800000000000028,839.3376379013062
same_updates,m_sam,128,,257,1.8950645923614502,0.3203125,1.9208359842681886,0.29246,1.9158217128753663,0.3016,-0.009139999999999981,842.6237654685974
same_updates,m_sam,128,,258,2.02105712890625,0.296875,1.9096499938201905,0.2887,1.903924754333496,0.2918,-0.0030999999999999917,845.9156539440155
same_updates,m_sam,128,,259,1.7927724123001099,0.3671875,1.903777584991455,0.28614,1.897426085281372,0.2897,-0.0035600000000000076,849.1636693477631
same_updates,m_sam,128,,260,1.9528403282165527,0.296875,1.899201167755127,0.28102,1.892246459197998,0.2848,-0.0037800000000000056,852.4699013233185
same_updates,m_sam,128,,261,1.8874483108520508,0.2890625,1.8975319367218018,0.2811,1.8907600790023804,0.2833,-0.0021999999999999797,855.7191126346588
same_updates,m_sam,128,,262,1.8659472465515137,0.328125,1.9049144912719727,0.27834,1.8988248155593872,0.279,-0.0006600000000000494,859.0209262371063
same_updates,m_sam,128,,263,1.8909419775009155,0.328125,1.910123904876709,0.2756,1.90449567527771,0.2792,-0.003599999999999992,862.2754063606262
same_updates,m_sam,128,,264,1.9603750705718994,0.2578125,1.9111207964324952,0.2724,1.9055306341171265,0.2743,-0.0019000000000000128,865.530154466629
same_updates,m_sam,128,,265,1.8035902976989746,0.3046875,1.9212923590087891,0.26782,1.9162050605773926,0.2689,-0.0010799999999999699,868.7576150894165
same_updates,m_sam,128,,266,1.8707499504089355,0.3046875,1.9328506179046632,0.26888,1.9282405311584472,0.2715,-0.002620000000000011,872.0206344127655
same_updates,m_sam,128,,267,1.820151686668396,0.2890625,1.9436300743865966,0.26818,1.9393666383743287,0.2702,-0.0020200000000000218,875.3390851020813
same_updates,m_sam,128,,268,1.8958464860916138,0.3203125,1.943770456466675,0.27158,1.939551178741455,0.2754,-0.00381999999999999,878.6229431629181
same_updates,m_sam,128,,269,1.9397821426391602,0.2578125,1.925155824508667,0.28284,1.920285447692871,0.2911,-0.008260000000000045,881.8959193229675
same_updates,m_sam,128,,270,1.8864367008209229,0.328125,1.9023112768554689,0.29246,1.896363404083252,0.3006,-0.00813999999999998,885.2042989730835
same_updates,m_sam,128,,271,1.8524647951126099,0.265625,1.8905775286102295,0.30098,1.8835003063201905,0.3093,-0.008319999999999994,888.4891581535339
same_updates,m_sam,128,,272,1.9875411987304688,0.2265625,1.8900936972808837,0.31078,1.8822127918243408,0.32,-0.009220000000000006,891.7212281227112
same_updates,m_sam,128,,273,1.916216492652893,0.2734375,1.8938838902282715,0.31484,1.885575661468506,0.3241,-0.00925999999999999,894.9804611206055
same_updates,m_sam,128,,274,1.9563320875167847,0.2890625,1.8929895636749268,0.30862,1.8850457695007323,0.3181,-0.009479999999999988,898.2626242637634
same_updates,m_sam,128,,275,1.9015529155731201,0.28125,1.889287166595459,0.3035,1.8818101112365722,0.3108,-0.007300000000000029,901.4844954013824
same_updates,m_sam,128,,276,1.939137578010559,0.2578125,1.8880270546722413,0.2973,1.8812555530548096,0.3002,-0.0029000000000000137,904.7086009979248
same_updates,m_sam,128,,277,1.8762195110321045,0.2890625,1.891562758102417,0.29394,1.8854410249710083,0.2971,-0.003159999999999996,908.0210964679718
same_updates,m_sam,128,,278,2.0634329319000244,0.2734375,1.9024920011901856,0.29186,1.8971686254501343,0.298,-0.006139999999999979,911.2987005710602
same_updates,m_sam,128,,279,1.8878026008605957,0.3046875,1.9270132472229005,0.29012,1.9223877365112305,0.2955,-0.005379999999999996,914.6150233745575
same_updates,m_sam,128,,280,1.8959028720855713,0.2890625,1.9417498945617675,0.29396,1.9374229887008667,0.2968,-0.002840000000000009,917.9083588123322
same_updates,m_sam,128,,281,1.955325722694397,0.3125,1.9304176917266846,0.30588,1.9257395755767823,0.3112,-0.005319999999999991,921.1873395442963
same_updates,m_sam,128,,282,1.9462411403656006,0.2734375,1.9026734626770019,0.31548,1.8970482147216796,0.3212,-0.005720000000000003,924.5097694396973
same_updates,m_sam,128,,283,1.8823606967926025,0.3359375,1.888207667388916,0.31496,1.8817889072418212,0.3204,-0.00544,927.7979991436005
same_updates,m_sam,128,,284,1.823887586593628,0.328125,1.8825448181152344,0.30818,1.875279141998291,0.3148,-0.006620000000000015,931.0924127101898
same_updates,m_sam,128,,285,1.882692575454712,0.3359375,1.8855747496795654,0.30132,1.8779093217849732,0.3079,-0.00658000000000003,934.3862264156342
same_updates,m_sam,128,,286,1.89798903465271,0.25,1.8879804022979736,0.29638,1.8803240051269532,0.3043,-0.007920000000000038,937.6151864528656
same_updates,m_sam,128,,287,1.8819645643234253,0.3203125,1.8900515852355957,0.2906,1.8827740161895752,0.2961,-0.005499999999999949,940.8944385051727
same_updates,m_sam,128,,288,1.977625846862793,0.2265625,1.8929851866912841,0.28658,1.8862932441711426,0.2907,-0.0041200000000000125,944.1412661075592
same_updates,m_sam,128,,289,1.9523779153823853,0.1953125,1.8913272496032716,0.28968,1.8849400485992431,0.2938,-0.0041200000000000125,947.4446983337402
same_updates,m_sam,128,,290,1.9285919666290283,0.3046875,1.8897739427947997,0.29694,1.8836510908126831,0.3039,-0.006960000000000022,950.7199838161469
same_updates,m_sam,128,,291,1.8714814186096191,0.390625,1.8881812938690186,0.31652,1.8825108722686767,0.3233,-0.006779999999999953,954.0070164203644
same_updates,m_sam,128,,292,1.930882215499878,0.2109375,1.8845506295776366,0.32174,1.8789493450164796,0.3283,-0.006559999999999955,957.3050284385681
same_updates,m_sam,128,,293,1.8781847953796387,0.2734375,1.8856981224822997,0.31904,1.880114549255371,0.3231,-0.004060000000000008,960.6161816120148
same_updates,m_sam,128,,294,1.8812555074691772,0.328125,1.8914538184356688,0.31668,1.8860316104888917,0.3194,-0.00272,963.9319446086884
same_updates,m_sam,128,,295,1.8826924562454224,0.265625,1.9004110590362548,0.31584,1.895240811920166,0.319,-0.003159999999999996,967.191915512085
same_updates,m_sam,128,,296,1.981125831604004,0.328125,1.917575203704834,0.30894,1.912926182937622,0.3116,-0.0026599999999999957,970.4552783966064
same_updates,m_sam,128,,297,1.9479234218597412,0.3046875,1.9279442500305175,0.30486,1.9236393270492553,0.3098,-0.00494,973.8003840446472
same_updates,m_sam,128,,298,1.8206630945205688,0.328125,1.9334920636749267,0.30066,1.9294391651153564,0.304,-0.0033400000000000096,977.1351687908173
same_updates,m_sam,128,,299,2.0289316177368164,0.296875,1.9244206888580322,0.29964,1.9200082801818847,0.3009,-0.0012599999999999834,980.3864984512329
same_updates,m_sam,128,,300,2.031344175338745,0.2578125,1.907303927078247,0.30148,1.9023031131744386,0.3049,-0.0034199999999999786,983.5944249629974
same_updates,m_sam,128,,301,1.9821778535842896,0.2421875,1.8914876789855957,0.30024,1.8855762645721434,0.3073,-0.007060000000000011,986.864245891571
same_updates,m_sam,128,,302,1.9859105348587036,0.21875,1.8858180121612549,0.2959,1.8790504365921021,0.3068,-0.01090000000000002,990.1436426639557
same_updates,m_sam,128,,303,1.9685777425765991,0.2734375,1.8833543885803223,0.2982,1.8759920822143554,0.3058,-0.007599999999999996,993.4567496776581
same_updates,m_sam,128,,304,2.040215253829956,0.203125,1.8780138105773925,0.3011,1.8706702098846435,0.3088,-0.00770000000000004,996.6671974658966
same_updates,m_sam,128,,305,1.8944435119628906,0.3046875,1.8733360441589355,0.30874,1.866400445175171,0.3164,-0.00766,999.8626275062561
same_updates,m_sam,128,,306,2.0566840171813965,0.203125,1.8757256703948975,0.31178,1.8694350131988526,0.3162,-0.0044199999999999795,1003.0944571495056
same_updates,m_sam,128,,307,1.825775384902954,0.3203125,1.8892148993682862,0.31298,1.8835662925720216,0.3222,-0.009220000000000006,1006.3610608577728
same_updates,m_sam,128,,308,1.881917953491211,0.328125,1.906932100906372,0.30936,1.9015558961868286,0.3192,-0.00983999999999996,1009.611231803894
same_updates,m_sam,128,,309,1.8894175291061401,0.34375,1.91870261428833,0.30158,1.9133650653839112,0.3099,-0.008319999999999994,1012.9018959999084
same_updates,m_sam,128,,310,2.00144624710083,0.296875,1.9167540419006348,0.29144,1.911335761642456,0.2951,-0.0036599999999999966,1016.1981282234192
same_updates,m_sam,128,,311,1.928274154663086,0.234375,1.9023483794403075,0.2958,1.8966138555526733,0.3003,-0.004500000000000004,1019.5142278671265
same_updates,m_sam,128,,312,1.825727939605713,0.359375,1.8867326482391358,0.3034,1.8806769634246827,0.3108,-0.007400000000000018,1022.7924244403839
same_updates,m_sam,128,,313,1.9522877931594849,0.1953125,1.8764933506774901,0.3112,1.8699301670074462,0.3149,-0.0037000000000000366,1026.0470643043518
same_updates,m_sam,128,,314,1.9113991260528564,0.2578125,1.8745023540496826,0.30956,1.867583934020996,0.3162,-0.006639999999999979,1029.3727326393127
same_updates,m_sam,128,,315,1.9214472770690918,0.265625,1.8735290489196776,0.31308,1.8665350383758545,0.3216,-0.008519999999999972,1032.724650144577
same_updates,m_sam,128,,316,1.8786828517913818,0.3046875,1.875766700515747,0.31808,1.8689538887023927,0.3245,-0.006420000000000037,1036.0048789978027
same_updates,m_sam,128,,317,1.8089607954025269,0.359375,1.8798808179473876,0.31454,1.8731059062957764,0.3211,-0.00656000000000001,1039.3020188808441
same_updates,m_sam,128,,318,1.8653812408447266,0.34375,1.8838775855255128,0.30848,1.8771426601409913,0.3171,-0.008620000000000017,1042.6503632068634
same_updates,m_sam,128,,319,1.8797950744628906,0.2421875,1.888112466583252,0.31126,1.881697244644165,0.3157,-0.0044399999999999995,1045.906703710556
same_updates,m_sam,128,,320,1.808144211769104,0.296875,1.8942921068572998,0.31174,1.888061173057556,0.3146,-0.0028599999999999737,1049.1551246643066
same_updates,m_sam,128,,321,1.843445062637329,0.3828125,1.902071435546875,0.3067,1.8959986579895018,0.3108,-0.004100000000000048,1052.4286725521088
same_updates,m_sam,128,,322,1.9790301322937012,0.2890625,1.8994856223297119,0.30036,1.8932257863998414,0.3069,-0.00653999999999999,1055.716207742691
same_updates,m_sam,128,,323,1.803579330444336,0.34375,1.8983382013702392,0.29572,1.8918381759643554,0.3039,-0.00818000000000002,1058.9827120304108
same_updates,m_sam,128,,324,1.8029086589813232,0.3671875,1.890278311920166,0.2985,1.8832145164489746,0.3062,-0.00770000000000004,1062.26180934906
same_updates,m_sam,128,,325,1.9269278049468994,0.2734375,1.8800126225280762,0.30468,1.872245435333252,0.3096,-0.00491999999999998,1065.5711739063263
same_updates,m_sam,128,,326,1.9349925518035889,0.2890625,1.8715272132873535,0.3081,1.863026198387146,0.3117,-0.003599999999999992,1068.905190706253
same_updates,m_sam,128,,327,1.8483562469482422,0.375,1.8662633109283446,0.30904,1.8573524444580078,0.3138,-0.004760000000000042,1072.1787419319153
same_updates,m_sam,128,,328,1.8806259632110596,0.296875,1.8579309803771973,0.31274,1.8488155933380126,0.3186,-0.005859999999999976,1075.4591586589813
same_updates,m_sam,128,,329,1.9243673086166382,0.265625,1.8508090585708619,0.32062,1.8419113403320313,0.3251,-0.004479999999999984,1078.7322239875793
same_updates,m_sam,128,,330,1.82835054397583,0.3515625,1.8496862494659423,0.33156,1.8412639961242676,0.3338,-0.0022399999999999642,1082.011994600296
same_updates,m_sam,128,,331,1.9377456903457642,0.2890625,1.8545809062194825,0.33536,1.8466319961547852,0.3411,-0.005740000000000023,1085.3323633670807
same_updates,m_sam,128,,332,1.9052759408950806,0.28125,1.8651489489746094,0.31412,1.857739284133911,0.3194,-0.005280000000000007,1088.5857393741608
same_updates,m_sam,128,,333,1.8651840686798096,0.265625,1.8739649858856202,0.30134,1.8668712789535522,0.3019,-0.0005600000000000049,1091.823695898056
same_updates,m_sam,128,,334,1.913004994392395,0.2734375,1.8856936222839356,0.29608,1.87903777923584,0.3004,-0.0043199999999999905,1095.1058793067932
same_updates,m_sam,128,,335,1.807720422744751,0.3515625,1.8946419081115722,0.29472,1.8881510192871094,0.3015,-0.006780000000000008,1098.3604633808136
same_updates,m_sam,128,,336,1.805759310722351,0.296875,1.8997806592559814,0.29504,1.8931059192657471,0.3032,-0.00816,1101.6486172676086
same_updates,m_sam,128,,337,1.8614925146102905,0.3125,1.898994614868164,0.29602,1.8920264297485352,0.3064,-0.01038,1104.9854562282562
same_updates,m_sam,128,,338,1.9426937103271484,0.2109375,1.8906702116394043,0.2946,1.8828949348449706,0.3041,-0.009500000000000008,1108.2467408180237
same_updates,m_sam,128,,339,1.8295413255691528,0.3359375,1.8792574601745606,0.2948,1.8705150760650635,0.3011,-0.006299999999999972,1111.4897058010101
same_updates,m_sam,128,,340,1.8147141933441162,0.328125,1.8736410976409912,0.29186,1.8643225149154663,0.2964,-0.0045399999999999885,1114.7733137607574
same_updates,m_sam,128,,341,1.872811198234558,0.296875,1.869207984008789,0.29724,1.8597076648712159,0.3017,-0.0044600000000000195,1118.1015515327454
same_updates,m_sam,128,,342,1.901004672050476,0.2734375,1.864939010925293,0.3126,1.8552147792816163,0.3196,-0.007000000000000006,1121.3151824474335
same_updates,m_sam,128,,343,1.825470209121704,0.3046875,1.8673654901885985,0.31524,1.857972497177124,0.3202,-0.0049599999999999644,1124.5778539180756
same_updates,m_sam,128,,344,1.9139858484268188,0.28125,1.862141868209839,0.30802,1.852779842376709,0.3145,-0.006479999999999986,1127.816705942154
same_updates,m_sam,128,,345,1.8146811723709106,0.3125,1.8534462046813964,0.31016,1.8440834087371827,0.3194,-0.009240000000000026,1131.0978846549988
same_updates,m_sam,128,,346,1.8507883548736572,0.2734375,1.8462385649108888,0.31378,1.8368235557556152,0.3218,-0.008019999999999972,1134.3320834636688
same_updates,m_sam,128,,347,1.8142709732055664,0.3671875,1.8489012524414064,0.31456,1.8398825805664063,0.3217,-0.00713999999999998,1137.6197414398193
same_updates,m_sam,128,,348,1.9551955461502075,0.28125,1.8552265614318848,0.3123,1.8468335334777832,0.3222,-0.009899999999999964,1140.9375154972076
same_updates,m_sam,128,,349,1.8946139812469482,0.3203125,1.8603789118957519,0.30766,1.852408604812622,0.3144,-0.006740000000000024,1144.2671060562134
same_updates,m_sam,128,,350,1.9226813316345215,0.3046875,1.864548874130249,0.30266,1.8570049856185913,0.3094,-0.006740000000000024,1147.5544686317444
same_updates,m_sam,128,,351,1.9130780696868896,0.2578125,1.8653444898986817,0.30124,1.8581200937271118,0.3086,-0.007359999999999978,1150.854667186737
same_updates,m_sam,128,,352,1.8427422046661377,0.359375,1.8654779749298096,0.30076,1.8583346870422364,0.3093,-0.008539999999999992,1154.1923649311066
same_updates,m_sam,128,,353,1.845768928527832,0.2890625,1.860242985610962,0.30142,1.85274758644104,0.3093,-0.007879999999999998,1157.524071931839
same_updates,m_sam,128,,354,1.8104772567749023,0.265625,1.8522059391784669,0.30844,1.844121597290039,0.3162,-0.007759999999999989,1160.8460915088654
same_updates,m_sam,128,,355,1.777553677558899,0.3671875,1.849877767715454,0.31022,1.8412498653411866,0.3146,-0.004379999999999995,1164.13019323349
same_updates,m_sam,128,,356,1.7934707403182983,0.421875,1.8451065760040284,0.31062,1.8355245418548585,0.3122,-0.0015799999999999703,1167.4113092422485
same_updates,m_sam,128,,357,1.8967046737670898,0.265625,1.8404651055908203,0.31204,1.8303204074859618,0.3158,-0.003760000000000041,1170.740475654602
same_updates,m_sam,128,,358,1.8051854372024536,0.28125,1.835476213951111,0.31654,1.8253299566268921,0.3218,-0.005259999999999987,1174.0993320941925
same_updates,m_sam,128,,359,1.846548080444336,0.3203125,1.8332019945907594,0.32264,1.8235631721496581,0.3292,-0.00656000000000001,1177.3741567134857
same_updates,m_sam,128,,360,1.8237313032150269,0.3125,1.8374810657119751,0.3276,1.8286090976715088,0.3371,-0.009500000000000008,1180.716079711914
same_updates,m_sam,128,,361,1.9532089233398438,0.3125,1.8423976623916627,0.32692,1.8340403579711915,0.3355,-0.008580000000000032,1184.0687472820282
same_updates,m_sam,128,,362,1.9089584350585938,0.328125,1.839707154083252,0.33158,1.8313236316680908,0.3415,-0.00992000000000004,1187.4206449985504
same_updates,m_sam,128,,363,1.8289704322814941,0.3125,1.8413465942382812,0.33344,1.8330590503692628,0.3419,-0.008459999999999968,1190.763287782669
same_updates,m_sam,128,,364,1.8971877098083496,0.28125,1.8434893757629394,0.33362,1.8354398071289062,0.3394,-0.005779999999999952,1194.0373890399933
same_updates,m_sam,128,,365,1.8398091793060303,0.3203125,1.8423195915222168,0.33392,1.834298996734619,0.3387,-0.0047800000000000065,1197.3326580524445
same_updates,m_sam,128,,366,1.8551886081695557,0.328125,1.8346881316375732,0.33572,1.8264932456970215,0.3403,-0.004579999999999973,1200.6004512310028
same_updates,m_sam,128,,367,1.8175143003463745,0.3828125,1.8286355906677245,0.3345,1.8203449028015137,0.3421,-0.007599999999999996,1203.9089651107788
same_updates,m_sam,128,,368,1.7970354557037354,0.3359375,1.8258705521011354,0.32872,1.8175369411468505,0.3363,-0.007579999999999976,1207.2081899642944
same_updates,m_sam,128,,369,1.837414264678955,0.3671875,1.8315772708511353,0.32296,1.8236610933303834,0.3303,-0.007339999999999958,1210.4861536026
same_updates,m_sam,128,,370,1.7983784675598145,0.3203125,1.8421550923156738,0.31548,1.834850280380249,0.3217,-0.006220000000000003,1213.7600820064545
same_updates,m_sam,128,,371,1.886681079864502,0.234375,1.8479696849822997,0.3112,1.8410325202941895,0.3148,-0.0036000000000000476,1217.130955696106
same_updates,m_sam,128,,372,1.8113393783569336,0.3125,1.8506239496612549,0.308,1.8439500759124756,0.3126,-0.004599999999999993,1220.4408957958221
same_updates,m_sam,128,,373,1.8692619800567627,0.2734375,1.8535736680603028,0.30946,1.84717830657959,0.3131,-0.0036399999999999766,1223.7244980335236
same_updates,m_sam,128,,374,1.8539087772369385,0.328125,1.8494286107635498,0.3141,1.8428656875610352,0.3152,-0.0010999999999999899,1227.0580933094025
same_updates,m_sam,128,,375,1.784916877746582,0.3515625,1.843005870437622,0.32024,1.8361477773666381,0.3215,-0.0012599999999999834,1230.3535845279694
same_updates,m_sam,128,,376,1.9369001388549805,0.296875,1.8336060432434083,0.32658,1.8261525577545166,0.3262,0.00037999999999999146,1233.6241188049316
same_updates,m_sam,128,,377,1.8306365013122559,0.359375,1.8224550402832032,0.3289,1.8139396942138672,0.3282,0.0007000000000000339,1236.855302810669
same_updates,m_sam,128,,378,1.8940562009811401,0.3046875,1.8157573412704469,0.32818,1.806246849822998,0.3303,-0.0021199999999999553,1240.104032278061
same_updates,m_sam,128,,379,1.8234859704971313,0.34375,1.8132256439208985,0.32502,1.8032235733032227,0.3285,-0.0034800000000000386,1243.3231308460236
same_updates,m_sam,128,,380,1.8807897567749023,0.265625,1.8135243634033202,0.32404,1.8030890811920166,0.3291,-0.005060000000000009,1246.5343043804169
same_updates,m_sam,128,,381,1.8563323020935059,0.2890625,1.815107332725525,0.32176,1.8047676303863525,0.3256,-0.00384000000000001,1249.8297369480133
same_updates,m_sam,128,,382,1.9937107563018799,0.1796875,1.8180233042144776,0.32136,1.8080420276641846,0.3229,-0.0015400000000000413,1253.068568944931
same_updates,m_sam,128,,383,1.8248170614242554,0.2734375,1.822849758834839,0.32722,1.8133945863723755,0.3315,-0.004280000000000006,1256.4150466918945
same_updates,m_sam,128,,384,1.8627749681472778,0.3203125,1.832641051635742,0.32738,1.8237842864990235,0.329,-0.0016200000000000103,1259.722089767456
same_updates,m_sam,128,,385,1.8629851341247559,0.3125,1.8452137628936767,0.32408,1.8371349742889405,0.3263,-0.0022199999999999998,1263.0272266864777
same_updates,m_sam,128,,386,1.8404772281646729,0.2890625,1.8449568977355957,0.32452,1.8372563499450683,0.3286,-0.004080000000000028,1266.3344190120697
same_updates,m_sam,128,,387,1.831361174583435,0.3046875,1.838004090423584,0.32464,1.8304182552337647,0.3308,-0.006159999999999999,1269.574279308319
same_updates,m_sam,128,,388,1.9070844650268555,0.2421875,1.8238350449371339,0.32856,1.8159298830032349,0.3354,-0.006839999999999957,1272.8307423591614
same_updates,m_sam,128,,389,1.872941255569458,0.2890625,1.8148331275939942,0.33488,1.8064921104431153,0.341,-0.006120000000000014,1276.1226215362549
same_updates,m_sam,128,,390,1.8068208694458008,0.3359375,1.811262693939209,0.33688,1.8024734592437743,0.3423,-0.00541999999999998,1279.4233963489532
same_updates,m_sam,128,,391,1.6952354907989502,0.425,1.8129249282836915,0.33404,1.8039345779418945,0.3407,-0.006659999999999999,1282.7713735103607
same_updates,m_sam,128,,392,1.8074982166290283,0.265625,1.8185136122131347,0.32762,1.8097671836853026,0.334,-0.006379999999999997,1286.099519252777
same_updates,m_sam,128,,393,1.8343369960784912,0.3046875,1.8250875993347169,0.32174,1.8163048643112183,0.3288,-0.007059999999999955,1289.3124051094055
same_updates,m_sam,128,,394,1.8130464553833008,0.3203125,1.8346224880218507,0.32128,1.8260893562316896,0.3285,-0.007220000000000004,1292.5285589694977
same_updates,m_sam,128,,395,1.7638344764709473,0.3671875,1.8437800947570802,0.31726,1.8356016628265381,0.323,-0.005740000000000023,1295.822985649109
same_updates,m_sam,128,,396,1.789449691772461,0.3046875,1.8564722504425049,0.31618,1.8487904623031617,0.3194,-0.0032200000000000006,1299.028552055359
same_updates,m_sam,128,,397,1.9142251014709473,0.3359375,1.8600259028625488,0.32124,1.8527217319488525,0.324,-0.0027599999999999847,1302.2894661426544
same_updates,m_sam,128,,398,1.8752455711364746,0.3046875,1.8485546490478515,0.32718,1.8413000604629517,0.3288,-0.0016199999999999548,1305.5156433582306
same_updates,m_sam,128,,399,1.927225112915039,0.25,1.830327526512146,0.33318,1.8228147399902344,0.3333,-0.00012000000000000899,1308.7593681812286
same_updates,m_sam,128,,400,1.996052861213684,0.2109375,1.814880520553589,0.33806,1.8071113618850707,0.3397,-0.0016399999999999748,1311.9674093723297
same_updates,m_sam,128,,401,1.7856996059417725,0.359375,1.806736075515747,0.33976,1.798914084815979,0.3412,-0.0014399999999999968,1315.1949064731598
same_updates,m_sam,128,,402,1.7678534984588623,0.3671875,1.8036531198883057,0.33588,1.7958993783950805,0.3385,-0.002620000000000011,1318.5093655586243
same_updates,m_sam,128,,403,1.87822687625885,0.3203125,1.8074786309432984,0.33038,1.8001443864822388,0.3349,-0.0045199999999999685,1321.7771232128143
same_updates,m_sam,128,,404,1.8510091304779053,0.3046875,1.8145834983825684,0.32716,1.807702551651001,0.3325,-0.005340000000000011,1325.0094630718231
same_updates,m_sam,128,,405,1.8239061832427979,0.296875,1.8265593351745606,0.32312,1.8202778337478638,0.3268,-0.003679999999999961,1328.2692375183105
same_updates,m_sam,128,,406,1.9429652690887451,0.2890625,1.8265976817321776,0.32222,1.8201414196014405,0.327,-0.0047800000000000065,1331.4455626010895
same_updates,m_sam,128,,407,1.8970588445663452,0.265625,1.8258289045715332,0.32528,1.8193982067108154,0.3309,-0.005620000000000014,1334.6250131130219
same_updates,m_sam,128,,408,1.8046587705612183,0.3203125,1.826764794769287,0.3298,1.8205209312438966,0.3352,-0.005400000000000016,1337.9125306606293
same_updates,m_sam,128,,409,1.8986948728561401,0.296875,1.8274411540222169,0.33592,1.8213699337005615,0.3434,-0.007479999999999987,1341.193680047989
same_updates,m_sam,128,,410,1.7801439762115479,0.3125,1.8289647413635255,0.33846,1.822928193473816,0.3476,-0.009140000000000037,1344.404792547226
same_updates,m_sam,128,,411,1.882558822631836,0.265625,1.8266150328063966,0.34318,1.8202590856552123,0.3503,-0.007120000000000015,1347.7203023433685
same_updates,m_sam,128,,412,1.9524837732315063,0.3046875,1.8307962091827392,0.3426,1.8243492122650147,0.3467,-0.0040999999999999925,1351.0329015254974
same_updates,m_sam,128,,413,1.889244556427002,0.2578125,1.8253910247039795,0.34708,1.8186504974365234,0.3492,-0.0021200000000000108,1354.304626941681
same_updates,m_sam,128,,414,1.827905297279358,0.3515625,1.8260064055633545,0.34518,1.8193555412292481,0.3493,-0.0041200000000000125,1357.5709726810455
same_updates,m_sam,128,,415,1.8606394529342651,0.3125,1.8210836591339112,0.34532,1.8145574157714843,0.3526,-0.007280000000000009,1360.8604202270508
same_updates,m_sam,128,,416,1.8489502668380737,0.3125,1.8142019286727906,0.34502,1.807531085205078,0.3511,-0.00608000000000003,1364.086091518402
same_updates,m_sam,128,,417,1.7836871147155762,0.34375,1.8141160299301147,0.3361,1.8071409173965454,0.3437,-0.007599999999999996,1367.3595914840698
same_updates,m_sam,128,,418,1.8196293115615845,0.328125,1.8136407929229736,0.33004,1.806217760848999,0.3375,-0.007460000000000022,1370.53830742836
same_updates,m_sam,128,,419,1.8698561191558838,0.3203125,1.8124475713729857,0.3267,1.8046165508270264,0.3354,-0.008699999999999986,1373.732340335846
same_updates,m_sam,128,,420,1.7486497163772583,0.2890625,1.8151232339477539,0.32642,1.8075721570968628,0.3321,-0.005680000000000018,1377.0189847946167
same_updates,m_sam,128,,421,1.9166827201843262,0.2578125,1.8168672067260743,0.33096,1.8094274627685547,0.3364,-0.00544,1380.2858023643494
same_updates,m_sam,128,,422,1.7693580389022827,0.3125,1.832488131752014,0.3335,1.825776651763916,0.3375,-0.0040000000000000036,1383.5808446407318
same_updates,m_sam,128,,423,1.8189215660095215,0.328125,1.8488025440979003,0.33056,1.8425135118484497,0.3366,-0.00603999999999999,1386.8627314567566
same_updates,m_sam,128,,424,1.8382000923156738,0.3125,1.8605192867279052,0.326,1.8543063289642334,0.3298,-0.00379999999999997,1390.1429860591888
same_updates,m_sam,128,,425,1.8837487697601318,0.2890625,1.8472925770568847,0.3247,1.8402788707733155,0.3273,-0.002599999999999991,1393.491325378418
same_updates,m_sam,128,,426,1.944899559020996,0.2734375,1.8251327114868163,0.33058,1.8169740936279297,0.3324,-0.0018199999999999883,1396.7979290485382
same_updates,m_sam,128,,427,1.8467544317245483,0.3125,1.8090978173065186,0.3358,1.7998127670288087,0.3406,-0.0048000000000000265,1400.0983374118805
same_updates,m_sam,128,,428,1.8787699937820435,0.3203125,1.802169448890686,0.34058,1.7921041660308838,0.3453,-0.004720000000000002,1403.306524515152
same_updates,m_sam,128,,429,1.8722403049468994,0.296875,1.7992562509918213,0.34386,1.788906611251831,0.3464,-0.0025399999999999867,1406.5262472629547
same_updates,m_sam,128,,430,1.9349901676177979,0.2890625,1.7959209088516235,0.34548,1.7854866764068604,0.3507,-0.005220000000000002,1409.7507979869843
same_updates,m_sam,128,,431,1.8434545993804932,0.328125,1.7931991931152345,0.35088,1.7831512344360352,0.3541,-0.0032200000000000006,1413.0657455921173
same_updates,m_sam,128,,432,1.810065507888794,0.296875,1.7916391027450562,0.35482,1.782081162071228,0.3581,-0.0032799999999999496,1416.346244096756
same_updates,m_sam,128,,433,1.8594911098480225,0.296875,1.7942261450195311,0.3546,1.7852221115112306,0.3577,-0.0030999999999999917,1419.5744123458862
same_updates,m_sam,128,,434,1.7943530082702637,0.3671875,1.8013985027694701,0.35206,1.7929181804656982,0.3547,-0.002640000000000031,1422.8496441841125
same_updates,m_sam,128,,435,1.7800872325897217,0.34375,1.814414307899475,0.34518,1.8064272729873658,0.3478,-0.002620000000000011,1426.1270399093628
same_updates,m_sam,128,,436,1.8148815631866455,0.2890625,1.8303951177978515,0.33782,1.822918482017517,0.3431,-0.005280000000000007,1429.339660167694
same_updates,m_sam,128,,437,1.8561110496520996,0.359375,1.837948468093872,0.33612,1.830698568725586,0.3397,-0.0035800000000000276,1432.61288189888
same_updates,m_sam,128,,438,1.8922940492630005,0.34375,1.830735869064331,0.33834,1.8233846176147461,0.3441,-0.005760000000000043,1435.8746242523193
same_updates,m_sam,128,,439,1.8615933656692505,0.328125,1.8156825860214234,0.33804,1.8077964580535888,0.3466,-0.008560000000000012,1439.1949665546417
same_updates,m_sam,128,,440,1.7920503616333008,0.3359375,1.8071780669784545,0.34304,1.7990644687652588,0.3496,-0.00656000000000001,1442.4711503982544
same_updates,m_sam,128,,441,1.909658670425415,0.3046875,1.7958707668685914,0.3483,1.7870228948593139,0.3527,-0.004400000000000015,1445.7094705104828
same_updates,m_sam,128,,442,1.8638033866882324,0.3203125,1.7892914545440675,0.3521,1.7795574506759644,0.3538,-0.0016999999999999793,1448.953206062317
same_updates,m_sam,128,,443,1.8649311065673828,0.296875,1.787062367515564,0.35258,1.77680170879364,0.3528,-0.00021999999999999797,1452.2298040390015
same_updates,m_sam,128,,444,1.887542486190796,0.28125,1.7856366345214845,0.3497,1.7753242128372193,0.3517,-0.0020000000000000018,1455.4612770080566
same_updates,m_sam,128,,445,1.8581773042678833,0.3671875,1.7857994971084594,0.346,1.7759333843231202,0.352,-0.006000000000000005,1458.7619721889496
same_updates,m_sam,128,,446,1.7761309146881104,0.28125,1.7904940625,0.345,1.781551459121704,0.3545,-0.009500000000000008,1462.0409729480743
same_updates,m_sam,128,,447,1.7968761920928955,0.3828125,1.8004952851104736,0.34446,1.7922325923919677,0.3556,-0.011140000000000039,1465.381415605545
same_updates,m_sam,128,,448,1.90535306930542,0.3125,1.8105584136962891,0.34118,1.8025365974426268,0.3477,-0.006520000000000026,1468.6450643539429
same_updates,m_sam,128,,449,1.7953859567642212,0.3125,1.8149334229278564,0.33898,1.8069004711151122,0.3457,-0.006720000000000004,1471.941440820694
same_updates,m_sam,128,,450,1.7959821224212646,0.3203125,1.814055471572876,0.33802,1.805788306617737,0.3454,-0.007379999999999998,1475.2162523269653
same_updates,m_sam,128,,451,1.8529095649719238,0.2578125,1.8046030715942383,0.34178,1.795831749343872,0.3447,-0.0029200000000000337,1478.4913313388824
same_updates,m_sam,128,,452,1.8577680587768555,0.296875,1.795561452293396,0.34624,1.786348948287964,0.3482,-0.0019600000000000173,1481.6977999210358
same_updates,m_sam,128,,453,1.8396947383880615,0.3203125,1.789145085220337,0.35364,1.7795449647903443,0.355,-0.0013599999999999723,1484.9573447704315
same_updates,m_sam,128,,454,1.819522738456726,0.3515625,1.7918636792373657,0.35532,1.7820711172103882,0.3574,-0.0020799999999999708,1488.2615394592285
same_updates,m_sam,128,,455,1.8075463771820068,0.2734375,1.7959270966339111,0.3531,1.7861700435638428,0.355,-0.0018999999999999573,1491.535672903061
same_updates,m_sam,128,,456,1.907787799835205,0.34375,1.8003116723632813,0.34748,1.7910377490997313,0.3515,-0.004019999999999968,1494.8020243644714
same_updates,m_sam,128,,457,1.8643029928207397,0.3125,1.8043333871841432,0.34412,1.7956565589904785,0.3468,-0.0026800000000000157,1498.0482273101807
same_updates,m_sam,128,,458,1.7923870086669922,0.359375,1.8076502410888673,0.34086,1.7996776206970215,0.3466,-0.005740000000000023,1501.2757148742676
same_updates,m_sam,128,,459,1.7872577905654907,0.296875,1.8179774376678466,0.33724,1.8107835498809814,0.3439,-0.006659999999999999,1504.4923777580261
same_updates,m_sam,128,,460,1.8449592590332031,0.328125,1.828102532043457,0.33608,1.8212563543319702,0.343,-0.006920000000000037,1507.7803342342377
same_updates,m_sam,128,,461,1.7889697551727295,0.2890625,1.8387068167495728,0.3358,1.832116653060913,0.3396,-0.0038000000000000256,1511.043184518814
same_updates,m_sam,128,,462,1.8547053337097168,0.3125,1.8406116403198243,0.33794,1.8341448011398316,0.3404,-0.0024599999999999622,1514.3738286495209
same_updates,m_sam,128,,463,1.7656772136688232,0.359375,1.825174779624939,0.34192,1.8185111785888672,0.3479,-0.005979999999999985,1517.6339209079742
same_updates,m_sam,128,,464,1.947983741760254,0.25,1.8027749175643921,0.34662,1.795454521560669,0.3538,-0.00718000000000002,1520.9320390224457
same_updates,m_sam,128,,465,1.815184473991394,0.3828125,1.7912481674194336,0.34768,1.7833623903274536,0.3594,-0.011720000000000008,1524.203654050827
same_updates,m_sam,128,,466,1.8441029787063599,0.3203125,1.7882283820343017,0.34474,1.7800510368347169,0.3544,-0.009660000000000002,1527.521884918213
same_updates,m_sam,128,,467,1.705293893814087,0.3828125,1.7865295068740845,0.34122,1.7781295911788941,0.3475,-0.006279999999999952,1530.7951757907867
same_updates,m_sam,128,,468,1.8239963054656982,0.2890625,1.7869197763824463,0.34022,1.7784302024841308,0.3442,-0.0039799999999999836,1534.040453672409
same_updates,m_sam,128,,469,1.9186748266220093,0.2890625,1.783687319984436,0.34492,1.7749448448181153,0.3493,-0.004379999999999995,1537.2835490703583
same_updates,m_sam,128,,470,1.9402155876159668,0.28125,1.78009212890625,0.35002,1.77110198097229,0.3543,-0.004280000000000006,1540.5333814620972
same_updates,m_sam,128,,471,1.7830870151519775,0.359375,1.778212910232544,0.3534,1.7690900018692017,0.3549,-0.0015000000000000013,1543.850402355194
same_updates,m_sam,128,,472,1.7743725776672363,0.34375,1.7817417754745484,0.34772,1.772760565185547,0.3502,-0.0024800000000000377,1547.1075229644775
same_updates,m_sam,128,,473,1.7185986042022705,0.3515625,1.7879654131698608,0.34648,1.7792310646057128,0.3474,-0.0009199999999999764,1550.3450150489807
same_updates,m_sam,128,,474,1.8675709962844849,0.3203125,1.8037033966445923,0.34524,1.7958295473098755,0.3517,-0.006460000000000021,1553.603963136673
same_updates,m_sam,128,,475,1.825793981552124,0.3046875,1.8101208472442627,0.34798,1.8026069353103638,0.3518,-0.00381999999999999,1556.9180147647858
same_updates,m_sam,128,,476,1.8681552410125732,0.28125,1.8037132431793212,0.3526,1.7960379856109618,0.3561,-0.003500000000000003,1560.1919267177582
same_updates,m_sam,128,,477,1.8691270351409912,0.3203125,1.7984238442611695,0.35228,1.79055130443573,0.3536,-0.0013200000000000434,1563.5130288600922
same_updates,m_sam,128,,478,1.8823117017745972,0.3046875,1.7942680486679077,0.35176,1.7863458003997803,0.3528,-0.0010399999999999854,1566.7614755630493
same_updates,m_sam,128,,479,1.7216620445251465,0.3828125,1.7898267126464844,0.3528,1.7817119354248048,0.3565,-0.003699999999999981,1570.0807406902313
same_updates,m_sam,128,,480,1.7928593158721924,0.3515625,1.788398273010254,0.35108,1.7799435764312743,0.3537,-0.002620000000000011,1573.364663362503
same_updates,m_sam,128,,481,1.7613556385040283,0.328125,1.7910434308624268,0.346,1.782467942237854,0.3502,-0.004200000000000037,1576.637086391449
same_updates,m_sam,128,,482,1.8202617168426514,0.3125,1.795612880821228,0.3415,1.7874860603332519,0.3466,-0.005099999999999993,1579.9445431232452
same_updates,m_sam,128,,483,1.7887330055236816,0.359375,1.8015950609588622,0.3407,1.7939245895385743,0.3464,-0.005699999999999983,1583.2518918514252
same_updates,m_sam,128,,484,1.7555561065673828,0.3515625,1.8061458514785766,0.34352,1.7988964212417602,0.3468,-0.003280000000000005,1586.546643257141
same_updates,m_sam,128,,485,1.6894090175628662,0.375,1.8183433358383179,0.34402,1.8113591445922852,0.3511,-0.007080000000000031,1589.7667441368103
same_updates,m_sam,128,,486,1.8344758749008179,0.328125,1.8222987810897826,0.3457,1.8153088996887208,0.3484,-0.00269999999999998,1593.0235500335693
same_updates,m_sam,128,,487,1.848387360572815,0.3359375,1.8062713759994506,0.34976,1.7987217161178588,0.3539,-0.004139999999999977,1596.2665812969208
same_updates,m_sam,128,,488,1.6769778728485107,0.4296875,1.7866695623397828,0.35336,1.7780858716964723,0.3575,-0.004139999999999977,1599.5197932720184
same_updates,m_sam,128,,489,1.7683155536651611,0.40625,1.7737626148223877,0.35808,1.7646638685226441,0.3616,-0.0035199999999999676,1602.8018271923065
same_updates,m_sam,128,,490,1.7791476249694824,0.3515625,1.7668994189071656,0.36018,1.757466921043396,0.3637,-0.003520000000000023,1606.0743732452393
same_updates,m_sam,128,,491,1.803621530532837,0.3828125,1.7671478833007812,0.35916,1.7576718761444092,0.3606,-0.0014399999999999968,1609.3469977378845
same_updates,m_sam,128,,492,1.8355381488800049,0.375,1.7694674030303954,0.35526,1.7598985473632813,0.3576,-0.0023399999999999532,1612.5614619255066
same_updates,m_sam,128,,493,1.8532850742340088,0.28125,1.7725673290634156,0.35014,1.7633445919036865,0.3546,-0.0044600000000000195,1615.7765724658966
same_updates,m_sam,128,,494,1.726060152053833,0.359375,1.7822020391464233,0.34538,1.7739139297485351,0.3485,-0.003119999999999956,1618.9460167884827
same_updates,m_sam,128,,495,1.7747118473052979,0.328125,1.7933883750152588,0.34056,1.786038547515869,0.3428,-0.0022400000000000198,1622.1556839942932
same_updates,m_sam,128,,496,1.8290756940841675,0.359375,1.7966859259796142,0.34024,1.7897200323104858,0.3443,-0.004060000000000008,1625.4780402183533
same_updates,m_sam,128,,497,1.7420105934143066,0.40625,1.8114636901474,0.33698,1.8053036149978638,0.3385,-0.0015200000000000213,1628.7564990520477
same_updates,m_sam,128,,498,1.8079524040222168,0.3359375,1.80968376411438,0.339,1.8036761707305908,0.3371,0.0019000000000000128,1632.0178081989288
same_updates,m_sam,128,,499,1.831709861755371,0.3125,1.797579072303772,0.3457,1.7912328022003174,0.3461,-0.00040000000000001146,1635.2936131954193
same_updates,m_sam,128,,500,1.8162391185760498,0.3359375,1.7882185690689087,0.34792,1.7813982530593873,0.3493,-0.0013799999999999923,1638.4972696304321
same_updates,m_sam,128,,501,1.7874665260314941,0.359375,1.7867283907318114,0.3486,1.779476944732666,0.3507,-0.0020999999999999908,1641.767583847046
same_updates,m_sam,128,,502,1.811537265777588,0.3671875,1.7837169366836547,0.34904,1.7760154865264892,0.3519,-0.0028599999999999737,1644.9478251934052
same_updates,m_sam,128,,503,1.810986876487732,0.3671875,1.7788492505645752,0.35204,1.7705105178833007,0.3548,-0.0027599999999999847,1648.2152848243713
same_updates,m_sam,128,,504,1.7644641399383545,0.34375,1.7730698370742797,0.35306,1.7639714454650879,0.3562,-0.0031400000000000317,1651.52077293396
same_updates,m_sam,128,,505,1.7748641967773438,0.3359375,1.7695797118759156,0.3527,1.7600745096206665,0.357,-0.0042999999999999705,1654.8231525421143
same_updates,m_sam,128,,506,1.8750081062316895,0.296875,1.7699253631973266,0.35392,1.7605477514266967,0.3573,-0.003379999999999994,1658.0358209609985
same_updates,m_sam,128,,507,1.6996402740478516,0.3515625,1.780359210510254,0.35374,1.7718071296691895,0.3553,-0.0015600000000000058,1661.3585245609283
same_updates,m_sam,128,,508,1.8619441986083984,0.2890625,1.7880174145507812,0.35336,1.7797462074279786,0.3562,-0.002840000000000009,1664.595696926117
same_updates,m_sam,128,,509,1.8814473152160645,0.3046875,1.7882268438720703,0.35156,1.779968445968628,0.3569,-0.005340000000000011,1667.9072406291962
same_updates,m_sam,128,,510,1.8574912548065186,0.328125,1.7761660436630249,0.35242,1.767483452606201,0.3578,-0.005379999999999996,1671.184825181961
same_updates,m_sam,128,,511,1.8950780630111694,0.2265625,1.7631699642944336,0.35786,1.7539780956268312,0.3642,-0.006340000000000012,1674.4981818199158
same_updates,m_sam,128,,512,1.8082594871520996,0.3359375,1.7578137604141235,0.35906,1.7487080600738525,0.3647,-0.005640000000000034,1677.7553360462189
same_updates,m_sam,128,,513,1.9355573654174805,0.25,1.753802785873413,0.35964,1.7447008321762085,0.3643,-0.0046599999999999975,1681.019519329071
same_updates,m_sam,128,,514,1.7752329111099243,0.3671875,1.7541453484344482,0.35654,1.7449413112640382,0.3626,-0.006059999999999954,1684.2345795631409
same_updates,m_sam,128,,515,1.7291802167892456,0.3671875,1.757705223312378,0.35008,1.7483121803283692,0.3569,-0.006819999999999993,1687.4950017929077
same_updates,m_sam,128,,516,1.791904330253601,0.3515625,1.7622757892227172,0.34538,1.753099796295166,0.3502,-0.004819999999999991,1690.7131855487823
same_updates,m_sam,128,,517,1.8105151653289795,0.3203125,1.7711926651763916,0.34046,1.7623718532562256,0.3434,-0.002939999999999998,1694.015224456787
same_updates,m_sam,128,,518,1.7012314796447754,0.3671875,1.7784114098358155,0.3391,1.7702719343185425,0.3423,-0.0031999999999999806,1697.2766888141632
same_updates,m_sam,128,,519,1.8032329082489014,0.3359375,1.7819386902236938,0.33946,1.7741244499206543,0.3439,-0.0044399999999999995,1700.5118916034698
same_updates,m_sam,128,,520,1.7787282466888428,0.265625,1.780169870223999,0.3443,1.7725034090042113,0.3473,-0.0030000000000000027,1703.709451675415
same_updates,m_sam,128,,521,1.8049534559249878,0.328125,1.7736671715927124,0.34538,1.7657262409210206,0.3449,0.00048000000000003595,1706.8882944583893
same_updates,m_sam,128,,522,1.9414560794830322,0.25,1.7672575732040405,0.3459,1.758822162628174,0.3467,-0.0008000000000000229,1710.1845588684082
same_updates,m_sam,128,,523,1.844225287437439,0.2734375,1.7668097760772705,0.34274,1.7579940156936646,0.3448,-0.0020600000000000063,1713.4496743679047
same_updates,m_sam,128,,524,1.832270860671997,0.3046875,1.7709855460357666,0.33452,1.7617539937973024,0.339,-0.0044800000000000395,1716.6771204471588
same_updates,m_sam,128,,525,1.712219476699829,0.3984375,1.7756017212295532,0.33124,1.766416125869751,0.3336,-0.0023600000000000287,1719.9150774478912
same_updates,m_sam,128,,526,1.7770358324050903,0.3359375,1.7860107678604127,0.32956,1.777633926010132,0.3304,-0.0008400000000000074,1723.1567676067352
same_updates,m_sam,128,,527,1.7912448644638062,0.3203125,1.8018796685409546,0.32696,1.7946834754943848,0.3263,0.0006599999999999939,1726.378695011139
same_updates,m_sam,128,,528,1.7751396894454956,0.359375,1.8221838949966431,0.3239,1.8160906536102295,0.3262,-0.0022999999999999687,1729.6540026664734
same_updates,m_sam,128,,529,1.905950665473938,0.2421875,1.8311517251586915,0.3285,1.8255999195098878,0.3292,-0.0006999999999999784,1732.9270296096802
same_updates,m_sam,128,,530,1.7311638593673706,0.3515625,1.8218437537384033,0.33806,1.8161115070343017,0.3422,-0.004139999999999977,1736.1572470664978
same_updates,m_sam,128,,531,1.789760947227478,0.3359375,1.803054355506897,0.34406,1.7964992292404174,0.3495,-0.00544,1739.4340827465057
same_updates,m_sam,128,,532,1.8469481468200684,0.34375,1.7821182262420654,0.34928,1.774382883453369,0.3523,-0.0030200000000000227,1742.7553398609161
same_updates,m_sam,128,,533,1.7342422008514404,0.3671875,1.768962833328247,0.35266,1.7600539310455323,0.3548,-0.0021400000000000308,1745.9568619728088
same_updates,m_sam,128,,534,1.7675881385803223,0.3203125,1.7575903659439087,0.3564,1.7476755153656005,0.363,-0.006599999999999995,1749.2825183868408
same_updates,m_sam,128,,535,1.7021808624267578,0.3671875,1.7536876778411865,0.35872,1.7431445611953735,0.3623,-0.0035800000000000276,1752.544954776764
same_updates,m_sam,128,,536,1.7752834558486938,0.4140625,1.754189192199707,0.3556,1.7432996795654296,0.3608,-0.005199999999999982,1755.7661745548248
same_updates,m_sam,128,,537,1.855262279510498,0.3125,1.7511424584579467,0.35246,1.74036911277771,0.3587,-0.006240000000000023,1759.0074110031128
same_updates,m_sam,128,,538,1.7579493522644043,0.328125,1.7475147240448,0.34796,1.7369796241760254,0.3541,-0.006140000000000034,1762.2378041744232
same_updates,m_sam,128,,539,1.7035722732543945,0.40625,1.7539826110076904,0.34372,1.7443854467391968,0.3509,-0.007179999999999964,1765.4347486495972
same_updates,m_sam,128,,540,1.7984697818756104,0.3515625,1.776019558944702,0.3391,1.7678136001586915,0.3456,-0.006500000000000006,1768.6043186187744
same_updates,m_sam,128,,541,1.9096105098724365,0.296875,1.8081144677734375,0.33286,1.8016865776062012,0.3404,-0.007539999999999991,1771.8399584293365
same_updates,m_sam,128,,542,1.866849660873413,0.359375,1.8412649729919432,0.32514,1.8362832958221436,0.3316,-0.006460000000000021,1775.051551103592
same_updates,m_sam,128,,543,1.7621729373931885,0.328125,1.8535005940246583,0.32362,1.8493926609039306,0.3277,-0.0040799999999999725,1778.2426307201385
same_updates,m_sam,128,,544,1.8803565502166748,0.3203125,1.8419692289733887,0.32522,1.8380114082336425,0.3303,-0.005079999999999973,1781.457221031189
same_updates,m_sam,128,,545,1.7988073825836182,0.2890625,1.816687640953064,0.33364,1.812250165748596,0.3363,-0.0026599999999999957,1784.7716348171234
same_updates,m_sam,128,,546,1.8290691375732422,0.3203125,1.7849753546524048,0.34638,1.779560509300232,0.3473,-0.0009199999999999764,1788.0259416103363
same_updates,m_sam,128,,547,1.7961229085922241,0.3203125,1.7606946606826783,0.35718,1.7541105756759643,0.3586,-0.0014199999999999768,1791.23069024086
same_updates,m_sam,128,,548,1.7970702648162842,0.296875,1.753602565345764,0.36202,1.7459984312057495,0.3653,-0.003280000000000005,1794.3953771591187
same_updates,m_sam,128,,549,1.7111258506774902,0.3515625,1.76029452293396,0.3607,1.751844232559204,0.3641,-0.0033999999999999586,1797.5638899803162
same_updates,m_sam,128,,550,1.8205299377441406,0.3671875,1.7621721377182007,0.36108,1.7530037418365478,0.366,-0.00491999999999998,1800.8604502677917
same_updates,m_sam,128,,551,1.9345593452453613,0.2421875,1.7584279236221314,0.36562,1.7488868835449218,0.369,-0.003379999999999994,1804.1520898342133
same_updates,m_sam,128,,552,1.7531358003616333,0.3828125,1.752911390762329,0.36666,1.7433470624923706,0.3685,-0.0018400000000000083,1807.3594107627869
same_updates,m_sam,128,,553,1.85506010055542,0.2890625,1.7522855011367797,0.36618,1.743021910095215,0.3706,-0.0044199999999999795,1810.530667066574
same_updates,m_sam,128,,554,1.7700473070144653,0.328125,1.7606984690093994,0.3636,1.7518148296356202,0.3649,-0.0013000000000000234,1813.7910001277924
same_updates,m_sam,128,,555,1.7477381229400635,0.3828125,1.7747317768096924,0.35928,1.7661637392044067,0.3631,-0.00381999999999999,1817.0858340263367
same_updates,m_sam,128,,556,1.8170044422149658,0.3515625,1.790254690475464,0.35744,1.7822135248184203,0.362,-0.0045600000000000085,1820.2746229171753
same_updates,m_sam,128,,557,1.784883975982666,0.296875,1.8049672960662841,0.35642,1.7976342544555663,0.3609,-0.004479999999999984,1823.5036959648132
same_updates,m_sam,128,,558,1.8630671501159668,0.2421875,1.808130747680664,0.35734,1.80128570022583,0.3612,-0.00386000000000003,1826.7458617687225
same_updates,m_sam,128,,559,1.7536039352416992,0.375,1.797611508140564,0.3603,1.7908053936004638,0.3651,-0.004799999999999971,1830.0517938137054
same_updates,m_sam,128,,560,1.8411951065063477,0.3046875,1.7818245544815063,0.36228,1.7746253330230712,0.3657,-0.003420000000000034,1833.301949262619
same_updates,m_sam,128,,561,1.8295860290527344,0.375,1.7652659866714477,0.36,1.7574723342895509,0.3639,-0.0039000000000000146,1836.5258166790009
same_updates,m_sam,128,,562,1.7355024814605713,0.3515625,1.7583146671295167,0.35794,1.7501808168411255,0.3642,-0.006260000000000043,1839.7923741340637
same_updates,m_sam,128,,563,1.802994966506958,0.3125,1.7527771423721314,0.35612,1.7440882049560547,0.3634,-0.007280000000000009,1843.0637028217316
same_updates,m_sam,128,,564,1.7112789154052734,0.4296875,1.7514277313232423,0.35172,1.7423386722564698,0.3587,-0.006980000000000042,1846.2803633213043
same_updates,m_sam,128,,565,1.8109447956085205,0.3046875,1.7518792559814453,0.35092,1.742871155166626,0.3571,-0.006179999999999963,1849.5433912277222
same_updates,m_sam,128,,566,1.7361254692077637,0.3203125,1.7527076834869384,0.35288,1.7441606119155884,0.3612,-0.008319999999999994,1852.8141100406647
same_updates,m_sam,128,,567,1.7600321769714355,0.3203125,1.7542866616821289,0.35484,1.7460662399291993,0.3557,-0.0008600000000000274,1856.1175153255463
same_updates,m_sam,128,,568,1.7459766864776611,0.375,1.7574387244033813,0.35682,1.749654387664795,0.3592,-0.0023799999999999932,1859.3724117279053
same_updates,m_sam,128,,569,1.84395432472229,0.3046875,1.758319417037964,0.3598,1.7507891841888428,0.3622,-0.0024000000000000132,1862.5949556827545
same_updates,m_sam,128,,570,1.7292900085449219,0.328125,1.7653277381134034,0.35988,1.7581192867279052,0.3603,-0.00042000000000003146,1865.8277797698975
same_updates,m_sam,128,,571,1.7997982501983643,0.359375,1.7696296368789672,0.35896,1.7624102714538574,0.3583,0.0006599999999999939,1869.1298353672028
same_updates,m_sam,128,,572,1.7306691408157349,0.3984375,1.7733373511505126,0.35678,1.7660871278762817,0.3563,0.00047999999999998044,1872.3499157428741
same_updates,m_sam,128,,573,1.828708291053772,0.296875,1.7729356197357178,0.35606,1.7653650518417359,0.3586,-0.0025399999999999867,1875.6325526237488
same_updates,m_sam,128,,574,1.7672210931777954,0.359375,1.7755043135833741,0.3557,1.7677266143798829,0.3574,-0.0016999999999999793,1878.869790315628
same_updates,m_sam,128,,575,1.7754406929016113,0.328125,1.7752778839492798,0.35668,1.767431650352478,0.3582,-0.0015200000000000213,1882.1093401908875
same_updates,m_sam,128,,576,1.8043071031570435,0.34375,1.7720778857803345,0.35932,1.7641280685424805,0.36,-0.0006800000000000139,1885.3001945018768
same_updates,m_sam,128,,577,1.7688093185424805,0.34375,1.7631673373031616,0.36386,1.7549974615097046,0.366,-0.0021399999999999753,1888.51078915596
same_updates,m_sam,128,,578,1.7990596294403076,0.3359375,1.7547985571670532,0.36864,1.746604047393799,0.3713,-0.0026599999999999957,1891.7789647579193
same_updates,m_sam,128,,579,1.8084373474121094,0.3125,1.7467368796539307,0.37404,1.7385409091949462,0.3759,-0.0018600000000000283,1894.9809401035309
same_updates,m_sam,128,,580,1.8185843229293823,0.3046875,1.7413913964080812,0.37758,1.7332408630371094,0.3809,-0.0033199999999999896,1898.2386257648468
same_updates,m_sam,128,,581,1.7713676691055298,0.3984375,1.736159102783203,0.37944,1.7280169063568116,0.3826,-0.003159999999999996,1901.493855714798
same_updates,m_sam,128,,582,1.7393039464950562,0.3359375,1.7339323217391969,0.38024,1.7257714351654052,0.3819,-0.0016599999999999948,1904.7669515609741
same_updates,m_sam,128,,583,1.8686647415161133,0.375,1.7403296661376952,0.3773,1.7326459671020509,0.379,-0.0016999999999999793,1908.0071609020233
same_updates,m_sam,128,,584,1.707200288772583,0.3359375,1.7537160626220702,0.3731,1.746699197769165,0.3761,-0.0030000000000000027,1911.2679133415222
same_updates,m_sam,128,,585,1.842743158340454,0.3046875,1.7634889953613282,0.37014,1.7568315729141235,0.371,-0.0008599999999999719,1914.6019172668457
same_updates,m_sam,128,,586,1.7557226419448853,0.359375,1.7657067864227296,0.3666,1.7589603778839111,0.3704,-0.0038000000000000256,1917.866337776184
same_updates,m_sam,128,,587,1.7174400091171265,0.3828125,1.759737121925354,0.36656,1.7525505155563355,0.3701,-0.0035399999999999876,1921.1604034900665
same_updates,m_sam,128,,588,1.8161239624023438,0.34375,1.7446827959823608,0.36862,1.7366735549926757,0.3736,-0.0049799999999999844,1924.4443099498749
same_updates,m_sam,128,,589,1.7145030498504639,0.359375,1.7338837763214112,0.37042,1.7250287704467773,0.3755,-0.005079999999999973,1927.6801478862762
same_updates,m_sam,128,,590,1.6344033479690552,0.4375,1.7293483331680297,0.37158,1.7202707748413086,0.3767,-0.005119999999999958,1930.9589002132416
same_updates,m_sam,128,,591,1.7398838996887207,0.390625,1.7303240283966064,0.37162,1.7215712757110595,0.3726,-0.0009799999999999809,1934.2506444454193
same_updates,m_sam,128,,592,1.7793861627578735,0.328125,1.7334913143539428,0.36998,1.725256385231018,0.3734,-0.003420000000000034,1937.4695091247559
same_updates,m_sam,128,,593,1.7485525608062744,0.34375,1.7319025915908814,0.37132,1.7238503231048583,0.3739,-0.0025800000000000267,1940.7479615211487
same_updates,m_sam,128,,594,1.7322993278503418,0.390625,1.730151873779297,0.37334,1.7222437492370606,0.3757,-0.0023599999999999732,1943.9716081619263
same_updates,m_sam,128,,595,1.820334553718567,0.328125,1.7281917413711547,0.37376,1.7201944744110107,0.3785,-0.004740000000000022,1947.1631727218628
same_updates,m_sam,128,,596,1.790449857711792,0.34375,1.7317545441436768,0.37184,1.7239070613861085,0.3753,-0.0034600000000000186,1950.4745199680328
same_updates,m_sam,128,,597,1.6919628381729126,0.3828125,1.7377567486953736,0.36896,1.7299470184326171,0.3725,-0.0035399999999999876,1953.7309775352478
same_updates,m_sam,128,,598,1.819096565246582,0.328125,1.7441518896484376,0.36444,1.736438796043396,0.3657,-0.0012600000000000389,1956.9120998382568
same_updates,m_sam,128,,599,1.73964524269104,0.3046875,1.7476214176177978,0.36282,1.740112115097046,0.3634,-0.0005800000000000249,1960.1616032123566
same_updates,m_sam,128,,600,1.7743680477142334,0.359375,1.7498027154541016,0.36364,1.7428670505523682,0.3661,-0.0024599999999999622,1963.432198047638
same_updates,m_sam,128,,601,1.6735849380493164,0.3984375,1.7550632550811767,0.36626,1.7488196599960326,0.3678,-0.0015400000000000413,1966.7087106704712
same_updates,m_sam,128,,602,1.6786969900131226,0.40625,1.7586208429718018,0.36666,1.7526531322479248,0.3688,-0.0021400000000000308,1969.9701313972473
same_updates,m_sam,128,,603,1.7295987606048584,0.3359375,1.7648666647720337,0.36562,1.759139891242981,0.3672,-0.0015800000000000258,1973.274020433426
same_updates,m_sam,128,,604,1.7992559671401978,0.296875,1.7565960830688476,0.36762,1.7505133056640625,0.37,-0.0023799999999999932,1976.5756406784058
same_updates,m_sam,128,,605,1.786501169204712,0.40625,1.7458092560195924,0.3691,1.7388884826660156,0.373,-0.0039000000000000146,1979.8794267177582
same_updates,m_sam,128,,606,1.902612328529358,0.375,1.7381756021499635,0.36982,1.7302085502624511,0.374,-0.004180000000000017,1983.1578481197357
same_updates,m_sam,128,,607,1.7929821014404297,0.3359375,1.7362434857559204,0.36812,1.7277037565231324,0.3746,-0.006479999999999986,1986.4276838302612
same_updates,m_sam,128,,608,1.7043794393539429,0.3984375,1.7318100843048096,0.36912,1.7228786977767945,0.3733,-0.004180000000000017,1989.6500487327576
same_updates,m_sam,128,,609,1.9455634355545044,0.3125,1.730618678894043,0.37154,1.7221467594146729,0.372,-0.00046000000000001595,1992.9512026309967
same_updates,m_sam,128,,610,1.8182849884033203,0.3671875,1.7340907577514648,0.3717,1.7262505668640136,0.3744,-0.0027000000000000357,1996.2578842639923
same_updates,m_sam,128,,611,1.7822041511535645,0.3203125,1.7451428606414794,0.3706,1.7382621820449828,0.372,-0.0014000000000000123,1999.5887360572815
same_updates,m_sam,128,,612,1.7453830242156982,0.3515625,1.7592327141952515,0.3675,1.7530704845428466,0.367,0.0005000000000000004,2002.8329696655273
same_updates,m_sam,128,,613,1.8639447689056396,0.3125,1.7726935577774048,0.36182,1.7672262016296387,0.3638,-0.0019800000000000373,2006.102697610855
same_updates,m_sam,128,,614,1.7335286140441895,0.359375,1.7750193201446534,0.3594,1.7697237634658813,0.3611,-0.0016999999999999793,2009.3747355937958
same_updates,m_sam,128,,615,1.8564159870147705,0.296875,1.7588592523574829,0.36356,1.7530641891479493,0.3658,-0.0022400000000000198,2012.6744077205658
same_updates,m_sam,128,,616,1.7834904193878174,0.390625,1.7333517279815673,0.37032,1.7264077785491942,0.3734,-0.003080000000000027,2015.9992241859436
same_updates,m_sam,128,,617,1.727931022644043,0.34375,1.7156586053848266,0.37448,1.7072456205368043,0.3766,-0.0021200000000000108,2019.2492516040802
same_updates,m_sam,128,,618,1.747918963432312,0.375,1.713228540611267,0.37448,1.7040064987182617,0.3783,-0.0038200000000000456,2022.5503056049347
same_updates,m_sam,128,,619,1.8439630270004272,0.3125,1.7136189233779908,0.37464,1.704115370941162,0.3779,-0.0032600000000000406,2025.8200118541718
same_updates,m_sam,128,,620,1.6854199171066284,0.3984375,1.7119096270370484,0.3762,1.7023485942840577,0.377,-0.0008000000000000229,2029.0422577857971
same_updates,m_sam,128,,621,1.8005402088165283,0.359375,1.7148164484024049,0.37826,1.705768452835083,0.3781,0.00015999999999999348,2032.3799645900726
same_updates,m_sam,128,,622,1.796645164489746,0.3359375,1.7200844916152953,0.37856,1.7116198217391967,0.3787,-0.00013999999999997348,2035.661775112152
same_updates,m_sam,128,,623,1.851745843887329,0.3046875,1.7202601917266847,0.38042,1.711961558151245,0.3832,-0.0027800000000000047,2038.9209094047546
same_updates,m_sam,128,,624,1.6076314449310303,0.4453125,1.7205737646102905,0.37784,1.712238550567627,0.3793,-0.0014600000000000168,2042.1505737304688
same_updates,m_sam,128,,625,1.7267680168151855,0.296875,1.7227682384872436,0.37748,1.7141491554260253,0.3799,-0.0024200000000000332,2045.33043384552
same_updates,m_sam,128,,626,1.7419614791870117,0.3046875,1.7253963705062867,0.37576,1.7163205646514892,0.3786,-0.002840000000000009,2048.6806514263153
same_updates,m_sam,128,,627,1.7862460613250732,0.328125,1.7264408435058594,0.37828,1.7170568031311035,0.3811,-0.002819999999999989,2051.967308282852
same_updates,m_sam,128,,628,1.6644082069396973,0.3828125,1.7322983562850953,0.37734,1.7229878398895264,0.3838,-0.006459999999999966,2055.2078082561493
same_updates,m_sam,128,,629,1.8800119161605835,0.2890625,1.7310688422012328,0.3797,1.7218460607528687,0.3875,-0.007800000000000029,2058.5271520614624
same_updates,m_sam,128,,630,1.714774489402771,0.390625,1.7299270636749267,0.3827,1.721045750427246,0.3874,-0.0047000000000000375,2061.7867918014526
same_updates,m_sam,128,,631,1.7294057607650757,0.390625,1.7253460694122313,0.38494,1.7168264511108398,0.3891,-0.004159999999999997,2065.0096130371094
same_updates,m_sam,128,,632,1.7146961688995361,0.453125,1.7223408336639405,0.38518,1.7138832202911376,0.3898,-0.0046199999999999575,2068.305082798004
same_updates,m_sam,128,,633,1.7360846996307373,0.34375,1.7207916643905639,0.38382,1.712099017715454,0.3863,-0.0024799999999999822,2071.584714651108
same_updates,m_sam,128,,634,1.733235239982605,0.390625,1.7281187737655639,0.3767,1.7193327114105224,0.3807,-0.0040000000000000036,2074.8183794021606
same_updates,m_sam,128,,635,1.7833720445632935,0.3515625,1.733684529800415,0.37194,1.7247441131591796,0.377,-0.005060000000000009,2078.0608248710632
same_updates,m_sam,128,,636,1.7123610973358154,0.359375,1.7328703856658936,0.37242,1.7237282629013062,0.3772,-0.0047800000000000065,2081.3223779201508
same_updates,m_sam,128,,637,1.7090179920196533,0.359375,1.7279277704238891,0.37494,1.718747578048706,0.3781,-0.003159999999999996,2084.586489915848
same_updates,m_sam,128,,638,1.8280545473098755,0.3046875,1.7209216342544555,0.3769,1.7116334222793579,0.3818,-0.00489999999999996,2087.8202788829803
same_updates,m_sam,128,,639,1.7589623928070068,0.3203125,1.712074681930542,0.37894,1.7025150890350342,0.3813,-0.0023599999999999732,2091.0938453674316
same_updates,m_sam,128,,640,1.650433897972107,0.3828125,1.7051149206924439,0.378,1.6953651453018188,0.3818,-0.00379999999999997,2094.364628791809
same_updates,m_sam,128,,641,1.6953635215759277,0.3671875,1.6977354370880127,0.3792,1.687723081970215,0.3851,-0.005900000000000016,2097.6406095027924
same_updates,m_sam,128,,642,1.6174811124801636,0.4296875,1.6935326947402953,0.3805,1.683735041809082,0.3844,-0.0039000000000000146,2100.8665709495544
same_updates,m_sam,128,,643,1.7647926807403564,0.2890625,1.692983075027466,0.38084,1.6835313621520995,0.3848,-0.0039599999999999635,2104.119906425476
same_updates,m_sam,128,,644,1.6725525856018066,0.3828125,1.6990795309829712,0.37824,1.6900835882186889,0.3821,-0.0038599999999999746,2107.357077360153
same_updates,m_sam,128,,645,1.725565791130066,0.3671875,1.707123400039673,0.37572,1.6990611873626709,0.3787,-0.0029799999999999827,2110.5873160362244
same_updates,m_sam,128,,646,1.7092311382293701,0.3828125,1.7170145691299439,0.37174,1.7098283500671387,0.3743,-0.0025600000000000067,2113.8601927757263
same_updates,m_sam,128,,647,1.7647624015808105,0.40625,1.7190513553619384,0.37192,1.7124211212158202,0.3727,-0.0007800000000000029,2117.1286273002625
same_updates,m_sam,128,,648,1.7057421207427979,0.375,1.7177193869018554,0.37418,1.7114532802581788,0.3747,-0.0005199999999999649,2120.372362136841
same_updates,m_sam,128,,649,1.8034324645996094,0.3828125,1.707115279006958,0.37638,1.70034750289917,0.3796,-0.0032200000000000006,2123.61229801178
same_updates,m_sam,128,,650,1.5703293085098267,0.4921875,1.70413922416687,0.37566,1.6967966375350951,0.3769,-0.0012400000000000189,2126.8106315135956
same_updates,m_sam,128,,651,1.7866357564926147,0.359375,1.7022969477081298,0.3732,1.6943186405181885,0.3737,-0.0005000000000000004,2130.1391167640686
same_updates,m_sam,128,,652,1.6625292301177979,0.3671875,1.707303570251465,0.37186,1.6994416625976563,0.3716,0.000260000000000038,2133.425788164139
same_updates,m_sam,128,,653,1.6962175369262695,0.3359375,1.7227030185317993,0.3663,1.715498725128174,0.3678,-0.0015000000000000013,2136.5814929008484
same_updates,m_sam,128,,654,1.6881381273269653,0.3828125,1.7263885776519776,0.36516,1.7194967823028564,0.3656,-0.00043999999999999595,2139.770877599716
same_updates,m_sam,128,,655,1.78037691116333,0.3515625,1.7165056537246703,0.36654,1.7095257740020753,0.3676,-0.0010600000000000054,2143.007340669632
same_updates,m_sam,128,,656,1.5762134790420532,0.4296875,1.7160097875976563,0.36376,1.7093352981567382,0.3656,-0.0018400000000000083,2146.2810814380646
same_updates,m_sam,128,,657,1.700889229774475,0.3828125,1.718935703125,0.3647,1.7125859403610229,0.366,-0.0012999999999999678,2149.565868139267
same_updates,m_sam,128,,658,1.6547363996505737,0.3359375,1.7291045854949951,0.3625,1.723229014968872,0.3621,0.00040000000000001146,2152.873843193054
same_updates,m_sam,128,,659,1.7014029026031494,0.3359375,1.7301397162628174,0.3625,1.7241735748291016,0.3619,0.0005999999999999894,2156.174948692322
same_updates,m_sam,128,,660,1.7323939800262451,0.3515625,1.719847853088379,0.36952,1.7133473518371583,0.3689,0.0006200000000000094,2159.3913452625275
same_updates,m_sam,128,,661,1.7049944400787354,0.3671875,1.7086105757904053,0.37686,1.7013753448486328,0.3744,0.0024599999999999622,2162.6419880390167
same_updates,m_sam,128,,662,1.660987138748169,0.359375,1.6976458216094972,0.37876,1.6893782691955566,0.3784,0.00035999999999997145,2165.9251770973206
same_updates,m_sam,128,,663,1.8348650932312012,0.2890625,1.6908488488006592,0.38122,1.681966848754883,0.3848,-0.003579999999999972,2169.216745853424
same_updates,m_sam,128,,664,1.703068494796753,0.34375,1.6856064083862305,0.3834,1.676260712814331,0.3881,-0.004699999999999982,2172.4835393428802
same_updates,m_sam,128,,665,1.7500147819519043,0.328125,1.6868115838241577,0.38292,1.6777009117126465,0.3884,-0.00548000000000004,2175.7679171562195
same_updates,m_sam,128,,666,1.735649824142456,0.359375,1.689944178390503,0.38256,1.6812774555206298,0.3868,-0.004239999999999966,2178.9550683498383
same_updates,m_sam,128,,667,1.7609984874725342,0.3046875,1.6994298383331299,0.38134,1.6911209583282472,0.3831,-0.0017599999999999838,2182.190913438797
same_updates,m_sam,128,,668,1.682423710823059,0.3515625,1.7103826531600952,0.37814,1.702243341064453,0.3815,-0.0033600000000000296,2185.4926886558533
same_updates,m_sam,128,,669,1.915816307067871,0.3515625,1.7191524408340455,0.37716,1.7113959461212158,0.3785,-0.0013400000000000079,2188.6990394592285
same_updates,m_sam,128,,670,1.6986017227172852,0.375,1.7366563451766968,0.37346,1.7296190311431885,0.3726,0.0008600000000000274,2191.933162212372
same_updates,m_sam,128,,671,1.7396466732025146,0.3203125,1.743671319961548,0.37134,1.7371009956359864,0.3718,-0.00046000000000001595,2195.180136680603
same_updates,m_sam,128,,672,1.7660504579544067,0.328125,1.7338626385879516,0.37676,1.7272941883087158,0.3765,0.00025999999999998247,2198.332459449768
same_updates,m_sam,128,,673,1.8013570308685303,0.3359375,1.7098516150283813,0.38524,1.7028622779846192,0.3871,-0.0018599999999999728,2201.604004383087
same_updates,m_sam,128,,674,1.7112282514572144,0.3984375,1.6960158646392822,0.39056,1.6886653310775757,0.3925,-0.0019399999999999973,2204.8181188106537
same_updates,m_sam,128,,675,1.6716151237487793,0.3984375,1.685607505455017,0.3941,1.6778203207015991,0.3943,-0.00019999999999997797,2207.963054418564
same_updates,m_sam,128,,676,1.7090020179748535,0.4453125,1.684305499343872,0.39044,1.6766105587005615,0.3939,-0.003459999999999963,2211.161852836609
same_updates,m_sam,128,,677,1.668731451034546,0.3203125,1.685560796470642,0.38448,1.6779317909240723,0.3871,-0.002620000000000011,2214.3965051174164
same_updates,m_sam,128,,678,1.6942448616027832,0.328125,1.689381268043518,0.37844,1.6817843074798584,0.3805,-0.0020600000000000063,2217.6255583763123
same_updates,m_sam,128,,679,1.756405234336853,0.3671875,1.6939745721054078,0.37248,1.686366355895996,0.3742,-0.0017199999999999993,2220.9055573940277
same_updates,m_sam,128,,680,1.7556061744689941,0.2734375,1.6923098529815674,0.37984,1.6846420629501342,0.3815,-0.0016599999999999948,2224.143978357315
same_updates,m_sam,128,,681,1.7502861022949219,0.3515625,1.6899445904159547,0.38586,1.6822802734375,0.386,-0.000140000000000029,2227.3818049430847
same_updates,m_sam,128,,682,1.7372411489486694,0.3671875,1.6887645697021485,0.38898,1.6816210981369017,0.3909,-0.0019200000000000328,2230.569370508194
same_updates,m_sam,128,,683,1.7751708030700684,0.3515625,1.6941150745010376,0.38674,1.6872539741516113,0.3888,-0.0020600000000000063,2233.8071031570435
same_updates,m_sam,128,,684,1.7318583726882935,0.3046875,1.7088543286514282,0.38196,1.7023884799957276,0.3851,-0.003139999999999976,2237.1202580928802
same_updates,m_sam,128,,685,1.6747994422912598,0.421875,1.7250976848602295,0.3762,1.7192064208984374,0.3793,-0.003100000000000047,2240.372288942337
same_updates,m_sam,128,,686,1.7171999216079712,0.3359375,1.7377322631835936,0.3723,1.732422198867798,0.3747,-0.0023999999999999577,2243.7083728313446
same_updates,m_sam,128,,687,1.8478193283081055,0.375,1.755163842124939,0.36638,1.750820908355713,0.3692,-0.002819999999999989,2246.9393270015717
same_updates,m_sam,128,,688,1.772653341293335,0.3671875,1.761536293334961,0.36324,1.757833517074585,0.3674,-0.004159999999999997,2250.127538204193
same_updates,m_sam,128,,689,1.6906728744506836,0.34375,1.7631659405136109,0.36022,1.7600266422271729,0.3649,-0.0046800000000000175,2253.3007032871246
same_updates,m_sam,128,,690,1.821406602859497,0.328125,1.7513692540740966,0.35834,1.7479363481521606,0.363,-0.0046599999999999975,2256.588161945343
same_updates,m_sam,128,,691,1.8344125747680664,0.328125,1.7344193279266358,0.35988,1.7302484191894532,0.3639,-0.0040200000000000236,2259.8473341464996
same_updates,m_sam,128,,692,1.795649766921997,0.3046875,1.7184632453155517,0.36196,1.7131576766967773,0.3679,-0.005940000000000001,2263.1124370098114
same_updates,m_sam,128,,693,1.7986083030700684,0.3359375,1.708598899497986,0.36628,1.702134298324585,0.3736,-0.007319999999999993,2266.377799987793
same_updates,m_sam,128,,694,1.7844345569610596,0.3828125,1.698569402770996,0.37426,1.6913409065246583,0.3813,-0.007039999999999991,2269.628429889679
same_updates,m_sam,128,,695,1.862525224685669,0.2734375,1.6884335515975952,0.38472,1.6813247402191163,0.3886,-0.0038799999999999946,2272.87490439415
same_updates,m_sam,128,,696,1.7066625356674194,0.40625,1.6842232604599,0.39424,1.6777790174484253,0.3943,-6.0000000000004494e-05,2276.033480644226
same_updates,m_sam,128,,697,1.8625484704971313,0.265625,1.6970139177703858,0.3938,1.691561033630371,0.3919,0.0018999999999999573,2279.2901911735535
same_updates,m_sam,128,,698,1.629972219467163,0.4296875,1.7313352410125733,0.37948,1.7269932456970214,0.3772,0.0022800000000000042,2282.5148594379425
same_updates,m_sam,128,,699,1.7448081970214844,0.3515625,1.7608367831039429,0.3651,1.7568878673553467,0.3664,-0.0013000000000000234,2285.806799173355
same_updates,m_sam,128,,700,1.7153398990631104,0.421875,1.7704885815048217,0.35544,1.7664734300613403,0.3542,0.0012399999999999634,2289.0635113716125
same_updates,m_sam,128,,701,1.8999228477478027,0.3046875,1.75516829536438,0.3575,1.7507338203430176,0.3575,0.0,2292.3746712207794
same_updates,m_sam,128,,702,1.7630469799041748,0.3359375,1.7250089443969727,0.3692,1.7196055068969727,0.3693,-0.0001000000000000445,2295.584239721298
same_updates,m_sam,128,,703,1.6533209085464478,0.3984375,1.6994440807723998,0.38304,1.693263624572754,0.3831,-6.0000000000004494e-05,2298.877324104309
same_updates,m_sam,128,,704,1.7934514284133911,0.296875,1.6837785443496704,0.39258,1.6768540996551513,0.3909,0.0016799999999999593,2302.2139971256256
same_updates,m_sam,128,,705,1.7181396484375,0.3359375,1.6833358117294313,0.39258,1.6760633270263672,0.3958,-0.0032200000000000006,2305.4710891246796
same_updates,m_sam,128,,706,1.7481873035430908,0.3671875,1.688614676475525,0.38666,1.6814214012145996,0.3929,-0.006240000000000023,2308.7925515174866
same_updates,m_sam,128,,707,1.7347663640975952,0.3671875,1.6989239691925049,0.37554,1.692154800415039,0.3795,-0.003960000000000019,2312.0481402873993
same_updates,m_sam,128,,708,1.6662859916687012,0.4140625,1.70752531955719,0.3656,1.7010401664733887,0.3704,-0.0048000000000000265,2315.2957594394684
same_updates,m_sam,128,,709,1.6894772052764893,0.3828125,1.7122683058929444,0.36096,1.705991788482666,0.3637,-0.00274000000000002,2318.5618596076965
same_updates,m_sam,128,,710,1.739928960800171,0.3203125,1.7153751030731201,0.36086,1.7096099414825439,0.3666,-0.005739999999999967,2321.811151742935
same_updates,m_sam,128,,711,1.6723239421844482,0.34375,1.7160547750091553,0.36392,1.710768377685547,0.3698,-0.005879999999999996,2325.0639476776123
same_updates,m_sam,128,,712,1.6507673263549805,0.4921875,1.7159417258453369,0.36894,1.7108134410858153,0.3749,-0.005960000000000021,2328.276099205017
same_updates,m_sam,128,,713,1.7800813913345337,0.34375,1.7117440795898438,0.37602,1.7063790117263793,0.3807,-0.004679999999999962,2331.5392124652863
same_updates,m_sam,128,,714,1.6228771209716797,0.4140625,1.7128662213516235,0.37978,1.7072939823150635,0.3804,-0.0006200000000000094,2334.814172267914
same_updates,m_sam,128,,715,1.64646315574646,0.4375,1.7131030115127563,0.38176,1.7069591617584228,0.3837,-0.0019399999999999973,2338.0804233551025
same_updates,m_sam,128,,716,1.725184440612793,0.390625,1.7117153449249267,0.38054,1.7047256818771361,0.383,-0.0024600000000000177,2341.367167234421
same_updates,m_sam,128,,717,1.7947261333465576,0.3828125,1.7062490117645264,0.37688,1.6980844585418702,0.3804,-0.003520000000000023,2344.640543460846
same_updates,m_sam,128,,718,1.7338781356811523,0.3828125,1.6996667710113524,0.37542,1.690794749069214,0.3795,-0.004080000000000028,2347.896167755127
same_updates,m_sam,128,,719,1.734257459640503,0.3125,1.6888942151641846,0.37844,1.6797037773132324,0.385,-0.00656000000000001,2351.1910367012024
same_updates,m_sam,128,,720,1.7762000560760498,0.296875,1.6774680937957764,0.38664,1.6684244068145753,0.3924,-0.005760000000000043,2354.408071041107
same_updates,m_sam,128,,721,1.659808874130249,0.40625,1.6725766461181641,0.39304,1.664053598022461,0.3958,-0.0027599999999999847,2357.7091681957245
same_updates,m_sam,128,,722,1.808147668838501,0.328125,1.674086752319336,0.39198,1.6661296915054322,0.396,-0.0040200000000000236,2360.994802236557
same_updates,m_sam,128,,723,1.7314155101776123,0.3125,1.6824960146713257,0.38884,1.6753289356231689,0.3921,-0.003259999999999985,2364.260043144226
same_updates,m_sam,128,,724,1.710675835609436,0.3125,1.6922020290374755,0.38318,1.6857018495559692,0.3875,-0.0043199999999999905,2367.4125685691833
same_updates,m_sam,128,,725,1.7364938259124756,0.34375,1.7047126084136963,0.37756,1.6989661661148072,0.3844,-0.006840000000000013,2370.700906276703
same_updates,m_sam,128,,726,1.603559136390686,0.3984375,1.7157150983428955,0.3709,1.7102405397415161,0.3775,-0.006599999999999995,2373.9839437007904
same_updates,m_sam,128,,727,1.6394743919372559,0.390625,1.7247349328613282,0.36772,1.7194426355361938,0.3745,-0.006780000000000008,2377.2100739479065
same_updates,m_sam,128,,728,1.69612455368042,0.3671875,1.7300721068954468,0.3666,1.7248509365081788,0.3703,-0.0037000000000000366,2380.425981283188
same_updates,m_sam,128,,729,1.754510760307312,0.296875,1.7269532327270507,0.36758,1.7211016149520875,0.3726,-0.005019999999999969,2383.733464241028
same_updates,m_sam,128,,730,1.6897437572479248,0.3828125,1.716700189857483,0.37116,1.7098619329452516,0.3756,-0.0044399999999999995,2386.965953350067
same_updates,m_sam,128,,731,1.6059982776641846,0.453125,1.7102544564056397,0.37214,1.7025301742553711,0.3784,-0.006259999999999988,2390.2226045131683
same_updates,m_sam,128,,732,1.6745760440826416,0.375,1.7069734616088867,0.3763,1.6987875770568848,0.3808,-0.004500000000000004,2393.4072320461273
same_updates,m_sam,128,,733,1.7118446826934814,0.3828125,1.7060247214508057,0.37768,1.6972304027557372,0.3825,-0.004819999999999991,2396.694675683975
same_updates,m_sam,128,,734,1.6424555778503418,0.3984375,1.7124331951141358,0.3792,1.703404740524292,0.3833,-0.0040999999999999925,2399.974809885025
same_updates,m_sam,128,,735,1.7689876556396484,0.2734375,1.709584020652771,0.3804,1.7000048280715943,0.3837,-0.0032999999999999696,2403.244057416916
same_updates,m_sam,128,,736,1.6568140983581543,0.4296875,1.699838235244751,0.38052,1.6900282205581665,0.3846,-0.0040799999999999725,2406.481987476349
same_updates,m_sam,128,,737,1.752447247505188,0.34375,1.6880365088272096,0.38074,1.6782919965744019,0.3837,-0.0029599999999999627,2409.727524280548
same_updates,m_sam,128,,738,1.6386536359786987,0.484375,1.6834269597625733,0.379,1.674156813430786,0.3803,-0.0013000000000000234,2412.999068260193
same_updates,m_sam,128,,739,1.7654727697372437,0.328125,1.684622214126587,0.37716,1.67601771736145,0.3776,-0.00043999999999999595,2416.234260082245
same_updates,m_sam,128,,740,1.6987545490264893,0.3984375,1.6865139417266846,0.37686,1.6785730556488037,0.379,-0.0021400000000000308,2419.536424636841
same_updates,m_sam,128,,741,1.7150317430496216,0.3828125,1.6935292267608641,0.37514,1.6863641975402832,0.3767,-0.0015600000000000058,2422.7362844944
same_updates,m_sam,128,,742,1.695563793182373,0.390625,1.7052009299468993,0.37274,1.6989808582305908,0.3723,0.00043999999999999595,2425.9252376556396
same_updates,m_sam,128,,743,1.6445424556732178,0.390625,1.7188051007080078,0.36996,1.7133446826934815,0.3687,0.0012599999999999834,2429.1361927986145
same_updates,m_sam,128,,744,1.6492822170257568,0.3984375,1.7220910437011718,0.36988,1.7168205953598021,0.3688,0.0010799999999999699,2432.3801777362823
same_updates,m_sam,128,,745,1.7101402282714844,0.296875,1.7153545697784425,0.37394,1.7098525554656983,0.3759,-0.0019600000000000173,2435.6838245391846
same_updates,m_sam,128,,746,1.607367753982544,0.4453125,1.7049014025878906,0.3779,1.699133938217163,0.3798,-0.0019000000000000128,2438.889635324478
same_updates,m_sam,128,,747,1.619516134262085,0.453125,1.6859017821502686,0.38178,1.6793581153869628,0.3835,-0.0017199999999999993,2442.1157562732697
same_updates,m_sam,128,,748,1.6913893222808838,0.375,1.6705637439346313,0.38722,1.663470959854126,0.3894,-0.0021800000000000153,2445.3876581192017
same_updates,m_sam,128,,749,1.5899635553359985,0.3984375,1.6629504931640624,0.38958,1.6555524993896484,0.3911,-0.0015200000000000213,2448.6608979701996
same_updates,m_sam,128,,750,1.6210905313491821,0.4296875,1.6654752588272095,0.38832,1.657972353363037,0.3898,-0.0014799999999999813,2451.9302620887756
same_updates,m_sam,128,,751,1.6595433950424194,0.3359375,1.6725773290634156,0.38604,1.665318858718872,0.3873,-0.0012599999999999834,2455.104244709015
same_updates,m_sam,128,,752,1.8257007598876953,0.375,1.676537339515686,0.38678,1.6695297117233276,0.3893,-0.0025199999999999667,2458.388110637665
same_updates,m_sam,128,,753,1.7858350276947021,0.3671875,1.672705966720581,0.38954,1.6656328546524048,0.3896,-6.0000000000004494e-05,2461.5904409885406
same_updates,m_sam,128,,754,1.668809175491333,0.3671875,1.6736855786895752,0.39058,1.6668401218414306,0.3897,0.0008799999999999919,2464.8587725162506
same_updates,m_sam,128,,755,1.7391526699066162,0.3046875,1.6791706798934936,0.39212,1.6727553956985473,0.3921,2.0000000000020002e-05,2468.1734879016876
same_updates,m_sam,128,,756,1.6813547611236572,0.390625,1.6872427956771852,0.38988,1.6812078367233276,0.3903,-0.00041999999999997595,2471.4602291584015
same_updates,m_sam,128,,757,1.687453269958496,0.3671875,1.6823708377075195,0.39116,1.6761216222763062,0.3947,-0.0035399999999999876,2474.679097890854
same_updates,m_sam,128,,758,1.577460527420044,0.4609375,1.6742908843231201,0.39224,1.6674204406738282,0.3951,-0.002860000000000029,2477.961236000061
same_updates,m_sam,128,,759,1.6699261665344238,0.4140625,1.6691822644424439,0.39226,1.6616275367736817,0.3931,-0.0008400000000000074,2481.275136232376
same_updates,m_sam,128,,760,1.6301180124282837,0.4140625,1.6704550512313843,0.39172,1.6629081687927245,0.3931,-0.0013799999999999923,2484.6082146167755
same_updates,m_sam,128,,761,1.6491076946258545,0.40625,1.674176513595581,0.38908,1.66700428314209,0.391,-0.0019200000000000328,2487.9365911483765
same_updates,m_sam,128,,762,1.7378802299499512,0.3515625,1.675065138282776,0.39076,1.6683103715896606,0.3924,-0.0016400000000000303,2491.1619629859924
same_updates,m_sam,128,,763,1.6738693714141846,0.390625,1.6781840746307373,0.38934,1.6719673122406007,0.3939,-0.004559999999999953,2494.370462656021
same_updates,m_sam,128,,764,1.719860553741455,0.375,1.686070959815979,0.38678,1.6803659114837646,0.3893,-0.0025199999999999667,2497.6606817245483
same_updates,m_sam,128,,765,1.6800298690795898,0.4375,1.6888810161590577,0.38192,1.683432432937622,0.3854,-0.0034800000000000386,2500.8991219997406
same_updates,m_sam,128,,766,1.5893913507461548,0.421875,1.6864234943008423,0.3832,1.6811571783065795,0.3873,-0.0040999999999999925,2504.194741487503
same_updates,m_sam,128,,767,1.8009181022644043,0.34375,1.682886739807129,0.38616,1.6775741178512573,0.3896,-0.0034399999999999986,2507.4454157352448
same_updates,m_sam,128,,768,1.7292258739471436,0.375,1.6732207093048095,0.38958,1.6673220861434936,0.3941,-0.004520000000000024,2510.644107580185
same_updates,m_sam,128,,769,1.7701854705810547,0.34375,1.6608693592071533,0.394,1.6541271123886108,0.3964,-0.0023999999999999577,2513.960184574127
same_updates,m_sam,128,,770,1.6355339288711548,0.3984375,1.6540776568984985,0.39728,1.6464964159011841,0.3972,8.00000000000245e-05,2517.217532157898
same_updates,m_sam,128,,771,1.7208120822906494,0.3515625,1.6534237042999267,0.3976,1.6447125339508057,0.3958,0.0018000000000000238,2520.4470357894897
same_updates,m_sam,128,,772,1.701304316520691,0.3828125,1.6565070789337157,0.39628,1.6472435386657716,0.3935,0.0027800000000000047,2523.6796526908875
same_updates,m_sam,128,,773,1.852314829826355,0.28125,1.6596309521484376,0.39428,1.6502494102478027,0.3917,0.0025800000000000267,2526.924448490143
same_updates,m_sam,128,,774,1.675736665725708,0.375,1.6622951061248779,0.39348,1.6533376609802246,0.3908,0.0026800000000000157,2530.1830620765686
same_updates,m_sam,128,,775,1.7175782918930054,0.3671875,1.6679579903411865,0.39218,1.659668989944458,0.3864,0.005779999999999952,2533.509243965149
same_updates,m_sam,128,,776,1.731982946395874,0.3828125,1.6752867168807983,0.39338,1.667847430038452,0.3891,0.004280000000000006,2536.7193188667297
same_updates,m_sam,128,,777,1.6737565994262695,0.4140625,1.6778624047470092,0.3947,1.6711158519744873,0.393,0.0016999999999999793,2540.0014159679413
same_updates,m_sam,128,,778,1.6797794103622437,0.3671875,1.6791162590789794,0.3947,1.6729992904663087,0.3919,0.002799999999999969,2543.3077335357666
same_updates,m_sam,128,,779,1.72566556930542,0.3515625,1.6725566089248658,0.39196,1.6666915103912354,0.3936,-0.0016400000000000303,2546.5355353355408
same_updates,m_sam,128,,780,1.7036144733428955,0.3515625,1.6688896868133545,0.39074,1.662971968650818,0.3904,0.00033999999999995145,2549.8493959903717
same_updates,m_sam,128,,781,1.649490237236023,0.3515625,1.6664312812042237,0.38686,1.66031715965271,0.3877,-0.0008400000000000074,2553.16935133934
same_updates,m_sam,128,,782,1.5865199565887451,0.4375,1.6689808473968506,0.38442,1.6627210758209228,0.384,0.00041999999999997595,2556.444207429886
same_updates,m_sam,128,,783,1.6142923831939697,0.359375,1.671964351272583,0.38312,1.665750815963745,0.3827,0.00042000000000003146,2559.718086242676
same_updates,m_sam,128,,784,1.6968181133270264,0.3203125,1.6724264931869506,0.38496,1.666197273826599,0.3859,-0.0009399999999999964,2562.9763441085815
same_updates,m_sam,128,,785,1.6405593156814575,0.4296875,1.6745846588897706,0.38966,1.6686309911727906,0.3888,0.0008600000000000274,2566.2194261550903
same_updates,m_sam,128,,786,1.603934645652771,0.3984375,1.6868858725738525,0.38632,1.6815222114562989,0.3869,-0.0005800000000000249,2569.5119903087616
same_updates,m_sam,128,,787,1.6676568984985352,0.390625,1.7082338323974608,0.37906,1.7033058010101318,0.3834,-0.0043400000000000105,2572.7972819805145
same_updates,m_sam,128,,788,1.7564082145690918,0.4140625,1.7169503191375732,0.37616,1.7121784172058105,0.383,-0.006840000000000013,2576.050171136856
same_updates,m_sam,128,,789,1.7057548761367798,0.3828125,1.7029889667510987,0.38288,1.6981912292480468,0.3869,-0.0040200000000000236,2579.292665719986
same_updates,m_sam,128,,790,1.7940080165863037,0.3046875,1.6776032760620117,0.393,1.672465425491333,0.3922,0.0008000000000000229,2582.565644264221
same_updates,m_sam,128,,791,1.8539488315582275,0.2734375,1.6562419958496093,0.3993,1.6507446605682372,0.3999,-0.0005999999999999894,2585.8110485076904
same_updates,m_sam,128,,792,1.5976881980895996,0.453125,1.6432943295669555,0.40282,1.6375632667541504,0.4028,2.0000000000020002e-05,2589.0740077495575
same_updates,m_sam,128,,793,1.5745558738708496,0.4765625,1.6390689659881592,0.40322,1.633143112564087,0.4048,-0.0015799999999999703,2592.3859508037567
same_updates,m_sam,128,,794,1.7587053775787354,0.40625,1.6424235986328124,0.40166,1.6369933177947997,0.4006,0.0010600000000000054,2595.619859933853
same_updates,m_sam,128,,795,1.6971614360809326,0.3828125,1.650493356552124,0.39772,1.6456415086746217,0.3933,0.004420000000000035,2598.8767001628876
same_updates,m_sam,128,,796,1.700856328010559,0.3359375,1.6632618368530274,0.39202,1.6591950794219972,0.3888,0.0032200000000000006,2602.0575976371765
same_updates,m_sam,128,,797,1.7718381881713867,0.3359375,1.668753373374939,0.39102,1.6646417736053467,0.3871,0.003919999999999979,2605.280267715454
same_updates,m_sam,128,,798,1.7705448865890503,0.3671875,1.6723619158554077,0.39262,1.6685351924896241,0.3895,0.0031200000000000117,2608.587278366089
same_updates,m_sam,128,,799,1.6442795991897583,0.4375,1.679737645301819,0.39164,1.6761872760772705,0.3906,0.0010399999999999854,2611.8742423057556
same_updates,m_sam,128,,800,1.795689344406128,0.328125,1.6842226709365844,0.39208,1.680739496231079,0.3905,0.0015799999999999703,2615.168250799179
same_updates,m_sam,128,,801,1.6217117309570312,0.40625,1.6915224877548218,0.39016,1.6880155389785767,0.3908,-0.0006399999999999739,2618.3945145606995
same_updates,m_sam,128,,802,1.7146079540252686,0.390625,1.699107014503479,0.38766,1.6952160572052002,0.3876,6.0000000000004494e-05,2621.6767852306366
same_updates,m_sam,128,,803,1.747696876525879,0.34375,1.7125495370101929,0.38304,1.7083507390975952,0.3843,-0.0012599999999999834,2624.927636384964
same_updates,m_sam,128,,804,1.7762303352355957,0.34375,1.70456607673645,0.38354,1.6999346221923828,0.3844,-0.0008600000000000274,2628.194046020508
same_updates,m_sam,128,,805,1.6967064142227173,0.421875,1.6997397119522095,0.38318,1.6948652223587035,0.3854,-0.0022199999999999998,2631.45187664032
same_updates,m_sam,128,,806,1.7329899072647095,0.3515625,1.684615337562561,0.3882,1.6796009101867675,0.3897,-0.0015000000000000013,2634.729172229767
same_updates,m_sam,128,,807,1.7071540355682373,0.3515625,1.6679123468017578,0.3926,1.6626409505844115,0.3955,-0.0029000000000000137,2638.0327911376953
same_updates,m_sam,128,,808,1.6120903491973877,0.4453125,1.661729200668335,0.39356,1.6559558542251587,0.3967,-0.003139999999999976,2641.3192965984344
same_updates,m_sam,128,,809,1.6833882331848145,0.3671875,1.6568732867431641,0.39562,1.6507329246520996,0.3987,-0.0030799999999999716,2644.5673480033875
same_updates,m_sam,128,,810,1.7373433113098145,0.3359375,1.6530651440048219,0.39776,1.646913094139099,0.402,-0.0042400000000000215,2647.842914581299
same_updates,m_sam,128,,811,1.5878947973251343,0.359375,1.657786692237854,0.39756,1.65224799118042,0.3959,0.0016600000000000503,2651.132890224457
same_updates,m_sam,128,,812,1.8269422054290771,0.3125,1.6655932024383544,0.3973,1.6604308654785156,0.395,0.0022999999999999687,2654.4354677200317
same_updates,m_sam,128,,813,1.6163241863250732,0.40625,1.6857725537490844,0.39278,1.6812973899841308,0.3932,-0.00041999999999997595,2657.731985807419
same_updates,m_sam,128,,814,1.754866123199463,0.328125,1.7043351373672486,0.3875,1.700333748817444,0.3885,-0.0010000000000000009,2660.9950983524323
same_updates,m_sam,128,,815,1.6661953926086426,0.3671875,1.7166380792617797,0.38362,1.712798645591736,0.3844,-0.0007800000000000029,2664.2314331531525
same_updates,m_sam,128,,816,1.7237414121627808,0.3984375,1.7054655206298828,0.38606,1.7012194854736329,0.3845,0.0015600000000000058,2667.51176905632
same_updates,m_sam,128,,817,1.8300213813781738,0.3125,1.6809098279190064,0.39164,1.6759158115386963,0.3924,-0.0007600000000000384,2670.704974412918
same_updates,m_sam,128,,818,1.6868846416473389,0.3828125,1.6631569338989258,0.39618,1.6572533214569092,0.3969,-0.0007199999999999984,2673.995443344116
same_updates,m_sam,128,,819,1.7242867946624756,0.3359375,1.6562588677597045,0.3952,1.6493616443634034,0.3973,-0.0020999999999999908,2677.2092797756195
same_updates,m_sam,128,,820,1.7159624099731445,0.390625,1.6536416213607787,0.39456,1.646223733329773,0.396,-0.0014399999999999968,2680.47421169281
same_updates,m_sam,128,,821,1.8356133699417114,0.328125,1.6499034887695312,0.39448,1.6423995073318483,0.4003,-0.005819999999999992,2683.7223706245422
same_updates,m_sam,128,,822,1.6672048568725586,0.3984375,1.6460175473785401,0.39806,1.6388288928985595,0.3998,-0.0017399999999999638,2686.9707114696503
same_updates,m_sam,128,,823,1.6196982860565186,0.4609375,1.6442588306045531,0.40058,1.6374165939331056,0.4027,-0.0021200000000000108,2690.1622824668884
same_updates,m_sam,128,,824,1.7110795974731445,0.3515625,1.6466893187713623,0.4017,1.6404177520751952,0.4026,-0.0009000000000000119,2693.4426741600037
same_updates,m_sam,128,,825,1.6585712432861328,0.390625,1.65350104057312,0.39998,1.6480467855453491,0.4026,-0.002620000000000011,2696.69895362854
same_updates,m_sam,128,,826,1.650191068649292,0.3984375,1.6651862786483764,0.3986,1.6604630210876465,0.3998,-0.0011999999999999789,2699.902985095978
same_updates,m_sam,128,,827,1.6770423650741577,0.3828125,1.683036639328003,0.39386,1.6790268295288087,0.3952,-0.0013400000000000079,2703.0697782039642
same_updates,m_sam,128,,828,1.717015266418457,0.4296875,1.6946702584457398,0.3913,1.690835594558716,0.3897,0.0015999999999999903,2706.241498231888
same_updates,m_sam,128,,829,1.7254548072814941,0.3984375,1.688073756752014,0.39416,1.683947061920166,0.3927,0.0014600000000000168,2709.522713661194
same_updates,m_sam,128,,830,1.7671465873718262,0.359375,1.6704948400115966,0.39916,1.6659594577789307,0.3986,0.0005600000000000049,2712.792245388031
same_updates,m_sam,128,,831,1.5994212627410889,0.421875,1.656076135482788,0.40446,1.6513397415161133,0.4051,-0.0006400000000000294,2716.0513064861298
same_updates,m_sam,128,,832,1.7058675289154053,0.3984375,1.6429498828125,0.40956,1.637417747116089,0.4107,-0.0011400000000000299,2719.3422577381134
same_updates,m_sam,128,,833,1.7186739444732666,0.4296875,1.6349655304718018,0.41128,1.6285989112854005,0.4101,0.0011799999999999589,2722.6137566566467
same_updates,m_sam,128,,834,1.7313387393951416,0.3203125,1.63197669342041,0.41208,1.6251775051116943,0.4126,-0.0005200000000000204,2725.9154176712036
same_updates,m_sam,128,,835,1.766899585723877,0.34375,1.6312267330932617,0.41112,1.6244046020507812,0.4124,-0.0012800000000000034,2729.163594007492
same_updates,m_sam,128,,836,1.7446084022521973,0.3828125,1.631490552711487,0.41,1.6250315252304077,0.4121,-0.0021000000000000463,2732.3482575416565
same_updates,m_sam,128,,837,1.6546595096588135,0.3671875,1.6362245101928712,0.4083,1.6305066402435302,0.4112,-0.0029000000000000137,2735.6180725097656
same_updates,m_sam,128,,838,1.6678310632705688,0.4296875,1.644039206008911,0.4055,1.638919278717041,0.4089,-0.0033999999999999586,2738.877388715744
same_updates,m_sam,128,,839,1.7438255548477173,0.375,1.6538952611541748,0.40214,1.6490959323883057,0.4025,-0.00036000000000002697,2742.146714448929
same_updates,m_sam,128,,840,1.682046890258789,0.3671875,1.6608501684188843,0.40004,1.6562283756256104,0.3995,0.0005399999999999849,2745.4006390571594
same_updates,m_sam,128,,841,1.6526215076446533,0.390625,1.6646711340332032,0.39888,1.6602046310424805,0.3979,0.0009800000000000364,2748.638404607773
same_updates,m_sam,128,,842,1.6517504453659058,0.4140625,1.6601467672729493,0.40074,1.655757639503479,0.4002,0.0005399999999999849,2751.917597055435
same_updates,m_sam,128,,843,1.713036298751831,0.375,1.6534350479125977,0.40344,1.6492087337493897,0.4029,0.0005400000000000404,2755.1586496829987
same_updates,m_sam,128,,844,1.6682064533233643,0.4140625,1.6477336305999757,0.40488,1.64377465133667,0.4049,-1.999999999996449e-05,2758.390772342682
same_updates,m_sam,128,,845,1.6913292407989502,0.4140625,1.6488516714096069,0.40234,1.6450102773666382,0.4024,-6.0000000000004494e-05,2761.6243913173676
same_updates,m_sam,128,,846,1.6295732259750366,0.3828125,1.6508508959579469,0.39902,1.6469392009735107,0.4041,-0.005080000000000029,2764.9362392425537
same_updates,m_sam,128,,847,1.7938599586486816,0.375,1.653653328514099,0.39578,1.6497850059509278,0.3987,-0.002919999999999978,2768.1937754154205
same_updates,m_sam,128,,848,1.7457382678985596,0.3203125,1.6570518082427979,0.3925,1.6532072566986085,0.3978,-0.005299999999999971,2771.527899503708
same_updates,m_sam,128,,849,1.5990397930145264,0.4140625,1.6615329114151,0.39148,1.657767634010315,0.3938,-0.0023199999999999887,2774.7097177505493
same_updates,m_sam,128,,850,1.6374077796936035,0.3984375,1.6750731311416627,0.38856,1.671498571395874,0.3895,-0.0009399999999999964,2777.9547910690308
same_updates,m_sam,128,,851,1.6990900039672852,0.359375,1.6888616009902955,0.38454,1.6852395217895508,0.3855,-0.0009600000000000164,2781.23712182045
same_updates,m_sam,128,,852,1.658145546913147,0.390625,1.701787207069397,0.38152,1.6981537036895753,0.3813,0.00022000000000005349,2784.533086538315
same_updates,m_sam,128,,853,1.73377525806427,0.3828125,1.7014415027236938,0.38308,1.6979416797637938,0.3817,0.0013799999999999923,2787.778638124466
same_updates,m_sam,128,,854,1.6960537433624268,0.390625,1.6841735694122315,0.39196,1.6810396320343017,0.3896,0.0023599999999999732,2790.9933590888977
same_updates,m_sam,128,,855,1.7689342498779297,0.3203125,1.6582310861968994,0.40278,1.655169320487976,0.4006,0.0021800000000000153,2794.228064060211
same_updates,m_sam,128,,856,1.6800800561904907,0.4140625,1.6429384448242188,0.40832,1.6398984701156616,0.4065,0.0018200000000000438,2797.5260107517242
same_updates,m_sam,128,,857,1.725539207458496,0.359375,1.6389179677963257,0.40806,1.6359561031341552,0.4091,-0.001040000000000041,2800.776768922806
same_updates,m_sam,128,,858,1.5512441396713257,0.453125,1.637608953895569,0.40646,1.6345617839813233,0.4079,-0.0014399999999999968,2804.109516143799
same_updates,m_sam,128,,859,1.7151480913162231,0.3046875,1.639608574485779,0.40388,1.6364730508804322,0.407,-0.003119999999999956,2807.2912697792053
same_updates,m_sam,128,,860,1.7611076831817627,0.34375,1.636800203781128,0.40528,1.6331581378936768,0.4085,-0.0032200000000000006,2810.6152305603027
same_updates,m_sam,128,,861,1.8483867645263672,0.328125,1.631376919555664,0.40808,1.6270542922973632,0.4111,-0.0030200000000000227,2813.9081196784973
same_updates,m_sam,128,,862,1.6346254348754883,0.4296875,1.6274641595458985,0.41182,1.622866263961792,0.4141,-0.0022800000000000042,2817.1299130916595
same_updates,m_sam,128,,863,1.6982271671295166,0.34375,1.6252419007110597,0.41404,1.6208235950469971,0.4127,0.0013400000000000079,2820.3493316173553
same_updates,m_sam,128,,864,1.5506584644317627,0.46875,1.6281595776748656,0.41328,1.6243919651031493,0.4157,-0.0024200000000000332,2823.5941212177277
same_updates,m_sam,128,,865,1.723036289215088,0.3671875,1.642708225364685,0.41148,1.6401921691894532,0.4142,-0.00272,2826.8530962467194
same_updates,m_sam,128,,866,1.70137357711792,0.3203125,1.6537103896331786,0.41064,1.6520346055984496,0.4113,-0.0006599999999999939,2830.146786928177
same_updates,m_sam,128,,867,1.6905243396759033,0.4140625,1.6530054846954345,0.41054,1.6515476108551026,0.4104,0.000140000000000029,2833.4522593021393
same_updates,m_sam,128,,868,1.7252968549728394,0.375,1.6544728313827515,0.4073,1.6530809619903564,0.4074,-9.999999999998899e-05,2836.6995363235474
same_updates,m_sam,128,,869,1.801814079284668,0.3359375,1.6569809310531616,0.40404,1.6554893892288207,0.4039,0.000140000000000029,2839.950709104538
same_updates,m_sam,128,,870,1.5784621238708496,0.4296875,1.656630751914978,0.40172,1.65458438205719,0.4014,0.00032000000000004247,2843.2031195163727
same_updates,m_sam,128,,871,1.676682949066162,0.390625,1.6552210176849365,0.39806,1.6522326791763307,0.3989,-0.0008399999999999519,2846.4246962070465
same_updates,m_sam,128,,872,1.5952842235565186,0.375,1.658114676437378,0.39622,1.6544363508224487,0.3964,-0.00017999999999995797,2849.642896413803
same_updates,m_sam,128,,873,1.6855506896972656,0.359375,1.6613347327041625,0.3932,1.6572038934707642,0.3949,-0.0016999999999999793,2852.9228994846344
same_updates,m_sam,128,,874,1.6356394290924072,0.3984375,1.6636845251846313,0.39268,1.6593007488250733,0.3968,-0.0041200000000000125,2856.1776010990143
same_updates,m_sam,128,,875,1.6270487308502197,0.4140625,1.6618869847869873,0.39622,1.6574211238861083,0.398,-0.0017800000000000038,2859.4211165905
same_updates,m_sam,128,,876,1.5604795217514038,0.4296875,1.6690625775527954,0.39618,1.6645787086486816,0.4,-0.0038200000000000456,2862.6714675426483
same_updates,m_sam,128,,877,1.711052656173706,0.375,1.6745326892089845,0.39732,1.6701735237121582,0.3981,-0.0007800000000000029,2865.969338655472
same_updates,m_sam,128,,878,1.710437297821045,0.40625,1.6647994061660767,0.39996,1.6602477687835693,0.3991,0.0008599999999999719,2869.273585319519
same_updates,m_sam,128,,879,1.4874317646026611,0.453125,1.6522837362289429,0.40284,1.6472598106384277,0.4025,0.00033999999999995145,2872.56387925148
same_updates,m_sam,128,,880,1.6190330982208252,0.4765625,1.6419824402618408,0.40534,1.6369988973617553,0.4056,-0.000260000000000038,2875.752301931381
same_updates,m_sam,128,,881,1.6047762632369995,0.4375,1.630398643798828,0.40664,1.6254263244628906,0.4071,-0.00046000000000001595,2879.0255839824677
same_updates,m_sam,128,,882,1.6523107290267944,0.421875,1.624275005493164,0.40616,1.6194543292999268,0.4041,0.0020600000000000063,2882.2874686717987
same_updates,m_sam,128,,883,1.6841912269592285,0.3984375,1.6219207257843018,0.40502,1.6171489418029785,0.4025,0.0025199999999999667,2885.5222597122192
same_updates,m_sam,128,,884,1.7066946029663086,0.3046875,1.6236859232330323,0.40462,1.6192125381469726,0.403,0.0016199999999999548,2888.8300030231476
same_updates,m_sam,128,,885,1.6067218780517578,0.4375,1.6309351015853881,0.39936,1.6271660501480103,0.3983,0.0010600000000000054,2892.0727779865265
same_updates,m_sam,128,,886,1.62581467628479,0.40625,1.6353518474960327,0.39792,1.631980488204956,0.3983,-0.00037999999999999146,2895.3029539585114
same_updates,m_sam,128,,887,1.6917750835418701,0.390625,1.6330658767318726,0.40038,1.6296562843322755,0.3992,0.0011800000000000144,2898.519859313965
same_updates,m_sam,128,,888,1.6367998123168945,0.4140625,1.6406798609161377,0.4005,1.637748572921753,0.4015,-0.0010000000000000009,2901.815360546112
same_updates,m_sam,128,,889,1.5864558219909668,0.375,1.6394913998413085,0.40098,1.6362771556854248,0.404,-0.0030200000000000227,2905.0837931632996
same_updates,m_sam,128,,890,1.6706583499908447,0.34375,1.639502837524414,0.4016,1.6356915195465087,0.4047,-0.0030999999999999917,2908.2807853221893
same_updates,m_sam,128,,891,1.662992000579834,0.3828125,1.6406740613174438,0.40016,1.6361848953247071,0.4036,-0.0034399999999999986,2911.575482606888
same_updates,m_sam,128,,892,1.689103364944458,0.359375,1.6446716330337525,0.39806,1.6399853881835937,0.401,-0.002939999999999998,2914.874027490616
same_updates,m_sam,128,,893,1.679431438446045,0.390625,1.6454913983535766,0.39884,1.6407395687103272,0.4006,-0.0017600000000000393,2918.1248388290405
same_updates,m_sam,128,,894,1.683065414428711,0.375,1.6421783820343017,0.4,1.6371211700439454,0.4029,-0.002899999999999958,2921.39626288414
same_updates,m_sam,128,,895,1.6231571435928345,0.3984375,1.6337555829238892,0.40426,1.6282770372390747,0.4051,-0.0008400000000000074,2924.634335756302
same_updates,m_sam,128,,896,1.602980375289917,0.3828125,1.6267989327239991,0.40522,1.621182668876648,0.4059,-0.0006799999999999584,2927.9126303195953
same_updates,m_sam,128,,897,1.724786400794983,0.359375,1.6242526348495483,0.40578,1.618981501197815,0.4064,-0.0006200000000000094,2931.157233953476
same_updates,m_sam,128,,898,1.5705745220184326,0.40625,1.6316571953582764,0.40396,1.6271899585723877,0.4057,-0.0017400000000000193,2934.3417592048645
same_updates,m_sam,128,,899,1.6993038654327393,0.375,1.6363964624786378,0.4049,1.631922120475769,0.4065,-0.0015999999999999903,2937.589586019516
same_updates,m_sam,128,,900,1.7619624137878418,0.3515625,1.6368265030288696,0.4051,1.6322595066070558,0.4038,0.0013000000000000234,2940.80771112442
same_updates,m_sam,128,,901,1.7136778831481934,0.3671875,1.6274609833145142,0.40614,1.622658688735962,0.4059,0.00024000000000001798,2944.0562915802
same_updates,m_sam,128,,902,1.7307220697402954,0.3515625,1.6188922494506837,0.40954,1.6137472469329834,0.4073,0.0022400000000000198,2947.36176943779
same_updates,m_sam,128,,903,1.6547434329986572,0.4375,1.6143876513671875,0.4102,1.6092555274963378,0.4097,0.0005000000000000004,2950.6054134368896
same_updates,m_sam,128,,904,1.7989752292633057,0.3046875,1.6148133053588867,0.40988,1.609321442604065,0.4114,-0.0015199999999999658,2953.9031817913055
same_updates,m_sam,128,,905,1.5950376987457275,0.40625,1.619829534301758,0.40678,1.6139830610275268,0.4084,-0.0016200000000000103,2957.2090578079224
same_updates,m_sam,128,,906,1.618600606918335,0.390625,1.6230519921875,0.40348,1.6172147056579589,0.4065,-0.003019999999999967,2960.461911678314
same_updates,m_sam,128,,907,1.6667271852493286,0.3984375,1.6240243279266358,0.40234,1.6185950174331665,0.4051,-0.00276000000000004,2963.719133615494
same_updates,m_sam,128,,908,1.6505855321884155,0.3828125,1.6278800586318969,0.39988,1.6227699676513672,0.4014,-0.0015199999999999658,2966.944378376007
same_updates,m_sam,128,,909,1.5477718114852905,0.4609375,1.6302911652374268,0.3982,1.6255736183166505,0.3987,-0.0005000000000000004,2970.2508199214935
same_updates,m_sam,128,,910,1.678130865097046,0.359375,1.6291042281341552,0.39898,1.6243371095657348,0.3989,8.00000000000245e-05,2973.5342288017273
same_updates,m_sam,128,,911,1.6187548637390137,0.3203125,1.6233910828018188,0.40342,1.6187091915130616,0.4015,0.0019199999999999773,2976.853488445282
same_updates,m_sam,128,,912,1.6551406383514404,0.40625,1.616532597885132,0.408,1.611656269454956,0.4069,0.0010999999999999899,2980.1274285316467
same_updates,m_sam,128,,913,1.7988262176513672,0.3515625,1.6131710692977905,0.41366,1.6079790489196777,0.4145,-0.0008399999999999519,2983.4021570682526
same_updates,m_sam,128,,914,1.7092540264129639,0.3671875,1.615841194114685,0.41268,1.610713554382324,0.4171,-0.004420000000000035,2986.7051572799683
same_updates,m_sam,128,,915,1.7118453979492188,0.390625,1.620728099937439,0.40852,1.6155912450790406,0.4153,-0.006780000000000008,2989.9589931964874
same_updates,m_sam,128,,916,1.6003483533859253,0.3828125,1.6252618700790404,0.40498,1.6203467594146728,0.4093,-0.0043199999999999905,2993.2428476810455
same_updates,m_sam,128,,917,1.5980843305587769,0.421875,1.6386237188720703,0.40014,1.6342982513427735,0.4035,-0.0033600000000000296,2996.5136885643005
same_updates,m_sam,128,,918,1.6030724048614502,0.390625,1.6611360442352294,0.39702,1.6575067947387696,0.4002,-0.003180000000000016,2999.74476146698
same_updates,m_sam,128,,919,1.6224582195281982,0.4140625,1.6857759674835204,0.39228,1.6827047927856444,0.3959,-0.0036199999999999566,3003.0308022499084
same_updates,m_sam,128,,920,1.7388780117034912,0.296875,1.6965173836517333,0.39096,1.6935627836227416,0.3915,-0.0005400000000000404,3006.2886831760406
same_updates,m_sam,128,,921,1.5794143676757812,0.453125,1.685387758140564,0.39484,1.6820282815933227,0.3953,-0.00045999999999996044,3009.572109937668
same_updates,m_sam,128,,922,1.6552255153656006,0.4140625,1.6661249687957764,0.39846,1.6619444633483886,0.3999,-0.0014399999999999968,3012.7855610847473
same_updates,m_sam,128,,923,1.6901248693466187,0.3671875,1.6470136292266846,0.40168,1.642088472557068,0.4036,-0.0019200000000000328,3016.0233104228973
same_updates,m_sam,128,,924,1.5434751510620117,0.46875,1.633695916748047,0.4059,1.628042661857605,0.4039,0.0020000000000000018,3019.2651991844177
same_updates,m_sam,128,,925,1.6235876083374023,0.40625,1.6211239525604249,0.40896,1.615013346862793,0.4086,0.00035999999999997145,3022.4943478107452
same_updates,m_sam,128,,926,1.5553715229034424,0.4609375,1.616255774307251,0.4101,1.6096638700485228,0.4095,0.0006000000000000449,3025.693107843399
same_updates,m_sam,128,,927,1.6116162538528442,0.4375,1.6149346002197265,0.40918,1.6080974243164063,0.4095,-0.00031999999999998696,3028.991077899933
same_updates,m_sam,128,,928,1.7178984880447388,0.390625,1.6096777392959594,0.40884,1.6030571826934814,0.4107,-0.0018600000000000283,3032.2955026626587
same_updates,m_sam,128,,929,1.6211817264556885,0.390625,1.6055369297027589,0.40936,1.5991897636413575,0.4104,-0.0010399999999999854,3035.559339761734
same_updates,m_sam,128,,930,1.5462121963500977,0.453125,1.6162335272598267,0.40506,1.6105467599868775,0.3998,0.005259999999999987,3038.8191800117493
same_updates,m_sam,128,,931,1.6498430967330933,0.4375,1.6467377807998658,0.3957,1.6420785558700561,0.3945,0.0011999999999999789,3042.125447511673
same_updates,m_sam,128,,932,1.7855827808380127,0.3203125,1.684505450820923,0.38684,1.6812500938415527,0.388,-0.0011599999999999944,3045.335704565048
same_updates,m_sam,128,,933,1.709589958190918,0.40625,1.719143773803711,0.37836,1.7169254096984863,0.377,0.0013599999999999723,3048.610776901245
same_updates,m_sam,128,,934,1.6289153099060059,0.3515625,1.7340364360809326,0.37408,1.7325505796432494,0.3751,-0.0010199999999999654,3051.8971118927
same_updates,m_sam,128,,935,1.731210708618164,0.375,1.7190940076446533,0.3773,1.7176755226135254,0.3779,-0.0005999999999999894,3055.1106758117676
same_updates,m_sam,128,,936,1.678398609161377,0.3515625,1.6927880474472046,0.38328,1.690802787399292,0.3818,0.0014800000000000368,3058.3859536647797
same_updates,m_sam,128,,937,1.698408842086792,0.3828125,1.6587414868927002,0.39126,1.6555292373657227,0.3935,-0.0022400000000000198,3061.6832699775696
same_updates,m_sam,128,,938,1.7012866735458374,0.375,1.6349920044708253,0.39814,1.6302800392150878,0.4003,-0.0021599999999999953,3064.92494225502
same_updates,m_sam,128,,939,1.636576771736145,0.375,1.6307464181900024,0.39826,1.6248820518493652,0.4019,-0.0036399999999999766,3068.1851756572723
same_updates,m_sam,128,,940,1.5841147899627686,0.4140625,1.638193412513733,0.39474,1.6312177410125732,0.4027,-0.007960000000000023,3071.414916038513
same_updates,m_sam,128,,941,1.6806020736694336,0.40625,1.6351019806289673,0.39718,1.6275083889007569,0.4032,-0.006020000000000025,3074.6876220703125
same_updates,m_sam,128,,942,1.8191384077072144,0.296875,1.6248432573699951,0.40578,1.6171169759750366,0.4069,-0.0011200000000000099,3077.924016237259
same_updates,m_sam,128,,943,1.618269681930542,0.4453125,1.6151959646987915,0.41394,1.6077346942901611,0.4112,0.0027399999999999647,3081.1660635471344
same_updates,m_sam,128,,944,1.6888763904571533,0.359375,1.612392749900818,0.41884,1.6056347370147706,0.4187,0.00013999999999997348,3084.4262294769287
same_updates,m_sam,128,,945,1.6321139335632324,0.3828125,1.6196664721679688,0.41832,1.613664281463623,0.4198,-0.0014799999999999813,3087.6726779937744
same_updates,m_sam,128,,946,1.5985099077224731,0.40625,1.6330540914535523,0.41472,1.6276489135742187,0.4172,-0.0024800000000000377,3090.9291532039642
same_updates,m_sam,128,,947,1.6623234748840332,0.4375,1.6511608115005494,0.41032,1.6464822303771973,0.4139,-0.003579999999999972,3094.18634057045
same_updates,m_sam,128,,948,1.6190710067749023,0.3828125,1.6690465607452392,0.40482,1.6650516784667968,0.4055,-0.0006800000000000139,3097.4761712551117
same_updates,m_sam,128,,949,1.7178616523742676,0.3125,1.6727590161514283,0.40266,1.6691025121688843,0.4022,0.00046000000000001595,3100.706428527832
same_updates,m_sam,128,,950,1.6046726703643799,0.4453125,1.6597263439559937,0.4046,1.6560429880142211,0.4038,0.0008000000000000229,3103.947630405426
same_updates,m_sam,128,,951,1.709540605545044,0.3828125,1.6425749661254883,0.40632,1.6384339210510255,0.4057,0.0006200000000000094,3107.222275495529
same_updates,m_sam,128,,952,1.6759040355682373,0.4140625,1.626696672935486,0.40742,1.6220235174179076,0.4096,-0.0021800000000000153,3110.481735944748
same_updates,m_sam,128,,953,1.6199324131011963,0.390625,1.620884603614807,0.4097,1.6158137105941772,0.4115,-0.0017999999999999683,3113.693035364151
same_updates,m_sam,128,,954,1.6663691997528076,0.3671875,1.6154827099227904,0.41216,1.6099223609924316,0.4147,-0.0025399999999999867,3116.8888697624207
same_updates,m_sam,128,,955,1.5469434261322021,0.421875,1.6126709326171875,0.41342,1.6069803928375244,0.4178,-0.004379999999999995,3120.111311197281
same_updates,m_sam,128,,956,1.6603519916534424,0.40625,1.6143079901504516,0.41168,1.60877789478302,0.415,-0.0033199999999999896,3123.38290476799
same_updates,m_sam,128,,957,1.587454915046692,0.3984375,1.6182117748260498,0.41078,1.6128854806900024,0.4118,-0.0010200000000000209,3126.578804731369
same_updates,m_sam,128,,958,1.6716783046722412,0.40625,1.622737396850586,0.40672,1.617615298461914,0.4073,-0.0005799999999999694,3129.8436365127563
same_updates,m_sam,128,,959,1.6018009185791016,0.3984375,1.627531701965332,0.40488,1.6224684200286865,0.4075,-0.0026199999999999557,3133.1334657669067
same_updates,m_sam,128,,960,1.7386252880096436,0.3984375,1.630164790878296,0.4046,1.625030945587158,0.4055,-0.0009000000000000119,3136.3139822483063
same_updates,m_sam,128,,961,1.5651848316192627,0.421875,1.6363458404541016,0.40378,1.6312937870025634,0.4047,-0.0009200000000000319,3139.5578739643097
same_updates,m_sam,128,,962,1.6780673265457153,0.40625,1.6370554419708252,0.40418,1.6320535865783692,0.4035,0.0006799999999999584,3142.8561539649963
same_updates,m_sam,128,,963,1.5862038135528564,0.3984375,1.6370874597549439,0.40544,1.6321562648773194,0.4033,0.0021400000000000308,3146.0574905872345
same_updates,m_sam,128,,964,1.6943461894989014,0.3515625,1.6347049004745484,0.4081,1.6293916795730592,0.4038,0.004300000000000026,3149.2297580242157
same_updates,m_sam,128,,965,1.6211388111114502,0.390625,1.635107787208557,0.40858,1.6294858383178712,0.4055,0.0030799999999999716,3152.4794437885284
same_updates,m_sam,128,,966,1.6343715190887451,0.390625,1.635089874343872,0.4101,1.6295681373596191,0.4036,0.006500000000000006,3155.7611293792725
same_updates,m_sam,128,,967,1.659083366394043,0.359375,1.6352046200942993,0.41098,1.6296862442016602,0.4046,0.006379999999999997,3159.047657251358
same_updates,m_sam,128,,968,1.6402907371520996,0.3828125,1.6306760259246826,0.41302,1.6249166095733643,0.4076,0.00541999999999998,3162.3281321525574
same_updates,m_sam,128,,969,1.6943126916885376,0.3671875,1.6250456491088867,0.41528,1.6193349506378174,0.4134,0.0018799999999999928,3165.568313598633
same_updates,m_sam,128,,970,1.7010442018508911,0.3125,1.617834362258911,0.41794,1.6122110443115234,0.4167,0.0012399999999999634,3168.7853260040283
same_updates,m_sam,128,,971,1.6823034286499023,0.359375,1.6131291722869874,0.41976,1.6074907808303833,0.4191,0.0006600000000000494,3172.0497472286224
same_updates,m_sam,128,,972,1.6239845752716064,0.4765625,1.6075207691192628,0.42194,1.6018252780914306,0.4229,-0.0009600000000000164,3175.3051524162292
same_updates,m_sam,128,,973,1.5996804237365723,0.3828125,1.6039122277832032,0.4229,1.5979571378707886,0.4233,-0.00040000000000001146,3178.508483171463
same_updates,m_sam,128,,974,1.7190122604370117,0.421875,1.6094754816436767,0.4216,1.6038009181976318,0.4222,-0.0006000000000000449,3181.831925868988
same_updates,m_sam,128,,975,1.5693964958190918,0.421875,1.6223171440887452,0.41838,1.6175779098510743,0.4234,-0.0050200000000000244,3185.1125781536102
same_updates,m_sam,128,,976,1.7135202884674072,0.40625,1.6348606420898437,0.41378,1.6307204511642457,0.4167,-0.0029200000000000337,3188.3911592960358
same_updates,m_sam,128,,977,1.6571043729782104,0.390625,1.641123042678833,0.41116,1.6373111530303954,0.4112,-3.999999999998449e-05,3191.6191277503967
same_updates,m_sam,128,,978,1.5822111368179321,0.421875,1.6384379162979126,0.41016,1.634579891204834,0.4119,-0.0017399999999999638,3194.927581548691
same_updates,m_sam,128,,979,1.6813504695892334,0.375,1.6230509451293946,0.4135,1.6186459009170533,0.4147,-0.0012000000000000344,3198.2139132022858
same_updates,m_sam,128,,980,1.5655710697174072,0.390625,1.6115032058715821,0.4173,1.606683613395691,0.4203,-0.0030000000000000027,3201.4599618911743
same_updates,m_sam,128,,981,1.4696036577224731,0.4921875,1.6093673186874389,0.41664,1.6045658155441285,0.4186,-0.0019600000000000173,3204.7318358421326
same_updates,m_sam,128,,982,1.6093393564224243,0.4296875,1.613016830444336,0.41628,1.6085436126708985,0.415,0.0012800000000000034,3207.9597969055176
same_updates,m_sam,128,,983,1.6592700481414795,0.3828125,1.6174064086151123,0.41478,1.6130002784729003,0.4151,-0.00032000000000004247,3211.2201747894287
same_updates,m_sam,128,,984,1.6242015361785889,0.375,1.6139488021469117,0.4165,1.6093681173324585,0.4146,0.0018999999999999573,3214.4574415683746
same_updates,m_sam,128,,985,1.5763726234436035,0.4375,1.6077925101089479,0.41926,1.603064948272705,0.4166,0.0026599999999999957,3217.735340833664
same_updates,m_sam,128,,986,1.6850948333740234,0.359375,1.6019911953353883,0.42024,1.5967473152160645,0.4202,3.999999999998449e-05,3221.0143258571625
same_updates,m_sam,128,,987,1.664539098739624,0.3828125,1.602865156173706,0.42026,1.597564909172058,0.4205,-0.00023999999999996247,3224.2475111484528
same_updates,m_sam,128,,988,1.5777217149734497,0.40625,1.606416192703247,0.41724,1.6012154275894166,0.418,-0.0007599999999999829,3227.4450438022614
same_updates,m_sam,128,,989,1.6957123279571533,0.3828125,1.611195680580139,0.41546,1.6062629459381104,0.4131,0.0023599999999999732,3230.7011184692383
same_updates,m_sam,128,,990,1.6113543510437012,0.359375,1.6156696921157836,0.41282,1.6111983173370361,0.4132,-0.00037999999999999146,3233.985496044159
same_updates,m_sam,128,,991,1.6246709823608398,0.4296875,1.6216513011932374,0.4114,1.6179802310943603,0.4087,0.00269999999999998,3237.2492690086365
same_updates,m_sam,128,,992,1.5466620922088623,0.5,1.633378419456482,0.40904,1.6305450059890747,0.4061,0.002939999999999998,3240.5247094631195
same_updates,m_sam,128,,993,1.5545179843902588,0.46875,1.6451665241241455,0.40492,1.6426285972595216,0.4045,0.00041999999999997595,3243.8074295520782
same_updates,m_sam,128,,994,1.5827064514160156,0.3828125,1.6535477758789063,0.40336,1.6512342712402344,0.4069,-0.0035399999999999876,3247.097908258438
same_updates,m_sam,128,,995,1.6908257007598877,0.34375,1.6415354119873047,0.40608,1.6389354400634766,0.4079,-0.0018199999999999883,3250.3761422634125
same_updates,m_sam,128,,996,1.642906904220581,0.4375,1.622404658164978,0.41152,1.6188413993835449,0.4116,-8.00000000000245e-05,3253.6339955329895
same_updates,m_sam,128,,997,1.7736613750457764,0.40625,1.6087917993164063,0.41546,1.6042853862762452,0.4172,-0.0017400000000000193,3256.8671548366547
same_updates,m_sam,128,,998,1.6263670921325684,0.421875,1.6045454162216186,0.4166,1.5992969787597657,0.4192,-0.002599999999999991,3260.1583502292633
same_updates,m_sam,128,,999,1.5467997789382935,0.453125,1.598036463356018,0.4193,1.592298205947876,0.4203,-0.0010000000000000009,3263.417529821396
same_updates,m_sam,128,,1000,1.8575148582458496,0.3515625,1.5955885943222046,0.42036,1.5902380592346193,0.4204,-3.999999999998449e-05,3266.6897597312927
