comparison,method,m,epoch,update,train_loss_step,train_acc_step,train_eval_loss,train_eval_acc,test_loss,test_acc,generalization_gap,elapsed_sec
same_updates,m_sam,512,,1,2.561119318008423,0.080078125,2.4080121043395994,0.08194,2.406436920928955,0.0843,-0.002360000000000001,4.757107973098755
same_updates,m_sam,512,,2,2.4083962440490723,0.091796875,2.377174563293457,0.08482,2.3751626571655273,0.0825,0.0023200000000000026,8.104857683181763
same_updates,m_sam,512,,3,2.385615825653076,0.064453125,2.3677059738922117,0.09252,2.3656739585876463,0.0947,-0.0021800000000000014,11.462167263031006
same_updates,m_sam,512,,4,2.384547710418701,0.08203125,2.378050864868164,0.09954,2.3760609336853027,0.0978,0.0017400000000000054,14.831703901290894
same_updates,m_sam,512,,5,2.3832509517669678,0.0859375,2.3826018350982667,0.10014,2.3816856430053712,0.1001,4.000000000001225e-05,18.06625485420227
same_updates,m_sam,512,,6,2.408006191253662,0.087890625,2.3205067168426514,0.10048,2.3197853897094727,0.1,0.0004799999999999943,21.412025690078735
same_updates,m_sam,512,,7,2.3289761543273926,0.1015625,2.317611521987915,0.13672,2.3169359077453615,0.1358,0.0009200000000000041,24.707422733306885
same_updates,m_sam,512,,8,2.314591884613037,0.12109375,2.380436774215698,0.11096,2.380390281677246,0.113,-0.00204,28.063133716583252
same_updates,m_sam,512,,9,2.364527940750122,0.109375,2.436567112503052,0.12802,2.4364831466674803,0.1279,0.00011999999999998123,31.399519205093384
same_updates,m_sam,512,,10,2.4364662170410156,0.123046875,2.4379827923583983,0.13226,2.4373249603271483,0.1311,0.0011599999999999944,34.70214796066284
same_updates,m_sam,512,,11,2.4549732208251953,0.099609375,2.3978791106414796,0.14782,2.3964362930297853,0.1478,2.0000000000020002e-05,38.01246666908264
same_updates,m_sam,512,,12,2.4157297611236572,0.162109375,2.3436431309509276,0.15404,2.3418215148925783,0.1549,-0.0008599999999999997,41.23556566238403
same_updates,m_sam,512,,13,2.3603386878967285,0.125,2.284549398651123,0.16664,2.2826528354644777,0.1672,-0.0005599999999999772,44.541016817092896
same_updates,m_sam,512,,14,2.3021490573883057,0.158203125,2.2595611070251467,0.15764,2.257925144958496,0.1598,-0.0021599999999999953,47.83208107948303
same_updates,m_sam,512,,15,2.2603557109832764,0.162109375,2.2769433311462404,0.11354,2.2754805267333986,0.1123,0.001240000000000005,51.12402844429016
same_updates,m_sam,512,,16,2.258967876434326,0.125,2.2997479669189453,0.11546,2.2987076091766356,0.1158,-0.00034000000000000696,54.409454345703125
same_updates,m_sam,512,,17,2.294560432434082,0.095703125,2.306873660736084,0.10004,2.306056787490845,0.1,3.999999999999837e-05,57.73793649673462
same_updates,m_sam,512,,18,2.302823305130005,0.095703125,2.2646597804260256,0.10886,2.2635311054229734,0.1082,0.0006599999999999939,61.058568716049194
same_updates,m_sam,512,,19,2.266214370727539,0.12890625,2.244945248260498,0.14522,2.243453614807129,0.1461,-0.0008800000000000197,64.34113049507141
same_updates,m_sam,512,,20,2.2677156925201416,0.126953125,2.2434183209991456,0.18726,2.2418762992858885,0.1916,-0.004339999999999983,67.66356873512268
same_updates,m_sam,512,,21,2.2458953857421875,0.173828125,2.262462245864868,0.17714,2.26102229309082,0.1788,-0.0016599999999999948,71.01176309585571
same_updates,m_sam,512,,22,2.2896409034729004,0.15625,2.282718123779297,0.16234,2.2812986011505125,0.1626,-0.00025999999999998247,74.31078338623047
same_updates,m_sam,512,,23,2.3059959411621094,0.166015625,2.285050661621094,0.18096,2.2834281383514403,0.1806,0.0003599999999999992,77.63876032829285
same_updates,m_sam,512,,24,2.269852876663208,0.18359375,2.2806363706970214,0.1743,2.2784865112304686,0.1725,0.0018000000000000238,80.97168684005737
same_updates,m_sam,512,,25,2.3114118576049805,0.162109375,2.263765446166992,0.1717,2.2612638717651365,0.1712,0.0005000000000000004,84.23113012313843
same_updates,m_sam,512,,26,2.27597713470459,0.1796875,2.241152753601074,0.1973,2.2384403785705564,0.1961,0.0012000000000000066,87.5057053565979
same_updates,m_sam,512,,27,2.2691426277160645,0.1875,2.2245911988830565,0.19432,2.22193646774292,0.1934,0.0009200000000000041,90.77883744239807
same_updates,m_sam,512,,28,2.2563095092773438,0.185546875,2.223938019866943,0.16234,2.2217690452575685,0.1613,0.0010400000000000131,94.12147617340088
same_updates,m_sam,512,,29,2.2238969802856445,0.17578125,2.2391396971130373,0.15736,2.237682015609741,0.1565,0.0008599999999999997,97.4469997882843
same_updates,m_sam,512,,30,2.2401676177978516,0.14453125,2.2464283781433108,0.1509,2.2451993286132814,0.1542,-0.0032999999999999974,100.79244017601013
same_updates,m_sam,512,,31,2.2571985721588135,0.138671875,2.2497580390930176,0.10834,2.248527177810669,0.1113,-0.0029599999999999904,104.11381006240845
same_updates,m_sam,512,,32,2.238480567932129,0.12890625,2.236642761917114,0.1303,2.235262872314453,0.1334,-0.0030999999999999917,107.32969999313354
same_updates,m_sam,512,,33,2.2180097103118896,0.126953125,2.2125099185943604,0.18822,2.2107307949066164,0.1883,-7.999999999999674e-05,110.67372250556946
same_updates,m_sam,512,,34,2.207864999771118,0.193359375,2.2031292498779296,0.1895,2.201043918991089,0.1921,-0.002599999999999991,113.9218077659607
same_updates,m_sam,512,,35,2.200644016265869,0.1953125,2.2007423622131346,0.19344,2.198390825653076,0.1951,-0.0016599999999999948,117.19203233718872
same_updates,m_sam,512,,36,2.2274842262268066,0.162109375,2.1981562406921387,0.20246,2.1957549907684326,0.203,-0.0005400000000000127,120.55509781837463
same_updates,m_sam,512,,37,2.189974069595337,0.212890625,2.1942871836853026,0.193,2.191949138641357,0.1935,-0.0005000000000000004,123.82552719116211
same_updates,m_sam,512,,38,2.212554693222046,0.1796875,2.192759926147461,0.20626,2.1909265602111816,0.2085,-0.002239999999999992,127.08404350280762
same_updates,m_sam,512,,39,2.180234432220459,0.1953125,2.1943041442108155,0.21326,2.192903031539917,0.2119,0.00136,130.43543362617493
same_updates,m_sam,512,,40,2.1819872856140137,0.19140625,2.19561146194458,0.17936,2.1943853935241697,0.1773,0.0020599999999999785,133.77129125595093
same_updates,m_sam,512,,41,2.1987686157226562,0.16796875,2.1845513777160646,0.18156,2.183270440673828,0.18,0.0015600000000000058,137.0704550743103
same_updates,m_sam,512,,42,2.190264940261841,0.18359375,2.1663324858093262,0.22122,2.1645679573059082,0.2231,-0.0018799999999999928,140.35574460029602
same_updates,m_sam,512,,43,2.185338020324707,0.181640625,2.161786435470581,0.19022,2.1593559865951537,0.1924,-0.0021799999999999875,143.6195330619812
same_updates,m_sam,512,,44,2.1626477241516113,0.1796875,2.1652876725006105,0.18626,2.162692095184326,0.1866,-0.0003399999999999792,146.92600464820862
same_updates,m_sam,512,,45,2.185272216796875,0.171875,2.166696408843994,0.19956,2.1644559856414793,0.1997,-0.00014000000000000123,150.18532609939575
same_updates,m_sam,512,,46,2.1883256435394287,0.181640625,2.1652390774536134,0.20474,2.163246178436279,0.2074,-0.0026599999999999957,153.48213696479797
same_updates,m_sam,512,,47,2.182380199432373,0.208984375,2.1676089445495608,0.20718,2.1662310546875,0.2087,-0.0015199999999999936,156.72061443328857
same_updates,m_sam,512,,48,2.1922507286071777,0.173828125,2.16942301322937,0.20888,2.1686155324935914,0.2111,-0.0022199999999999998,159.96821403503418
same_updates,m_sam,512,,49,2.175220489501953,0.216796875,2.16295248588562,0.2182,2.1623380800247194,0.22,-0.001799999999999996,163.2765338420868
same_updates,m_sam,512,,50,2.1485114097595215,0.22265625,2.1478519891357424,0.23162,2.1469592037200926,0.2321,-0.0004800000000000082,166.53253936767578
same_updates,m_sam,512,,51,2.182711601257324,0.212890625,2.1289489228057863,0.24392,2.1272675584793093,0.2473,-0.003379999999999994,169.85566592216492
same_updates,m_sam,512,,52,2.1439223289489746,0.2421875,2.1228585572052,0.23712,2.1207149686813356,0.2352,0.001920000000000005,173.1703987121582
same_updates,m_sam,512,,53,2.125436544418335,0.216796875,2.127570323638916,0.21906,2.125518041419983,0.2166,0.0024600000000000177,176.48429083824158
same_updates,m_sam,512,,54,2.180294990539551,0.1875,2.1271644699859618,0.22048,2.1252985736846925,0.2168,0.0036800000000000166,179.82376408576965
same_updates,m_sam,512,,55,2.1594176292419434,0.2109375,2.1276041067504883,0.22396,2.1263909564971923,0.2183,0.005659999999999998,183.1478521823883
same_updates,m_sam,512,,56,2.1411304473876953,0.236328125,2.1349930992889403,0.2175,2.1345387409210206,0.2152,0.0022999999999999965,186.37671899795532
same_updates,m_sam,512,,57,2.1567819118499756,0.1953125,2.1305690586853028,0.22924,2.13021709651947,0.2266,0.0026400000000000035,189.66987204551697
same_updates,m_sam,512,,58,2.147289752960205,0.20703125,2.1174222480010987,0.22628,2.1163903564453124,0.2286,-0.0023199999999999887,192.9423050880432
same_updates,m_sam,512,,59,2.093508720397949,0.228515625,2.107595553588867,0.22198,2.1055754261016846,0.2256,-0.0036199999999999843,196.26891708374023
same_updates,m_sam,512,,60,2.1292407512664795,0.21875,2.1047266290283204,0.22296,2.102413667488098,0.2248,-0.0018400000000000083,199.61141562461853
same_updates,m_sam,512,,61,2.11698055267334,0.177734375,2.1060795921325686,0.23558,2.103701219177246,0.2347,0.0008800000000000197,202.91378474235535
same_updates,m_sam,512,,62,2.0885066986083984,0.21484375,2.1053167579650878,0.24028,2.102547690200806,0.2446,-0.004320000000000018,206.17254638671875
same_updates,m_sam,512,,63,2.1018598079681396,0.232421875,2.1029728731536865,0.24238,2.099941493988037,0.2502,-0.007819999999999966,209.50883054733276
same_updates,m_sam,512,,64,2.0920228958129883,0.251953125,2.096308455734253,0.24516,2.0933092300415037,0.2482,-0.003040000000000015,212.82075691223145
same_updates,m_sam,512,,65,2.1060574054718018,0.25,2.0897985353088377,0.24452,2.0868096179962157,0.2495,-0.004980000000000012,216.12588548660278
same_updates,m_sam,512,,66,2.0854029655456543,0.271484375,2.0875491944122313,0.23784,2.08507244720459,0.241,-0.003159999999999996,219.40053510665894
same_updates,m_sam,512,,67,2.075976848602295,0.224609375,2.101386485748291,0.21628,2.1001111320495607,0.2189,-0.002620000000000011,222.6460874080658
same_updates,m_sam,512,,68,2.085066318511963,0.2109375,2.1051805276489257,0.21814,2.1041996040344237,0.226,-0.007860000000000006,225.92308044433594
same_updates,m_sam,512,,69,2.098560333251953,0.22265625,2.0902648834228517,0.2313,2.0885698057174684,0.2359,-0.004599999999999993,229.18353056907654
same_updates,m_sam,512,,70,2.1059393882751465,0.23046875,2.075471983795166,0.24362,2.072968101501465,0.2477,-0.00408,232.46905136108398
same_updates,m_sam,512,,71,2.0735020637512207,0.25,2.0661255279541018,0.24768,2.062829027366638,0.2534,-0.005720000000000003,235.76367092132568
same_updates,m_sam,512,,72,2.054166555404663,0.25390625,2.0655878425598146,0.247,2.0623473960876466,0.2477,-0.0007000000000000062,239.01797318458557
same_updates,m_sam,512,,73,2.0720322132110596,0.2578125,2.065042186203003,0.2482,2.061735231781006,0.2473,0.0009000000000000119,242.31903219223022
same_updates,m_sam,512,,74,2.0978384017944336,0.21875,2.068402802810669,0.2515,2.0658244663238525,0.2509,0.0005999999999999894,245.63449001312256
same_updates,m_sam,512,,75,2.0816049575805664,0.25390625,2.0713063556671143,0.24634,2.069291033363342,0.2537,-0.007359999999999978,248.95615029335022
same_updates,m_sam,512,,76,2.108793020248413,0.240234375,2.08085005065918,0.2284,2.0794713451385496,0.2355,-0.007099999999999995,252.27955651283264
same_updates,m_sam,512,,77,2.092435359954834,0.19921875,2.0853020280456542,0.23066,2.084127168273926,0.2379,-0.0072399999999999964,255.64990949630737
same_updates,m_sam,512,,78,2.066927433013916,0.259765625,2.070059603805542,0.25162,2.068182163619995,0.2574,-0.005780000000000007,258.9951560497284
same_updates,m_sam,512,,79,2.078962802886963,0.220703125,2.05407734916687,0.25094,2.051231669616699,0.2473,0.0036400000000000043,262.3435080051422
same_updates,m_sam,512,,80,2.0074572563171387,0.2890625,2.0433435735321046,0.24056,2.039543737030029,0.2368,0.0037599999999999856,265.70542192459106
same_updates,m_sam,512,,81,2.049482822418213,0.2265625,2.0379876415252687,0.23734,2.0335806035995483,0.2372,0.00014000000000000123,268.9895329475403
same_updates,m_sam,512,,82,2.029306173324585,0.236328125,2.0365784091186523,0.2351,2.032038271522522,0.2348,0.0002999999999999947,272.285053730011
same_updates,m_sam,512,,83,2.0536575317382812,0.2265625,2.033856633682251,0.23978,2.029687675666809,0.2375,0.0022800000000000042,275.6589906215668
same_updates,m_sam,512,,84,2.0291543006896973,0.22265625,2.0320535415649412,0.25174,2.0284532001495363,0.2497,0.002040000000000014,278.91503953933716
same_updates,m_sam,512,,85,2.023634672164917,0.23828125,2.030183241119385,0.26724,2.0268320743560793,0.2703,-0.003060000000000007,282.1181468963623
same_updates,m_sam,512,,86,2.027308464050293,0.267578125,2.036492415084839,0.26134,2.0333991138458254,0.2608,0.0005400000000000404,285.40889596939087
same_updates,m_sam,512,,87,2.032317638397217,0.24609375,2.0322393811035155,0.25116,2.0285198276519774,0.2497,0.001459999999999989,288.6882584095001
same_updates,m_sam,512,,88,2.0490550994873047,0.224609375,2.020419928283691,0.25936,2.015431284713745,0.2629,-0.003540000000000043,291.951388835907
same_updates,m_sam,512,,89,2.012594699859619,0.28515625,2.018116535949707,0.25242,2.012390259170532,0.2588,-0.006379999999999997,295.25789737701416
same_updates,m_sam,512,,90,2.0293641090393066,0.255859375,2.019716914520264,0.2465,2.013951016044617,0.2501,-0.003599999999999992,298.6355996131897
same_updates,m_sam,512,,91,2.0522351264953613,0.228515625,2.0192885380554197,0.24164,2.0137220695495603,0.245,-0.003360000000000002,301.9727165699005
same_updates,m_sam,512,,92,2.0136313438415527,0.255859375,2.01367678817749,0.2415,2.0082826681137087,0.2437,-0.0022000000000000075,305.20981192588806
same_updates,m_sam,512,,93,2.0286245346069336,0.24609375,2.007864312438965,0.24352,2.003155853652954,0.2475,-0.003980000000000011,308.444673538208
same_updates,m_sam,512,,94,2.0467958450317383,0.220703125,2.0012640184020998,0.26158,1.9971465976715088,0.2698,-0.008220000000000005,311.7096252441406
same_updates,m_sam,512,,95,2.0233163833618164,0.244140625,1.9937105317687989,0.27138,1.9893455875396728,0.2711,0.00028000000000000247,315.01836252212524
same_updates,m_sam,512,,96,2.0065841674804688,0.265625,1.9938713549041749,0.2548,1.9889424545288086,0.2565,-0.0016999999999999793,318.26917338371277
same_updates,m_sam,512,,97,2.020590305328369,0.25390625,2.0023956369018556,0.2472,1.9975474533081055,0.2492,-0.0020000000000000018,321.5947139263153
same_updates,m_sam,512,,98,2.003706216812134,0.23214285714285715,2.00689836807251,0.25452,2.0021773269653322,0.2573,-0.002779999999999949,325.2143063545227
same_updates,m_sam,512,,99,2.0475869178771973,0.22265625,2.004752363357544,0.25332,2.0001867916107177,0.2539,-0.0005800000000000249,328.58493876457214
same_updates,m_sam,512,,100,2.0164756774902344,0.24609375,1.9971186059570312,0.24742,1.9925736078262328,0.2486,-0.0011799999999999866,331.80026364326477
same_updates,m_sam,512,,101,2.0035247802734375,0.267578125,1.9894261804199218,0.24882,1.9847751361846924,0.2474,0.0014200000000000046,335.10920119285583
same_updates,m_sam,512,,102,2.0162954330444336,0.2109375,1.980798106689453,0.2735,1.9758403455734252,0.2754,-0.0018999999999999573,338.42057251930237
same_updates,m_sam,512,,103,2.000005006790161,0.2734375,1.9765272419738769,0.2877,1.9714336498260498,0.2947,-0.007000000000000006,341.6696002483368
same_updates,m_sam,512,,104,2.0011937618255615,0.294921875,1.9754946709442138,0.27958,1.9706363178253175,0.2865,-0.006919999999999982,344.96804451942444
same_updates,m_sam,512,,105,1.9790678024291992,0.26953125,1.977419712677002,0.26282,1.9728603267669678,0.2663,-0.003479999999999983,348.1865510940552
same_updates,m_sam,512,,106,1.965637445449829,0.275390625,1.9907097428894043,0.2474,1.9872510482788086,0.2498,-0.0023999999999999855,351.54429292678833
same_updates,m_sam,512,,107,2.0312514305114746,0.220703125,1.9860558403778077,0.25024,1.982929747390747,0.2535,-0.003259999999999985,354.8881242275238
same_updates,m_sam,512,,108,2.010159492492676,0.244140625,1.9714035362243651,0.26514,1.9680623113632203,0.2717,-0.00656000000000001,358.14686942100525
same_updates,m_sam,512,,109,2.0122199058532715,0.263671875,1.9610368142700196,0.28036,1.9568825462341308,0.2891,-0.008740000000000026,361.4441907405853
same_updates,m_sam,512,,110,1.992125391960144,0.255859375,1.96259930809021,0.28526,1.9584799892425537,0.2887,-0.0034399999999999986,364.76586389541626
same_updates,m_sam,512,,111,2.02937650680542,0.275390625,1.963007036895752,0.27638,1.9589245300292968,0.2771,-0.0007199999999999984,368.1117100715637
same_updates,m_sam,512,,112,1.980414867401123,0.2578125,1.9663781186676026,0.27078,1.962760675239563,0.2706,0.00018000000000001348,371.4127414226532
same_updates,m_sam,512,,113,1.9848084449768066,0.23046875,1.970403067779541,0.2689,1.9670723236083985,0.271,-0.0021000000000000463,374.6735785007477
same_updates,m_sam,512,,114,1.9535938501358032,0.26171875,1.968867370147705,0.27222,1.9653604557037354,0.2737,-0.0014799999999999813,377.9532279968262
same_updates,m_sam,512,,115,1.9792081117630005,0.279296875,1.9622985569763183,0.27692,1.958463030052185,0.2787,-0.0017800000000000038,381.2737593650818
same_updates,m_sam,512,,116,1.9695985317230225,0.28125,1.9563424673461913,0.2812,1.9522449590682984,0.286,-0.004799999999999971,384.5769374370575
same_updates,m_sam,512,,117,2.0030035972595215,0.25390625,1.9534303984069825,0.28906,1.9494251907348632,0.2985,-0.009440000000000004,387.86801052093506
same_updates,m_sam,512,,118,1.9755885601043701,0.28515625,1.9501065550994874,0.28944,1.946134635925293,0.3007,-0.011260000000000048,391.1345434188843
same_updates,m_sam,512,,119,1.9401037693023682,0.294921875,1.9545171852111816,0.28302,1.950848969268799,0.2913,-0.00828000000000001,394.43313002586365
same_updates,m_sam,512,,120,1.9638608694076538,0.259765625,1.956820288848877,0.27268,1.953136490058899,0.2813,-0.008620000000000017,397.71715259552
same_updates,m_sam,512,,121,1.949655294418335,0.265625,1.95358314453125,0.27212,1.9496577404022217,0.2758,-0.0036800000000000166,400.98252964019775
same_updates,m_sam,512,,122,1.9228179454803467,0.294921875,1.9485933483123778,0.26772,1.9439481712341309,0.2758,-0.008079999999999976,404.2646186351776
same_updates,m_sam,512,,123,1.9520275592803955,0.2734375,1.946447689819336,0.2703,1.9415303928375245,0.2773,-0.007000000000000006,407.58116030693054
same_updates,m_sam,512,,124,1.9490495920181274,0.2890625,1.9420581621551514,0.2774,1.9369840255737305,0.2836,-0.006200000000000039,410.85970735549927
same_updates,m_sam,512,,125,1.9636356830596924,0.2578125,1.9365946208953857,0.28842,1.9319330799102783,0.292,-0.003579999999999972,414.09688806533813
same_updates,m_sam,512,,126,1.9935270547866821,0.255859375,1.9414430769348145,0.29352,1.9377989372253417,0.2982,-0.0046800000000000175,417.3644926548004
same_updates,m_sam,512,,127,1.9286097288131714,0.302734375,1.961151326522827,0.28144,1.9585706699371337,0.2837,-0.0022599999999999842,420.6369254589081
same_updates,m_sam,512,,128,2.0272085666656494,0.24609375,1.9609553926086425,0.27774,1.95808158454895,0.2786,-0.0008600000000000274,424.00499534606934
same_updates,m_sam,512,,129,1.9757200479507446,0.27734375,1.951159021759033,0.27628,1.9472191349029542,0.2796,-0.0033199999999999896,427.3301064968109
same_updates,m_sam,512,,130,1.9465514421463013,0.26953125,1.94225709274292,0.28762,1.9371569339752197,0.2938,-0.006180000000000019,430.5883800983429
same_updates,m_sam,512,,131,1.9407321214675903,0.314453125,1.9370358666229248,0.29996,1.9309588451385498,0.3094,-0.009440000000000004,433.87483978271484
same_updates,m_sam,512,,132,1.9641432762145996,0.3046875,1.9339142262268065,0.29482,1.9278912796020509,0.3026,-0.007779999999999954,437.1315531730652
same_updates,m_sam,512,,133,1.9592844247817993,0.283203125,1.9395296055603026,0.2894,1.9341005611419677,0.2953,-0.005900000000000016,440.4706470966339
same_updates,m_sam,512,,134,1.9684916734695435,0.2421875,1.9505035820007324,0.29566,1.9457934925079345,0.3032,-0.007540000000000047,443.7642776966095
same_updates,m_sam,512,,135,1.9527695178985596,0.287109375,1.9532315517425538,0.29646,1.9486681129455565,0.3038,-0.007340000000000013,447.0894281864166
same_updates,m_sam,512,,136,1.952927827835083,0.3125,1.9527633806610107,0.28704,1.9482998348236085,0.293,-0.005959999999999965,450.45740938186646
same_updates,m_sam,512,,137,1.942880392074585,0.29296875,1.9448300385284423,0.28108,1.9398483644485474,0.2889,-0.007819999999999994,453.7069752216339
same_updates,m_sam,512,,138,1.9764753580093384,0.2265625,1.9378883362579347,0.2816,1.9323185708999633,0.29,-0.008399999999999963,456.93806552886963
same_updates,m_sam,512,,139,1.9264754056930542,0.29296875,1.935510513458252,0.28338,1.9296107427597047,0.2892,-0.005819999999999992,460.2118980884552
same_updates,m_sam,512,,140,1.951158046722412,0.283203125,1.9348038362121582,0.28444,1.9288971542358397,0.2902,-0.005759999999999987,463.48012495040894
same_updates,m_sam,512,,141,1.9593980312347412,0.287109375,1.9321169024658202,0.28522,1.926300576019287,0.291,-0.005780000000000007,466.77866291999817
same_updates,m_sam,512,,142,1.8989955186843872,0.294921875,1.93197813621521,0.28702,1.9264654148101807,0.2937,-0.006680000000000019,470.13508319854736
same_updates,m_sam,512,,143,1.9579963684082031,0.26953125,1.93513205078125,0.2909,1.929861680984497,0.2962,-0.005300000000000027,473.3980140686035
same_updates,m_sam,512,,144,1.936985731124878,0.2890625,1.937296886062622,0.2891,1.9321236190795898,0.2935,-0.0043999999999999595,476.7226243019104
same_updates,m_sam,512,,145,1.9827014207839966,0.2734375,1.9383877391052247,0.29142,1.9334706321716308,0.2961,-0.004679999999999962,480.01567125320435
same_updates,m_sam,512,,146,1.9737625122070312,0.26953125,1.9373945263671875,0.30198,1.9328004327774049,0.3089,-0.006919999999999982,483.324590921402
same_updates,m_sam,512,,147,1.939028024673462,0.30078125,1.9234501239013673,0.31614,1.9188295705795289,0.3254,-0.009260000000000046,486.6041646003723
same_updates,m_sam,512,,148,1.9151532649993896,0.302734375,1.9136831364440918,0.31248,1.9089416194915771,0.3193,-0.006819999999999993,489.8312044143677
same_updates,m_sam,512,,149,1.9433562755584717,0.294921875,1.9130685746765137,0.3015,1.9081176959991455,0.3111,-0.009599999999999997,493.1202931404114
same_updates,m_sam,512,,150,1.9489089250564575,0.26171875,1.915878158187866,0.29576,1.910916655921936,0.3073,-0.011539999999999995,496.41750168800354
same_updates,m_sam,512,,151,1.9258654117584229,0.287109375,1.9145308270263672,0.29858,1.909841876411438,0.3045,-0.005919999999999981,499.6605179309845
same_updates,m_sam,512,,152,1.9950201511383057,0.27734375,1.9154889916229247,0.30072,1.9111425989151,0.3049,-0.004180000000000017,502.9875783920288
same_updates,m_sam,512,,153,1.9719001054763794,0.283203125,1.9299474047088623,0.29626,1.9260569442749023,0.3002,-0.003939999999999999,506.34281635284424
same_updates,m_sam,512,,154,1.958641529083252,0.310546875,1.9413903233337402,0.291,1.9377445678710938,0.2958,-0.0048000000000000265,509.5730082988739
same_updates,m_sam,512,,155,1.96126389503479,0.2890625,1.932576586151123,0.29234,1.92849686794281,0.2961,-0.0037599999999999856,512.8650848865509
same_updates,m_sam,512,,156,1.9478453397750854,0.263671875,1.9128319877624511,0.29556,1.9075445732116698,0.3022,-0.006640000000000035,516.1635365486145
same_updates,m_sam,512,,157,1.8873589038848877,0.306640625,1.9047692346954346,0.29838,1.8979279991149902,0.3047,-0.006320000000000048,519.5043668746948
same_updates,m_sam,512,,158,1.9486643075942993,0.275390625,1.9051305392456055,0.3009,1.8976267726898193,0.3061,-0.005199999999999982,522.7546701431274
same_updates,m_sam,512,,159,1.9590740203857422,0.27734375,1.903690606842041,0.30418,1.8964402889251708,0.3118,-0.007620000000000016,526.0900278091431
same_updates,m_sam,512,,160,1.9202377796173096,0.267578125,1.904419812774658,0.30708,1.8976457569122314,0.3118,-0.004720000000000002,529.3661940097809
same_updates,m_sam,512,,161,1.8923404216766357,0.314453125,1.908679700088501,0.30924,1.9026822748184204,0.3139,-0.0046599999999999975,532.6614677906036
same_updates,m_sam,512,,162,1.9081778526306152,0.310546875,1.9143817065429687,0.30776,1.9090619453430175,0.3106,-0.002840000000000009,535.9785809516907
same_updates,m_sam,512,,163,1.9218947887420654,0.298828125,1.9155545180511475,0.30636,1.9104118389129638,0.3111,-0.0047399999999999665,539.2448360919952
same_updates,m_sam,512,,164,1.9045958518981934,0.333984375,1.9161270519256592,0.30458,1.911177205657959,0.3075,-0.002919999999999978,542.5625274181366
same_updates,m_sam,512,,165,1.8851107358932495,0.28515625,1.922702787399292,0.29928,1.91815060005188,0.305,-0.005720000000000003,545.8274052143097
same_updates,m_sam,512,,166,1.946771502494812,0.267578125,1.9277419718933106,0.29228,1.9233664276123046,0.2983,-0.006020000000000025,549.131007194519
same_updates,m_sam,512,,167,1.9281411170959473,0.27734375,1.9257726380157472,0.2879,1.9211206703186035,0.2932,-0.005300000000000027,552.4557483196259
same_updates,m_sam,512,,168,1.9465316534042358,0.28125,1.9193606154632568,0.28912,1.9143267446517944,0.2963,-0.00718000000000002,555.7942202091217
same_updates,m_sam,512,,169,1.9191982746124268,0.275390625,1.9065553735351561,0.29726,1.9009279853820802,0.3013,-0.004039999999999988,559.0422077178955
same_updates,m_sam,512,,170,1.9030481576919556,0.298828125,1.8944281507873535,0.30656,1.8886482486724854,0.31,-0.0034399999999999986,562.3748178482056
same_updates,m_sam,512,,171,1.9180101156234741,0.3125,1.8867740843200684,0.31298,1.880909843826294,0.3163,-0.003320000000000045,565.6947205066681
same_updates,m_sam,512,,172,1.9379618167877197,0.294921875,1.8893367505645753,0.31696,1.8842012119293212,0.3235,-0.00653999999999999,568.9704427719116
same_updates,m_sam,512,,173,1.9146015644073486,0.3203125,1.9002588093566894,0.31412,1.895925955581665,0.3168,-0.0026800000000000157,572.3062252998352
same_updates,m_sam,512,,174,1.9873552322387695,0.2734375,1.9076449084472655,0.31334,1.9038340591430665,0.3157,-0.0023599999999999732,575.6089203357697
same_updates,m_sam,512,,175,1.909085988998413,0.310546875,1.909526487426758,0.31458,1.9058587505340576,0.3195,-0.00491999999999998,578.9733278751373
same_updates,m_sam,512,,176,1.8865035772323608,0.345703125,1.9015599977111817,0.31788,1.8975957336425782,0.3221,-0.0042200000000000015,582.2583384513855
same_updates,m_sam,512,,177,1.9157192707061768,0.27734375,1.8920733177947997,0.3198,1.8876619365692138,0.3235,-0.0037000000000000366,585.563188791275
same_updates,m_sam,512,,178,1.8426182270050049,0.34375,1.883488913497925,0.31872,1.878421378135681,0.3238,-0.005079999999999973,588.854398727417
same_updates,m_sam,512,,179,1.8849513530731201,0.3203125,1.8791581076049804,0.31262,1.8734835346221923,0.3201,-0.007479999999999987,592.0973975658417
same_updates,m_sam,512,,180,1.8674192428588867,0.33203125,1.8775960162353516,0.30876,1.8713810050964355,0.3166,-0.007840000000000014,595.4023275375366
same_updates,m_sam,512,,181,1.9046716690063477,0.291015625,1.878614663696289,0.31058,1.8722523664474486,0.3198,-0.00921999999999995,598.7086963653564
same_updates,m_sam,512,,182,1.88657808303833,0.287109375,1.8791297063446044,0.31778,1.8727146766662597,0.3252,-0.007419999999999982,602.0056896209717
same_updates,m_sam,512,,183,1.8630495071411133,0.328125,1.8792728260803222,0.32134,1.872772841835022,0.3271,-0.005759999999999987,605.2906904220581
same_updates,m_sam,512,,184,1.901469111442566,0.306640625,1.8792489308166505,0.3244,1.8728809141159057,0.327,-0.002599999999999991,608.5591289997101
same_updates,m_sam,512,,185,1.8742417097091675,0.30078125,1.8749496900177003,0.32104,1.8685574253082275,0.3237,-0.0026599999999999957,611.8475470542908
same_updates,m_sam,512,,186,1.9242818355560303,0.306640625,1.8702157623291016,0.32082,1.8636908557891845,0.3245,-0.0036800000000000166,615.128913640976
same_updates,m_sam,512,,187,1.8491716384887695,0.3359375,1.8683114038848876,0.31976,1.8616818355560303,0.3211,-0.0013400000000000079,618.3979983329773
same_updates,m_sam,512,,188,1.8609205484390259,0.3203125,1.8698877033996582,0.31106,1.8632727142333985,0.3163,-0.005240000000000022,621.6753597259521
same_updates,m_sam,512,,189,1.9170775413513184,0.294921875,1.8703042886352539,0.31192,1.8635133907318115,0.3183,-0.006380000000000052,624.9751980304718
same_updates,m_sam,512,,190,1.8828985691070557,0.3359375,1.8692791896057128,0.31516,1.862157082939148,0.324,-0.008840000000000015,628.2660603523254
same_updates,m_sam,512,,191,1.8596864938735962,0.31640625,1.8725425828552247,0.31476,1.8654022983551026,0.3248,-0.010039999999999993,631.5765404701233
same_updates,m_sam,512,,192,1.881491780281067,0.32421875,1.8701366382598876,0.31548,1.8625916610717774,0.325,-0.009520000000000028,634.9139957427979
same_updates,m_sam,512,,193,1.9071249961853027,0.294921875,1.8589343576812745,0.31756,1.850507946395874,0.3204,-0.002840000000000009,638.1815955638885
same_updates,m_sam,512,,194,1.8889249563217163,0.318359375,1.8521828003692626,0.31704,1.8430665451049804,0.3208,-0.0037599999999999856,641.4869241714478
same_updates,m_sam,512,,195,1.8860888481140137,0.30859375,1.850250809173584,0.3192,1.8414257314682008,0.3225,-0.003300000000000025,644.7755618095398
same_updates,m_sam,512,,196,1.8462423086166382,0.30952380952380953,1.8502022331237793,0.3278,1.8420716640472412,0.3319,-0.0040999999999999925,648.0845181941986
same_updates,m_sam,512,,197,1.8808155059814453,0.302734375,1.8562316632080078,0.33172,1.8490354572296142,0.3339,-0.0021799999999999597,651.4575533866882
same_updates,m_sam,512,,198,1.885055422782898,0.291015625,1.8675293083190918,0.32236,1.8611411392211914,0.3275,-0.005140000000000033,654.8075482845306
same_updates,m_sam,512,,199,1.8774430751800537,0.318359375,1.877089578781128,0.3163,1.8711470586776733,0.3218,-0.005499999999999949,658.099681854248
same_updates,m_sam,512,,200,1.9079352617263794,0.279296875,1.8707307709503174,0.31802,1.86462253074646,0.3237,-0.005679999999999963,661.398562669754
same_updates,m_sam,512,,201,1.855945348739624,0.33984375,1.8587590056610108,0.3216,1.8520160144805908,0.3266,-0.0050000000000000044,664.7576239109039
same_updates,m_sam,512,,202,1.8922019004821777,0.318359375,1.8523614639282227,0.32312,1.8451667167663575,0.3309,-0.007780000000000009,668.1366164684296
same_updates,m_sam,512,,203,1.854470133781433,0.326171875,1.8493813368225098,0.32506,1.8418086294174194,0.3331,-0.008039999999999992,671.4782538414001
same_updates,m_sam,512,,204,1.8637831211090088,0.30078125,1.8524155971527099,0.32868,1.8451904037475586,0.3367,-0.008019999999999972,674.8559997081757
same_updates,m_sam,512,,205,1.9106712341308594,0.2734375,1.853516798248291,0.31904,1.8467667804718018,0.3299,-0.010860000000000036,678.1749210357666
same_updates,m_sam,512,,206,1.8885185718536377,0.322265625,1.8535805423736573,0.31322,1.8473179483413695,0.325,-0.011780000000000013,681.5296986103058
same_updates,m_sam,512,,207,1.8851876258850098,0.318359375,1.8468901441955567,0.31564,1.8406223846435548,0.3231,-0.007460000000000022,684.7721467018127
same_updates,m_sam,512,,208,1.8727720975875854,0.294921875,1.8433493322753907,0.31972,1.837032132911682,0.3237,-0.0039799999999999836,688.0762927532196
same_updates,m_sam,512,,209,1.9050480127334595,0.298828125,1.8417875317382812,0.32408,1.8352305122375487,0.3264,-0.0023200000000000442,691.3532423973083
same_updates,m_sam,512,,210,1.8514719009399414,0.31640625,1.8420571549987792,0.32344,1.835464708518982,0.3279,-0.0044600000000000195,694.7137451171875
same_updates,m_sam,512,,211,1.8616461753845215,0.318359375,1.8421454985809327,0.3205,1.835515390396118,0.3269,-0.006400000000000017,697.9898819923401
same_updates,m_sam,512,,212,1.843404769897461,0.306640625,1.8417965422058105,0.32032,1.8351541515350343,0.3253,-0.0049799999999999844,701.2750227451324
same_updates,m_sam,512,,213,1.8717706203460693,0.302734375,1.8407487713623047,0.32874,1.834141678237915,0.3311,-0.0023600000000000287,704.57945728302
same_updates,m_sam,512,,214,1.8445231914520264,0.310546875,1.8391963324737548,0.3357,1.8325236583709716,0.3383,-0.002599999999999991,707.8835105895996
same_updates,m_sam,512,,215,1.8980226516723633,0.32421875,1.8387637908172607,0.33236,1.831984750366211,0.3385,-0.006140000000000034,711.1851131916046
same_updates,m_sam,512,,216,1.8707712888717651,0.322265625,1.8299800463104248,0.32958,1.8227214490890502,0.3375,-0.007920000000000038,714.4675025939941
same_updates,m_sam,512,,217,1.8213651180267334,0.345703125,1.8307437384796144,0.32496,1.8232624027252198,0.3328,-0.007839999999999958,717.7677962779999
same_updates,m_sam,512,,218,1.863889455795288,0.318359375,1.833860273590088,0.31944,1.8263947061538697,0.3314,-0.01195999999999997,720.9929618835449
same_updates,m_sam,512,,219,1.8325726985931396,0.30078125,1.8370188078308105,0.32422,1.82994871673584,0.3332,-0.008979999999999988,724.3100366592407
same_updates,m_sam,512,,220,1.8231751918792725,0.287109375,1.8396595753479004,0.3276,1.8325997592926024,0.3357,-0.008099999999999996,727.5485339164734
same_updates,m_sam,512,,221,1.826704978942871,0.337890625,1.8369566343688966,0.32666,1.829641954421997,0.3328,-0.006139999999999979,730.9086031913757
same_updates,m_sam,512,,222,1.8377608060836792,0.33203125,1.8256394013214112,0.32534,1.8177486301422119,0.3303,-0.0049599999999999644,734.2504456043243
same_updates,m_sam,512,,223,1.837049961090088,0.326171875,1.8190611795043945,0.32676,1.8108069801330566,0.3346,-0.007840000000000014,737.5817165374756
same_updates,m_sam,512,,224,1.884221076965332,0.294921875,1.8190425818634033,0.32934,1.8110826162338256,0.3375,-0.00816,740.8864016532898
same_updates,m_sam,512,,225,1.8120648860931396,0.318359375,1.8261866249084473,0.3322,1.819078064727783,0.3388,-0.006599999999999995,744.2058436870575
same_updates,m_sam,512,,226,1.9119620323181152,0.3046875,1.8289519122314453,0.33232,1.8220151224136352,0.3375,-0.005180000000000018,747.5437278747559
same_updates,m_sam,512,,227,1.840500831604004,0.349609375,1.8262152005767822,0.33356,1.818950315284729,0.3399,-0.006339999999999957,750.7876234054565
same_updates,m_sam,512,,228,1.8298075199127197,0.30859375,1.8184703263092041,0.33654,1.8104568164825439,0.3438,-0.007259999999999989,754.099781036377
same_updates,m_sam,512,,229,1.8584411144256592,0.294921875,1.8109635968780518,0.34398,1.8020430051803589,0.3488,-0.004819999999999991,757.3280999660492
same_updates,m_sam,512,,230,1.8189092874526978,0.34375,1.8110638226318359,0.35026,1.8022781074523926,0.3561,-0.005840000000000012,760.6037089824677
same_updates,m_sam,512,,231,1.8193328380584717,0.373046875,1.8202283838653563,0.3499,1.8120925846099853,0.3559,-0.006000000000000005,763.9370565414429
same_updates,m_sam,512,,232,1.8285679817199707,0.33984375,1.8249155395126342,0.34568,1.817005319404602,0.3554,-0.009720000000000006,767.2201633453369
same_updates,m_sam,512,,233,1.8257999420166016,0.357421875,1.8181074681854248,0.34494,1.8099440704345704,0.3549,-0.009959999999999969,770.4856922626495
same_updates,m_sam,512,,234,1.8368921279907227,0.365234375,1.815030361366272,0.34328,1.8070317388534547,0.3506,-0.007320000000000049,773.6987774372101
same_updates,m_sam,512,,235,1.8159990310668945,0.345703125,1.8118171264266967,0.34182,1.803739799118042,0.3514,-0.009579999999999977,776.9620020389557
same_updates,m_sam,512,,236,1.8359061479568481,0.3203125,1.8117109615325928,0.34106,1.8034122459411621,0.3497,-0.008640000000000037,780.2285256385803
same_updates,m_sam,512,,237,1.8169946670532227,0.333984375,1.8134305755615234,0.34064,1.804998254776001,0.3428,-0.0021599999999999953,783.4867351055145
same_updates,m_sam,512,,238,1.839110016822815,0.326171875,1.816702886581421,0.3393,1.808187668991089,0.345,-0.005699999999999983,786.8298013210297
same_updates,m_sam,512,,239,1.8309015035629272,0.365234375,1.8173894153594972,0.33758,1.8084944618225098,0.3416,-0.0040200000000000236,790.1367032527924
same_updates,m_sam,512,,240,1.7887134552001953,0.318359375,1.8134422319793702,0.3333,1.8041575405120849,0.3355,-0.0022000000000000353,793.4233660697937
same_updates,m_sam,512,,241,1.835202693939209,0.322265625,1.81044301322937,0.33238,1.8009310569763184,0.3365,-0.0041200000000000125,796.6240150928497
same_updates,m_sam,512,,242,1.8238866329193115,0.33984375,1.8112835723876952,0.33668,1.8021106962203979,0.3404,-0.003720000000000001,799.8941645622253
same_updates,m_sam,512,,243,1.8616865873336792,0.30859375,1.8204264232635499,0.34042,1.8123310708999634,0.3462,-0.005780000000000007,803.2219967842102
same_updates,m_sam,512,,244,1.8653416633605957,0.3046875,1.8324708905029297,0.34282,1.8253645534515381,0.348,-0.005179999999999962,806.5430071353912
same_updates,m_sam,512,,245,1.8192116022109985,0.33984375,1.8225358255767823,0.34904,1.815462396621704,0.355,-0.005959999999999965,809.8570454120636
same_updates,m_sam,512,,246,1.8055105209350586,0.361328125,1.811793117980957,0.35122,1.804367197418213,0.354,-0.0027800000000000047,813.126314163208
same_updates,m_sam,512,,247,1.8354161977767944,0.345703125,1.799436489830017,0.35348,1.7911638889312744,0.3544,-0.0009199999999999764,816.455495595932
same_updates,m_sam,512,,248,1.8338046073913574,0.318359375,1.7954006540679932,0.3528,1.7865599212646484,0.3553,-0.0025000000000000022,819.8088533878326
same_updates,m_sam,512,,249,1.8079509735107422,0.33203125,1.7980982849502563,0.35212,1.789382914352417,0.3573,-0.005180000000000018,823.1145751476288
same_updates,m_sam,512,,250,1.8738937377929688,0.33203125,1.8049315410995483,0.34962,1.7963149494171142,0.3556,-0.005980000000000041,826.4197974205017
same_updates,m_sam,512,,251,1.866854190826416,0.3203125,1.8151694559097291,0.34568,1.8069499788284302,0.3514,-0.005720000000000003,829.8008918762207
same_updates,m_sam,512,,252,1.8541375398635864,0.33203125,1.8142922092056275,0.34308,1.8064092624664307,0.347,-0.003919999999999979,833.0946083068848
same_updates,m_sam,512,,253,1.8416943550109863,0.3359375,1.8104143713378906,0.34284,1.8025533224105834,0.3481,-0.005260000000000042,836.4132390022278
same_updates,m_sam,512,,254,1.828717589378357,0.33203125,1.800066868247986,0.3451,1.791624670982361,0.3494,-0.0042999999999999705,839.7376403808594
same_updates,m_sam,512,,255,1.7675318717956543,0.330078125,1.79283111328125,0.35096,1.7836506446838378,0.3567,-0.005740000000000023,842.9880566596985
same_updates,m_sam,512,,256,1.8339260816574097,0.33984375,1.789755602645874,0.35234,1.7807527864456176,0.3582,-0.005860000000000032,846.3120131492615
same_updates,m_sam,512,,257,1.851009488105774,0.328125,1.7911489783096313,0.34572,1.7827200084686279,0.3547,-0.008979999999999988,849.5714163780212
same_updates,m_sam,512,,258,1.8339087963104248,0.2890625,1.7975134497833252,0.33964,1.7891629283905028,0.3476,-0.007960000000000023,852.8591039180756
same_updates,m_sam,512,,259,1.7715067863464355,0.333984375,1.8001002347564696,0.3399,1.7917929374694823,0.3459,-0.006000000000000005,856.1538729667664
same_updates,m_sam,512,,260,1.8096293210983276,0.345703125,1.7957647716903686,0.342,1.787481219482422,0.3502,-0.008199999999999985,859.5067982673645
same_updates,m_sam,512,,261,1.7960593700408936,0.33984375,1.7872947240829469,0.34732,1.778776661682129,0.3575,-0.010179999999999967,862.6925010681152
same_updates,m_sam,512,,262,1.7813496589660645,0.375,1.7857933025741577,0.34746,1.7774020868301392,0.3542,-0.006740000000000024,866.0320789813995
same_updates,m_sam,512,,263,1.7875580787658691,0.34375,1.7954771344757081,0.34352,1.7878461517333983,0.3529,-0.00938,869.3324267864227
same_updates,m_sam,512,,264,1.8337395191192627,0.306640625,1.8118013409805298,0.33854,1.8048812530517577,0.345,-0.006459999999999966,872.5639359951019
same_updates,m_sam,512,,265,1.8125309944152832,0.326171875,1.8189635387802123,0.33638,1.8122282209396363,0.339,-0.002620000000000011,875.8766441345215
same_updates,m_sam,512,,266,1.8366402387619019,0.33984375,1.8181152753448486,0.33358,1.8114428615570068,0.3391,-0.005520000000000025,879.1581766605377
same_updates,m_sam,512,,267,1.8294719457626343,0.306640625,1.8045256917572021,0.33908,1.797419390296936,0.3423,-0.0032200000000000006,882.4638311862946
same_updates,m_sam,512,,268,1.7841017246246338,0.33984375,1.790199468460083,0.34932,1.7826263484954834,0.3545,-0.005179999999999962,885.7654876708984
same_updates,m_sam,512,,269,1.8313517570495605,0.33203125,1.7801434857940674,0.35544,1.7718180908203125,0.3643,-0.008860000000000035,889.0269703865051
same_updates,m_sam,512,,270,1.8323390483856201,0.33984375,1.7849164361953735,0.35728,1.7768313358306884,0.3649,-0.007620000000000016,892.3191201686859
same_updates,m_sam,512,,271,1.8190096616744995,0.349609375,1.7957982494354248,0.35376,1.788357949066162,0.3585,-0.0047399999999999665,895.6128993034363
same_updates,m_sam,512,,272,1.8926682472229004,0.291015625,1.7992083972930908,0.34978,1.7922694986343384,0.3536,-0.0038200000000000456,898.8671598434448
same_updates,m_sam,512,,273,1.8096892833709717,0.357421875,1.798623901901245,0.3507,1.7919879003524781,0.3531,-0.0024000000000000132,902.1623449325562
same_updates,m_sam,512,,274,1.772465705871582,0.375,1.7912925220108031,0.3533,1.7845267807006835,0.3564,-0.0030999999999999917,905.471177816391
same_updates,m_sam,512,,275,1.8224735260009766,0.310546875,1.786504385986328,0.35432,1.779636044883728,0.3591,-0.004779999999999951,908.7320685386658
same_updates,m_sam,512,,276,1.7288994789123535,0.396484375,1.7835791958999634,0.35244,1.7762738952636719,0.3581,-0.005659999999999998,911.9892656803131
same_updates,m_sam,512,,277,1.7857860326766968,0.345703125,1.7855744327163696,0.34294,1.7780842308044433,0.35,-0.007059999999999955,915.2341930866241
same_updates,m_sam,512,,278,1.7639191150665283,0.373046875,1.7843907392120362,0.3378,1.7764734191894531,0.3429,-0.005099999999999993,918.5745844841003
same_updates,m_sam,512,,279,1.804497241973877,0.333984375,1.7845195026016236,0.33814,1.77649654712677,0.3428,-0.0046599999999999975,921.8391551971436
same_updates,m_sam,512,,280,1.788745641708374,0.3203125,1.7807058435058594,0.34398,1.772517337036133,0.3521,-0.008120000000000016,925.1353540420532
same_updates,m_sam,512,,281,1.7603561878204346,0.3359375,1.7788008475112915,0.35068,1.770426784324646,0.3565,-0.005819999999999992,928.4524285793304
same_updates,m_sam,512,,282,1.808722972869873,0.341796875,1.778470205116272,0.35546,1.770100987815857,0.3621,-0.006639999999999979,931.6805346012115
same_updates,m_sam,512,,283,1.7774076461791992,0.33984375,1.771284930152893,0.35804,1.762668815612793,0.363,-0.0049599999999999644,935.0231111049652
same_updates,m_sam,512,,284,1.8183026313781738,0.326171875,1.76929345161438,0.35492,1.7604310976028443,0.3592,-0.004280000000000006,938.3279671669006
same_updates,m_sam,512,,285,1.74893057346344,0.357421875,1.7697307424926758,0.35402,1.7608486549377442,0.3585,-0.004479999999999984,941.6116473674774
same_updates,m_sam,512,,286,1.7564647197723389,0.361328125,1.774352385787964,0.35516,1.7659075237274169,0.3588,-0.003640000000000032,944.9063658714294
same_updates,m_sam,512,,287,1.8303086757659912,0.318359375,1.7765681052017213,0.35742,1.768303134727478,0.3592,-0.0017800000000000038,948.2058665752411
same_updates,m_sam,512,,288,1.7795833349227905,0.361328125,1.7716047048568726,0.36008,1.7628370094299317,0.3643,-0.0042200000000000015,951.5086085796356
same_updates,m_sam,512,,289,1.7621183395385742,0.333984375,1.770953935623169,0.35956,1.7618908254623413,0.3639,-0.0043400000000000105,954.8374874591827
same_updates,m_sam,512,,290,1.77047598361969,0.375,1.7692084850311278,0.35812,1.7596076580047608,0.3638,-0.005680000000000018,958.1514129638672
same_updates,m_sam,512,,291,1.8217134475708008,0.330078125,1.7602860416412354,0.35952,1.7496468242645264,0.3639,-0.004379999999999995,961.4106636047363
same_updates,m_sam,512,,292,1.8195728063583374,0.34765625,1.7533861532974244,0.3577,1.7424668525695801,0.3631,-0.00539999999999996,964.7041475772858
same_updates,m_sam,512,,293,1.7825777530670166,0.33984375,1.7524302111816406,0.35704,1.742397858428955,0.3663,-0.00925999999999999,968.0383341312408
same_updates,m_sam,512,,294,1.7471787929534912,0.36904761904761907,1.7547775061416626,0.35836,1.7456137775421143,0.3679,-0.009539999999999993,971.3649349212646
same_updates,m_sam,512,,295,1.7661771774291992,0.3515625,1.766759970626831,0.35766,1.758752116394043,0.3653,-0.007640000000000036,974.7003602981567
same_updates,m_sam,512,,296,1.7996550798416138,0.330078125,1.7791428957748414,0.3563,1.7717916179656983,0.3634,-0.007099999999999995,978.0119891166687
same_updates,m_sam,512,,297,1.7890137434005737,0.3515625,1.7815886656951905,0.35734,1.7743147327423097,0.3662,-0.008860000000000035,981.2371740341187
same_updates,m_sam,512,,298,1.805856466293335,0.326171875,1.7609569051361085,0.36674,1.7528752376556396,0.3706,-0.0038599999999999746,984.5251634120941
same_updates,m_sam,512,,299,1.7473182678222656,0.38671875,1.7490208156585694,0.37098,1.7400346021652222,0.3713,-0.00032000000000004247,987.8275866508484
same_updates,m_sam,512,,300,1.8136907815933228,0.333984375,1.750665687789917,0.36992,1.7415427011489868,0.3706,-0.0006799999999999584,991.1094343662262
same_updates,m_sam,512,,301,1.7614588737487793,0.341796875,1.7569014502334594,0.36586,1.7479877079010009,0.3692,-0.003339999999999954,994.3628835678101
same_updates,m_sam,512,,302,1.7828706502914429,0.326171875,1.770758717689514,0.3596,1.7629377477645873,0.3638,-0.004200000000000037,997.6221282482147
same_updates,m_sam,512,,303,1.8238205909729004,0.314453125,1.7733371421051025,0.35864,1.7663335905075073,0.362,-0.003359999999999974,1000.8812620639801
same_updates,m_sam,512,,304,1.8030169010162354,0.373046875,1.7666215494155884,0.3592,1.7599524099349975,0.3628,-0.003599999999999992,1004.1830310821533
same_updates,m_sam,512,,305,1.7834124565124512,0.373046875,1.7545834720611573,0.36114,1.7475500926971435,0.364,-0.0028599999999999737,1007.4509136676788
same_updates,m_sam,512,,306,1.7864830493927002,0.353515625,1.7508657586669922,0.36386,1.7435723262786864,0.3664,-0.0025399999999999867,1010.7498581409454
same_updates,m_sam,512,,307,1.8244248628616333,0.35546875,1.7465576703262329,0.36632,1.7393138164520263,0.371,-0.0046800000000000175,1014.0683343410492
same_updates,m_sam,512,,308,1.7678890228271484,0.376953125,1.7520373638153077,0.36358,1.7451246059417724,0.3705,-0.006919999999999982,1017.3379964828491
same_updates,m_sam,512,,309,1.7685580253601074,0.35546875,1.7586783966445922,0.3595,1.7516943683624269,0.3621,-0.002599999999999991,1020.6680843830109
same_updates,m_sam,512,,310,1.7671966552734375,0.36328125,1.7580607971954345,0.35984,1.7511276973724366,0.3637,-0.00386000000000003,1023.9820539951324
same_updates,m_sam,512,,311,1.7926781177520752,0.3359375,1.7533019483184815,0.36628,1.7465643447875976,0.3685,-0.0022199999999999998,1027.3239398002625
same_updates,m_sam,512,,312,1.7665026187896729,0.333984375,1.7499141015243531,0.3677,1.7433178703308105,0.3701,-0.0023999999999999577,1030.5984516143799
same_updates,m_sam,512,,313,1.8211183547973633,0.353515625,1.7547525201416017,0.36508,1.7484377742767334,0.3699,-0.004819999999999991,1033.964523077011
same_updates,m_sam,512,,314,1.8007843494415283,0.33203125,1.7516354080581664,0.36516,1.745253123474121,0.3668,-0.0016400000000000303,1037.2244853973389
same_updates,m_sam,512,,315,1.7449771165847778,0.376953125,1.7562348138809205,0.36396,1.7500978099823,0.3686,-0.0046399999999999775,1040.538468837738
same_updates,m_sam,512,,316,1.8010046482086182,0.314453125,1.7591294427871704,0.35992,1.753059455871582,0.3662,-0.006280000000000008,1043.8093643188477
same_updates,m_sam,512,,317,1.7485294342041016,0.333984375,1.7627697888183593,0.35942,1.7568856042861938,0.3659,-0.006479999999999986,1047.058528661728
same_updates,m_sam,512,,318,1.7591232061386108,0.306640625,1.7633600617218017,0.36112,1.7572442005157471,0.3639,-0.0027800000000000047,1050.3294858932495
same_updates,m_sam,512,,319,1.7429083585739136,0.375,1.7606196996688843,0.36058,1.7542092422485351,0.3617,-0.0011200000000000099,1053.6243011951447
same_updates,m_sam,512,,320,1.7673991918563843,0.357421875,1.7488528295516967,0.36074,1.7418881225585938,0.3642,-0.0034600000000000186,1056.9382269382477
same_updates,m_sam,512,,321,1.7625985145568848,0.33203125,1.7410555083465575,0.36234,1.7337798879623414,0.3685,-0.006159999999999999,1060.2421691417694
same_updates,m_sam,512,,322,1.799072504043579,0.328125,1.7402515142822266,0.3634,1.7333989036560058,0.3704,-0.007000000000000006,1063.5507128238678
same_updates,m_sam,512,,323,1.7396283149719238,0.353515625,1.7461110327148437,0.3652,1.7403009201049804,0.3713,-0.006099999999999994,1066.9128015041351
same_updates,m_sam,512,,324,1.834426999092102,0.34375,1.7508053298950195,0.36666,1.7454260498046874,0.3695,-0.002840000000000009,1070.2727661132812
same_updates,m_sam,512,,325,1.7610559463500977,0.388671875,1.754457597618103,0.36692,1.7493159816741943,0.3687,-0.0017800000000000038,1073.616536617279
same_updates,m_sam,512,,326,1.7627177238464355,0.353515625,1.7524915746688843,0.3683,1.7471422874450684,0.3706,-0.0022999999999999687,1076.923142194748
same_updates,m_sam,512,,327,1.7928621768951416,0.3203125,1.7428251349258423,0.37272,1.7365710065841675,0.3756,-0.0028799999999999937,1080.1836388111115
same_updates,m_sam,512,,328,1.723289966583252,0.365234375,1.7428980585479736,0.37438,1.7365098617553711,0.3774,-0.0030200000000000227,1083.4294953346252
same_updates,m_sam,512,,329,1.7347517013549805,0.388671875,1.7478821895980834,0.37336,1.7417152095794677,0.3757,-0.0023399999999999532,1086.7310898303986
same_updates,m_sam,512,,330,1.746981143951416,0.3671875,1.7464968492889403,0.37368,1.7400195371627807,0.3757,-0.0020199999999999663,1090.0566010475159
same_updates,m_sam,512,,331,1.7426979541778564,0.3671875,1.7391836898803712,0.3737,1.7319641590118409,0.3764,-0.0027000000000000357,1093.428076505661
same_updates,m_sam,512,,332,1.77183198928833,0.39453125,1.738423758468628,0.37276,1.7311093132019042,0.3739,-0.0011400000000000299,1096.7541573047638
same_updates,m_sam,512,,333,1.7468936443328857,0.376953125,1.738385093383789,0.37256,1.7309087120056152,0.3754,-0.002840000000000009,1100.106525182724
same_updates,m_sam,512,,334,1.7518677711486816,0.345703125,1.7397069384765624,0.37032,1.7320710418701173,0.3709,-0.0005800000000000249,1103.4128057956696
same_updates,m_sam,512,,335,1.7510228157043457,0.33984375,1.7417392589569092,0.36588,1.7342060129165648,0.3724,-0.006520000000000026,1106.7831959724426
same_updates,m_sam,512,,336,1.755318522453308,0.365234375,1.745810033340454,0.36482,1.7386395790100098,0.3689,-0.004080000000000028,1110.1202681064606
same_updates,m_sam,512,,337,1.757439374923706,0.37890625,1.7440703409576417,0.3663,1.7367765933990478,0.3717,-0.00539999999999996,1113.5000360012054
same_updates,m_sam,512,,338,1.716182827949524,0.345703125,1.7376129849243165,0.36846,1.7298355230331421,0.3733,-0.004840000000000011,1116.8514316082
same_updates,m_sam,512,,339,1.7584611177444458,0.34375,1.734346676940918,0.37044,1.72617987575531,0.3738,-0.0033600000000000296,1120.2274706363678
same_updates,m_sam,512,,340,1.749462604522705,0.37109375,1.734424725112915,0.37246,1.7265861743927002,0.3758,-0.0033400000000000096,1123.4855620861053
same_updates,m_sam,512,,341,1.7822422981262207,0.345703125,1.7448411502075196,0.37118,1.7381470746994019,0.3744,-0.0032200000000000006,1126.7673904895782
same_updates,m_sam,512,,342,1.7911381721496582,0.34765625,1.7592199756622315,0.36794,1.7534481519699097,0.3691,-0.0011599999999999944,1130.01433634758
same_updates,m_sam,512,,343,1.7466604709625244,0.373046875,1.7473147858047486,0.3737,1.7411241634368897,0.3769,-0.003200000000000036,1133.2361147403717
same_updates,m_sam,512,,344,1.721906304359436,0.390625,1.7361999158477783,0.37596,1.7292178504943847,0.3798,-0.00384000000000001,1136.5812239646912
same_updates,m_sam,512,,345,1.7540719509124756,0.359375,1.7241021780014039,0.37788,1.7158656496047973,0.381,-0.0031200000000000117,1139.9545187950134
same_updates,m_sam,512,,346,1.7611497640609741,0.3515625,1.719498970298767,0.38106,1.710620114517212,0.3825,-0.0014399999999999968,1143.2277586460114
same_updates,m_sam,512,,347,1.7323706150054932,0.373046875,1.7224782805633545,0.3795,1.7139994819641113,0.3834,-0.0039000000000000146,1146.5312051773071
same_updates,m_sam,512,,348,1.7900769710540771,0.369140625,1.7295443084716797,0.3765,1.7214864515304567,0.3769,-0.00040000000000001146,1149.7843351364136
same_updates,m_sam,512,,349,1.795304775238037,0.345703125,1.734804051475525,0.37504,1.7272445144653321,0.3762,-0.0011599999999999944,1153.0552620887756
same_updates,m_sam,512,,350,1.7681217193603516,0.36328125,1.7284625225448609,0.37684,1.721080352783203,0.378,-0.0011599999999999944,1156.3573076725006
same_updates,m_sam,512,,351,1.7628400325775146,0.357421875,1.7287503307342529,0.37382,1.721537275314331,0.3754,-0.0015800000000000258,1159.5855224132538
same_updates,m_sam,512,,352,1.7478879690170288,0.34765625,1.7239814542007446,0.37476,1.7164492212295532,0.3767,-0.0019399999999999973,1162.9262070655823
same_updates,m_sam,512,,353,1.6858066320419312,0.365234375,1.718053084716797,0.3775,1.7101555767059327,0.3773,0.00019999999999997797,1166.1876282691956
same_updates,m_sam,512,,354,1.7497382164001465,0.375,1.7181808648300172,0.37764,1.7106597694396972,0.3793,-0.0016600000000000503,1169.4563748836517
same_updates,m_sam,512,,355,1.7762054204940796,0.349609375,1.7265242346954346,0.37208,1.7194243375778198,0.3762,-0.004119999999999957,1172.73939204216
same_updates,m_sam,512,,356,1.7770256996154785,0.3203125,1.726939788169861,0.37064,1.719553908920288,0.3728,-0.0021599999999999953,1176.083880186081
same_updates,m_sam,512,,357,1.7031992673873901,0.36328125,1.7165596786880493,0.37528,1.708722441482544,0.3779,-0.002620000000000011,1179.3839421272278
same_updates,m_sam,512,,358,1.7365096807479858,0.375,1.7078599175262452,0.38124,1.6997334526062011,0.3849,-0.0036599999999999966,1182.680912733078
same_updates,m_sam,512,,359,1.7143113613128662,0.36328125,1.7049716440200806,0.38314,1.6969050720214844,0.3871,-0.003960000000000019,1186.0026273727417
same_updates,m_sam,512,,360,1.7062546014785767,0.39453125,1.7095716173553466,0.38018,1.7021502254486085,0.3831,-0.002919999999999978,1189.3161976337433
same_updates,m_sam,512,,361,1.710730791091919,0.390625,1.729517130050659,0.37068,1.7233064643859863,0.3741,-0.0034199999999999786,1192.60085105896
same_updates,m_sam,512,,362,1.768476963043213,0.3203125,1.7478284729003906,0.36378,1.742439470100403,0.3674,-0.003620000000000012,1195.919959306717
same_updates,m_sam,512,,363,1.7387371063232422,0.365234375,1.7503456023788453,0.36148,1.7450471931457519,0.3665,-0.005019999999999969,1199.215443611145
same_updates,m_sam,512,,364,1.7640917301177979,0.359375,1.7463864398574829,0.36088,1.7410367813110352,0.3663,-0.005420000000000036,1202.5139119625092
same_updates,m_sam,512,,365,1.7647428512573242,0.341796875,1.7307405096817017,0.37024,1.7250965171813966,0.3726,-0.0023599999999999732,1205.6891658306122
same_updates,m_sam,512,,366,1.7021223306655884,0.36328125,1.7149119226074219,0.37936,1.7089348112106324,0.3814,-0.0020400000000000418,1208.986246585846
same_updates,m_sam,512,,367,1.763367772102356,0.349609375,1.7061358294677735,0.38448,1.6996811950683595,0.3884,-0.003920000000000035,1212.3139970302582
same_updates,m_sam,512,,368,1.7619783878326416,0.3671875,1.7154801219940186,0.38348,1.7093925714492797,0.385,-0.0015200000000000213,1215.6508588790894
same_updates,m_sam,512,,369,1.7460134029388428,0.373046875,1.7270586324310302,0.3784,1.7215372180938722,0.3769,0.0015000000000000013,1218.8901691436768
same_updates,m_sam,512,,370,1.820389747619629,0.318359375,1.7271192166900635,0.376,1.7220125699996949,0.3764,-0.00040000000000001146,1222.1757509708405
same_updates,m_sam,512,,371,1.7425131797790527,0.37109375,1.7237947723388671,0.37652,1.718981580734253,0.3775,-0.0009799999999999809,1225.423567533493
same_updates,m_sam,512,,372,1.6865897178649902,0.423828125,1.7167690905761719,0.38008,1.7118892774581909,0.3792,0.0008799999999999919,1228.6507694721222
same_updates,m_sam,512,,373,1.756325602531433,0.328125,1.7144937651824952,0.38022,1.7097063526153564,0.3809,-0.0006800000000000139,1231.9041848182678
same_updates,m_sam,512,,374,1.6570428609848022,0.41015625,1.7135252898788451,0.37872,1.708640752029419,0.3809,-0.0021800000000000153,1235.148558139801
same_updates,m_sam,512,,375,1.70691978931427,0.373046875,1.7162610929107667,0.37442,1.7114516637802124,0.3746,-0.00018000000000001348,1238.453201532364
same_updates,m_sam,512,,376,1.700610876083374,0.400390625,1.713811983642578,0.37218,1.7086780961990355,0.3747,-0.0025199999999999667,1241.6887655258179
same_updates,m_sam,512,,377,1.733323335647583,0.369140625,1.712119287109375,0.37292,1.706737006378174,0.3755,-0.0025800000000000267,1244.9313991069794
same_updates,m_sam,512,,378,1.708680510520935,0.353515625,1.7060502715301513,0.377,1.7002503198623657,0.3782,-0.0011999999999999789,1248.2222383022308
same_updates,m_sam,512,,379,1.678362250328064,0.369140625,1.705041142654419,0.3818,1.6988482093811035,0.3811,0.0006999999999999784,1251.5073425769806
same_updates,m_sam,512,,380,1.737775206565857,0.388671875,1.7076216607284547,0.38238,1.7013103147506714,0.3823,8.00000000000245e-05,1254.8251881599426
same_updates,m_sam,512,,381,1.7077043056488037,0.34765625,1.7046830564117432,0.38124,1.697949570465088,0.3814,-0.00015999999999999348,1258.1308147907257
same_updates,m_sam,512,,382,1.732607364654541,0.37890625,1.7040491870880128,0.37854,1.6969639854431153,0.3792,-0.0006599999999999939,1261.4377143383026
same_updates,m_sam,512,,383,1.67608642578125,0.384765625,1.7041652515411376,0.37984,1.6970879608154297,0.3828,-0.0029599999999999627,1264.712565422058
same_updates,m_sam,512,,384,1.6749422550201416,0.41015625,1.7088640467071534,0.38064,1.7023408500671386,0.3824,-0.0017600000000000393,1268.0140330791473
same_updates,m_sam,512,,385,1.759535789489746,0.357421875,1.7102599670028686,0.38362,1.7039667850494384,0.3843,-0.0006799999999999584,1271.2687015533447
same_updates,m_sam,512,,386,1.7117233276367188,0.36328125,1.701063440513611,0.38812,1.6942181434631347,0.3902,-0.0020799999999999708,1274.5425157546997
same_updates,m_sam,512,,387,1.6929657459259033,0.380859375,1.6987820288467408,0.38738,1.6917497838973998,0.392,-0.004620000000000013,1277.8400220870972
same_updates,m_sam,512,,388,1.6976087093353271,0.40234375,1.6979915825653076,0.38672,1.6906325344085693,0.3896,-0.0028799999999999937,1281.0815603733063
same_updates,m_sam,512,,389,1.7682479619979858,0.341796875,1.6891050540924073,0.3889,1.6810843883514404,0.3904,-0.0015000000000000013,1284.388037443161
same_updates,m_sam,512,,390,1.7521337270736694,0.3515625,1.6822896081924439,0.38972,1.674199402999878,0.3894,0.00031999999999998696,1287.7447052001953
same_updates,m_sam,512,,391,1.7008790969848633,0.375,1.6848655506134034,0.38848,1.677573394012451,0.3874,0.0010799999999999699,1291.0963068008423
same_updates,m_sam,512,,392,1.6661792993545532,0.37797619047619047,1.6916369177627564,0.38442,1.684884785079956,0.3866,-0.0021800000000000153,1294.457765340805
same_updates,m_sam,512,,393,1.6950392723083496,0.369140625,1.7058812947845459,0.38202,1.6998640138626098,0.3821,-7.999999999996898e-05,1297.8149650096893
same_updates,m_sam,512,,394,1.7430336475372314,0.34765625,1.7166196814727783,0.37956,1.7110256330490112,0.381,-0.0014399999999999968,1301.0759077072144
same_updates,m_sam,512,,395,1.7150911092758179,0.359375,1.7155859644317626,0.38096,1.709966114807129,0.3822,-0.0012399999999999634,1304.3398804664612
same_updates,m_sam,512,,396,1.7321264743804932,0.349609375,1.6939175510406494,0.38864,1.6875561986923218,0.3881,0.0005399999999999849,1307.6094040870667
same_updates,m_sam,512,,397,1.67708158493042,0.408203125,1.6829130590820311,0.39444,1.675796068572998,0.3905,0.003939999999999999,1310.8829562664032
same_updates,m_sam,512,,398,1.7477284669876099,0.37890625,1.6830137603759765,0.39448,1.6759648372650147,0.3933,0.0011800000000000144,1314.1542234420776
same_updates,m_sam,512,,399,1.6992053985595703,0.37109375,1.6876406140518188,0.39114,1.6808914516448974,0.3902,0.0009399999999999964,1317.4451653957367
same_updates,m_sam,512,,400,1.7358100414276123,0.349609375,1.7018325218963624,0.38654,1.6960597263336181,0.3867,-0.00015999999999999348,1320.8053863048553
same_updates,m_sam,512,,401,1.756178617477417,0.33203125,1.7049504683685304,0.38568,1.6997515869140625,0.3848,0.0008800000000000474,1324.1789712905884
same_updates,m_sam,512,,402,1.7351794242858887,0.384765625,1.6988491088867188,0.38508,1.6937916248321534,0.3809,0.0041799999999999615,1327.537409067154
same_updates,m_sam,512,,403,1.7101185321807861,0.37890625,1.6883241217422484,0.38592,1.6829756834030152,0.3861,-0.00018000000000001348,1330.7685987949371
same_updates,m_sam,512,,404,1.7312426567077637,0.37109375,1.683388890991211,0.38862,1.6779956653594972,0.389,-0.00037999999999999146,1334.041053533554
same_updates,m_sam,512,,405,1.7432738542556763,0.388671875,1.6810192037582397,0.39102,1.6757839912414552,0.3902,0.0008199999999999874,1337.363691329956
same_updates,m_sam,512,,406,1.701385498046875,0.39453125,1.689004223060608,0.38942,1.68394015083313,0.3878,0.0016200000000000103,1340.6098544597626
same_updates,m_sam,512,,407,1.7007815837860107,0.392578125,1.690291369895935,0.3887,1.684949174118042,0.386,0.00269999999999998,1343.9397914409637
same_updates,m_sam,512,,408,1.6943061351776123,0.38671875,1.6841788650131226,0.39124,1.6787286178588867,0.3893,0.0019399999999999973,1347.316258430481
same_updates,m_sam,512,,409,1.7258214950561523,0.357421875,1.679221457824707,0.39328,1.6738248035430907,0.3917,0.0015800000000000258,1350.6533274650574
same_updates,m_sam,512,,410,1.7010771036148071,0.3671875,1.6797827462387085,0.3936,1.6745374549865724,0.3918,0.0018000000000000238,1353.9681279659271
same_updates,m_sam,512,,411,1.760629415512085,0.38671875,1.6898415595245362,0.39132,1.685014736366272,0.3889,0.0024199999999999777,1357.2424597740173
same_updates,m_sam,512,,412,1.731947898864746,0.365234375,1.6884766834259033,0.39072,1.6836720474243163,0.3897,0.0010200000000000209,1360.5774636268616
same_updates,m_sam,512,,413,1.679879903793335,0.404296875,1.6940256714248658,0.38992,1.6895584400177002,0.3887,0.0012199999999999989,1363.9283249378204
same_updates,m_sam,512,,414,1.7461423873901367,0.333984375,1.6928317110443116,0.3899,1.6882954551696778,0.3899,0.0,1367.2370085716248
same_updates,m_sam,512,,415,1.6767597198486328,0.37890625,1.6915655990600587,0.39166,1.6868906810760498,0.3917,-3.999999999998449e-05,1370.5389428138733
same_updates,m_sam,512,,416,1.6992019414901733,0.353515625,1.6905295166778564,0.39126,1.6854982646942138,0.3915,-0.00024000000000001798,1373.893075466156
same_updates,m_sam,512,,417,1.659454107284546,0.4140625,1.6878208193588258,0.3888,1.6824530345916748,0.3876,0.0011999999999999789,1377.2534520626068
same_updates,m_sam,512,,418,1.6989461183547974,0.384765625,1.6792430660247804,0.38832,1.6734291404724122,0.3885,-0.00018000000000001348,1380.5888812541962
same_updates,m_sam,512,,419,1.6861165761947632,0.3515625,1.6737056549835205,0.3896,1.6676428531646728,0.3918,-0.0021999999999999797,1383.9150505065918
same_updates,m_sam,512,,420,1.7294948101043701,0.369140625,1.6744397330474854,0.38952,1.6688922960281372,0.3893,0.00021999999999999797,1387.2173376083374
same_updates,m_sam,512,,421,1.6749508380889893,0.380859375,1.681126474533081,0.38938,1.6766748109817504,0.3908,-0.0014199999999999768,1390.538491487503
same_updates,m_sam,512,,422,1.7684078216552734,0.353515625,1.6849398370742799,0.391,1.680974231147766,0.3903,0.0007000000000000339,1393.8222987651825
same_updates,m_sam,512,,423,1.6837990283966064,0.4140625,1.6869069623184203,0.39068,1.683159536933899,0.3878,0.002880000000000049,1397.1093575954437
same_updates,m_sam,512,,424,1.69061279296875,0.380859375,1.6819407858276367,0.3922,1.6778688346862793,0.3907,0.0015000000000000013,1400.4097707271576
same_updates,m_sam,512,,425,1.718614935874939,0.34375,1.6708657462310792,0.39662,1.6658809328079223,0.3969,-0.00028000000000000247,1403.7482914924622
same_updates,m_sam,512,,426,1.6468653678894043,0.390625,1.671907530593872,0.39674,1.6668486686706543,0.3953,0.0014399999999999968,1407.0643174648285
same_updates,m_sam,512,,427,1.6674861907958984,0.419921875,1.6803226210784912,0.39496,1.675822439956665,0.3957,-0.0007400000000000184,1410.3455257415771
same_updates,m_sam,512,,428,1.6773322820663452,0.39453125,1.6847118529510499,0.39508,1.6801266222000122,0.3933,0.0017800000000000038,1413.6660239696503
same_updates,m_sam,512,,429,1.671008586883545,0.390625,1.6802503873443604,0.39578,1.6749600280761718,0.3948,0.0009800000000000364,1417.0514521598816
same_updates,m_sam,512,,430,1.7021149396896362,0.41796875,1.6766090296173095,0.39526,1.6709999698638915,0.3935,0.0017599999999999838,1420.3583416938782
same_updates,m_sam,512,,431,1.6822729110717773,0.396484375,1.6725671383285523,0.39468,1.66655562915802,0.396,-0.0013200000000000434,1423.711127281189
same_updates,m_sam,512,,432,1.6718816757202148,0.376953125,1.6719749166488647,0.392,1.6657002223968507,0.3955,-0.003500000000000003,1427.0487945079803
same_updates,m_sam,512,,433,1.687802791595459,0.365234375,1.6732302098846437,0.39054,1.6672039611816407,0.3934,-0.002860000000000029,1430.3669533729553
same_updates,m_sam,512,,434,1.6772801876068115,0.408203125,1.6815964569854736,0.38852,1.6762415180206298,0.3885,1.999999999996449e-05,1433.6527090072632
same_updates,m_sam,512,,435,1.6850029230117798,0.40234375,1.682372183151245,0.3882,1.6771522735595703,0.3879,0.00029999999999996696,1436.9656372070312
same_updates,m_sam,512,,436,1.6517804861068726,0.3828125,1.6729366162490844,0.39098,1.6673810913085938,0.3916,-0.0006200000000000094,1440.2176234722137
same_updates,m_sam,512,,437,1.6886632442474365,0.40234375,1.6671522241973877,0.39418,1.6612967567443848,0.3949,-0.0007199999999999984,1443.5721507072449
same_updates,m_sam,512,,438,1.6814357042312622,0.376953125,1.6644500732421874,0.39682,1.6587992893218995,0.3994,-0.002579999999999971,1446.8891377449036
same_updates,m_sam,512,,439,1.7170028686523438,0.36328125,1.6744147247695922,0.3966,1.6697813800811767,0.3955,0.0010999999999999899,1450.158861875534
same_updates,m_sam,512,,440,1.7239316701889038,0.373046875,1.692809678001404,0.3914,1.6888464172363282,0.3929,-0.0015000000000000013,1453.496408700943
same_updates,m_sam,512,,441,1.6853737831115723,0.376953125,1.6899632016754151,0.39244,1.6855216165542604,0.3943,-0.0018599999999999728,1456.8647532463074
same_updates,m_sam,512,,442,1.6568055152893066,0.39453125,1.6849540784454347,0.3931,1.6799267185211182,0.3937,-0.0005999999999999894,1460.1844017505646
same_updates,m_sam,512,,443,1.688307762145996,0.373046875,1.6680169849395752,0.39884,1.6616536785125733,0.3942,0.0046399999999999775,1463.4781985282898
same_updates,m_sam,512,,444,1.6942903995513916,0.3671875,1.6577446326446532,0.40164,1.6504587574005127,0.4006,0.0010399999999999854,1466.7935559749603
same_updates,m_sam,512,,445,1.6617543697357178,0.41015625,1.6553542446136476,0.40432,1.6483707355499269,0.3996,0.004720000000000002,1470.0672917366028
same_updates,m_sam,512,,446,1.7239445447921753,0.39453125,1.660455866088867,0.40144,1.6538779582977294,0.4,0.0014399999999999968,1473.348176240921
same_updates,m_sam,512,,447,1.7344753742218018,0.373046875,1.6731269760131835,0.39656,1.6672789783477784,0.3954,0.0011600000000000499,1476.6671855449677
same_updates,m_sam,512,,448,1.699663758277893,0.40234375,1.6768066747665404,0.39526,1.671557740020752,0.3951,0.00015999999999999348,1479.98055434227
same_updates,m_sam,512,,449,1.698737621307373,0.37890625,1.6787485717773438,0.39338,1.673730479812622,0.3936,-0.00021999999999999797,1483.350811958313
same_updates,m_sam,512,,450,1.6902015209197998,0.3671875,1.6672109101104737,0.39584,1.6618112630844115,0.3971,-0.0012599999999999834,1486.7268931865692
same_updates,m_sam,512,,451,1.6141159534454346,0.38671875,1.6551102884674072,0.39914,1.648874088859558,0.398,0.0011399999999999744,1490.0442168712616
same_updates,m_sam,512,,452,1.6821033954620361,0.380859375,1.6516604093170166,0.39992,1.6452691102981567,0.3988,0.0011200000000000099,1493.3666973114014
same_updates,m_sam,512,,453,1.7038357257843018,0.39453125,1.6579037509918213,0.39708,1.6515958877563477,0.3957,0.0013799999999999923,1496.6822669506073
same_updates,m_sam,512,,454,1.7139650583267212,0.337890625,1.6674096984481812,0.39308,1.6610144660949706,0.3893,0.0037800000000000056,1500.0116457939148
same_updates,m_sam,512,,455,1.6467183828353882,0.373046875,1.6633109176254273,0.397,1.6567665523529054,0.3936,0.003400000000000014,1503.3180084228516
same_updates,m_sam,512,,456,1.6781678199768066,0.400390625,1.6529507122802733,0.40176,1.6462945463180543,0.396,0.005759999999999987,1506.5706889629364
same_updates,m_sam,512,,457,1.648340106010437,0.400390625,1.646373493423462,0.405,1.639875302696228,0.4032,0.0018000000000000238,1509.8447811603546
same_updates,m_sam,512,,458,1.6389713287353516,0.427734375,1.6473253670501709,0.40226,1.641517776489258,0.4006,0.0016599999999999948,1513.1226415634155
same_updates,m_sam,512,,459,1.6472030878067017,0.419921875,1.6627495429229737,0.39552,1.6581568483352662,0.3924,0.003119999999999956,1516.4151000976562
same_updates,m_sam,512,,460,1.7061915397644043,0.357421875,1.6853997302246093,0.38578,1.68191071434021,0.3852,0.0005800000000000249,1519.7131028175354
same_updates,m_sam,512,,461,1.6677528619766235,0.38671875,1.6930136203765869,0.38276,1.6898583946228027,0.3849,-0.0021400000000000308,1522.934602022171
same_updates,m_sam,512,,462,1.7069487571716309,0.376953125,1.6915281670379638,0.38338,1.6884489448547364,0.3829,0.00047999999999998044,1526.1789643764496
same_updates,m_sam,512,,463,1.7029039859771729,0.361328125,1.6757268237686158,0.39178,1.6722514600753784,0.3901,0.0016800000000000148,1529.441621541977
same_updates,m_sam,512,,464,1.6336095333099365,0.408203125,1.6568189312744142,0.40098,1.6526876195907594,0.3995,0.0014799999999999813,1532.7160773277283
same_updates,m_sam,512,,465,1.7086036205291748,0.40234375,1.64345881401062,0.4062,1.6384852571487427,0.4053,0.0009000000000000119,1536.0493354797363
same_updates,m_sam,512,,466,1.701361060142517,0.388671875,1.6487975908660888,0.40622,1.6438546854019165,0.4049,0.0013200000000000434,1539.3231291770935
same_updates,m_sam,512,,467,1.6814486980438232,0.37890625,1.660743392944336,0.40076,1.656237317276001,0.3999,0.0008600000000000274,1542.59752202034
same_updates,m_sam,512,,468,1.7493278980255127,0.337890625,1.6683997797012329,0.395,1.6644415924072267,0.3918,0.003200000000000036,1545.8743538856506
same_updates,m_sam,512,,469,1.6840171813964844,0.3828125,1.67278285030365,0.39262,1.669465976715088,0.3914,0.0012199999999999989,1549.115334033966
same_updates,m_sam,512,,470,1.6236968040466309,0.447265625,1.667070439414978,0.39654,1.6640179317474366,0.3959,0.0006400000000000294,1552.4215548038483
same_updates,m_sam,512,,471,1.6971440315246582,0.376953125,1.6595026076507569,0.39962,1.65654794921875,0.3985,0.0011199999999999544,1555.6907787322998
same_updates,m_sam,512,,472,1.6025969982147217,0.42578125,1.6557589153671264,0.39998,1.6526932363510132,0.3977,0.0022800000000000042,1559.012937784195
same_updates,m_sam,512,,473,1.640193223953247,0.404296875,1.6572968328857423,0.39818,1.6543230020523072,0.3968,0.0013799999999999923,1562.364811182022
same_updates,m_sam,512,,474,1.6486252546310425,0.421875,1.6551354633331299,0.3965,1.6519314304351806,0.396,0.0005000000000000004,1565.6845650672913
same_updates,m_sam,512,,475,1.6752468347549438,0.384765625,1.6535574553680419,0.39662,1.6501645130157472,0.3965,0.00011999999999995348,1569.0054132938385
same_updates,m_sam,512,,476,1.6497695446014404,0.37109375,1.6467972302246094,0.40006,1.6428449481964111,0.3974,0.002660000000000051,1572.3208248615265
same_updates,m_sam,512,,477,1.6187076568603516,0.39453125,1.6458497794342042,0.40196,1.6412512699127197,0.3984,0.0035600000000000076,1575.5788798332214
same_updates,m_sam,512,,478,1.6804006099700928,0.38671875,1.6492517489242553,0.40136,1.6442189079284668,0.3983,0.003060000000000007,1578.8691411018372
same_updates,m_sam,512,,479,1.6443341970443726,0.369140625,1.6496532740020753,0.3993,1.6440495458602906,0.398,0.0012999999999999678,1582.144369840622
same_updates,m_sam,512,,480,1.6668660640716553,0.392578125,1.654396799926758,0.39546,1.6484854400634765,0.3935,0.0019599999999999618,1585.4934539794922
same_updates,m_sam,512,,481,1.6178770065307617,0.40625,1.6577528497314453,0.39628,1.6521701698303222,0.3965,-0.00021999999999999797,1588.790210723877
same_updates,m_sam,512,,482,1.6038240194320679,0.431640625,1.6651463346099853,0.398,1.660361723136902,0.3977,0.00030000000000002247,1592.0785167217255
same_updates,m_sam,512,,483,1.7074788808822632,0.376953125,1.6652038304901122,0.40162,1.66079733543396,0.4026,-0.0009800000000000364,1595.3466460704803
same_updates,m_sam,512,,484,1.6612942218780518,0.37890625,1.6496206085586549,0.40678,1.6448118808746337,0.4081,-0.0013200000000000434,1598.6487197875977
same_updates,m_sam,512,,485,1.6337298154830933,0.39453125,1.6431856244277954,0.40944,1.638197653388977,0.4098,-0.00035999999999997145,1601.9467368125916
same_updates,m_sam,512,,486,1.6358656883239746,0.4140625,1.6412234149551392,0.40888,1.6360762351989746,0.4103,-0.0014199999999999768,1605.2292428016663
same_updates,m_sam,512,,487,1.7218189239501953,0.361328125,1.6326250452423097,0.41038,1.6269824352264404,0.4113,-0.0009199999999999764,1608.5581274032593
same_updates,m_sam,512,,488,1.697253704071045,0.369140625,1.6263904052352904,0.41028,1.620702774810791,0.4077,0.002579999999999971,1611.7956597805023
same_updates,m_sam,512,,489,1.6426951885223389,0.39453125,1.6294210537719727,0.40858,1.6242705015182495,0.4068,0.0017800000000000038,1615.0613169670105
same_updates,m_sam,512,,490,1.5991069078445435,0.4107142857142857,1.635321141014099,0.4069,1.630362219619751,0.4035,0.0033999999999999586,1618.382344007492
same_updates,m_sam,512,,491,1.6384177207946777,0.390625,1.6486334240722655,0.40308,1.6440949460983276,0.4009,0.0021800000000000153,1621.6559340953827
same_updates,m_sam,512,,492,1.6937499046325684,0.369140625,1.664647537879944,0.39844,1.66050423412323,0.3968,0.0016400000000000303,1624.9116797447205
same_updates,m_sam,512,,493,1.6604102849960327,0.37109375,1.6726317603302001,0.39652,1.6686427473068237,0.394,0.0025199999999999667,1628.2558748722076
same_updates,m_sam,512,,494,1.6802427768707275,0.35546875,1.6521980780029297,0.40288,1.647813091659546,0.3993,0.0035800000000000276,1631.506418466568
same_updates,m_sam,512,,495,1.6219931840896606,0.431640625,1.635245026473999,0.4086,1.6301425828933716,0.4051,0.003500000000000003,1634.8367660045624
same_updates,m_sam,512,,496,1.6899380683898926,0.392578125,1.629522191734314,0.4121,1.6242752494812012,0.4089,0.003200000000000036,1637.9994671344757
same_updates,m_sam,512,,497,1.649139165878296,0.376953125,1.6315482434463502,0.41234,1.6264617086410522,0.4089,0.0034399999999999986,1641.3111040592194
same_updates,m_sam,512,,498,1.7016346454620361,0.35546875,1.6435498645782471,0.40856,1.6392481708526612,0.4074,0.0011599999999999944,1644.5568063259125
same_updates,m_sam,512,,499,1.7006433010101318,0.373046875,1.6467458862304687,0.40778,1.6428778509140014,0.4059,0.0018799999999999928,1647.878202199936
same_updates,m_sam,512,,500,1.684730052947998,0.400390625,1.643919458694458,0.40788,1.6402730770111085,0.4076,0.00028000000000000247,1651.1975739002228
same_updates,m_sam,512,,501,1.6527726650238037,0.421875,1.6348720812606812,0.40846,1.6310638765335084,0.4074,0.0010600000000000054,1654.53329372406
same_updates,m_sam,512,,502,1.6887446641921997,0.384765625,1.6304856482696533,0.4077,1.6265640033721924,0.4069,0.0008000000000000229,1657.8104846477509
same_updates,m_sam,512,,503,1.6817516088485718,0.3984375,1.628228629837036,0.4095,1.624414682006836,0.4052,0.0042999999999999705,1661.1116058826447
same_updates,m_sam,512,,504,1.6534039974212646,0.40625,1.6349397434234618,0.40756,1.6313575687408448,0.4057,0.0018599999999999728,1664.3709156513214
same_updates,m_sam,512,,505,1.6386300325393677,0.423828125,1.636866530456543,0.40624,1.6330295356750488,0.4043,0.0019399999999999973,1667.6615653038025
same_updates,m_sam,512,,506,1.6332294940948486,0.404296875,1.6323887997436524,0.40724,1.6283640466690064,0.4043,0.002939999999999998,1670.8791642189026
same_updates,m_sam,512,,507,1.6694202423095703,0.375,1.6299329696273803,0.40798,1.6257677434921265,0.4047,0.003280000000000005,1674.121624469757
same_updates,m_sam,512,,508,1.6561284065246582,0.390625,1.630688207473755,0.4095,1.6265536785125732,0.4011,0.008399999999999963,1677.3919551372528
same_updates,m_sam,512,,509,1.7046955823898315,0.390625,1.6405287158966064,0.40794,1.6368321243286132,0.4023,0.005640000000000034,1680.651683330536
same_updates,m_sam,512,,510,1.669883370399475,0.390625,1.6357946363067628,0.41026,1.6321474763870238,0.4063,0.003960000000000019,1683.9604156017303
same_updates,m_sam,512,,511,1.6260223388671875,0.4140625,1.6371230559539796,0.41172,1.6338453010559082,0.4077,0.004019999999999968,1687.1857657432556
same_updates,m_sam,512,,512,1.6947895288467407,0.369140625,1.6348732024765014,0.41344,1.631576316833496,0.4103,0.003139999999999976,1690.5306041240692
same_updates,m_sam,512,,513,1.62102472782135,0.41015625,1.634599396018982,0.41458,1.631230989074707,0.412,0.0025800000000000267,1693.8323554992676
same_updates,m_sam,512,,514,1.6477203369140625,0.36328125,1.6362808710098267,0.41224,1.6327356645584106,0.4104,0.0018400000000000083,1697.1936810016632
same_updates,m_sam,512,,515,1.5894906520843506,0.4296875,1.6364053081893921,0.40926,1.6326790014266968,0.4057,0.0035600000000000076,1700.4835572242737
same_updates,m_sam,512,,516,1.638657569885254,0.427734375,1.6254644846343995,0.41066,1.6212667263031006,0.4094,0.0012600000000000389,1703.7974359989166
same_updates,m_sam,512,,517,1.6231696605682373,0.39453125,1.6186541247940063,0.41082,1.6140458770751953,0.4098,0.0010200000000000209,1707.1456253528595
same_updates,m_sam,512,,518,1.6662946939468384,0.380859375,1.6202108136749267,0.4086,1.615978376197815,0.4099,-0.0012999999999999678,1710.4109280109406
same_updates,m_sam,512,,519,1.6247186660766602,0.408203125,1.6258657730865478,0.40866,1.622768109893799,0.4089,-0.00023999999999996247,1713.7218856811523
same_updates,m_sam,512,,520,1.710389256477356,0.37109375,1.6319520938110352,0.40868,1.6295591442108155,0.4058,0.0028799999999999937,1717.0438742637634
same_updates,m_sam,512,,521,1.6211063861846924,0.43359375,1.637246723022461,0.4085,1.6353886114120484,0.4059,0.002599999999999991,1720.3771364688873
same_updates,m_sam,512,,522,1.6351789236068726,0.40234375,1.6319231475448608,0.4093,1.6299272563934326,0.4079,0.0014000000000000123,1723.7365341186523
same_updates,m_sam,512,,523,1.6606632471084595,0.37109375,1.6178841803359985,0.41488,1.615049080657959,0.4105,0.0043800000000000505,1726.9960646629333
same_updates,m_sam,512,,524,1.5850733518600464,0.421875,1.6181461473846435,0.41476,1.6151298419952393,0.4114,0.0033600000000000296,1730.3605959415436
same_updates,m_sam,512,,525,1.6103503704071045,0.447265625,1.6257567084503173,0.41484,1.623217321395874,0.4111,0.0037399999999999656,1733.7298452854156
same_updates,m_sam,512,,526,1.6225664615631104,0.41015625,1.630868994102478,0.4136,1.628201120376587,0.4101,0.003500000000000003,1737.0541410446167
same_updates,m_sam,512,,527,1.6127591133117676,0.40234375,1.6321535577392579,0.41186,1.6287186714172364,0.409,0.002860000000000029,1740.3519513607025
same_updates,m_sam,512,,528,1.6480340957641602,0.4609375,1.6333523151016236,0.41014,1.629584926223755,0.4062,0.003939999999999999,1743.6924929618835
same_updates,m_sam,512,,529,1.6266926527023315,0.412109375,1.6280520810699464,0.41158,1.6238311460494994,0.4089,0.0026800000000000157,1746.9978847503662
same_updates,m_sam,512,,530,1.6102800369262695,0.3984375,1.623371293258667,0.40916,1.618672306060791,0.4113,-0.0021399999999999753,1750.3487632274628
same_updates,m_sam,512,,531,1.6273771524429321,0.392578125,1.6206811452865602,0.40938,1.6160753723144532,0.4113,-0.0019199999999999773,1753.609958410263
same_updates,m_sam,512,,532,1.6153836250305176,0.4140625,1.6279240100860595,0.40802,1.624014924621582,0.4088,-0.0007800000000000029,1756.9400997161865
same_updates,m_sam,512,,533,1.6250563859939575,0.423828125,1.6333164661026,0.40702,1.6296928651809692,0.4059,0.0011200000000000099,1760.27579331398
same_updates,m_sam,512,,534,1.6033592224121094,0.419921875,1.6270633019256593,0.4087,1.6234282051086426,0.4065,0.0022000000000000353,1763.6108083724976
same_updates,m_sam,512,,535,1.6356498003005981,0.4140625,1.619958916053772,0.41234,1.6161694332122802,0.4106,0.0017399999999999638,1766.9660122394562
same_updates,m_sam,512,,536,1.623091220855713,0.39453125,1.6145502126693725,0.41628,1.610791937828064,0.4131,0.0031799999999999606,1770.304541349411
same_updates,m_sam,512,,537,1.6675734519958496,0.38671875,1.621668812942505,0.41528,1.6185084959030152,0.4106,0.004679999999999962,1773.5918362140656
same_updates,m_sam,512,,538,1.6736558675765991,0.39453125,1.6353416248321533,0.41106,1.6325392654418944,0.4101,0.0009599999999999609,1776.8869302272797
same_updates,m_sam,512,,539,1.638173222541809,0.396484375,1.6366906943511963,0.41046,1.6333460647583007,0.4095,0.0009600000000000164,1780.2541365623474
same_updates,m_sam,512,,540,1.5962046384811401,0.3984375,1.640674351234436,0.41092,1.6369210918426513,0.4067,0.0042200000000000015,1783.601886510849
same_updates,m_sam,512,,541,1.6359962224960327,0.39453125,1.624526720046997,0.41416,1.6194983417510986,0.4109,0.003259999999999985,1786.9088668823242
same_updates,m_sam,512,,542,1.6450953483581543,0.3828125,1.6110039012908937,0.41812,1.6049436714172363,0.4159,0.0022199999999999998,1790.2321293354034
same_updates,m_sam,512,,543,1.600287914276123,0.439453125,1.6080221117401123,0.4193,1.6023369750976562,0.4155,0.0038000000000000256,1793.5417456626892
same_updates,m_sam,512,,544,1.6643567085266113,0.41015625,1.610351873435974,0.41758,1.6052044176101685,0.4157,0.0018799999999999928,1796.821132659912
same_updates,m_sam,512,,545,1.6859698295593262,0.3984375,1.6233427060699464,0.41362,1.618987724685669,0.4116,0.0020199999999999663,1800.075641155243
same_updates,m_sam,512,,546,1.6396549940109253,0.419921875,1.6310255005264283,0.41104,1.6273947090148926,0.4098,0.0012400000000000189,1803.386409521103
same_updates,m_sam,512,,547,1.6449087858200073,0.408203125,1.6349703426742555,0.4077,1.6316160522460939,0.4094,-0.0016999999999999793,1806.6596739292145
same_updates,m_sam,512,,548,1.6396338939666748,0.400390625,1.6199881893920898,0.41138,1.616264497756958,0.4134,-0.0020199999999999663,1809.9548959732056
same_updates,m_sam,512,,549,1.554985761642456,0.40234375,1.6041647131347656,0.41586,1.5993131561279297,0.4161,-0.00024000000000001798,1813.28582239151
same_updates,m_sam,512,,550,1.6235418319702148,0.39453125,1.6002712926483154,0.41642,1.5950448345184327,0.4149,0.0015200000000000213,1816.5993790626526
same_updates,m_sam,512,,551,1.642775535583496,0.416015625,1.6064534490203857,0.41424,1.6010883346557616,0.4126,0.0016399999999999748,1819.8576340675354
same_updates,m_sam,512,,552,1.6629831790924072,0.35546875,1.621012993812561,0.40926,1.6156122051239015,0.4096,-0.00034000000000000696,1823.1583535671234
same_updates,m_sam,512,,553,1.5964871644973755,0.390625,1.6206357404327392,0.41098,1.615289164352417,0.4087,0.0022800000000000042,1826.536565065384
same_updates,m_sam,512,,554,1.6236473321914673,0.4140625,1.6099350970458985,0.415,1.6047324466705322,0.4112,0.00379999999999997,1829.8742561340332
same_updates,m_sam,512,,555,1.5933935642242432,0.419921875,1.6012798296737671,0.41848,1.5963047618865966,0.4124,0.00608000000000003,1833.1299562454224
same_updates,m_sam,512,,556,1.5840191841125488,0.44921875,1.600183660583496,0.41774,1.5959829969406127,0.4146,0.003139999999999976,1836.4038019180298
same_updates,m_sam,512,,557,1.5898685455322266,0.42578125,1.6145470269012452,0.4109,1.6115453838348388,0.4067,0.0041999999999999815,1839.6259655952454
same_updates,m_sam,512,,558,1.6571860313415527,0.359375,1.6354469534683227,0.40408,1.633585834121704,0.4031,0.0009799999999999809,1842.992000579834
same_updates,m_sam,512,,559,1.6096745729446411,0.421875,1.6405354052734376,0.40192,1.6389892360687255,0.3992,0.00272,1846.2717118263245
same_updates,m_sam,512,,560,1.6549158096313477,0.392578125,1.6377585083770752,0.40366,1.6362477918624878,0.4005,0.003159999999999996,1849.5959732532501
same_updates,m_sam,512,,561,1.641772747039795,0.396484375,1.622549951171875,0.41156,1.620586131286621,0.4093,0.0022599999999999842,1852.920095205307
same_updates,m_sam,512,,562,1.5751662254333496,0.416015625,1.6069163542938232,0.41868,1.60429822845459,0.4129,0.005780000000000007,1856.23841547966
same_updates,m_sam,512,,563,1.663508415222168,0.4140625,1.596731923789978,0.42286,1.5934190124511718,0.4204,0.0024600000000000177,1859.503054857254
same_updates,m_sam,512,,564,1.6511061191558838,0.3984375,1.602866623916626,0.41996,1.599693604660034,0.4171,0.0028599999999999737,1862.8015859127045
same_updates,m_sam,512,,565,1.6257846355438232,0.3984375,1.613729688796997,0.4141,1.611000255203247,0.4104,0.0037000000000000366,1866.158572435379
same_updates,m_sam,512,,566,1.6912016868591309,0.361328125,1.622500483932495,0.40814,1.6202953117370607,0.4041,0.004039999999999988,1869.457578420639
same_updates,m_sam,512,,567,1.6343648433685303,0.404296875,1.630444933204651,0.40558,1.6290463844299317,0.4042,0.0013799999999999923,1872.7237124443054
same_updates,m_sam,512,,568,1.5757700204849243,0.453125,1.6284868579101563,0.40912,1.6275870708465576,0.4045,0.0046199999999999575,1876.0075364112854
same_updates,m_sam,512,,569,1.647472858428955,0.400390625,1.6185292072296142,0.41352,1.6177467319488525,0.4077,0.005819999999999992,1879.2378144264221
same_updates,m_sam,512,,570,1.5560712814331055,0.4453125,1.6084309451675416,0.41706,1.607401964187622,0.4139,0.003159999999999996,1882.512601852417
same_updates,m_sam,512,,571,1.5754982233047485,0.435546875,1.6058415978240967,0.4172,1.604634679222107,0.4157,0.0015000000000000013,1885.824292898178
same_updates,m_sam,512,,572,1.606912612915039,0.435546875,1.6015237894439698,0.41614,1.599990032196045,0.4173,-0.0011599999999999944,1889.0865395069122
same_updates,m_sam,512,,573,1.6285746097564697,0.4140625,1.600642294998169,0.41688,1.5989933044433593,0.4171,-0.00022000000000005349,1892.363609790802
same_updates,m_sam,512,,574,1.5946366786956787,0.408203125,1.5970857986068725,0.41858,1.594917646408081,0.4153,0.003280000000000005,1895.6463918685913
same_updates,m_sam,512,,575,1.5690059661865234,0.40625,1.6005196691894532,0.41856,1.5977541233062744,0.4117,0.006859999999999977,1899.0387489795685
same_updates,m_sam,512,,576,1.6275405883789062,0.41015625,1.6095619870376587,0.41604,1.606285528564453,0.4126,0.0034399999999999986,1902.35777592659
same_updates,m_sam,512,,577,1.5910372734069824,0.392578125,1.6085439743423462,0.41304,1.6045202350616454,0.4105,0.0025400000000000422,1905.6564826965332
same_updates,m_sam,512,,578,1.610041856765747,0.412109375,1.6114058544921874,0.40984,1.6068331943511962,0.4086,0.0012399999999999634,1908.9614770412445
same_updates,m_sam,512,,579,1.567855715751648,0.427734375,1.6127534466934204,0.4132,1.6084389877319336,0.412,0.0012000000000000344,1912.303921699524
same_updates,m_sam,512,,580,1.545811653137207,0.45703125,1.6206859613800049,0.41422,1.6171636600494386,0.413,0.0012199999999999989,1915.5924980640411
same_updates,m_sam,512,,581,1.6591119766235352,0.38671875,1.6247324951171875,0.41544,1.621602515411377,0.4161,-0.0006600000000000494,1918.8537590503693
same_updates,m_sam,512,,582,1.616414189338684,0.390625,1.6115771035385131,0.4199,1.6081990783691407,0.4188,0.0010999999999999899,1922.1240148544312
same_updates,m_sam,512,,583,1.5861458778381348,0.419921875,1.6016237990570068,0.42228,1.5981407094955444,0.4243,-0.0020200000000000218,1925.4512205123901
same_updates,m_sam,512,,584,1.5875866413116455,0.421875,1.5951801770401002,0.4234,1.591382081413269,0.4269,-0.003500000000000003,1928.7588646411896
same_updates,m_sam,512,,585,1.6809570789337158,0.380859375,1.585330708656311,0.42528,1.5807626138687134,0.429,-0.003720000000000001,1932.0070641040802
same_updates,m_sam,512,,586,1.6446620225906372,0.390625,1.5798129040908813,0.4246,1.5750531497955322,0.4255,-0.0009000000000000119,1935.3578724861145
same_updates,m_sam,512,,587,1.5978823900222778,0.41796875,1.5834956219863892,0.42332,1.5794033706665038,0.4201,0.0032200000000000006,1938.7072319984436
same_updates,m_sam,512,,588,1.5466655492782593,0.4255952380952381,1.5915461667633057,0.42112,1.5876760009765625,0.4165,0.004620000000000013,1941.9824397563934
same_updates,m_sam,512,,589,1.5928230285644531,0.404296875,1.608058342666626,0.41638,1.6045692825317384,0.4137,0.00267999999999996,1945.3362839221954
same_updates,m_sam,512,,590,1.6498587131500244,0.39453125,1.6253341828155519,0.41262,1.622198874092102,0.409,0.003620000000000012,1948.6259377002716
same_updates,m_sam,512,,591,1.6136518716812134,0.390625,1.6346376372528075,0.40934,1.631762286567688,0.4051,0.004239999999999966,1951.9359214305878
same_updates,m_sam,512,,592,1.6381078958511353,0.375,1.6154251721572876,0.41408,1.6122335193634034,0.4099,0.004180000000000017,1955.25026345253
same_updates,m_sam,512,,593,1.5770699977874756,0.447265625,1.5958265411376953,0.42104,1.5919078460693359,0.4155,0.005540000000000045,1958.5162959098816
same_updates,m_sam,512,,594,1.6432112455368042,0.392578125,1.586278544845581,0.42684,1.5820572036743163,0.4241,0.00274000000000002,1961.854159116745
same_updates,m_sam,512,,595,1.6080348491668701,0.4140625,1.5867548168563843,0.42788,1.5825650114059449,0.4258,0.0020799999999999708,1965.1563084125519
same_updates,m_sam,512,,596,1.670884370803833,0.375,1.5973235607147216,0.42562,1.5938692121505738,0.4262,-0.0005800000000000249,1968.4339952468872
same_updates,m_sam,512,,597,1.655318260192871,0.3984375,1.6013776751327515,0.42512,1.5983566957473754,0.4232,0.0019199999999999773,1971.746006011963
same_updates,m_sam,512,,598,1.640059471130371,0.43359375,1.5996618341064452,0.42458,1.5970224952697754,0.424,0.0005800000000000249,1975.0314013957977
same_updates,m_sam,512,,599,1.606684923171997,0.44921875,1.5920045495605468,0.42506,1.5895191677093505,0.4264,-0.0013400000000000079,1978.3122942447662
same_updates,m_sam,512,,600,1.6485934257507324,0.40234375,1.588723974838257,0.42342,1.586246438217163,0.4253,-0.0018799999999999928,1981.5441734790802
same_updates,m_sam,512,,601,1.6335391998291016,0.423828125,1.5862058038330078,0.42428,1.5838733247756958,0.4218,0.0024799999999999822,1984.859830379486
same_updates,m_sam,512,,602,1.613497018814087,0.41796875,1.5909677869033814,0.42316,1.5888127590179444,0.4193,0.0038599999999999746,1988.0718741416931
same_updates,m_sam,512,,603,1.5863995552062988,0.42578125,1.5939757921981812,0.42162,1.5915721115112305,0.4172,0.0044199999999999795,1991.3631274700165
same_updates,m_sam,512,,604,1.5845978260040283,0.4296875,1.5924913263702392,0.4204,1.589765459060669,0.4162,0.0041999999999999815,1994.6429572105408
same_updates,m_sam,512,,605,1.623727798461914,0.392578125,1.5923786612319946,0.41968,1.5891334440231324,0.4145,0.005180000000000018,1997.879229068756
same_updates,m_sam,512,,606,1.6175283193588257,0.40625,1.5936341536712646,0.41994,1.5902118511199952,0.4136,0.006339999999999957,2001.2231123447418
same_updates,m_sam,512,,607,1.6586138010025024,0.39453125,1.6004962154388427,0.42042,1.59736051902771,0.4148,0.005620000000000014,2004.5828528404236
same_updates,m_sam,512,,608,1.616234540939331,0.416015625,1.593188507156372,0.423,1.590191993522644,0.4175,0.005500000000000005,2007.8245248794556
same_updates,m_sam,512,,609,1.5840955972671509,0.423828125,1.5936110900497436,0.4269,1.5913450393676758,0.42,0.006900000000000017,2011.1467366218567
same_updates,m_sam,512,,610,1.6499254703521729,0.392578125,1.591988314781189,0.43042,1.5901784465789794,0.4256,0.0048200000000000465,2014.3916556835175
same_updates,m_sam,512,,611,1.5724608898162842,0.4296875,1.5914252960968018,0.43154,1.5896927200317383,0.427,0.0045399999999999885,2017.6991980075836
same_updates,m_sam,512,,612,1.6006022691726685,0.384765625,1.593857539138794,0.43084,1.5919412593841553,0.4291,0.0017400000000000193,2020.994588136673
same_updates,m_sam,512,,613,1.5311042070388794,0.4453125,1.5952641464996338,0.42696,1.593148998260498,0.4272,-0.00024000000000001798,2024.2723152637482
same_updates,m_sam,512,,614,1.5955474376678467,0.447265625,1.583278020401001,0.42856,1.5807050998687744,0.4277,0.0008599999999999719,2027.5558393001556
same_updates,m_sam,512,,615,1.5749945640563965,0.419921875,1.576185488204956,0.4283,1.5731034856796264,0.4262,0.0020999999999999908,2030.8352887630463
same_updates,m_sam,512,,616,1.6161353588104248,0.4140625,1.5778668160247802,0.42532,1.5749515970230104,0.4236,0.0017199999999999993,2034.1294438838959
same_updates,m_sam,512,,617,1.5821914672851562,0.42578125,1.583611167564392,0.42518,1.581693738746643,0.4225,0.0026800000000000157,2037.4446573257446
same_updates,m_sam,512,,618,1.66072416305542,0.38671875,1.5915896533966065,0.42302,1.5902977966308594,0.419,0.0040200000000000236,2040.7751421928406
same_updates,m_sam,512,,619,1.572171688079834,0.447265625,1.6000928351211547,0.4215,1.599361103630066,0.4198,0.0016999999999999793,2044.0848062038422
same_updates,m_sam,512,,620,1.5913031101226807,0.4140625,1.5966430340194702,0.4227,1.5959001836776734,0.4203,0.0024000000000000132,2047.379111289978
same_updates,m_sam,512,,621,1.6150277853012085,0.392578125,1.5807348467636109,0.42728,1.5793524906158447,0.4257,0.0015799999999999703,2050.6893146038055
same_updates,m_sam,512,,622,1.5411447286605835,0.431640625,1.5778681805419923,0.42848,1.5762563812255859,0.426,0.0024800000000000377,2054.022383213043
same_updates,m_sam,512,,623,1.565528154373169,0.462890625,1.581795505142212,0.42908,1.5804666625976562,0.4258,0.003280000000000005,2057.3017160892487
same_updates,m_sam,512,,624,1.5758607387542725,0.421875,1.585232123451233,0.42846,1.583584246444702,0.4258,0.0026599999999999957,2060.5873205661774
same_updates,m_sam,512,,625,1.5626318454742432,0.421875,1.5904617120361328,0.4262,1.5880074436187743,0.4238,0.0024000000000000132,2063.8632578849792
same_updates,m_sam,512,,626,1.6028997898101807,0.470703125,1.5966180158233643,0.42342,1.593740241241455,0.4214,0.0020200000000000218,2067.191717863083
same_updates,m_sam,512,,627,1.5852224826812744,0.421875,1.5917973987197875,0.4247,1.5884317386627198,0.4216,0.003100000000000047,2070.5505430698395
same_updates,m_sam,512,,628,1.5631372928619385,0.421875,1.5834903720474243,0.42448,1.5796586973190307,0.4241,0.00038000000000004697,2073.887541770935
same_updates,m_sam,512,,629,1.5748248100280762,0.423828125,1.5789542971420287,0.42448,1.5751268716812135,0.4244,8.00000000000245e-05,2077.154644012451
same_updates,m_sam,512,,630,1.56477952003479,0.435546875,1.584424462928772,0.4218,1.5813976509094239,0.4232,-0.0014000000000000123,2080.4651131629944
same_updates,m_sam,512,,631,1.5774312019348145,0.4296875,1.5946646057128906,0.41936,1.5922289527893065,0.4202,-0.0008400000000000074,2083.762441635132
same_updates,m_sam,512,,632,1.5610066652297974,0.419921875,1.5948682259750366,0.42064,1.5928115325927734,0.4209,-0.00025999999999998247,2087.1038658618927
same_updates,m_sam,512,,633,1.5922691822052002,0.44140625,1.5865163544464111,0.4251,1.5844589389801025,0.4234,0.0016999999999999793,2090.407254934311
same_updates,m_sam,512,,634,1.5768102407455444,0.408203125,1.5759170067596435,0.42946,1.5735896108627319,0.4262,0.003259999999999985,2093.751631498337
same_updates,m_sam,512,,635,1.6271378993988037,0.39453125,1.5776620300674438,0.4299,1.5754032260894775,0.4273,0.002599999999999991,2097.0079526901245
same_updates,m_sam,512,,636,1.6319210529327393,0.400390625,1.5888489779663086,0.4268,1.5865516529083252,0.4249,0.0019000000000000128,2100.2990007400513
same_updates,m_sam,512,,637,1.5957584381103516,0.4140625,1.597026535987854,0.4239,1.5942725509643554,0.422,0.0019000000000000128,2103.628250360489
same_updates,m_sam,512,,638,1.5411581993103027,0.4296875,1.6074668608856202,0.42156,1.6044333087921143,0.4188,0.0027599999999999847,2106.906106233597
same_updates,m_sam,512,,639,1.5931165218353271,0.421875,1.5916455028915406,0.42444,1.5874767568588257,0.4202,0.004239999999999966,2110.0998978614807
same_updates,m_sam,512,,640,1.6007285118103027,0.404296875,1.5758787411880493,0.4289,1.5708233163833618,0.4273,0.0015999999999999903,2113.450060606003
same_updates,m_sam,512,,641,1.553405523300171,0.4296875,1.5725550848770142,0.4311,1.5679841115951538,0.4295,0.0015999999999999903,2116.7025105953217
same_updates,m_sam,512,,642,1.6158061027526855,0.427734375,1.5720458071517944,0.42994,1.5680903009414673,0.4286,0.0013400000000000079,2120.0093038082123
same_updates,m_sam,512,,643,1.6445815563201904,0.396484375,1.5841820491790772,0.42692,1.5811364948272706,0.428,-0.0010799999999999699,2123.2888691425323
same_updates,m_sam,512,,644,1.589156150817871,0.435546875,1.5961771126556397,0.42296,1.5939842855453492,0.4221,0.0008600000000000274,2126.5879032611847
same_updates,m_sam,512,,645,1.5973416566848755,0.423828125,1.5999918829727173,0.42166,1.5979472673416137,0.4208,0.0008599999999999719,2129.845788002014
same_updates,m_sam,512,,646,1.5988185405731201,0.408203125,1.5821828823089599,0.42484,1.5795846920013428,0.4266,-0.0017599999999999838,2133.2054460048676
same_updates,m_sam,512,,647,1.5072352886199951,0.423828125,1.5646746014022828,0.43038,1.5608379335403442,0.4307,-0.00032000000000004247,2136.5276775360107
same_updates,m_sam,512,,648,1.577390193939209,0.421875,1.5622422763824464,0.43072,1.5578290199279785,0.4298,0.0009199999999999764,2139.869948387146
same_updates,m_sam,512,,649,1.5921032428741455,0.435546875,1.5701416586303711,0.4276,1.5654433322906494,0.425,0.002599999999999991,2143.190217256546
same_updates,m_sam,512,,650,1.621766448020935,0.373046875,1.5849195849609374,0.4228,1.580044271850586,0.4213,0.0015000000000000013,2146.4869134426117
same_updates,m_sam,512,,651,1.5526978969573975,0.41015625,1.5862003378677367,0.42338,1.5814450458526612,0.4209,0.0024799999999999822,2149.785989046097
same_updates,m_sam,512,,652,1.576874852180481,0.4375,1.57629568611145,0.42682,1.5719206340789795,0.4224,0.0044199999999999795,2153.080409526825
same_updates,m_sam,512,,653,1.550243854522705,0.43359375,1.5676023122406006,0.42916,1.5638132125854491,0.4249,0.004259999999999986,2156.389256000519
same_updates,m_sam,512,,654,1.5391056537628174,0.462890625,1.5652668688201905,0.43016,1.562644660949707,0.4259,0.004259999999999986,2159.746885538101
same_updates,m_sam,512,,655,1.5448918342590332,0.45703125,1.5779697137451172,0.42496,1.5767009334564208,0.4211,0.00386000000000003,2163.0347921848297
same_updates,m_sam,512,,656,1.6164288520812988,0.384765625,1.5953176752471925,0.41914,1.595119453048706,0.4178,0.0013400000000000079,2166.3190944194794
same_updates,m_sam,512,,657,1.5654511451721191,0.443359375,1.5960913293075563,0.4192,1.5962063203811645,0.4175,0.0017000000000000348,2169.674699306488
same_updates,m_sam,512,,658,1.610206127166748,0.4140625,1.590540659751892,0.42176,1.590585359954834,0.4199,0.0018600000000000283,2172.9992954730988
same_updates,m_sam,512,,659,1.590064287185669,0.41796875,1.575733773536682,0.42752,1.5751364540100097,0.4247,0.002819999999999989,2176.3125739097595
same_updates,m_sam,512,,660,1.5286898612976074,0.43359375,1.565747660446167,0.43308,1.5643702598571778,0.4289,0.004180000000000017,2179.652700662613
same_updates,m_sam,512,,661,1.6223618984222412,0.412109375,1.5610468801116943,0.43536,1.5590127109527587,0.43,0.005360000000000031,2182.9613332748413
same_updates,m_sam,512,,662,1.6088709831237793,0.404296875,1.5699418970108032,0.43168,1.5680689029693604,0.4286,0.003080000000000027,2186.1541063785553
same_updates,m_sam,512,,663,1.5764927864074707,0.396484375,1.5818687411880492,0.42526,1.580413311958313,0.4226,0.002660000000000051,2189.4081144332886
same_updates,m_sam,512,,664,1.6399296522140503,0.392578125,1.5892554052352905,0.4195,1.5883732542037965,0.4161,0.0033999999999999586,2192.700619697571
same_updates,m_sam,512,,665,1.589730978012085,0.421875,1.5946243544769287,0.4182,1.5945797449111938,0.4154,0.0028000000000000247,2195.978830099106
same_updates,m_sam,512,,666,1.531903624534607,0.4609375,1.5917668566894532,0.42204,1.5923703052520752,0.4173,0.004740000000000022,2199.322741985321
same_updates,m_sam,512,,667,1.600132703781128,0.42578125,1.5811776502227783,0.42696,1.5820723861694337,0.4209,0.00606000000000001,2202.6546924114227
same_updates,m_sam,512,,668,1.5170737504959106,0.46484375,1.5659147954559327,0.43232,1.566643758392334,0.4273,0.005019999999999969,2205.911101102829
same_updates,m_sam,512,,669,1.5230826139450073,0.45703125,1.5597030389022828,0.4337,1.560181632232666,0.4295,0.0041999999999999815,2209.1945190429688
same_updates,m_sam,512,,670,1.5665088891983032,0.44140625,1.5547635431671143,0.4326,1.5548804615020753,0.4289,0.003699999999999981,2212.490062236786
same_updates,m_sam,512,,671,1.583925724029541,0.412109375,1.5544171826934814,0.43422,1.554440426826477,0.4285,0.005720000000000003,2215.7470598220825
same_updates,m_sam,512,,672,1.5457156896591187,0.431640625,1.5560601306915283,0.434,1.5557588928222656,0.4292,0.004799999999999971,2219.050393819809
same_updates,m_sam,512,,673,1.524486780166626,0.4296875,1.566092371826172,0.4312,1.5652954357147217,0.4281,0.003100000000000047,2222.3871421813965
same_updates,m_sam,512,,674,1.5777415037155151,0.427734375,1.5796717191314698,0.42614,1.5782243263244629,0.4233,0.002840000000000009,2225.725394010544
same_updates,m_sam,512,,675,1.5497512817382812,0.421875,1.5740025205230712,0.42496,1.5714421100616456,0.4216,0.0033600000000000296,2229.007348537445
same_updates,m_sam,512,,676,1.5597383975982666,0.4375,1.5730154677581787,0.42204,1.5696193466186523,0.4194,0.002640000000000031,2232.2964255809784
same_updates,m_sam,512,,677,1.526078224182129,0.453125,1.5722919452667237,0.42568,1.5690325584411622,0.4236,0.0020800000000000263,2235.577601671219
same_updates,m_sam,512,,678,1.4956789016723633,0.47265625,1.5816565575408936,0.42734,1.5794074501037598,0.4256,0.0017400000000000193,2238.789357662201
same_updates,m_sam,512,,679,1.6088948249816895,0.390625,1.5915437242889405,0.4273,1.5900388202667237,0.4263,0.0010000000000000009,2242.084661245346
same_updates,m_sam,512,,680,1.5768095254898071,0.390625,1.5807339199066162,0.43074,1.5792266063690186,0.4305,0.00024000000000001798,2245.4449105262756
same_updates,m_sam,512,,681,1.5445283651351929,0.43359375,1.5664545970916748,0.43386,1.5650537185668945,0.4345,-0.0006399999999999739,2248.81272149086
same_updates,m_sam,512,,682,1.5434108972549438,0.4296875,1.5532676623916626,0.4377,1.551443027496338,0.4411,-0.003400000000000014,2252.093361854553
same_updates,m_sam,512,,683,1.6366221904754639,0.390625,1.5426123709487916,0.44,1.5399103412628175,0.444,-0.0040000000000000036,2255.345766067505
same_updates,m_sam,512,,684,1.5986121892929077,0.41796875,1.538161201095581,0.43894,1.5350838956832886,0.4385,0.00043999999999999595,2258.6585173606873
same_updates,m_sam,512,,685,1.5629098415374756,0.423828125,1.5402597760772705,0.43704,1.5376247798919678,0.4346,0.0024399999999999977,2261.8785996437073
same_updates,m_sam,512,,686,1.5015743970870972,0.44345238095238093,1.549161244239807,0.43494,1.5469054599761962,0.43,0.00494,2265.2447175979614
same_updates,m_sam,512,,687,1.5510954856872559,0.423828125,1.569654955482483,0.42904,1.5679780818939208,0.4242,0.0048399999999999554,2268.585369348526
same_updates,m_sam,512,,688,1.6075156927108765,0.3984375,1.5941240784072876,0.42278,1.5929333044052123,0.4187,0.0040799999999999725,2271.867959022522
same_updates,m_sam,512,,689,1.5674163103103638,0.4140625,1.6070962228775025,0.4196,1.6061442989349366,0.4156,0.003999999999999948,2275.189136981964
same_updates,m_sam,512,,690,1.6040070056915283,0.39453125,1.5891404106903075,0.42418,1.587789900970459,0.4202,0.0039799999999999836,2278.4812335968018
same_updates,m_sam,512,,691,1.5431119203567505,0.46875,1.566046739501953,0.43086,1.5635743715286254,0.4261,0.004760000000000042,2281.7846167087555
same_updates,m_sam,512,,692,1.6015985012054443,0.408203125,1.553612652015686,0.43792,1.550415915298462,0.4344,0.0035199999999999676,2285.0253150463104
same_updates,m_sam,512,,693,1.573356032371521,0.421875,1.5512979790878296,0.44038,1.547907559967041,0.4369,0.003479999999999983,2288.2951879501343
same_updates,m_sam,512,,694,1.6430954933166504,0.392578125,1.557560552406311,0.43902,1.5548282920837402,0.437,0.0020200000000000218,2291.5747425556183
same_updates,m_sam,512,,695,1.6172430515289307,0.408203125,1.564780165939331,0.43706,1.5626167276382446,0.4365,0.0005600000000000049,2294.835633277893
same_updates,m_sam,512,,696,1.5962183475494385,0.4453125,1.5666276747894288,0.43568,1.5651666923522949,0.4358,-0.00012000000000000899,2298.1576290130615
same_updates,m_sam,512,,697,1.562694787979126,0.47265625,1.5596742517852784,0.43758,1.5586674312591553,0.4381,-0.0005199999999999649,2301.5066504478455
same_updates,m_sam,512,,698,1.6108500957489014,0.42578125,1.5557331464004516,0.43746,1.5546533752441407,0.4355,0.0019600000000000173,2304.763614654541
same_updates,m_sam,512,,699,1.5943690538406372,0.435546875,1.5518992236328124,0.4362,1.5509186542510986,0.4331,0.0030999999999999917,2308.0667037963867
same_updates,m_sam,512,,700,1.5749146938323975,0.431640625,1.5524338974761962,0.43634,1.5516296564102172,0.4325,0.00384000000000001,2311.282158136368
same_updates,m_sam,512,,701,1.5456446409225464,0.45703125,1.5575644451141357,0.43386,1.556674270248413,0.4299,0.003960000000000019,2314.51642370224
same_updates,m_sam,512,,702,1.5444653034210205,0.4453125,1.5615516342926026,0.43238,1.560340752029419,0.4273,0.005079999999999973,2317.8615550994873
same_updates,m_sam,512,,703,1.5901427268981934,0.408203125,1.5649397198104857,0.43068,1.563034846496582,0.427,0.0036800000000000166,2321.1232306957245
same_updates,m_sam,512,,704,1.579615831375122,0.41015625,1.563554565963745,0.43032,1.5610737424850465,0.4279,0.0024199999999999777,2324.4733324050903
same_updates,m_sam,512,,705,1.6171045303344727,0.408203125,1.5656539422607423,0.43042,1.5630611591339112,0.4271,0.003320000000000045,2327.7777814865112
same_updates,m_sam,512,,706,1.5740175247192383,0.439453125,1.5588506713104249,0.43456,1.5562881423950194,0.4311,0.0034600000000000186,2331.0688292980194
same_updates,m_sam,512,,707,1.5513668060302734,0.43359375,1.5589773221206664,0.43696,1.557234781074524,0.4328,0.004159999999999997,2334.4356293678284
same_updates,m_sam,512,,708,1.610112190246582,0.4140625,1.5606702127456664,0.43976,1.5596939208984375,0.438,0.0017599999999999838,2337.681288957596
same_updates,m_sam,512,,709,1.5292425155639648,0.4609375,1.5642634783172606,0.4397,1.563663271331787,0.437,0.00269999999999998,2341.0093817710876
same_updates,m_sam,512,,710,1.562605619430542,0.412109375,1.568685931930542,0.439,1.5681306232452392,0.4409,-0.0019000000000000128,2344.3493089675903
same_updates,m_sam,512,,711,1.481657862663269,0.474609375,1.567605237388611,0.4386,1.5668309064865111,0.4391,-0.0005000000000000004,2347.584067106247
same_updates,m_sam,512,,712,1.5634238719940186,0.44140625,1.5497550994873046,0.44182,1.548451859474182,0.4402,0.0016200000000000103,2350.923573255539
same_updates,m_sam,512,,713,1.533669114112854,0.439453125,1.5418571015167237,0.44182,1.5399443267822266,0.4406,0.0012199999999999989,2354.1392652988434
same_updates,m_sam,512,,714,1.576083779335022,0.4375,1.5427575378417968,0.43908,1.5409767112731934,0.4375,0.0015800000000000258,2357.4325082302094
same_updates,m_sam,512,,715,1.5454763174057007,0.443359375,1.5471665063095092,0.43874,1.5463549320220946,0.4361,0.002640000000000031,2360.6392769813538
same_updates,m_sam,512,,716,1.6244745254516602,0.39453125,1.5561059273529052,0.43524,1.5560300239562987,0.4328,0.0024399999999999977,2363.985859632492
same_updates,m_sam,512,,717,1.5323383808135986,0.4609375,1.570766040687561,0.4319,1.5715193592071532,0.4292,0.00269999999999998,2367.307931661606
same_updates,m_sam,512,,718,1.555092692375183,0.43359375,1.57450810546875,0.43122,1.5754291744232178,0.4286,0.002620000000000011,2370.6143233776093
same_updates,m_sam,512,,719,1.5797812938690186,0.412109375,1.5581306443023681,0.4353,1.5586911670684815,0.4332,0.0021000000000000463,2373.9007217884064
same_updates,m_sam,512,,720,1.503920316696167,0.44140625,1.5504512377166748,0.43676,1.550552011489868,0.4334,0.003359999999999974,2377.2602326869965
same_updates,m_sam,512,,721,1.5244567394256592,0.45703125,1.5495891772460937,0.43918,1.5496404026031494,0.4359,0.003280000000000005,2380.5574560165405
same_updates,m_sam,512,,722,1.530935287475586,0.423828125,1.5506815118408204,0.44032,1.550208169555664,0.4367,0.003620000000000012,2383.799949169159
same_updates,m_sam,512,,723,1.5255250930786133,0.443359375,1.5601462698364257,0.43678,1.5589955507278443,0.4351,0.0016800000000000148,2387.13551402092
same_updates,m_sam,512,,724,1.5649285316467285,0.486328125,1.5776206018829346,0.43188,1.5761544631958009,0.4281,0.0037800000000000056,2390.436456680298
same_updates,m_sam,512,,725,1.5502753257751465,0.443359375,1.5768948904418945,0.43232,1.5750252452850342,0.4295,0.002819999999999989,2393.799917936325
same_updates,m_sam,512,,726,1.527893304824829,0.439453125,1.5571487607192993,0.43628,1.554920311164856,0.4334,0.0028799999999999937,2397.1152260303497
same_updates,m_sam,512,,727,1.5307862758636475,0.455078125,1.5423419663238525,0.43776,1.5398321620941162,0.4347,0.003060000000000007,2400.382492542267
same_updates,m_sam,512,,728,1.5221173763275146,0.470703125,1.5429366119766235,0.43646,1.5409955638885497,0.4341,0.0023600000000000287,2403.663846731186
same_updates,m_sam,512,,729,1.5459823608398438,0.447265625,1.550007275466919,0.4358,1.5490815172195433,0.4356,0.00020000000000003348,2406.9941880702972
same_updates,m_sam,512,,730,1.527282476425171,0.42578125,1.566239888305664,0.43132,1.5663139610290526,0.4319,-0.0005800000000000249,2410.276702642441
same_updates,m_sam,512,,731,1.5602015256881714,0.4453125,1.5747434949111938,0.43128,1.5752138679504395,0.4325,-0.0012199999999999989,2413.5829021930695
same_updates,m_sam,512,,732,1.544696569442749,0.423828125,1.564598176612854,0.43464,1.5646075918197633,0.4316,0.0030400000000000427,2416.919291973114
same_updates,m_sam,512,,733,1.5958566665649414,0.390625,1.554167236289978,0.43824,1.5534774959564208,0.4348,0.0034399999999999986,2420.2219293117523
same_updates,m_sam,512,,734,1.6001251935958862,0.416015625,1.5508881432724,0.43844,1.5492763931274414,0.4362,0.0022400000000000198,2423.524691104889
same_updates,m_sam,512,,735,1.557761311531067,0.443359375,1.554362062034607,0.43732,1.5517103818893432,0.435,0.0023199999999999887,2426.7606008052826
same_updates,m_sam,512,,736,1.5037882328033447,0.447265625,1.5650097570037842,0.4343,1.5619974582672118,0.4315,0.0028000000000000247,2430.0807213783264
same_updates,m_sam,512,,737,1.5528169870376587,0.435546875,1.5656618041610717,0.43422,1.5618627351760865,0.4306,0.003620000000000012,2433.388065099716
same_updates,m_sam,512,,738,1.569740653038025,0.4140625,1.5557507509994506,0.43768,1.5515000059127808,0.4352,0.0024800000000000377,2436.6724734306335
same_updates,m_sam,512,,739,1.5148836374282837,0.443359375,1.5556381986236572,0.43796,1.5519881238937379,0.4361,0.0018600000000000283,2439.927696466446
same_updates,m_sam,512,,740,1.5740079879760742,0.447265625,1.54753432346344,0.43972,1.5442447729110718,0.4397,2.0000000000020002e-05,2443.25146985054
same_updates,m_sam,512,,741,1.6101949214935303,0.408203125,1.5441925521469115,0.44082,1.5416466373443602,0.4416,-0.0007800000000000029,2446.502036333084
same_updates,m_sam,512,,742,1.5414178371429443,0.451171875,1.5500622322845459,0.43884,1.5483578407287597,0.4385,0.00034000000000000696,2449.8180491924286
same_updates,m_sam,512,,743,1.5574016571044922,0.4453125,1.5582212790679932,0.43592,1.5568048629760742,0.4341,0.0018199999999999883,2453.132874727249
same_updates,m_sam,512,,744,1.5563180446624756,0.427734375,1.55107416015625,0.437,1.5492396579742431,0.4351,0.0019000000000000128,2456.3800568580627
same_updates,m_sam,512,,745,1.4667167663574219,0.443359375,1.5363453393936157,0.44056,1.5332176971435547,0.4376,0.002960000000000018,2459.7151577472687
same_updates,m_sam,512,,746,1.524117112159729,0.4375,1.5367091344833375,0.43984,1.5327784725189209,0.4353,0.0045399999999999885,2463.0757818222046
same_updates,m_sam,512,,747,1.5409376621246338,0.46484375,1.5470361794281007,0.43522,1.5422723636627198,0.4344,0.0008199999999999874,2466.4206149578094
same_updates,m_sam,512,,748,1.5844049453735352,0.3828125,1.556815551223755,0.43202,1.551590312576294,0.4292,0.002819999999999989,2469.758064508438
same_updates,m_sam,512,,749,1.513513445854187,0.421875,1.5537931494140624,0.43422,1.5485905839920044,0.4304,0.00381999999999999,2473.0812628269196
same_updates,m_sam,512,,750,1.5347373485565186,0.44921875,1.5461058977508544,0.43746,1.541593271636963,0.4364,0.0010600000000000054,2476.3912394046783
same_updates,m_sam,512,,751,1.509307622909546,0.45703125,1.5407827420806885,0.44044,1.5373227891921997,0.4381,0.0023400000000000087,2479.713591337204
same_updates,m_sam,512,,752,1.4985015392303467,0.46875,1.539910241622925,0.44082,1.5380379779815674,0.4366,0.0042200000000000015,2483.057060956955
same_updates,m_sam,512,,753,1.4968314170837402,0.462890625,1.5504854497909546,0.43788,1.5500602771759033,0.4353,0.002579999999999971,2486.4211037158966
same_updates,m_sam,512,,754,1.581885576248169,0.380859375,1.5549866271591186,0.43464,1.55552002658844,0.4361,-0.0014599999999999613,2489.7284741401672
same_updates,m_sam,512,,755,1.5225024223327637,0.44921875,1.5463070233154297,0.43822,1.5469843912124634,0.4383,-8.00000000000245e-05,2493.045461177826
same_updates,m_sam,512,,756,1.5726016759872437,0.431640625,1.5407358993530273,0.4404,1.5413856323242188,0.4382,0.0022000000000000353,2496.307716846466
same_updates,m_sam,512,,757,1.5391209125518799,0.416015625,1.53554103515625,0.4428,1.5357741319656373,0.438,0.0048000000000000265,2499.5895063877106
same_updates,m_sam,512,,758,1.4843571186065674,0.447265625,1.5370469451141358,0.4419,1.5368806463241578,0.4374,0.004500000000000004,2502.9571380615234
same_updates,m_sam,512,,759,1.5833743810653687,0.41796875,1.5385207444000244,0.44244,1.5379987596511842,0.4375,0.00494,2506.162115573883
same_updates,m_sam,512,,760,1.5650746822357178,0.421875,1.5493237883758544,0.43766,1.5490481273651122,0.4351,0.0025600000000000067,2509.4872241020203
same_updates,m_sam,512,,761,1.5287092924118042,0.431640625,1.5548151934432983,0.43402,1.55479896774292,0.4281,0.005920000000000036,2512.8291177749634
same_updates,m_sam,512,,762,1.5897798538208008,0.41796875,1.5544603274154662,0.43382,1.5548467514038087,0.429,0.004819999999999991,2516.1010332107544
same_updates,m_sam,512,,763,1.5504441261291504,0.412109375,1.5569639057159423,0.4337,1.558282378387451,0.4314,0.0022999999999999687,2519.414120197296
same_updates,m_sam,512,,764,1.4916599988937378,0.48828125,1.5586619902801513,0.4361,1.5608194126129151,0.4324,0.003699999999999981,2522.756660223007
same_updates,m_sam,512,,765,1.5571208000183105,0.453125,1.5513281573486328,0.43972,1.553860773086548,0.436,0.003720000000000001,2526.0374088287354
same_updates,m_sam,512,,766,1.4781577587127686,0.47265625,1.5329700213623048,0.44508,1.5353147705078125,0.4416,0.003479999999999983,2529.3641288280487
same_updates,m_sam,512,,767,1.4734097719192505,0.490234375,1.5249316775894166,0.44564,1.5269296604156495,0.4397,0.005940000000000001,2532.6829080581665
same_updates,m_sam,512,,768,1.5325734615325928,0.439453125,1.5193411324691772,0.44818,1.5208973417282103,0.4422,0.005980000000000041,2536.0072326660156
same_updates,m_sam,512,,769,1.5430235862731934,0.4296875,1.5205859432220459,0.44804,1.5220833000183105,0.4402,0.007840000000000014,2539.383935213089
same_updates,m_sam,512,,770,1.5026435852050781,0.453125,1.5250798836898805,0.44658,1.5263974241256715,0.4406,0.005979999999999985,2542.7408549785614
same_updates,m_sam,512,,771,1.4830958843231201,0.44140625,1.5401460763168335,0.44214,1.5412186225891114,0.4369,0.005239999999999967,2546.0587346553802
same_updates,m_sam,512,,772,1.532170057296753,0.4609375,1.5566745861434936,0.43576,1.5571020349502565,0.4309,0.0048599999999999755,2549.3729672431946
same_updates,m_sam,512,,773,1.5132893323898315,0.439453125,1.5457484143447875,0.43674,1.544970281791687,0.4323,0.0044399999999999995,2552.6449658870697
same_updates,m_sam,512,,774,1.5187513828277588,0.458984375,1.5372426876068115,0.4368,1.53560069732666,0.4365,0.00030000000000002247,2555.949554681778
same_updates,m_sam,512,,775,1.4830312728881836,0.482421875,1.5330725793075561,0.44122,1.5315831014633179,0.4371,0.0041200000000000125,2559.2557022571564
same_updates,m_sam,512,,776,1.4552280902862549,0.486328125,1.5405022887420654,0.4422,1.5400531913757325,0.4412,0.0010000000000000009,2562.5397741794586
same_updates,m_sam,512,,777,1.5665512084960938,0.408203125,1.556348605117798,0.44068,1.5569088735580445,0.4363,0.004379999999999995,2565.8426673412323
same_updates,m_sam,512,,778,1.5374014377593994,0.408203125,1.5563206719970704,0.4405,1.5569653381347657,0.4405,0.0,2569.1105217933655
same_updates,m_sam,512,,779,1.5089048147201538,0.44140625,1.544484231033325,0.44322,1.5450774017333984,0.4431,0.00012000000000000899,2572.4391062259674
same_updates,m_sam,512,,780,1.506972312927246,0.447265625,1.5240932013320923,0.4487,1.5239027732849122,0.4512,-0.0025000000000000022,2575.7120611667633
same_updates,m_sam,512,,781,1.599483609199524,0.3984375,1.5117847491836547,0.4508,1.5102811714172364,0.4522,-0.0014000000000000123,2579.012463092804
same_updates,m_sam,512,,782,1.5534226894378662,0.43359375,1.5110890126800538,0.44808,1.5088174125671387,0.4487,-0.0006200000000000094,2582.2478210926056
same_updates,m_sam,512,,783,1.5282777547836304,0.431640625,1.5146031797027588,0.44694,1.5125834819793702,0.4421,0.004840000000000011,2585.541493654251
same_updates,m_sam,512,,784,1.4663821458816528,0.4494047619047619,1.5238831329727174,0.44342,1.5226088933944701,0.438,0.00541999999999998,2588.8375115394592
same_updates,m_sam,512,,785,1.5187207460403442,0.4296875,1.5458966649627686,0.43658,1.5457007331848145,0.433,0.0035800000000000276,2592.1802237033844
same_updates,m_sam,512,,786,1.5732638835906982,0.416015625,1.5707457247543335,0.4321,1.571369938468933,0.43,0.0020999999999999908,2595.552119255066
same_updates,m_sam,512,,787,1.5288939476013184,0.427734375,1.580197052001953,0.43094,1.5812109119415283,0.4295,0.0014399999999999968,2598.901495695114
same_updates,m_sam,512,,788,1.5740270614624023,0.408203125,1.5618037188720704,0.4356,1.5624618957519532,0.4356,0.0,2602.1505484580994
same_updates,m_sam,512,,789,1.5106723308563232,0.4765625,1.5370542593002319,0.44286,1.5364047187805177,0.4426,0.00025999999999998247,2605.449291229248
same_updates,m_sam,512,,790,1.564568042755127,0.42578125,1.5240645950698852,0.44844,1.5221169792175293,0.4463,0.0021400000000000308,2608.7655925750732
same_updates,m_sam,512,,791,1.5396246910095215,0.431640625,1.5227293534088135,0.4498,1.5199950412750245,0.4469,0.002899999999999958,2612.113023996353
same_updates,m_sam,512,,792,1.6155354976654053,0.404296875,1.5283810720062256,0.44856,1.5260815732955932,0.4468,0.0017600000000000393,2615.415479660034
same_updates,m_sam,512,,793,1.5801444053649902,0.43359375,1.5378528742218018,0.44574,1.5361924741744994,0.4435,0.0022400000000000198,2618.7847378253937
same_updates,m_sam,512,,794,1.5588668584823608,0.4453125,1.5426176888275147,0.44476,1.5419042028427123,0.4426,0.0021599999999999953,2622.049147129059
same_updates,m_sam,512,,795,1.5257900953292847,0.478515625,1.5365815545654298,0.44684,1.5367687339782714,0.4443,0.0025400000000000422,2625.351858139038
same_updates,m_sam,512,,796,1.5786254405975342,0.431640625,1.5291701613616944,0.4493,1.5296666540145873,0.4463,0.0030000000000000027,2628.6323313713074
same_updates,m_sam,512,,797,1.5550882816314697,0.4453125,1.5239860973739625,0.44798,1.5245100620269776,0.4436,0.004379999999999995,2631.930399417877
same_updates,m_sam,512,,798,1.540898084640503,0.443359375,1.5215230474090575,0.44768,1.5220639114379884,0.443,0.0046800000000000175,2635.1766500473022
same_updates,m_sam,512,,799,1.5105412006378174,0.462890625,1.5231631784057618,0.44636,1.5237230659484864,0.4422,0.004159999999999997,2638.42897105217
same_updates,m_sam,512,,800,1.5083563327789307,0.453125,1.5296755136871338,0.44322,1.5301751811981201,0.4387,0.004520000000000024,2641.68999171257
same_updates,m_sam,512,,801,1.5610066652297974,0.419921875,1.5410784982681274,0.4404,1.5411172477722168,0.4373,0.0030999999999999917,2644.9628252983093
same_updates,m_sam,512,,802,1.5466868877410889,0.41796875,1.5434564349746704,0.4393,1.5431324529647827,0.4376,0.0017000000000000348,2648.2639701366425
same_updates,m_sam,512,,803,1.5797107219696045,0.421875,1.5414974087524413,0.4411,1.5410392419815064,0.4417,-0.0005999999999999894,2651.5380597114563
same_updates,m_sam,512,,804,1.5366791486740112,0.45703125,1.5294332483291626,0.44564,1.5288024518966674,0.4437,0.0019399999999999973,2654.796175956726
same_updates,m_sam,512,,805,1.5110646486282349,0.439453125,1.5245504973983766,0.4497,1.524444888496399,0.4482,0.0015000000000000013,2658.057590007782
same_updates,m_sam,512,,806,1.5723377466201782,0.439453125,1.5250889525604248,0.4521,1.5254614318847657,0.4506,0.0015000000000000013,2661.3852417469025
same_updates,m_sam,512,,807,1.4984842538833618,0.46484375,1.5321422662734985,0.45094,1.5327857826232911,0.4505,0.00043999999999999595,2664.6743865013123
same_updates,m_sam,512,,808,1.5242159366607666,0.41796875,1.543585385131836,0.44816,1.5441548522949218,0.4489,-0.0007400000000000184,2667.931601524353
same_updates,m_sam,512,,809,1.437788486480713,0.49609375,1.548118095741272,0.44548,1.5483441051483153,0.4454,7.999999999996898e-05,2671.2251048088074
same_updates,m_sam,512,,810,1.5353527069091797,0.451171875,1.5268808055877685,0.45024,1.526591512298584,0.4458,0.0044399999999999995,2674.486515522003
same_updates,m_sam,512,,811,1.4907341003417969,0.4609375,1.515570397872925,0.45214,1.5147153917312621,0.4491,0.003039999999999987,2677.736123561859
same_updates,m_sam,512,,812,1.53494131565094,0.458984375,1.5148509477233887,0.44952,1.5140951511383056,0.4469,0.0026199999999999557,2681.002252101898
same_updates,m_sam,512,,813,1.5082340240478516,0.46875,1.5168142650985719,0.44852,1.5169633899688721,0.448,0.0005199999999999649,2684.2528789043427
same_updates,m_sam,512,,814,1.5897331237792969,0.423828125,1.5225265613555907,0.44672,1.5234589157104492,0.4437,0.0030200000000000227,2687.588599205017
same_updates,m_sam,512,,815,1.494674563407898,0.46484375,1.5361478113174438,0.44362,1.538203522491455,0.4405,0.0031200000000000117,2690.9084329605103
same_updates,m_sam,512,,816,1.5189361572265625,0.44921875,1.5461388564682006,0.44108,1.5486259754180909,0.4382,0.002880000000000049,2694.164298057556
same_updates,m_sam,512,,817,1.5455670356750488,0.431640625,1.5352649032592773,0.44532,1.5375388236999512,0.4423,0.003019999999999967,2697.5003414154053
same_updates,m_sam,512,,818,1.4713022708892822,0.447265625,1.5265610083007812,0.4473,1.528181451034546,0.4439,0.0033999999999999586,2700.819350719452
same_updates,m_sam,512,,819,1.4835907220840454,0.48046875,1.5238570901489257,0.4491,1.524849097442627,0.4472,0.0019000000000000128,2704.096808195114
same_updates,m_sam,512,,820,1.485141396522522,0.455078125,1.5234560549163818,0.44934,1.523370446586609,0.4475,0.0018400000000000083,2707.3936865329742
same_updates,m_sam,512,,821,1.4910712242126465,0.4453125,1.529503448448181,0.4472,1.528579306793213,0.4459,0.0012999999999999678,2710.728342294693
same_updates,m_sam,512,,822,1.5332775115966797,0.494140625,1.5482902215957641,0.44086,1.547252809715271,0.4392,0.0016599999999999948,2714.0645594596863
same_updates,m_sam,512,,823,1.519557237625122,0.466796875,1.5569950777435302,0.43948,1.5558257410049439,0.4377,0.0017800000000000038,2717.4232170581818
same_updates,m_sam,512,,824,1.4985425472259521,0.443359375,1.540605630569458,0.44362,1.5393442888259887,0.4413,0.0023199999999999887,2720.7564821243286
same_updates,m_sam,512,,825,1.493349552154541,0.470703125,1.518938858985901,0.4469,1.5177111686706544,0.4476,-0.0006999999999999784,2724.1270575523376
same_updates,m_sam,512,,826,1.4785423278808594,0.48828125,1.516510373878479,0.44672,1.515722548675537,0.4475,-0.0007800000000000029,2727.401350736618
same_updates,m_sam,512,,827,1.511155366897583,0.4609375,1.517005018081665,0.44678,1.5170335609436034,0.4497,-0.002919999999999978,2730.6473586559296
same_updates,m_sam,512,,828,1.4983775615692139,0.4296875,1.5269333992767333,0.44644,1.528100950050354,0.4462,0.00024000000000001798,2733.957020998001
same_updates,m_sam,512,,829,1.5256088972091675,0.462890625,1.542139650039673,0.44424,1.5439373973846435,0.4425,0.0017400000000000193,2737.1628835201263
same_updates,m_sam,512,,830,1.5065711736679077,0.4453125,1.544310892715454,0.4432,1.5458099586486815,0.4415,0.0016999999999999793,2740.5225229263306
same_updates,m_sam,512,,831,1.5643335580825806,0.40625,1.541803924293518,0.44328,1.5427408950805663,0.442,0.0012800000000000034,2743.815705537796
same_updates,m_sam,512,,832,1.5669896602630615,0.419921875,1.5380236724090577,0.44416,1.5381026870727539,0.4409,0.003259999999999985,2747.167558193207
same_updates,m_sam,512,,833,1.5284943580627441,0.455078125,1.5331745233917236,0.44458,1.5317838108062745,0.4416,0.0029799999999999827,2750.4708836078644
same_updates,m_sam,512,,834,1.4658396244049072,0.44921875,1.5343500406646728,0.44524,1.5320920951843262,0.4419,0.0033400000000000096,2753.821363210678
same_updates,m_sam,512,,835,1.5202429294586182,0.44140625,1.5334707690429688,0.44516,1.5302377824783324,0.4433,0.0018599999999999728,2757.160410642624
same_updates,m_sam,512,,836,1.5412901639938354,0.421875,1.5297456797027589,0.44618,1.526190900039673,0.4467,-0.0005199999999999649,2760.3961141109467
same_updates,m_sam,512,,837,1.483290672302246,0.455078125,1.5354568384552,0.44604,1.5326030252456666,0.4453,0.0007400000000000184,2763.608235359192
same_updates,m_sam,512,,838,1.543088674545288,0.451171875,1.5306876855087281,0.44712,1.5282828342437744,0.4482,-0.0010799999999999699,2766.841074705124
same_updates,m_sam,512,,839,1.5832421779632568,0.427734375,1.5219495695495606,0.4506,1.5201735586166383,0.4521,-0.0015000000000000013,2770.080843925476
same_updates,m_sam,512,,840,1.496738076210022,0.47265625,1.518619448814392,0.45256,1.5174675148010255,0.4532,-0.0006399999999999739,2773.3447296619415
same_updates,m_sam,512,,841,1.5165129899978638,0.462890625,1.5188890033721925,0.452,1.5178075799942017,0.4508,0.0012000000000000344,2776.6417140960693
same_updates,m_sam,512,,842,1.5175296068191528,0.435546875,1.514163365135193,0.4511,1.5126199451446534,0.45,0.0010999999999999899,2779.9390058517456
same_updates,m_sam,512,,843,1.4301583766937256,0.45703125,1.5081937966918946,0.45138,1.5056278228759765,0.4487,0.0026800000000000157,2783.2498829364777
same_updates,m_sam,512,,844,1.4858894348144531,0.447265625,1.517334803390503,0.44686,1.5142991230010987,0.4427,0.004159999999999997,2786.5874621868134
same_updates,m_sam,512,,845,1.5059605836868286,0.48828125,1.5315966632461548,0.44116,1.527795259475708,0.4369,0.004259999999999986,2789.8993268013
same_updates,m_sam,512,,846,1.5544780492782593,0.39453125,1.534297221031189,0.4413,1.529844267654419,0.4374,0.0039000000000000146,2793.083667755127
same_updates,m_sam,512,,847,1.4757710695266724,0.4296875,1.52220407371521,0.44566,1.5175035766601563,0.446,-0.00034000000000000696,2796.3285167217255
same_updates,m_sam,512,,848,1.4975255727767944,0.462890625,1.5115181455230713,0.45084,1.5074911283493042,0.451,-0.00015999999999999348,2799.637502193451
same_updates,m_sam,512,,849,1.4773308038711548,0.462890625,1.5076252332687379,0.45196,1.5048712392807007,0.4515,0.00045999999999996044,2802.956706047058
same_updates,m_sam,512,,850,1.460916519165039,0.484375,1.5129264828872682,0.45112,1.5120904201507568,0.4467,0.004420000000000035,2806.3181822299957
same_updates,m_sam,512,,851,1.4691320657730103,0.4765625,1.5270173551940918,0.44778,1.5276850051879882,0.4428,0.0049799999999999844,2809.567278623581
same_updates,m_sam,512,,852,1.555370569229126,0.404296875,1.5293393848800658,0.44638,1.5309532695770263,0.4431,0.003280000000000005,2812.8647181987762
same_updates,m_sam,512,,853,1.4910697937011719,0.447265625,1.517177734260559,0.449,1.5187355503082276,0.4496,-0.0005999999999999894,2816.2038407325745
same_updates,m_sam,512,,854,1.5422345399856567,0.45703125,1.509695926437378,0.45126,1.510988048171997,0.4517,-0.00043999999999999595,2819.5283534526825
same_updates,m_sam,512,,855,1.5041595697402954,0.44921875,1.505755198059082,0.45346,1.5066525959014894,0.4475,0.005959999999999965,2822.892744779587
same_updates,m_sam,512,,856,1.451493501663208,0.455078125,1.513391439666748,0.45114,1.5141356395721435,0.4469,0.004239999999999966,2826.2303519248962
same_updates,m_sam,512,,857,1.546656608581543,0.4375,1.5216773721313477,0.44912,1.5223293312072754,0.4454,0.003720000000000001,2829.5372788906097
same_updates,m_sam,512,,858,1.5303722620010376,0.4296875,1.536209232711792,0.44268,1.537353849029541,0.4381,0.0045800000000000285,2832.771973848343
same_updates,m_sam,512,,859,1.4945192337036133,0.443359375,1.5380181658554077,0.44132,1.5394621288299561,0.436,0.005319999999999991,2836.054081916809
same_updates,m_sam,512,,860,1.5571421384811401,0.4453125,1.5295120763397216,0.4428,1.531192188644409,0.4364,0.006400000000000017,2839.362526655197
same_updates,m_sam,512,,861,1.5134162902832031,0.439453125,1.524707699546814,0.44602,1.5272632930755616,0.441,0.0050200000000000244,2842.6539590358734
same_updates,m_sam,512,,862,1.4605242013931274,0.5,1.520557964553833,0.4499,1.5239537117004394,0.4455,0.004400000000000015,2845.9236986637115
same_updates,m_sam,512,,863,1.518279790878296,0.46875,1.5188803324127198,0.45212,1.5228246849060059,0.448,0.0041200000000000125,2849.2029941082
same_updates,m_sam,512,,864,1.4483981132507324,0.474609375,1.5088888442993165,0.45586,1.5129087480545045,0.4506,0.005259999999999987,2852.4948744773865
same_updates,m_sam,512,,865,1.4350206851959229,0.505859375,1.503446032333374,0.45718,1.5070683696746827,0.4487,0.008479999999999988,2855.7941896915436
same_updates,m_sam,512,,866,1.5064245462417603,0.458984375,1.4958037189102174,0.45812,1.498737134361267,0.4504,0.007720000000000005,2859.019282102585
same_updates,m_sam,512,,867,1.514577865600586,0.44140625,1.4943974224090577,0.45756,1.4969217308044434,0.4502,0.007360000000000033,2862.3186082839966
same_updates,m_sam,512,,868,1.4703694581985474,0.462890625,1.4960480270385743,0.45754,1.4982329677581787,0.4519,0.005639999999999978,2865.5924479961395
same_updates,m_sam,512,,869,1.4513181447982788,0.462890625,1.5086037166976929,0.45502,1.5106842395782472,0.4485,0.00651999999999997,2868.913967847824
same_updates,m_sam,512,,870,1.4916012287139893,0.482421875,1.5303213488769531,0.4473,1.5319462619781494,0.4427,0.004599999999999993,2872.251332759857
same_updates,m_sam,512,,871,1.4871450662612915,0.44921875,1.5253899303817748,0.44678,1.5260337245941162,0.4417,0.005080000000000029,2875.5395183563232
same_updates,m_sam,512,,872,1.479923963546753,0.47265625,1.5147995246505737,0.44802,1.514538468170166,0.4462,0.0018199999999999883,2878.829807281494
same_updates,m_sam,512,,873,1.4493372440338135,0.505859375,1.5071039408111573,0.45172,1.506766116142273,0.4514,0.00031999999999998696,2882.1471638679504
same_updates,m_sam,512,,874,1.4200935363769531,0.498046875,1.5096015710830688,0.45458,1.5101378578186035,0.4511,0.003479999999999983,2885.4566814899445
same_updates,m_sam,512,,875,1.5328419208526611,0.427734375,1.5194148322296142,0.453,1.5211886825561522,0.4513,0.0017000000000000348,2888.7605409622192
same_updates,m_sam,512,,876,1.4998433589935303,0.423828125,1.5216563703155517,0.453,1.5235867385864257,0.4508,0.0022000000000000353,2892.037189245224
same_updates,m_sam,512,,877,1.4694852828979492,0.45703125,1.5190062995147704,0.45354,1.5209799957275392,0.4514,0.0021399999999999753,2895.325336933136
same_updates,m_sam,512,,878,1.4663951396942139,0.46484375,1.5011268097305297,0.45882,1.5023595561981202,0.4543,0.004520000000000024,2898.6721427440643
same_updates,m_sam,512,,879,1.5571435689926147,0.41796875,1.486781350402832,0.4611,1.4866166507720948,0.4574,0.0037000000000000366,2902.003688812256
same_updates,m_sam,512,,880,1.5115699768066406,0.45703125,1.4873358933258056,0.4586,1.4861527675628663,0.4534,0.005199999999999982,2905.3233947753906
same_updates,m_sam,512,,881,1.4912805557250977,0.45703125,1.4910613666534425,0.45712,1.4900001220703125,0.4499,0.007220000000000004,2908.6602861881256
same_updates,m_sam,512,,882,1.4316720962524414,0.4642857142857143,1.49951233543396,0.45414,1.4993154220581055,0.448,0.006139999999999979,2911.903605222702
same_updates,m_sam,512,,883,1.4843227863311768,0.447265625,1.5204051080322265,0.44786,1.521539919090271,0.4433,0.004559999999999953,2915.1946654319763
same_updates,m_sam,512,,884,1.5367578268051147,0.435546875,1.5463158099746703,0.44234,1.5482941650390625,0.4389,0.0034399999999999986,2918.561740875244
same_updates,m_sam,512,,885,1.4922399520874023,0.45703125,1.5590087924194336,0.44078,1.5613921367645263,0.4404,0.00037999999999999146,2921.824390888214
same_updates,m_sam,512,,886,1.5422947406768799,0.416015625,1.542920177230835,0.44486,1.5448852478027344,0.4439,0.0009599999999999609,2925.079350709915
same_updates,m_sam,512,,887,1.4785840511322021,0.484375,1.5158333277130127,0.4523,1.516462398147583,0.4517,0.0005999999999999894,2928.3570878505707
same_updates,m_sam,512,,888,1.5281083583831787,0.43359375,1.5004714627838134,0.4569,1.4996007598876953,0.4555,0.0013999999999999568,2931.641188144684
same_updates,m_sam,512,,889,1.505211353302002,0.455078125,1.4986153384399414,0.45872,1.4966957002639771,0.4553,0.003420000000000034,2934.953428506851
same_updates,m_sam,512,,890,1.5865002870559692,0.416015625,1.5022787976837157,0.45784,1.5007003463745117,0.4541,0.003740000000000021,2938.2828760147095
same_updates,m_sam,512,,891,1.5433592796325684,0.44140625,1.5123164456939697,0.45422,1.5114248449325562,0.4504,0.00381999999999999,2941.534227371216
same_updates,m_sam,512,,892,1.521946668624878,0.45703125,1.5191652208709716,0.45204,1.5193248327255249,0.451,0.0010399999999999854,2944.8518238067627
same_updates,m_sam,512,,893,1.4868505001068115,0.5,1.5147214721298217,0.45434,1.5157768249511718,0.4529,0.0014399999999999968,2948.1435837745667
same_updates,m_sam,512,,894,1.5497841835021973,0.431640625,1.5054460607528686,0.45638,1.5066968139648438,0.4521,0.004280000000000006,2951.461855649948
same_updates,m_sam,512,,895,1.5154396295547485,0.466796875,1.497273243598938,0.45898,1.498413417816162,0.4538,0.005180000000000018,2954.763452529907
same_updates,m_sam,512,,896,1.5059056282043457,0.44921875,1.49300557762146,0.45912,1.49399128074646,0.4542,0.00491999999999998,2958.055697441101
same_updates,m_sam,512,,897,1.477668046951294,0.474609375,1.4922478889465332,0.45958,1.4931008945465087,0.4523,0.007280000000000009,2961.4032928943634
same_updates,m_sam,512,,898,1.4751172065734863,0.4609375,1.4977499935531615,0.45642,1.4985051748275757,0.4514,0.005019999999999969,2964.7753319740295
same_updates,m_sam,512,,899,1.5299121141433716,0.4296875,1.5136448920059205,0.44982,1.5141405467987061,0.4482,0.0016200000000000103,2968.03187417984
same_updates,m_sam,512,,900,1.5135209560394287,0.427734375,1.5213073580932617,0.44816,1.5217929153442382,0.4474,0.0007599999999999829,2971.320168495178
same_updates,m_sam,512,,901,1.5430984497070312,0.431640625,1.5204959399414062,0.44954,1.5211958156585694,0.4516,-0.0020600000000000063,2974.614688873291
same_updates,m_sam,512,,902,1.5031282901763916,0.46875,1.506265733718872,0.4566,1.5070472831726074,0.4556,0.0010000000000000009,2977.8857367038727
same_updates,m_sam,512,,903,1.4725183248519897,0.44921875,1.4979714514541627,0.46132,1.4991897686004638,0.4591,0.0022199999999999998,2981.145557641983
same_updates,m_sam,512,,904,1.5377534627914429,0.453125,1.496076429824829,0.46254,1.4975330753326417,0.4622,0.00034000000000000696,2984.417677640915
same_updates,m_sam,512,,905,1.4663914442062378,0.486328125,1.5010918774032593,0.4612,1.5025285318374635,0.4611,9.999999999998899e-05,2987.6965250968933
same_updates,m_sam,512,,906,1.4877231121063232,0.4375,1.5153715686035156,0.45688,1.5166223793029785,0.4596,-0.00272,2990.9544456005096
same_updates,m_sam,512,,907,1.399806022644043,0.509765625,1.528925107383728,0.45138,1.5297561141967773,0.4516,-0.00021999999999999797,2994.2284173965454
same_updates,m_sam,512,,908,1.5088739395141602,0.4453125,1.5103862935638428,0.45454,1.510792043685913,0.4528,0.0017400000000000193,2997.5063712596893
same_updates,m_sam,512,,909,1.4496479034423828,0.470703125,1.4965390341186524,0.45666,1.4964239463806153,0.4541,0.0025600000000000067,3000.80926322937
same_updates,m_sam,512,,910,1.499776840209961,0.458984375,1.4931696781921386,0.45618,1.4929979290008546,0.4544,0.0017799999999999483,3004.0069901943207
same_updates,m_sam,512,,911,1.4792855978012085,0.4765625,1.4917078156280517,0.45854,1.492401676750183,0.456,0.0025399999999999867,3007.364243030548
same_updates,m_sam,512,,912,1.5609123706817627,0.439453125,1.4940715026473999,0.45892,1.49581513671875,0.4525,0.006419999999999981,3010.65185046196
same_updates,m_sam,512,,913,1.4634534120559692,0.48046875,1.5044813803100585,0.45682,1.5077009866714477,0.4529,0.003919999999999979,3013.9461493492126
same_updates,m_sam,512,,914,1.4836814403533936,0.458984375,1.5161145959091187,0.45278,1.5198500415802,0.4489,0.0038799999999999946,3017.26900267601
same_updates,m_sam,512,,915,1.5123956203460693,0.451171875,1.509306506576538,0.45588,1.512916216659546,0.4524,0.003479999999999983,3020.59659409523
same_updates,m_sam,512,,916,1.442577600479126,0.46875,1.5034931085968017,0.457,1.5065223657608031,0.4533,0.0037000000000000366,3023.928948879242
same_updates,m_sam,512,,917,1.450741171836853,0.505859375,1.5031127069854737,0.45784,1.5052729251861572,0.4553,0.0025400000000000422,3027.1923422813416
same_updates,m_sam,512,,918,1.4483795166015625,0.46484375,1.5043238656616211,0.45656,1.5051727378845214,0.4525,0.004060000000000008,3030.4086735248566
same_updates,m_sam,512,,919,1.4605603218078613,0.453125,1.5094870781707763,0.4541,1.509465312576294,0.4513,0.0028000000000000247,3033.6355249881744
same_updates,m_sam,512,,920,1.5046179294586182,0.498046875,1.5245652981948852,0.44828,1.5244932235717774,0.4478,0.00048000000000003595,3036.989889860153
same_updates,m_sam,512,,921,1.4891853332519531,0.46875,1.5296099224853517,0.44824,1.5295621620178224,0.4462,0.0020400000000000418,3040.3274264335632
same_updates,m_sam,512,,922,1.462951898574829,0.455078125,1.5156578924560546,0.4522,1.5156798500061035,0.4473,0.0049000000000000155,3043.6489765644073
same_updates,m_sam,512,,923,1.459821343421936,0.4765625,1.4967663192749023,0.45678,1.4970489980697632,0.4558,0.0009800000000000364,3046.9947681427
same_updates,m_sam,512,,924,1.442220687866211,0.498046875,1.4934674042510987,0.45676,1.4942762851715088,0.4573,-0.0005399999999999849,3050.3190948963165
same_updates,m_sam,512,,925,1.4763457775115967,0.470703125,1.492897477416992,0.45748,1.4943182828903199,0.4583,-0.0008199999999999874,3053.68452334404
same_updates,m_sam,512,,926,1.4675952196121216,0.4296875,1.4989561297988891,0.45758,1.5013053268432617,0.457,0.0005799999999999694,3056.9686665534973
same_updates,m_sam,512,,927,1.4950929880142212,0.4765625,1.5087895951080321,0.4567,1.5116468969345094,0.4545,0.0021999999999999797,3060.320660829544
same_updates,m_sam,512,,928,1.469689130783081,0.470703125,1.5102215545654296,0.45598,1.5126664674758912,0.4553,0.0006800000000000139,3063.664335489273
same_updates,m_sam,512,,929,1.5258362293243408,0.416015625,1.5125533289337159,0.45488,1.5143134189605714,0.4537,0.0011800000000000144,3066.99725317955
same_updates,m_sam,512,,930,1.5293829441070557,0.423828125,1.5158575176239013,0.45448,1.5167108812332153,0.4522,0.0022800000000000042,3070.2587010860443
same_updates,m_sam,512,,931,1.4965894222259521,0.470703125,1.5149151971817016,0.45336,1.5144872951507569,0.4493,0.004060000000000008,3073.5400264263153
same_updates,m_sam,512,,932,1.4264509677886963,0.48046875,1.5145524799346923,0.45232,1.513400668144226,0.4493,0.0030200000000000227,3076.7928121089935
same_updates,m_sam,512,,933,1.490805983543396,0.44921875,1.5095784037017823,0.45408,1.5075395450592042,0.4525,0.0015799999999999703,3080.012265443802
same_updates,m_sam,512,,934,1.5129541158676147,0.4375,1.501003275794983,0.45782,1.4985553686141968,0.4584,-0.0005799999999999694,3083.332845687866
same_updates,m_sam,512,,935,1.4482507705688477,0.482421875,1.5053538976287841,0.45702,1.5034857774734498,0.459,-0.0019800000000000373,3086.6546783447266
same_updates,m_sam,512,,936,1.5073140859603882,0.4921875,1.5027538222885133,0.45782,1.50124783782959,0.4598,-0.0019799999999999818,3089.9906883239746
same_updates,m_sam,512,,937,1.5472139120101929,0.451171875,1.4974230015945436,0.46122,1.4964054748535156,0.462,-0.0007800000000000029,3093.324749469757
same_updates,m_sam,512,,938,1.4592350721359253,0.478515625,1.4955044227218628,0.4618,1.4949774467468262,0.4632,-0.0014000000000000123,3096.627774000168
same_updates,m_sam,512,,939,1.473893165588379,0.474609375,1.4977365557479858,0.46056,1.4972383808135987,0.4586,0.0019600000000000173,3099.92550945282
same_updates,m_sam,512,,940,1.4812018871307373,0.453125,1.4913539599609376,0.46058,1.4904145565032958,0.4585,0.0020799999999999708,3103.263176202774
same_updates,m_sam,512,,941,1.3938167095184326,0.478515625,1.483486888771057,0.46208,1.481640693283081,0.46,0.0020799999999999708,3106.546582698822
same_updates,m_sam,512,,942,1.447814702987671,0.462890625,1.491081834564209,0.45852,1.489043405342102,0.4536,0.00491999999999998,3109.853976726532
same_updates,m_sam,512,,943,1.4737823009490967,0.50390625,1.5069801263427733,0.45218,1.5044637830734253,0.4475,0.0046800000000000175,3113.20841383934
same_updates,m_sam,512,,944,1.5170135498046875,0.3984375,1.5126270970153808,0.45018,1.5096670560836791,0.4469,0.003280000000000005,3116.541425704956
same_updates,m_sam,512,,945,1.4377830028533936,0.455078125,1.4998620038223267,0.45478,1.4966620008468627,0.4524,0.0023799999999999932,3119.8704948425293
same_updates,m_sam,512,,946,1.458230972290039,0.48046875,1.4872632637786865,0.45836,1.4845183898925782,0.4615,-0.0031400000000000317,3123.1888222694397
same_updates,m_sam,512,,947,1.4472126960754395,0.48046875,1.4803379766845703,0.4618,1.4785993629455567,0.4627,-0.0009000000000000119,3126.535537481308
same_updates,m_sam,512,,948,1.426133394241333,0.49609375,1.4832696674346924,0.4622,1.4833856475830078,0.4604,0.0018000000000000238,3129.7748959064484
same_updates,m_sam,512,,949,1.439849615097046,0.4765625,1.4984302639389038,0.45748,1.499957133102417,0.4527,0.0047800000000000065,3133.060329437256
same_updates,m_sam,512,,950,1.527848243713379,0.404296875,1.5055282082748414,0.45566,1.5079382133483887,0.4528,0.002860000000000029,3136.3656272888184
same_updates,m_sam,512,,951,1.457135796546936,0.45703125,1.4949767934417724,0.45848,1.4973677501678466,0.4561,0.0023799999999999932,3139.6699521541595
same_updates,m_sam,512,,952,1.510681390762329,0.466796875,1.4875679921722411,0.4616,1.4896680870056151,0.4585,0.0030999999999999917,3142.996434211731
same_updates,m_sam,512,,953,1.4691379070281982,0.462890625,1.4820279513931274,0.4634,1.4834505207061768,0.4581,0.005299999999999971,3146.311665534973
same_updates,m_sam,512,,954,1.4162861108779907,0.47265625,1.4883380490493774,0.46126,1.4893099058151245,0.4549,0.006359999999999977,3149.560336828232
same_updates,m_sam,512,,955,1.5128828287124634,0.451171875,1.498107771835327,0.45696,1.4990270235061645,0.4515,0.005459999999999965,3152.8498282432556
same_updates,m_sam,512,,956,1.4978736639022827,0.44921875,1.5137989537811278,0.45158,1.5153366622924804,0.4462,0.005379999999999996,3156.1376190185547
same_updates,m_sam,512,,957,1.4582105875015259,0.46875,1.5178113574981689,0.44968,1.519822038078308,0.4431,0.00658000000000003,3159.4896609783173
same_updates,m_sam,512,,958,1.5202577114105225,0.462890625,1.5075610848617553,0.45212,1.5099063873291017,0.4461,0.006020000000000025,3162.7700934410095
same_updates,m_sam,512,,959,1.4713835716247559,0.455078125,1.5016213201141357,0.45528,1.504898367881775,0.4502,0.005080000000000029,3166.10276389122
same_updates,m_sam,512,,960,1.428144097328186,0.5,1.4936798947143555,0.46034,1.4976947597503663,0.4566,0.003740000000000021,3169.4355244636536
same_updates,m_sam,512,,961,1.4814796447753906,0.47265625,1.4863072832489013,0.46408,1.4907380540847779,0.4618,0.0022800000000000042,3172.72252869606
same_updates,m_sam,512,,962,1.4207086563110352,0.486328125,1.4757839225769043,0.46694,1.4801891345977782,0.4637,0.0032400000000000206,3176.0267786979675
same_updates,m_sam,512,,963,1.4034816026687622,0.5234375,1.47312875,0.46806,1.477199059677124,0.4622,0.005859999999999976,3179.3915300369263
same_updates,m_sam,512,,964,1.4782824516296387,0.462890625,1.4712786423110962,0.46772,1.4747022762298585,0.4596,0.008120000000000016,3182.7045397758484
same_updates,m_sam,512,,965,1.4809222221374512,0.466796875,1.4749775504302978,0.4668,1.4780485197067261,0.4573,0.009500000000000008,3185.96888256073
same_updates,m_sam,512,,966,1.4395724534988403,0.4765625,1.4787981299972535,0.46548,1.4815251224517823,0.4562,0.00928000000000001,3189.289350271225
same_updates,m_sam,512,,967,1.412671685218811,0.482421875,1.4871300258255005,0.46322,1.4895678649902344,0.458,0.005220000000000002,3192.597279071808
same_updates,m_sam,512,,968,1.459256649017334,0.486328125,1.501195542793274,0.45898,1.5030683645248413,0.455,0.0039799999999999836,3195.9277629852295
same_updates,m_sam,512,,969,1.4588072299957275,0.46875,1.4990389516067504,0.45626,1.4999882915496827,0.4547,0.0015600000000000058,3199.231080532074
same_updates,m_sam,512,,970,1.4409847259521484,0.48828125,1.4931609979248046,0.45678,1.4934802135467529,0.4566,0.00018000000000001348,3202.580967903137
same_updates,m_sam,512,,971,1.4166748523712158,0.505859375,1.4859986447143554,0.46218,1.486629775428772,0.4589,0.003280000000000005,3205.8622257709503
same_updates,m_sam,512,,972,1.382385015487671,0.51171875,1.4874438150024414,0.4638,1.4891716983795167,0.4602,0.003599999999999992,3209.1460976600647
same_updates,m_sam,512,,973,1.498171091079712,0.439453125,1.4905770586776734,0.46518,1.4933092124938965,0.4596,0.005579999999999974,3212.4306778907776
same_updates,m_sam,512,,974,1.4662786722183228,0.447265625,1.4868183977890015,0.4656,1.4894924238204956,0.4617,0.0039000000000000146,3215.7771892547607
same_updates,m_sam,512,,975,1.4330919981002808,0.4765625,1.4849552569961548,0.4662,1.4876428359985352,0.4632,0.0030000000000000027,3219.0552051067352
same_updates,m_sam,512,,976,1.4246182441711426,0.482421875,1.47107323261261,0.469,1.4729209274291992,0.4648,0.0041999999999999815,3222.4003880023956
same_updates,m_sam,512,,977,1.5179857015609741,0.4453125,1.4611220363998414,0.4711,1.4616742126464843,0.4676,0.003500000000000003,3225.7153890132904
same_updates,m_sam,512,,978,1.4770572185516357,0.4609375,1.4646312183380128,0.4669,1.4643482194900512,0.4624,0.004500000000000004,3229.0881423950195
same_updates,m_sam,512,,979,1.456478238105774,0.46484375,1.4706702517318726,0.46428,1.470537512588501,0.4586,0.005680000000000018,3232.4272499084473
same_updates,m_sam,512,,980,1.3918378353118896,0.5,1.4795659337234497,0.46224,1.4803647720336914,0.4579,0.0043400000000000105,3235.73340511322
same_updates,m_sam,512,,981,1.44907546043396,0.470703125,1.4983273670578003,0.45794,1.5005867309570313,0.4518,0.006140000000000034,3239.0218544006348
same_updates,m_sam,512,,982,1.503601312637329,0.4453125,1.5199344876861571,0.45452,1.5231928169250488,0.4507,0.00381999999999999,3242.32878780365
same_updates,m_sam,512,,983,1.461294412612915,0.47265625,1.5288491125488282,0.4533,1.532566535949707,0.4507,0.002599999999999991,3245.6536729335785
same_updates,m_sam,512,,984,1.5108444690704346,0.447265625,1.5109037392425537,0.45774,1.5141924743652344,0.4555,0.0022399999999999642,3248.959807872772
same_updates,m_sam,512,,985,1.4457870721817017,0.494140625,1.4864756387710572,0.46412,1.48824309425354,0.4616,0.0025199999999999667,3252.235636472702
same_updates,m_sam,512,,986,1.495484709739685,0.455078125,1.4753123824691772,0.46672,1.4756367839813231,0.4658,0.0009200000000000319,3255.516007423401
same_updates,m_sam,512,,987,1.4715301990509033,0.46484375,1.47782932762146,0.46486,1.477300742340088,0.4626,0.0022599999999999842,3258.8290972709656
same_updates,m_sam,512,,988,1.5520269870758057,0.4296875,1.4836385807418824,0.46334,1.483388965034485,0.4601,0.003239999999999965,3262.1480083465576
same_updates,m_sam,512,,989,1.5075350999832153,0.455078125,1.4915062397384644,0.4618,1.4918280551910401,0.4574,0.004400000000000015,3265.4528546333313
same_updates,m_sam,512,,990,1.4888689517974854,0.462890625,1.4944993528747559,0.46036,1.4957411727905274,0.4579,0.0024600000000000177,3268.767116546631
same_updates,m_sam,512,,991,1.4479447603225708,0.5,1.4896426273345946,0.46314,1.4918234138488768,0.4604,0.00274000000000002,3272.0747878551483
same_updates,m_sam,512,,992,1.516296148300171,0.4453125,1.4805911250686645,0.4661,1.4831054304122926,0.4639,0.0022000000000000353,3275.341711997986
same_updates,m_sam,512,,993,1.4782381057739258,0.4765625,1.4728948642730713,0.46838,1.4754148681640624,0.4647,0.0036800000000000166,3278.6131155490875
same_updates,m_sam,512,,994,1.4712214469909668,0.447265625,1.4696852252197266,0.46776,1.4721080633163453,0.4635,0.004259999999999986,3281.9088954925537
same_updates,m_sam,512,,995,1.4395633935928345,0.490234375,1.4700164318084716,0.4674,1.472196802520752,0.4622,0.005199999999999982,3285.179407596588
same_updates,m_sam,512,,996,1.439098834991455,0.470703125,1.4762615158462524,0.46466,1.4781906423568725,0.4588,0.005860000000000032,3288.4861028194427
same_updates,m_sam,512,,997,1.4971619844436646,0.4375,1.4922805992507935,0.45902,1.493787347984314,0.4566,0.0024199999999999777,3291.795283317566
same_updates,m_sam,512,,998,1.482170581817627,0.4453125,1.4977279053115844,0.45724,1.4991780708312987,0.4581,-0.0008600000000000274,3295.0869615077972
same_updates,m_sam,512,,999,1.5099931955337524,0.4375,1.4964158151626588,0.45994,1.498156845474243,0.46,-6.0000000000004494e-05,3298.379499435425
same_updates,m_sam,512,,1000,1.470943808555603,0.48046875,1.4808608599090576,0.46686,1.48281477394104,0.4634,0.0034600000000000186,3301.6100900173187
