comparison,method,m,epoch,update,train_loss_step,train_acc_step,train_eval_loss,train_eval_acc,test_loss,test_acc,generalization_gap,elapsed_sec
same_epochs,m_sam,512,1,98,2.1786082222747805,0.19164,2.0070935523986817,0.25346,2.0023458234786986,0.2569,-0.0034399999999999986,7.936581134796143
same_epochs,m_sam,512,2,196,1.944373700027466,0.2842,1.849653769798279,0.32862,1.842131697845459,0.3345,-0.005879999999999996,14.894138813018799
same_epochs,m_sam,512,3,294,1.843784248123169,0.32556,1.7587964267730714,0.37022,1.7498189472198487,0.376,-0.005780000000000007,21.676510095596313
same_epochs,m_sam,512,4,392,1.769208582496643,0.35276,1.6987010689544677,0.38666,1.6902497669219971,0.3899,-0.0032400000000000206,41.96783685684204
same_epochs,m_sam,512,5,490,1.7006455068588258,0.37672,1.6557091628265381,0.39992,1.651668900680542,0.3997,0.00021999999999999797,48.76181411743164
same_epochs,m_sam,512,6,588,1.6564951028442383,0.39508,1.59270425907135,0.42592,1.589366501235962,0.4246,0.0013200000000000434,55.57987999916077
same_epochs,m_sam,512,7,686,1.6140006420898438,0.40834,1.5797453162384034,0.42466,1.5772677425384523,0.4234,0.0012599999999999834,62.36839580535889
same_epochs,m_sam,512,8,784,1.57898432762146,0.4241,1.5421386966323853,0.44616,1.5402408323287964,0.4452,0.0009600000000000164,69.18088388442993
same_epochs,m_sam,512,9,882,1.547235784034729,0.43564,1.5260921772003173,0.44616,1.5266633460998535,0.446,0.00015999999999999348,76.1060540676117
same_epochs,m_sam,512,10,980,1.519923130722046,0.44502,1.4830399448013305,0.46836,1.4831709486007691,0.4645,0.0038599999999999746,82.97625374794006
same_epochs,m_sam,512,11,1078,1.496347403869629,0.45346,1.485226361694336,0.4642,1.485760913848877,0.4609,0.003300000000000025,89.94428253173828
same_epochs,m_sam,512,12,1176,1.4766070286941528,0.46618,1.4612563695907592,0.47012,1.462138966178894,0.4651,0.005019999999999969,99.52765583992004
same_epochs,m_sam,512,13,1274,1.4633057688903808,0.46642,1.4444989444732665,0.47486,1.4459229488372802,0.4743,0.0005600000000000049,106.53876876831055
same_epochs,m_sam,512,14,1372,1.4313736158752441,0.48198,1.4288027722930907,0.48562,1.4300998685836792,0.4848,0.0008199999999999874,113.56986784934998
same_epochs,m_sam,512,15,1470,1.4099269441986084,0.48868,1.3966400757217408,0.49528,1.399662665939331,0.4932,0.0020799999999999708,120.53466081619263
same_epochs,m_sam,512,16,1568,1.400992692565918,0.49188,1.3665663666152954,0.50614,1.3700140426635743,0.504,0.0021400000000000308,127.5077121257782
same_epochs,m_sam,512,17,1666,1.3757119956207275,0.50424,1.4224523416137695,0.4907,1.4271080142974855,0.4916,-0.0008999999999999564,134.46883392333984
same_epochs,m_sam,512,18,1764,1.367507890472412,0.50472,1.3497929648208618,0.51688,1.3543632461547852,0.5146,0.0022800000000000598,141.35714149475098
same_epochs,m_sam,512,19,1862,1.3448480702972412,0.5158,1.3419541507339479,0.5177,1.3485174686431884,0.5181,-0.00039999999999995595,148.3005702495575
same_epochs,m_sam,512,20,1960,1.332321368522644,0.51894,1.3234870915985106,0.52274,1.3275205078125,0.5228,-6.0000000000060005e-05,155.24926328659058
same_epochs,m_sam,512,21,2058,1.3187794456100463,0.5231,1.2965696730804444,0.53584,1.3037739349365234,0.54,-0.0041600000000000525,162.26525926589966
same_epochs,m_sam,512,22,2156,1.3065043649291992,0.53284,1.3025234629058837,0.53438,1.309048525238037,0.532,0.0023799999999999377,169.2874891757965
same_epochs,m_sam,512,23,2254,1.2898911062240601,0.53684,1.308090316848755,0.53334,1.3170314001083374,0.5303,0.0030400000000000427,176.20814561843872
same_epochs,m_sam,512,24,2352,1.28258327293396,0.54072,1.253476848449707,0.55384,1.2619565029144286,0.5523,0.0015399999999999858,183.12993669509888
same_epochs,m_sam,512,25,2450,1.2594445998382569,0.54718,1.2501837682724,0.5513,1.2605774326324464,0.5488,0.0025000000000000577,190.0152735710144
same_epochs,m_sam,512,26,2548,1.251391561088562,0.55036,1.2696167417907716,0.54454,1.2817726772308349,0.5401,0.0044399999999999995,196.78007578849792
same_epochs,m_sam,512,27,2646,1.2322929912567138,0.55724,1.2233923375701905,0.56194,1.2346664237976075,0.5591,0.0028399999999999537,203.74664497375488
same_epochs,m_sam,512,28,2744,1.217220711288452,0.56372,1.2231696933364868,0.56274,1.236070136642456,0.5629,-0.00015999999999993797,210.6897406578064
same_epochs,m_sam,512,29,2842,1.207363507347107,0.56934,1.2374432269668578,0.55842,1.2518069770812987,0.5545,0.003920000000000035,217.66967511177063
same_epochs,m_sam,512,30,2940,1.1973545636367797,0.57248,1.1789701129150392,0.57922,1.1918561813354491,0.5764,0.0028199999999999337,224.57456254959106
same_epochs,m_sam,512,31,3038,1.1857528329849243,0.576,1.184039701461792,0.57944,1.1988480237960815,0.5751,0.0043400000000000105,231.57952976226807
same_epochs,m_sam,512,32,3136,1.1834445322799683,0.57692,1.1637041786956788,0.58754,1.179078685951233,0.589,-0.0014600000000000168,238.51968002319336
same_epochs,m_sam,512,33,3234,1.1648116074371337,0.58312,1.144926893081665,0.59112,1.1618283851623534,0.5889,0.0022199999999999998,245.48236179351807
same_epochs,m_sam,512,34,3332,1.15697182220459,0.58966,1.1565290188217163,0.58454,1.1732802067756654,0.5845,3.999999999992898e-05,252.4424810409546
same_epochs,m_sam,512,35,3430,1.1513732486724852,0.58872,1.173092778930664,0.5822,1.19029386138916,0.5819,0.000300000000000078,259.2769010066986
same_epochs,m_sam,512,36,3528,1.1394263159561158,0.59542,1.120273186378479,0.6049,1.1373623901367187,0.5994,0.005499999999999949,266.02930521965027
same_epochs,m_sam,512,37,3626,1.1347044903564454,0.59736,1.139608428955078,0.59442,1.1581677896499634,0.5946,-0.000180000000000069,272.85450863838196
same_epochs,m_sam,512,38,3724,1.1177235388183593,0.60482,1.1363952590942383,0.59722,1.152777091217041,0.5948,0.0024199999999999777,279.7612464427948
same_epochs,m_sam,512,39,3822,1.107381375617981,0.60796,1.0922769662857055,0.61254,1.1118248168945313,0.6071,0.00544,286.5833852291107
same_epochs,m_sam,512,40,3920,1.0984908712768555,0.6121,1.0963818172454833,0.6136,1.1193168833732605,0.6097,0.0039000000000000146,293.45698618888855
same_epochs,m_sam,512,41,4018,1.0867021062850952,0.6118,1.0642552908325196,0.62244,1.0846464073181152,0.6171,0.005340000000000011,300.24281907081604
same_epochs,m_sam,512,42,4116,1.0796905316352845,0.61762,1.1030083840179443,0.61014,1.1264350136756898,0.6064,0.0037399999999999656,306.96686840057373
same_epochs,m_sam,512,43,4214,1.0723659528732299,0.62158,1.0633684358978273,0.6245,1.0908376220703124,0.6171,0.007400000000000073,313.7595331668854
same_epochs,m_sam,512,44,4312,1.0677764181137086,0.62256,1.0541266746520996,0.62638,1.083276442527771,0.617,0.009380000000000055,320.5331575870514
same_epochs,m_sam,512,45,4410,1.0601210420227052,0.62236,1.05806484375,0.62656,1.083576343345642,0.6185,0.008059999999999956,327.3604009151459
same_epochs,m_sam,512,46,4508,1.0484418209075927,0.62962,1.0828981808853149,0.62034,1.110058059501648,0.6136,0.006739999999999968,334.21609902381897
same_epochs,m_sam,512,47,4606,1.0450059323120118,0.62808,1.045847652015686,0.63298,1.0739488552093506,0.6268,0.006179999999999963,341.03884410858154
same_epochs,m_sam,512,48,4704,1.0395063388824464,0.63282,1.0242474338531493,0.64342,1.0527471982955932,0.631,0.012419999999999987,347.87387895584106
same_epochs,m_sam,512,49,4802,1.0291609710311889,0.63644,1.037919060897827,0.635,1.066605343914032,0.6254,0.009600000000000053,354.7238721847534
same_epochs,m_sam,512,50,4900,1.0200895155334473,0.63972,1.0055615255737305,0.64598,1.0360247072219848,0.6377,0.008279999999999954,361.4933714866638
same_epochs,m_sam,512,51,4998,1.0111224243736268,0.64332,1.0202360910415649,0.64024,1.0530580693244933,0.6278,0.012440000000000007,368.3618984222412
same_epochs,m_sam,512,52,5096,1.006795881843567,0.64418,1.0072633996582032,0.64874,1.0364856211662292,0.6392,0.009539999999999993,375.1847641468048
same_epochs,m_sam,512,53,5194,0.9963222388076782,0.64846,0.9852022956085205,0.65562,1.0174352113723755,0.6455,0.010120000000000018,381.9770441055298
same_epochs,m_sam,512,54,5292,0.9951605778884888,0.64898,0.9593962210464477,0.66312,0.9971005954742431,0.6526,0.010520000000000085,388.788437128067
same_epochs,m_sam,512,55,5390,0.9859736193847656,0.65162,0.9873883016204834,0.65648,1.0254978862762452,0.6439,0.012579999999999925,395.5859522819519
same_epochs,m_sam,512,56,5488,0.9771335467910767,0.65684,0.9750405862045288,0.65518,1.0103179496765138,0.6416,0.013580000000000036,402.4129674434662
same_epochs,m_sam,512,57,5586,0.9722465919876099,0.65604,0.9641768386077881,0.6583,1.0010324620246887,0.6447,0.013599999999999945,409.1559727191925
same_epochs,m_sam,512,58,5684,0.9656072294616699,0.66016,0.9462916205596924,0.67194,0.984785793018341,0.6564,0.015539999999999998,415.9355936050415
same_epochs,m_sam,512,59,5782,0.9577866032028198,0.66168,0.9349278944396973,0.67168,0.9751436949729919,0.6592,0.012480000000000047,422.6887586116791
same_epochs,m_sam,512,60,5880,0.9531498713302612,0.66552,0.9662016267395019,0.66296,1.0055495122909546,0.6518,0.011159999999999948,429.5822694301605
same_epochs,m_sam,512,61,5978,0.9587385956954956,0.66314,0.9381403520965577,0.67338,0.9788548021316529,0.6572,0.016179999999999972,436.4524586200714
same_epochs,m_sam,512,62,6076,0.9397565979576111,0.6682,0.9342266054916382,0.6738,0.9759224471092224,0.6585,0.01529999999999998,443.2116997241974
same_epochs,m_sam,512,63,6174,0.9347290154838562,0.6691,0.9684245725250245,0.65972,1.0166190587997437,0.647,0.012719999999999954,449.89470386505127
same_epochs,m_sam,512,64,6272,0.9395839609909058,0.67016,0.9485521389770508,0.66594,0.989649732017517,0.6537,0.012240000000000029,456.7324538230896
same_epochs,m_sam,512,65,6370,0.9257007821655273,0.67488,0.9008381365585327,0.68432,0.9458675879478454,0.6685,0.015820000000000056,463.5157744884491
same_epochs,m_sam,512,66,6468,0.9259716784858704,0.6715,0.9098663763427735,0.68104,0.954957279586792,0.6649,0.016139999999999932,470.3303406238556
same_epochs,m_sam,512,67,6566,0.9170211120223999,0.67636,0.9149947757339477,0.67946,0.9634349780082703,0.6629,0.016559999999999908,477.14948534965515
same_epochs,m_sam,512,68,6664,0.9094150146484375,0.67758,0.8972577315521241,0.68514,0.9454409680366516,0.6685,0.016639999999999988,483.9973871707916
same_epochs,m_sam,512,69,6762,0.9056571246147156,0.68156,0.8817760659790039,0.69114,0.9306618562698364,0.6752,0.015939999999999954,490.81154775619507
same_epochs,m_sam,512,70,6860,0.8994034449768067,0.68384,0.8841595272827149,0.69032,0.9355694540023803,0.6728,0.01752000000000009,497.6900317668915
same_epochs,m_sam,512,71,6958,0.9035271752738953,0.68322,0.8884915962982177,0.6908,0.9380997096061706,0.67,0.02079999999999993,504.4292457103729
same_epochs,m_sam,512,72,7056,0.8983604815483093,0.68526,0.8673848414611817,0.69776,0.9214057280540466,0.6756,0.02216000000000007,511.2444498538971
same_epochs,m_sam,512,73,7154,0.8861702601242065,0.68794,0.8840748452758789,0.69062,0.9373418144226074,0.6727,0.017920000000000047,518.0314445495605
same_epochs,m_sam,512,74,7252,0.8868253425788879,0.6879,0.8489330576324463,0.70556,0.9014155999183655,0.6847,0.02085999999999999,524.7714524269104
same_epochs,m_sam,512,75,7350,0.8794111114501953,0.69106,0.8757278981399537,0.69406,0.9299004196166992,0.6774,0.016660000000000008,531.6018190383911
same_epochs,m_sam,512,76,7448,0.8789680501174927,0.6907,0.8736569174194336,0.69514,0.9303472635269165,0.6753,0.01983999999999997,538.3486442565918
same_epochs,m_sam,512,77,7546,0.8715850115394592,0.69196,0.867317211227417,0.69712,0.9225470682144165,0.6791,0.018019999999999925,545.1077311038971
same_epochs,m_sam,512,78,7644,0.8668766772079468,0.6951,0.8846045905303955,0.69054,0.9407427228927613,0.6738,0.016740000000000088,551.7987587451935
same_epochs,m_sam,512,79,7742,0.8672520001792907,0.69582,0.8440546465682983,0.70356,0.8987745185852051,0.6842,0.019359999999999933,558.5518283843994
same_epochs,m_sam,512,80,7840,0.8609319416999817,0.69762,0.8421605002212524,0.70622,0.8980789976119995,0.6864,0.01981999999999995,565.3827221393585
same_epochs,m_sam,512,81,7938,0.8586575849533081,0.69744,0.851574016456604,0.7055,0.9097175928115845,0.6852,0.020299999999999985,572.1199634075165
same_epochs,m_sam,512,82,8036,0.8554509990692138,0.69772,0.8398346047210693,0.70622,0.9007457662582398,0.6839,0.022320000000000007,578.8912069797516
same_epochs,m_sam,512,83,8134,0.8486723241424561,0.70116,0.842689892654419,0.70758,0.9037363857269287,0.6859,0.021680000000000033,585.7172920703888
same_epochs,m_sam,512,84,8232,0.8407877246665955,0.7054,0.8341375595855713,0.70982,0.8967852898597717,0.6883,0.021519999999999984,592.5242326259613
same_epochs,m_sam,512,85,8330,0.8423829159545898,0.70452,0.8282799586868286,0.71128,0.8891628147125245,0.6888,0.022480000000000055,599.3407583236694
same_epochs,m_sam,512,86,8428,0.834730732421875,0.7056,0.8529422586059571,0.70284,0.9137429210662842,0.6792,0.023639999999999994,606.0617470741272
same_epochs,m_sam,512,87,8526,0.8357853699111939,0.70768,0.8226227224731445,0.71394,0.8880842420578003,0.693,0.02094000000000007,612.7726619243622
same_epochs,m_sam,512,88,8624,0.8305557600784301,0.70766,0.80484709897995,0.71726,0.8707936299324036,0.6933,0.02395999999999998,619.4409501552582
same_epochs,m_sam,512,89,8722,0.8290764520263671,0.70988,0.8024269892501831,0.72004,0.8680990863800049,0.6982,0.02183999999999997,626.1675899028778
same_epochs,m_sam,512,90,8820,0.8195601276397705,0.71246,0.8208608252716064,0.7112,0.8892195079803467,0.6868,0.02440000000000009,632.8895626068115
same_epochs,m_sam,512,91,8918,0.8167007689285278,0.71494,0.8212232894897461,0.71256,0.886758236694336,0.6913,0.021259999999999946,639.5566508769989
same_epochs,m_sam,512,92,9016,0.8130816090202332,0.71582,0.8046592196464538,0.7176,0.8727798185348511,0.6961,0.021499999999999964,646.3918628692627
same_epochs,m_sam,512,93,9114,0.8142467589569092,0.71512,0.7857335000419616,0.72732,0.8550486011505127,0.6998,0.02751999999999999,653.2050247192383
same_epochs,m_sam,512,94,9212,0.8070875242614746,0.7164,0.7920799133300781,0.72156,0.862163920211792,0.698,0.023560000000000025,659.8802399635315
same_epochs,m_sam,512,95,9310,0.8051623748970032,0.71774,0.7730875345230103,0.72984,0.8440736956596374,0.7065,0.023340000000000027,666.6931626796722
same_epochs,m_sam,512,96,9408,0.8016426731681824,0.71956,0.7873751840019226,0.72718,0.8563426723480224,0.7045,0.022680000000000033,673.4100892543793
same_epochs,m_sam,512,97,9506,0.7994950671577453,0.72034,0.7987621457099915,0.7212,0.8686432870864869,0.6978,0.023399999999999976,680.274409532547
same_epochs,m_sam,512,98,9604,0.7946045446968079,0.7224,0.77800155626297,0.7278,0.8504720928192139,0.7043,0.023499999999999965,687.0756456851959
same_epochs,m_sam,512,99,9702,0.7916420771217346,0.72362,0.7856021502494812,0.72434,0.8614961462974549,0.6986,0.025739999999999985,693.8746728897095
same_epochs,m_sam,512,100,9800,0.7899950593566895,0.72364,0.7672135661506653,0.73278,0.8428598249435425,0.707,0.025780000000000025,700.673814535141
same_epochs,m_sam,512,101,9898,0.7853323547935486,0.72526,0.7673337866401673,0.73422,0.8433693497657776,0.7082,0.026019999999999932,707.4846487045288
same_epochs,m_sam,512,102,9996,0.7768236302947998,0.72748,0.7828083871078492,0.72552,0.8581402757644653,0.7018,0.023720000000000074,714.2673196792603
same_epochs,m_sam,512,103,10094,0.7807746394729614,0.72676,0.7562403298568725,0.73892,0.8281363372802735,0.7139,0.025020000000000042,721.1305456161499
same_epochs,m_sam,512,104,10192,0.7785929643249512,0.72722,0.7612792007064819,0.73426,0.8384154487609863,0.7078,0.02646000000000004,728.1218674182892
same_epochs,m_sam,512,105,10290,0.7729188621520996,0.72808,0.7494501078796387,0.74074,0.826495343208313,0.714,0.026739999999999986,735.0689039230347
same_epochs,m_sam,512,106,10388,0.7686289116096496,0.73038,0.7374199905204772,0.7412,0.8152843709945679,0.7144,0.026799999999999935,741.957911491394
same_epochs,m_sam,512,107,10486,0.7687603859138489,0.73178,0.7551576444625855,0.73488,0.835355782699585,0.7052,0.02967999999999993,748.8721730709076
same_epochs,m_sam,512,108,10584,0.7631930047225952,0.73364,0.7393300149726868,0.74384,0.8217898957252503,0.712,0.03183999999999998,755.7719213962555
same_epochs,m_sam,512,109,10682,0.7578678717422486,0.73374,0.7299225919914245,0.74412,0.8133604249954224,0.7156,0.02851999999999999,762.6736047267914
same_epochs,m_sam,512,110,10780,0.754852088432312,0.7357,0.760221326789856,0.73594,0.8435672161102294,0.706,0.029940000000000078,769.5649733543396
same_epochs,m_sam,512,111,10878,0.7571550298309326,0.73468,0.7344406087875366,0.74432,0.8165537042617798,0.716,0.028320000000000012,776.5531766414642
same_epochs,m_sam,512,112,10976,0.7476288889694214,0.73824,0.7198915118789673,0.74994,0.8051294080734253,0.7155,0.034440000000000026,783.4977495670319
same_epochs,m_sam,512,113,11074,0.7519223543739318,0.7378,0.7304466596984863,0.74612,0.8170531021118164,0.7164,0.02971999999999997,790.4183161258698
same_epochs,m_sam,512,114,11172,0.7482177325248718,0.73784,0.7226352013778686,0.74538,0.8109903431892395,0.7161,0.029280000000000084,797.2320418357849
same_epochs,m_sam,512,115,11270,0.7481539598655701,0.7374,0.7306162234115601,0.746,0.8150726156234741,0.7164,0.02959999999999996,804.1136693954468
same_epochs,m_sam,512,116,11368,0.7406141054153442,0.7411,0.7274899504089355,0.74822,0.8113207427024841,0.7171,0.031120000000000037,811.076256275177
same_epochs,m_sam,512,117,11466,0.734066810798645,0.74408,0.7232395884323121,0.74972,0.8094793266296386,0.7209,0.028820000000000068,817.9732491970062
same_epochs,m_sam,512,118,11564,0.7363001560592651,0.74516,0.7254319337844849,0.74446,0.8153323362350464,0.7175,0.026959999999999984,824.9363014698029
same_epochs,m_sam,512,119,11662,0.7318498853874207,0.7436,0.7072837707138061,0.75282,0.7969333092689515,0.7212,0.03162000000000009,831.9167048931122
same_epochs,m_sam,512,120,11760,0.7265465025901794,0.74542,0.7056172332954407,0.75364,0.7947370307922363,0.724,0.02964,838.8463618755341
same_epochs,m_sam,512,121,11858,0.7244466400527955,0.74836,0.7226795553207398,0.7466,0.8142536890029908,0.7152,0.031400000000000095,845.6218419075012
same_epochs,m_sam,512,122,11956,0.7259420884895325,0.74528,0.7096129908752441,0.75328,0.8008273765563965,0.7254,0.027879999999999905,852.4317955970764
same_epochs,m_sam,512,123,12054,0.7230094177246094,0.74838,0.6985820059394836,0.75484,0.7914598208427429,0.7266,0.028239999999999932,859.2900862693787
same_epochs,m_sam,512,124,12152,0.717213094367981,0.74942,0.6991599699783325,0.75564,0.794178293132782,0.7234,0.032239999999999935,866.2542836666107
same_epochs,m_sam,512,125,12250,0.7204819951057434,0.7477,0.7091302929878235,0.75324,0.8045290771484375,0.725,0.028240000000000043,873.1585383415222
same_epochs,m_sam,512,126,12348,0.7169100517272949,0.74992,0.6849876443481445,0.76328,0.7811430753707885,0.7323,0.030980000000000008,880.1569056510925
same_epochs,m_sam,512,127,12446,0.7077022135543823,0.75432,0.6875774358749389,0.7586,0.7844323267936707,0.7292,0.029400000000000093,887.1344168186188
same_epochs,m_sam,512,128,12544,0.7124687431335449,0.75134,0.7046932197570801,0.7536,0.8009406909942627,0.7205,0.03310000000000002,893.9993093013763
same_epochs,m_sam,512,129,12642,0.7085427296257019,0.75336,0.6809528032302856,0.7621,0.7789618971824646,0.7286,0.033499999999999974,900.9032599925995
same_epochs,m_sam,512,130,12740,0.7060619526672364,0.75342,0.6822468227767944,0.76274,0.7789986161231994,0.7311,0.03164,907.6923763751984
same_epochs,m_sam,512,131,12838,0.704534583530426,0.75446,0.6875001628494263,0.76284,0.7836740679740906,0.7297,0.03313999999999995,914.547037601471
same_epochs,m_sam,512,132,12936,0.7039413426589965,0.75402,0.6859810659790039,0.76132,0.7887793762207032,0.7278,0.033519999999999994,921.5828046798706
same_epochs,m_sam,512,133,13034,0.7048567433547973,0.7536,0.6708628671646119,0.767,0.7706155044555664,0.7317,0.0353,928.5578534603119
same_epochs,m_sam,512,134,13132,0.6980595145988464,0.75684,0.6801253783035278,0.76344,0.7827088325500489,0.7282,0.03524000000000005,935.4873051643372
same_epochs,m_sam,512,135,13230,0.6962001572990417,0.75744,0.6666103598403931,0.77,0.7677920179367066,0.7336,0.03639999999999999,942.4785783290863
same_epochs,m_sam,512,136,13328,0.69235206407547,0.7588,0.6810547485351562,0.76206,0.7842298048019409,0.7262,0.03586,949.5055434703827
same_epochs,m_sam,512,137,13426,0.6855198329544068,0.76132,0.6551033598709106,0.77242,0.7560095649719238,0.739,0.033420000000000005,956.44251704216
same_epochs,m_sam,512,138,13524,0.6859139644241333,0.7614,0.6523099647331237,0.77368,0.7566729175567627,0.7368,0.036880000000000024,963.3491380214691
same_epochs,m_sam,512,139,13622,0.6849604178047181,0.75994,0.6596531250190735,0.76994,0.7650687828063965,0.7389,0.031039999999999957,970.0724923610687
same_epochs,m_sam,512,140,13720,0.6827878161430359,0.762,0.642762289390564,0.77772,0.7505417261123657,0.7383,0.03942000000000001,976.9807684421539
same_epochs,m_sam,512,141,13818,0.6781693245697021,0.762,0.6439759482002259,0.77746,0.7493857396125794,0.7416,0.03586,983.9976618289948
same_epochs,m_sam,512,142,13916,0.6736276812934876,0.76584,0.6604369155883789,0.76852,0.7664899291038513,0.7349,0.03361999999999998,990.8845164775848
same_epochs,m_sam,512,143,14014,0.6747460754776001,0.76524,0.6461152401351928,0.77724,0.7529277126312256,0.7395,0.037739999999999996,997.7467796802521
same_epochs,m_sam,512,144,14112,0.6734114685630799,0.7637,0.6546755386734009,0.77284,0.763072022819519,0.7353,0.03754000000000002,1004.6437134742737
same_epochs,m_sam,512,145,14210,0.6703347636032104,0.7669,0.637755778465271,0.7778,0.7466675038337708,0.7401,0.03770000000000007,1011.5197288990021
same_epochs,m_sam,512,146,14308,0.6674657259559631,0.7674,0.6573131355285644,0.76948,0.7637572998046875,0.7331,0.03638000000000008,1018.4294402599335
same_epochs,m_sam,512,147,14406,0.6696376454353332,0.76724,0.653859993610382,0.76982,0.7668159404754639,0.7346,0.03521999999999992,1025.3219752311707
same_epochs,m_sam,512,148,14504,0.6644535892105102,0.7683,0.6298130603027344,0.78378,0.7408480875015259,0.7435,0.04027999999999998,1032.0515270233154
same_epochs,m_sam,512,149,14602,0.6639233730697632,0.7693,0.6225427511787415,0.78406,0.7364782351493836,0.7484,0.035660000000000025,1038.8607721328735
same_epochs,m_sam,512,150,14700,0.6587125268173217,0.76962,0.6280053518295288,0.7821,0.7437752788543701,0.74,0.042100000000000026,1045.8580679893494
same_epochs,m_sam,512,151,14798,0.6554038540267945,0.77026,0.6211328788566589,0.78562,0.7351523887634277,0.7434,0.042220000000000035,1052.802767276764
same_epochs,m_sam,512,152,14896,0.6543614135932923,0.77162,0.6295631490707397,0.77724,0.7464777952194214,0.7398,0.03744000000000003,1059.851037979126
same_epochs,m_sam,512,153,14994,0.6532273365402221,0.77164,0.6101766476821899,0.78836,0.7265607377052307,0.7481,0.04025999999999996,1066.6632680892944
same_epochs,m_sam,512,154,15092,0.6482242401885986,0.7748,0.6071165707397461,0.79086,0.7243216789245606,0.7512,0.03966000000000003,1073.5584070682526
same_epochs,m_sam,512,155,15190,0.6484527519798279,0.77368,0.6118074247741699,0.78886,0.7286773443222045,0.7492,0.03966000000000003,1080.5206837654114
same_epochs,m_sam,512,156,15288,0.6494190488815308,0.77394,0.6049688466262817,0.79014,0.7234743385314941,0.7506,0.03953999999999991,1087.3525660037994
same_epochs,m_sam,512,157,15386,0.6412531763648986,0.77882,0.6147812867546082,0.78746,0.7353345497131347,0.7453,0.042160000000000086,1094.162328004837
same_epochs,m_sam,512,158,15484,0.6458957069206238,0.77432,0.6088756018257141,0.78704,0.7313429208755493,0.7465,0.04053999999999991,1101.1130192279816
same_epochs,m_sam,512,159,15582,0.6414976914787293,0.77752,0.5980773691177368,0.79216,0.7207480429649353,0.7492,0.04296,1108.0811038017273
same_epochs,m_sam,512,160,15680,0.6362752944564819,0.77836,0.6295366619491577,0.7814,0.7498899752616882,0.7396,0.04179999999999995,1115.006464958191
same_epochs,m_sam,512,161,15778,0.6361732764816285,0.78086,0.6023365720558167,0.79196,0.7251650362014771,0.7482,0.04376000000000002,1121.98717212677
same_epochs,m_sam,512,162,15876,0.6311593274116516,0.78004,0.621254024772644,0.7855,0.7475668015480041,0.7418,0.04369999999999996,1128.7883658409119
same_epochs,m_sam,512,163,15974,0.6340015691566467,0.77974,0.6000712736701965,0.79148,0.7277883726119995,0.7489,0.04257999999999995,1135.756730556488
same_epochs,m_sam,512,164,16072,0.6266900770568847,0.78224,0.593266439628601,0.79492,0.7202429505348206,0.7504,0.044520000000000004,1142.6603775024414
same_epochs,m_sam,512,165,16170,0.6301276292419433,0.78216,0.6061434259605407,0.7891,0.7346411721229553,0.7467,0.04239999999999999,1149.4734106063843
same_epochs,m_sam,512,166,16268,0.627806390209198,0.78156,0.5948579405212402,0.79488,0.7220443996429443,0.7467,0.04818,1156.2072653770447
same_epochs,m_sam,512,167,16366,0.6279259202575683,0.78328,0.5997946354866028,0.79406,0.7263241106033326,0.7488,0.04525999999999997,1163.1084644794464
same_epochs,m_sam,512,168,16464,0.621691191520691,0.78462,0.5814468551826477,0.7982,0.7113131505966187,0.7522,0.04600000000000004,1170.0963110923767
same_epochs,m_sam,512,169,16562,0.622176843662262,0.7834,0.5842883156013489,0.7963,0.7109083438873292,0.7528,0.04349999999999998,1177.0431473255157
same_epochs,m_sam,512,170,16660,0.6183536806106568,0.78444,0.5827233053779602,0.8004,0.7143347099304199,0.7505,0.049900000000000055,1184.0556237697601
same_epochs,m_sam,512,171,16758,0.6153978838539124,0.78612,0.5802618623924255,0.80102,0.7099163476943969,0.7539,0.04711999999999994,1190.9746766090393
same_epochs,m_sam,512,172,16856,0.6177779167556763,0.7844,0.5755522289276123,0.80308,0.7072497124671936,0.7558,0.04727999999999999,1197.8605568408966
same_epochs,m_sam,512,173,16954,0.6113682126998902,0.78702,0.5727133639907837,0.80342,0.7040225608825683,0.7549,0.04852000000000001,1204.8581082820892
same_epochs,m_sam,512,174,17052,0.6108055148506164,0.78616,0.5739421580886841,0.80304,0.705795288848877,0.7544,0.04864000000000002,1211.6710057258606
same_epochs,m_sam,512,175,17150,0.6068949180221558,0.78952,0.5818011288070679,0.7977,0.7175787987709046,0.7502,0.04749999999999999,1218.6219193935394
same_epochs,m_sam,512,176,17248,0.6103807733535767,0.78828,0.5783501978683472,0.79934,0.7148531608581543,0.7527,0.046640000000000015,1225.582921743393
same_epochs,m_sam,512,177,17346,0.605040177116394,0.78944,0.5639615271186829,0.80664,0.6992922754287719,0.7585,0.04814000000000007,1232.502433538437
same_epochs,m_sam,512,178,17444,0.6050115835571289,0.78972,0.5781056241989135,0.8013,0.7163044672966004,0.7505,0.05080000000000007,1239.3423619270325
same_epochs,m_sam,512,179,17542,0.5997654255485535,0.79122,0.566478553199768,0.80342,0.7025867420196533,0.7582,0.04522000000000004,1246.2762060165405
same_epochs,m_sam,512,180,17640,0.6021268310260772,0.79168,0.5688748569488525,0.8045,0.7055263748168945,0.7558,0.048699999999999966,1253.1496345996857
same_epochs,m_sam,512,181,17738,0.597897347946167,0.7926,0.5647407029533387,0.80502,0.7016207996368409,0.7555,0.04952000000000001,1260.4229607582092
same_epochs,m_sam,512,182,17836,0.5909833272743225,0.79524,0.5634467830657959,0.80658,0.7019900417327881,0.7578,0.048779999999999935,1267.22993350029
same_epochs,m_sam,512,183,17934,0.5948070242881774,0.79292,0.5551398579406738,0.80838,0.6937472080230713,0.7591,0.04927999999999999,1274.016871213913
same_epochs,m_sam,512,184,18032,0.5936984584617615,0.7958,0.5558848552131653,0.80878,0.6965535298347473,0.7578,0.050980000000000025,1281.080602645874
same_epochs,m_sam,512,185,18130,0.5941841750144958,0.79396,0.5652211380004882,0.80302,0.7063816061019897,0.753,0.05001999999999995,1288.0856330394745
same_epochs,m_sam,512,186,18228,0.5864262028312683,0.79812,0.5536032569503784,0.80858,0.6995063093185425,0.7558,0.05277999999999994,1295.0503025054932
same_epochs,m_sam,512,187,18326,0.5875740887451172,0.79698,0.5508583902168274,0.81004,0.6970019894599915,0.7595,0.05054000000000003,1301.9551157951355
same_epochs,m_sam,512,188,18424,0.5875904708480835,0.79612,0.537871863117218,0.81576,0.6826236503601074,0.7623,0.05346000000000006,1308.9252407550812
same_epochs,m_sam,512,189,18522,0.5841606074142456,0.79794,0.5500404146003723,0.80986,0.6983423282623291,0.7553,0.05456000000000005,1315.9062802791595
same_epochs,m_sam,512,190,18620,0.5823672772789001,0.79866,0.5665125492477417,0.80444,0.7119368375778198,0.7498,0.05464000000000002,1322.7792601585388
same_epochs,m_sam,512,191,18718,0.5811108190345764,0.79824,0.5483618978309631,0.80966,0.7021877408981323,0.7582,0.05146000000000006,1329.5545544624329
same_epochs,m_sam,512,192,18816,0.5786431496047973,0.79962,0.5353923860359192,0.8153,0.6851112331390381,0.7645,0.05080000000000007,1336.401785850525
same_epochs,m_sam,512,193,18914,0.5775988163375855,0.79998,0.5382713782119751,0.81516,0.6889600235939026,0.761,0.054159999999999986,1343.2420601844788
same_epochs,m_sam,512,194,19012,0.5720095680427552,0.80252,0.5512665772628784,0.8093,0.7032452095985413,0.755,0.054300000000000015,1350.2824847698212
same_epochs,m_sam,512,195,19110,0.5760792259979248,0.80014,0.5315440187072754,0.81628,0.6853838581085205,0.7631,0.053180000000000005,1357.264491558075
same_epochs,m_sam,512,196,19208,0.5695776446914673,0.80412,0.53113705078125,0.81682,0.6843968938827515,0.758,0.05881999999999998,1364.2253212928772
same_epochs,m_sam,512,197,19306,0.5695227258205414,0.80342,0.5414343946647644,0.81178,0.6967125812530518,0.7575,0.054279999999999995,1371.2030048370361
same_epochs,m_sam,512,198,19404,0.5694240180206299,0.80356,0.5261221974182129,0.82044,0.6829435289382935,0.7633,0.05713999999999997,1378.1646010875702
same_epochs,m_sam,512,199,19502,0.5663834731674194,0.8032,0.5292076015090942,0.81746,0.6836516340255737,0.7615,0.05596000000000001,1385.0544865131378
same_epochs,m_sam,512,200,19600,0.5624098339080811,0.80572,0.5292279915237427,0.81726,0.684562135887146,0.7612,0.05606,1391.8921382427216
same_epochs,m_sam,512,201,19698,0.5621972454071045,0.8051,0.5211505020713806,0.82046,0.6772551565170288,0.7646,0.05586000000000002,1398.7289423942566
same_epochs,m_sam,512,202,19796,0.5593009729385376,0.80842,0.5294343638992309,0.81944,0.6882471391677857,0.7596,0.05983999999999989,1405.565413236618
same_epochs,m_sam,512,203,19894,0.5573719473457336,0.8076,0.5184003689193726,0.8232,0.6800751373291015,0.7632,0.06000000000000005,1412.4201829433441
same_epochs,m_sam,512,204,19992,0.5552087042045594,0.80818,0.5098430494689942,0.82728,0.6676365958213806,0.7638,0.06347999999999998,1419.3840155601501
same_epochs,m_sam,512,205,20090,0.5565495629692078,0.809,0.5195063040161133,0.82202,0.6796590752601623,0.7606,0.06141999999999992,1426.3788816928864
same_epochs,m_sam,512,206,20188,0.5568119729804992,0.80622,0.5162482110977172,0.82274,0.6800789528846741,0.7649,0.05784,1433.300859451294
same_epochs,m_sam,512,207,20286,0.5517812149906158,0.80898,0.5064184717941285,0.82682,0.6690454542160034,0.7701,0.05671999999999999,1440.2441656589508
same_epochs,m_sam,512,208,20384,0.5545247773551941,0.81022,0.5206870277786255,0.8212,0.68581402759552,0.7622,0.05900000000000005,1447.061428785324
same_epochs,m_sam,512,209,20482,0.5465879172325134,0.81142,0.5123197993278503,0.82322,0.6754450745582581,0.7652,0.05801999999999996,1453.8377027511597
same_epochs,m_sam,512,210,20580,0.5503095508956909,0.81102,0.5244946154975891,0.8209,0.6902730872154236,0.7608,0.06009999999999993,1460.783143043518
same_epochs,m_sam,512,211,20678,0.5458623173713684,0.8119,0.5181608920669556,0.8223,0.6816360461235046,0.766,0.05630000000000002,1467.712327003479
same_epochs,m_sam,512,212,20776,0.539728256483078,0.81262,0.5138021224212647,0.82302,0.6844177632331848,0.764,0.05901999999999996,1474.5625472068787
same_epochs,m_sam,512,213,20874,0.5459271376991272,0.8112,0.5049498316574097,0.82804,0.6719047533035278,0.7671,0.060939999999999994,1481.4665141105652
same_epochs,m_sam,512,214,20972,0.5387977425003052,0.813,0.49656278583526614,0.8301,0.6644534326553345,0.7704,0.059699999999999975,1488.466715335846
same_epochs,m_sam,512,215,21070,0.5391004962348938,0.81364,0.4954175627708435,0.82992,0.662958470249176,0.7699,0.06001999999999996,1495.2926623821259
same_epochs,m_sam,512,216,21168,0.5354078436851502,0.81718,0.48617537132263183,0.83262,0.6586061740875244,0.7715,0.06112000000000006,1502.324375629425
same_epochs,m_sam,512,217,21266,0.5329739868164063,0.81582,0.4944095734596252,0.83234,0.6626991571426392,0.7712,0.06113999999999997,1509.0894219875336
same_epochs,m_sam,512,218,21364,0.533308285741806,0.81532,0.4919014037704468,0.83112,0.6660723704338074,0.7689,0.06221999999999994,1515.8519432544708
same_epochs,m_sam,512,219,21462,0.5314730533409119,0.81662,0.4860180211448669,0.83508,0.659819877910614,0.7735,0.06158000000000008,1522.7555830478668
same_epochs,m_sam,512,220,21560,0.5326494449996948,0.818,0.4897427005004883,0.8326,0.6678812236785888,0.7711,0.0615,1529.691490650177
same_epochs,m_sam,512,221,21658,0.5292587630844117,0.8201,0.48515286642074584,0.83418,0.6616718489646911,0.7728,0.06137999999999999,1536.641446352005
same_epochs,m_sam,512,222,21756,0.5312013209724427,0.81716,0.4886439263343811,0.8322,0.6636729621887207,0.7696,0.0626000000000001,1543.5800437927246
same_epochs,m_sam,512,223,21854,0.5288206587600708,0.81944,0.48810151456832884,0.83088,0.6650238324165344,0.7684,0.06247999999999998,1550.4983117580414
same_epochs,m_sam,512,224,21952,0.5262633292007446,0.81964,0.48656772819519045,0.83392,0.6634763638496399,0.7697,0.06421999999999994,1557.532518863678
same_epochs,m_sam,512,225,22050,0.5240357111549377,0.82,0.4744584390449524,0.83706,0.651103555393219,0.7752,0.061860000000000026,1564.5183718204498
same_epochs,m_sam,512,226,22148,0.5201872062683105,0.82036,0.4732590461730957,0.838,0.6541772331237793,0.7736,0.06440000000000001,1571.3097133636475
same_epochs,m_sam,512,227,22246,0.5171425721359253,0.82266,0.48887943578720094,0.8331,0.6704627676010132,0.7697,0.0633999999999999,1578.3388504981995
same_epochs,m_sam,512,228,22344,0.5183183844184875,0.82248,0.4677567620849609,0.83916,0.6483749745368957,0.7731,0.06606000000000001,1585.3292541503906
same_epochs,m_sam,512,229,22442,0.5146269144821167,0.8244,0.47403555110931395,0.83714,0.656330551147461,0.7731,0.06403999999999999,1592.249860048294
same_epochs,m_sam,512,230,22540,0.5156097848701477,0.82286,0.4759317358970642,0.8373,0.6610821994781494,0.7699,0.06740000000000002,1599.273031949997
same_epochs,m_sam,512,231,22638,0.5156749979972839,0.8221,0.4750992881011963,0.8388,0.6615059648513794,0.7736,0.06520000000000004,1606.1734189987183
same_epochs,m_sam,512,232,22736,0.5100475045108795,0.82418,0.46282315937042234,0.8407,0.6507062231063843,0.7756,0.06510000000000005,1613.2250442504883
same_epochs,m_sam,512,233,22834,0.5030042061710358,0.8278,0.4597957254219055,0.84228,0.6436940821647644,0.7782,0.06408000000000003,1620.1849391460419
same_epochs,m_sam,512,234,22932,0.5075380334281921,0.82604,0.46410975446701047,0.84234,0.6495646270751954,0.776,0.06633999999999995,1627.0879468917847
same_epochs,m_sam,512,235,23030,0.5039244745063782,0.82732,0.4564835612487793,0.84566,0.6451695284843445,0.7777,0.06796000000000002,1633.928501367569
same_epochs,m_sam,512,236,23128,0.5063752433395385,0.82506,0.4602998438644409,0.84344,0.6470086711883545,0.7747,0.06873999999999991,1641.0124566555023
same_epochs,m_sam,512,237,23226,0.5024307853889466,0.8277,0.4600071736526489,0.84282,0.6501087526321411,0.7762,0.06662000000000001,1647.9340856075287
same_epochs,m_sam,512,238,23324,0.5001476348304749,0.82838,0.4607930862426758,0.84066,0.651290726852417,0.7775,0.06316,1654.8632669448853
same_epochs,m_sam,512,239,23422,0.49635096504211423,0.82868,0.4463611572647095,0.84928,0.637560966873169,0.7832,0.06608000000000003,1661.8517863750458
same_epochs,m_sam,512,240,23520,0.4998773204612732,0.8293,0.4557631067085266,0.84458,0.6483640122413635,0.7764,0.06818000000000002,1668.788997411728
same_epochs,m_sam,512,241,23618,0.4964152894592285,0.82834,0.4440956713676453,0.85062,0.6377061330795288,0.7783,0.07232000000000005,1675.7088794708252
same_epochs,m_sam,512,242,23716,0.4951670946121216,0.8304,0.4588618501663208,0.84166,0.6511128035545349,0.7738,0.06785999999999992,1682.6015272140503
same_epochs,m_sam,512,243,23814,0.49158679346084594,0.83234,0.4556551066398621,0.84422,0.6508054710388184,0.7742,0.07001999999999997,1689.3846549987793
same_epochs,m_sam,512,244,23912,0.4960628437232971,0.82952,0.44254988941192624,0.85064,0.6374969106674194,0.7811,0.06953999999999994,1696.1667983531952
same_epochs,m_sam,512,245,24010,0.49358045360565184,0.8306,0.44798978843688964,0.84932,0.6462009114265442,0.7784,0.07091999999999998,1703.1084368228912
same_epochs,m_sam,512,246,24108,0.4915084157371521,0.832,0.4429441611099243,0.8484,0.6412938272476196,0.7785,0.06990000000000007,1710.020174741745
same_epochs,m_sam,512,247,24206,0.4891866231918335,0.8332,0.4425505702972412,0.84966,0.6403906228065491,0.7794,0.07025999999999999,1717.000769853592
same_epochs,m_sam,512,248,24304,0.4859561926651001,0.83316,0.44102552478790286,0.85138,0.638013027381897,0.78,0.07138,1723.9275724887848
same_epochs,m_sam,512,249,24402,0.4863089670085907,0.83292,0.46146776187896726,0.84248,0.658556650352478,0.7723,0.07018000000000002,1730.8849003314972
same_epochs,m_sam,512,250,24500,0.4878719082832336,0.83102,0.4382425233268738,0.85126,0.6398471099853515,0.7798,0.07145999999999997,1737.6931943893433
same_epochs,m_sam,512,251,24598,0.4812911567878723,0.83598,0.4451534004211426,0.84652,0.6482387078285218,0.7746,0.0719200000000001,1744.5806019306183
same_epochs,m_sam,512,252,24696,0.4770650980186462,0.83696,0.43404279312133787,0.8506,0.6401361445426941,0.7788,0.07179999999999997,1751.3096539974213
same_epochs,m_sam,512,253,24794,0.4788358281517029,0.83578,0.4495371237564087,0.8469,0.65509353017807,0.7732,0.07369999999999999,1758.1637670993805
same_epochs,m_sam,512,254,24892,0.4805581774902344,0.83686,0.4363742655754089,0.85184,0.6416672170639038,0.7785,0.07334000000000007,1764.9774017333984
same_epochs,m_sam,512,255,24990,0.4785699283409119,0.83736,0.41889662660598753,0.85934,0.6272526559829712,0.7861,0.07323999999999997,1771.8321466445923
same_epochs,m_sam,512,256,25088,0.47670141006469724,0.83726,0.4252714059829712,0.85514,0.6320467262268067,0.7822,0.07294,1778.8487043380737
same_epochs,m_sam,512,257,25186,0.4742841445350647,0.83754,0.42876181062698365,0.85668,0.6369139378547668,0.7801,0.07657999999999998,1785.6999945640564
same_epochs,m_sam,512,258,25284,0.46802644010543826,0.8402,0.42061675945281984,0.85812,0.6289093494415283,0.7828,0.07531999999999994,1792.572329044342
same_epochs,m_sam,512,259,25382,0.4692173455238342,0.8388,0.4461723387145996,0.84514,0.6551677082061768,0.7715,0.07364000000000004,1799.4873819351196
same_epochs,m_sam,512,260,25480,0.47344971344947817,0.83754,0.4235303568649292,0.85782,0.6339714288711548,0.7822,0.07562000000000002,1806.3272640705109
same_epochs,m_sam,512,261,25578,0.4689414275932312,0.84048,0.41976776805877686,0.86032,0.6312968786239624,0.7851,0.07521999999999995,1813.1608173847198
same_epochs,m_sam,512,262,25676,0.4664333127307892,0.84084,0.4205190484237671,0.85842,0.6303256686210632,0.7839,0.07451999999999992,1820.2513663768768
same_epochs,m_sam,512,263,25774,0.46307415786743167,0.84174,0.4083608465385437,0.86422,0.6236651304244996,0.786,0.07821999999999996,1827.2824985980988
same_epochs,m_sam,512,264,25872,0.4649299651813507,0.84222,0.41901439001083374,0.85834,0.6342230458259582,0.7825,0.07584000000000002,1834.187471151352
same_epochs,m_sam,512,265,25970,0.4622261177921295,0.8425,0.4246754274559021,0.85568,0.6414634466171265,0.7797,0.07598000000000005,1841.1515610218048
same_epochs,m_sam,512,266,26068,0.4561158449554443,0.84388,0.41848195693969725,0.85978,0.6351871452331543,0.7827,0.07708000000000004,1848.1762664318085
same_epochs,m_sam,512,267,26166,0.45483968839645383,0.84494,0.40604248107910157,0.86232,0.6219792630195617,0.7855,0.07682,1855.1397001743317
same_epochs,m_sam,512,268,26264,0.4570204370689392,0.84374,0.40706172916412353,0.86316,0.623629172706604,0.7866,0.07656000000000007,1862.119933605194
same_epochs,m_sam,512,269,26362,0.45422115785598755,0.84422,0.3989912615585327,0.8668,0.6168424586296082,0.787,0.07979999999999998,1868.974220752716
same_epochs,m_sam,512,270,26460,0.4550098175239563,0.84418,0.41171243684768677,0.86128,0.631215368270874,0.7853,0.07598000000000005,1875.805364370346
same_epochs,m_sam,512,271,26558,0.45156780529022217,0.84696,0.40607651733398437,0.86288,0.6286176705360412,0.7855,0.07738,1882.7418944835663
same_epochs,m_sam,512,272,26656,0.45201512360572815,0.84566,0.4151753101921081,0.85998,0.6386147333145141,0.7799,0.08007999999999993,1889.7225451469421
same_epochs,m_sam,512,273,26754,0.4534497953128815,0.84328,0.3954705277633667,0.86782,0.61702006483078,0.7875,0.08032000000000006,1896.6881198883057
same_epochs,m_sam,512,274,26852,0.4458795901679993,0.84892,0.4003992733192444,0.86404,0.6248570978164673,0.784,0.08004,1903.702763557434
same_epochs,m_sam,512,275,26950,0.45136343015670777,0.84768,0.3997186864852905,0.86484,0.6209485054016113,0.7842,0.08064000000000004,1910.6329369544983
same_epochs,m_sam,512,276,27048,0.447004407081604,0.84956,0.3949147511482239,0.86726,0.6238268222808838,0.7843,0.08296000000000003,1917.509614944458
same_epochs,m_sam,512,277,27146,0.447503172416687,0.84704,0.40528364683151247,0.86232,0.6349433110237122,0.7817,0.08062000000000002,1924.3591022491455
same_epochs,m_sam,512,278,27244,0.44588256582260133,0.8467,0.40029269529342654,0.8641,0.6268926154136658,0.7843,0.07979999999999998,1931.1676845550537
same_epochs,m_sam,512,279,27342,0.4427693088531494,0.84932,0.4024966550064087,0.86484,0.6351462785720825,0.7852,0.07964000000000004,1938.0757093429565
same_epochs,m_sam,512,280,27440,0.4399436055660248,0.84994,0.4054747470474243,0.86246,0.6336422842979431,0.7819,0.08055999999999996,1945.0359644889832
same_epochs,m_sam,512,281,27538,0.44112106512069704,0.85018,0.4081565743637085,0.86096,0.6387452024459839,0.7789,0.08205999999999991,1951.9291911125183
same_epochs,m_sam,512,282,27636,0.43786271940231325,0.8511,0.3828089366912842,0.87126,0.6159877109527588,0.7882,0.08306000000000002,1958.9041457176208
same_epochs,m_sam,512,283,27734,0.4359851012420654,0.85104,0.39999112342834475,0.86452,0.6351643808364869,0.7831,0.08141999999999994,1965.7652516365051
same_epochs,m_sam,512,284,27832,0.4335993692493439,0.85176,0.39539685836791993,0.86708,0.634781432056427,0.7845,0.08257999999999999,1972.760160446167
same_epochs,m_sam,512,285,27930,0.4388085706138611,0.85022,0.394816481552124,0.8677,0.6329852355957031,0.7853,0.08240000000000003,1979.7009358406067
same_epochs,m_sam,512,286,28028,0.43602928139686586,0.8521,0.3934555462265015,0.86722,0.6302134098052978,0.782,0.08521999999999996,1986.5033514499664
same_epochs,m_sam,512,287,28126,0.42972461917877197,0.85306,0.3856382673072815,0.87148,0.6238685465812683,0.7863,0.08518000000000003,1993.3256278038025
same_epochs,m_sam,512,288,28224,0.42864929162979126,0.85376,0.3878024054718018,0.86816,0.6267405675888061,0.7856,0.08256000000000008,2000.2712190151215
same_epochs,m_sam,512,289,28322,0.4282345265865326,0.85344,0.38231037717819216,0.87208,0.6219174980163574,0.7865,0.08557999999999999,2007.206931591034
same_epochs,m_sam,512,290,28420,0.42856266927719117,0.85428,0.38443127101898195,0.8687,0.6273017305374146,0.7842,0.08450000000000002,2014.2009861469269
same_epochs,m_sam,512,291,28518,0.4269440123558044,0.85434,0.3895585305595398,0.86674,0.6320292550086976,0.7834,0.08333999999999997,2021.154823064804
same_epochs,m_sam,512,292,28616,0.424170190114975,0.85484,0.3671986173439026,0.87816,0.6082553039550781,0.7914,0.08676000000000006,2028.159691810608
same_epochs,m_sam,512,293,28714,0.42491959164619447,0.85588,0.369427685508728,0.87582,0.6167551217079162,0.789,0.08682000000000001,2035.072627067566
same_epochs,m_sam,512,294,28812,0.42008963571548463,0.85756,0.381365703163147,0.8739,0.6258285271644592,0.7866,0.08730000000000004,2041.977178812027
same_epochs,m_sam,512,295,28910,0.4206287674045563,0.85744,0.376137159576416,0.87406,0.6250505102157593,0.7889,0.0851599999999999,2048.7881758213043
same_epochs,m_sam,512,296,29008,0.42306319766044614,0.85624,0.3717945302963257,0.87692,0.6178647751808166,0.7864,0.09052000000000004,2055.460429906845
same_epochs,m_sam,512,297,29106,0.42051794370651246,0.85766,0.36530608046531676,0.87876,0.613970724105835,0.7893,0.08945999999999998,2062.3925471305847
same_epochs,m_sam,512,298,29204,0.4208206423854828,0.85482,0.3754665410041809,0.87334,0.6249435317993164,0.7906,0.08274000000000004,2069.3165304660797
same_epochs,m_sam,512,299,29302,0.41490776613235475,0.85916,0.3621994871520996,0.87962,0.6123577798843384,0.7908,0.08882000000000001,2076.2603344917297
same_epochs,m_sam,512,300,29400,0.41620062707901,0.85898,0.3647425280570984,0.87764,0.6132293136596679,0.7892,0.08843999999999996,2083.215698480606
same_epochs,m_sam,512,301,29498,0.41245451813697814,0.86062,0.3718819797325134,0.87444,0.6245887252807617,0.7858,0.08863999999999994,2090.1132476329803
same_epochs,m_sam,512,302,29596,0.4110870025920868,0.86134,0.36696290756225586,0.87766,0.6241259801864624,0.7884,0.08926,2096.9472303390503
same_epochs,m_sam,512,303,29694,0.41165672359466554,0.86076,0.36405089430809023,0.87956,0.6172569444656372,0.7868,0.09275999999999995,2103.948118209839
same_epochs,m_sam,512,304,29792,0.4076880564689636,0.86166,0.36892984999656675,0.87752,0.6247474513053894,0.7883,0.08921999999999997,2110.8997371196747
same_epochs,m_sam,512,305,29890,0.4047501550579071,0.86306,0.3582375647926331,0.88226,0.6129080516815185,0.7892,0.09306000000000003,2117.7588567733765
same_epochs,m_sam,512,306,29988,0.4054991472530365,0.8653,0.3582916968917847,0.88208,0.6178134512901307,0.7874,0.09467999999999999,2124.6331145763397
same_epochs,m_sam,512,307,30086,0.4043814054298401,0.8634,0.36615095935821534,0.8769,0.6257904151916504,0.7889,0.08799999999999997,2131.505997657776
same_epochs,m_sam,512,308,30184,0.40356816346168517,0.86336,0.3495606669998169,0.88528,0.6084617557525634,0.7917,0.09358,2138.477557182312
same_epochs,m_sam,512,309,30282,0.3995466503429413,0.86468,0.3471670803165436,0.88618,0.6076200895309448,0.7915,0.09467999999999999,2145.341826438904
same_epochs,m_sam,512,310,30380,0.40178771968841553,0.86528,0.3489756185531616,0.88396,0.614764319229126,0.7891,0.09485999999999994,2152.2661457061768
same_epochs,m_sam,512,311,30478,0.3995956636810303,0.8658,0.34216802198410035,0.88704,0.6032314981460571,0.7938,0.0932400000000001,2159.2260735034943
same_epochs,m_sam,512,312,30576,0.40035269057273865,0.86592,0.3540006946372986,0.88202,0.6171483860969543,0.7878,0.09422000000000008,2166.1473224163055
same_epochs,m_sam,512,313,30674,0.39703290916442874,0.8653,0.35702410196304324,0.88074,0.622989965057373,0.7877,0.09304000000000001,2173.0378675460815
same_epochs,m_sam,512,314,30772,0.39613492243766785,0.86624,0.34441659867286684,0.88624,0.6114662411689759,0.7923,0.09394000000000002,2179.9827272892
same_epochs,m_sam,512,315,30870,0.39400859093666074,0.86836,0.34153270590782164,0.88666,0.6108288012504578,0.7946,0.09206000000000003,2186.862507581711
same_epochs,m_sam,512,316,30968,0.39464844414711,0.86698,0.33962073572158813,0.88828,0.6098793293952942,0.7915,0.09677999999999998,2193.797529697418
same_epochs,m_sam,512,317,31066,0.391697901391983,0.86826,0.34257911538124086,0.88638,0.6165808646202088,0.7896,0.09677999999999998,2200.755531311035
same_epochs,m_sam,512,318,31164,0.39152086983680723,0.868,0.34486976259231567,0.88688,0.61513413772583,0.7916,0.09528000000000003,2207.667197227478
same_epochs,m_sam,512,319,31262,0.3848550100517273,0.86944,0.3504641198730469,0.88418,0.6237715371131897,0.7867,0.09748000000000001,2214.6045758724213
same_epochs,m_sam,512,320,31360,0.38570505677223205,0.87034,0.33644189851760864,0.8883,0.6135253344535828,0.7926,0.09570000000000001,2221.6399466991425
same_epochs,m_sam,512,321,31458,0.38300729439735415,0.87094,0.3330515106391907,0.89106,0.6062299986839295,0.7943,0.09675999999999996,2228.602335691452
same_epochs,m_sam,512,322,31556,0.3844394683742523,0.87142,0.3311639183616638,0.88968,0.6106945405960083,0.7904,0.09928000000000003,2235.410930633545
same_epochs,m_sam,512,323,31654,0.38449735480308533,0.87094,0.3313650731563568,0.89116,0.6047967002868653,0.7905,0.10065999999999997,2242.3354337215424
same_epochs,m_sam,512,324,31752,0.38324041159629824,0.87078,0.330764919128418,0.89218,0.6135083606719971,0.7903,0.10187999999999997,2249.1956276893616
same_epochs,m_sam,512,325,31850,0.3806066046619415,0.87278,0.3278992320156097,0.8935,0.6102006973266602,0.7932,0.10029999999999994,2256.1469123363495
same_epochs,m_sam,512,326,31948,0.3780086628055572,0.87316,0.3336004594230652,0.89044,0.6152337296485901,0.7908,0.09964000000000006,2263.128891468048
same_epochs,m_sam,512,327,32046,0.3759610785293579,0.8749,0.31626608507156373,0.8988,0.5933281153678894,0.7969,0.10189999999999999,2270.1076951026917
same_epochs,m_sam,512,328,32144,0.3740853347492218,0.87492,0.32736223534584047,0.89186,0.612698434638977,0.7885,0.10336000000000001,2277.225328207016
same_epochs,m_sam,512,329,32242,0.37254066641807554,0.87366,0.3176837284755707,0.89814,0.5994874917984009,0.7943,0.10384000000000004,2284.389405965805
same_epochs,m_sam,512,330,32340,0.3736905926990509,0.87564,0.3247133613395691,0.89478,0.6100158957481384,0.7947,0.10008000000000006,2291.235512495041
same_epochs,m_sam,512,331,32438,0.37461326234817505,0.87304,0.3259898507595062,0.89346,0.6097140411376953,0.7899,0.10355999999999999,2298.1157755851746
same_epochs,m_sam,512,332,32536,0.37610780817985534,0.87412,0.31289493326187134,0.89746,0.5992503428459167,0.796,0.10146,2305.113494157791
same_epochs,m_sam,512,333,32634,0.3714748608779907,0.87592,0.32074687675476077,0.89326,0.6095487601280213,0.7927,0.1005600000000001,2312.0276956558228
same_epochs,m_sam,512,334,32732,0.3713588589668274,0.87438,0.3231229377746582,0.89486,0.61009501953125,0.796,0.09885999999999995,2318.8812613487244
same_epochs,m_sam,512,335,32830,0.37056379878044127,0.87636,0.32157252732276914,0.894,0.610922615814209,0.79,0.10399999999999998,2325.765035867691
same_epochs,m_sam,512,336,32928,0.3654745263195038,0.87736,0.30755797362327575,0.90158,0.6000137555122376,0.793,0.10858000000000001,2332.6671798229218
same_epochs,m_sam,512,337,33026,0.3684169054031372,0.87548,0.3116381290626526,0.89872,0.6038852668762207,0.7929,0.10581999999999991,2339.5255601406097
same_epochs,m_sam,512,338,33124,0.36643662452697756,0.87822,0.31038449548721314,0.90138,0.6001375372886658,0.795,0.10637999999999992,2346.377468585968
same_epochs,m_sam,512,339,33222,0.36241498692512514,0.87784,0.30719505737304686,0.9015,0.6004410543441773,0.7978,0.10370000000000001,2353.2066378593445
same_epochs,m_sam,512,340,33320,0.3656391064739227,0.8784,0.3097910295009613,0.90026,0.6013278707504273,0.7946,0.10565999999999998,2360.389712572098
same_epochs,m_sam,512,341,33418,0.3666654459285736,0.87708,0.3071989395046234,0.90008,0.6056097955703735,0.7959,0.10417999999999994,2367.286872148514
same_epochs,m_sam,512,342,33516,0.360350269908905,0.8795,0.3092503015136719,0.8996,0.6033168890953063,0.7937,0.1059,2374.2050700187683
same_epochs,m_sam,512,343,33614,0.35983060512542725,0.88078,0.29954015645980836,0.90426,0.5954874740600586,0.7989,0.1053599999999999,2381.1610028743744
same_epochs,m_sam,512,344,33712,0.3564899805927277,0.88186,0.30603294469833375,0.90048,0.610772530078888,0.7955,0.10497999999999996,2388.0988178253174
same_epochs,m_sam,512,345,33810,0.3556960720062256,0.88094,0.3086949164676666,0.89918,0.6164914459228515,0.7933,0.10587999999999997,2395.0276045799255
same_epochs,m_sam,512,346,33908,0.3535199332237244,0.88174,0.29619884637832644,0.90462,0.5940613864898682,0.7984,0.10621999999999998,2401.96711230278
same_epochs,m_sam,512,347,34006,0.35283322231292724,0.88274,0.3009536857509613,0.90346,0.6046114225387573,0.7944,0.10906000000000005,2408.769872903824
same_epochs,m_sam,512,348,34104,0.3529548446750641,0.88128,0.29724633582115173,0.9048,0.5953307029724121,0.7976,0.10720000000000007,2415.446984767914
same_epochs,m_sam,512,349,34202,0.35063202187538145,0.88292,0.30184589723587035,0.90254,0.610326038646698,0.7944,0.10814000000000001,2422.3667752742767
same_epochs,m_sam,512,350,34300,0.3522453319835663,0.8817,0.285251565990448,0.90954,0.5936306401252747,0.7976,0.11194000000000004,2429.2771022319794
same_epochs,m_sam,512,351,34398,0.353504861536026,0.88388,0.2904099512386322,0.9064,0.6034120335578919,0.8003,0.10609999999999997,2436.211058616638
same_epochs,m_sam,512,352,34496,0.34617178336143495,0.88406,0.29458428208351134,0.90482,0.6064431310653686,0.7946,0.11021999999999998,2443.13715672493
same_epochs,m_sam,512,353,34594,0.3494312905502319,0.88294,0.2843857228851318,0.90928,0.5940277975559235,0.798,0.11127999999999993,2450.137480735779
same_epochs,m_sam,512,354,34692,0.34663167536735534,0.88578,0.3002944159030914,0.90388,0.6151221378326416,0.7944,0.10948000000000002,2457.165506839752
same_epochs,m_sam,512,355,34790,0.34418495084762574,0.88476,0.2958134847068787,0.9051,0.6092476635932922,0.795,0.11009999999999998,2464.1809606552124
same_epochs,m_sam,512,356,34888,0.3413480347633362,0.88782,0.28638920815467833,0.90836,0.6035656783103943,0.7977,0.11065999999999998,2470.9247007369995
same_epochs,m_sam,512,357,34986,0.3394678799819946,0.88822,0.2801732101535797,0.9102,0.5970932750701904,0.8007,0.10950000000000004,2477.823181629181
same_epochs,m_sam,512,358,35084,0.3383142659664154,0.8866,0.28611104545593263,0.90874,0.6003436389923096,0.7959,0.11283999999999994,2484.7875833511353
same_epochs,m_sam,512,359,35182,0.3367531353664398,0.88932,0.28264989391326906,0.90892,0.6021087277412415,0.7971,0.11181999999999992,2491.650549173355
same_epochs,m_sam,512,360,35280,0.3367990801429748,0.88764,0.28053309899330137,0.91004,0.6006153003692627,0.7981,0.11193999999999993,2498.621947288513
same_epochs,m_sam,512,361,35378,0.3346880168819428,0.89022,0.2763377960395813,0.91142,0.596941466808319,0.7991,0.11231999999999998,2505.537078857422
same_epochs,m_sam,512,362,35476,0.33389407647132874,0.8892,0.27758566467285156,0.9128,0.6019689496994018,0.7959,0.11689999999999989,2512.282947778702
same_epochs,m_sam,512,363,35574,0.33021444710731507,0.89002,0.28111344749450684,0.90972,0.6057655663490296,0.7935,0.11621999999999999,2519.206295967102
same_epochs,m_sam,512,364,35672,0.335486777048111,0.8878,0.27714944138526915,0.91216,0.6007010239601135,0.7982,0.11395999999999995,2526.0052473545074
same_epochs,m_sam,512,365,35770,0.3290502611732483,0.89144,0.27068712065696715,0.91366,0.592546935558319,0.7987,0.11496000000000006,2532.7595670223236
same_epochs,m_sam,512,366,35868,0.33124559129714964,0.89028,0.2775389294528961,0.9113,0.6017919389724732,0.7955,0.11580000000000001,2539.790568113327
same_epochs,m_sam,512,367,35966,0.3286706793498993,0.89118,0.27510112482070925,0.9115,0.5993447511672974,0.7994,0.11209999999999998,2546.694629907608
same_epochs,m_sam,512,368,36064,0.3272086087799072,0.89228,0.27467268151283264,0.91166,0.6028709139823913,0.7975,0.11416000000000004,2553.726099014282
same_epochs,m_sam,512,369,36162,0.3266045152282715,0.89188,0.2602900332736969,0.91726,0.5909682621002197,0.8017,0.11556,2560.6468744277954
same_epochs,m_sam,512,370,36260,0.32719367243766784,0.89258,0.2768307534122467,0.91236,0.6024405291557312,0.7978,0.11456,2567.609745979309
same_epochs,m_sam,512,371,36358,0.32574855551719667,0.89206,0.26706823075294495,0.91742,0.5965835477828979,0.7992,0.11821999999999999,2574.5141549110413
same_epochs,m_sam,512,372,36456,0.3228201513671875,0.8942,0.27399509353637697,0.91146,0.6084909191131592,0.7964,0.11506000000000005,2581.3718860149384
same_epochs,m_sam,512,373,36554,0.3213847091579437,0.89524,0.27110974405288696,0.91448,0.6044033389091492,0.7967,0.11778,2588.2114777565002
same_epochs,m_sam,512,374,36652,0.32079237047195436,0.89342,0.26368973673820495,0.91742,0.6024721076965333,0.7993,0.11812,2594.9613304138184
same_epochs,m_sam,512,375,36750,0.32137497896194456,0.8948,0.262311763715744,0.9165,0.5993080203056336,0.7975,0.119,2601.8165259361267
same_epochs,m_sam,512,376,36848,0.3187153962230682,0.89592,0.2716345000839233,0.91344,0.6160297296524048,0.7929,0.12053999999999998,2608.748169898987
same_epochs,m_sam,512,377,36946,0.3177806197166443,0.8952,0.26306061690330507,0.9167,0.6033622714996338,0.7966,0.12009999999999998,2615.6996335983276
same_epochs,m_sam,512,378,37044,0.31389330768585205,0.89706,0.2632014215660095,0.91738,0.5968361036300659,0.7976,0.11978,2622.6948549747467
same_epochs,m_sam,512,379,37142,0.3155236486530304,0.89596,0.2607844985961914,0.91788,0.6035570386886596,0.7993,0.11858000000000002,2629.558506965637
same_epochs,m_sam,512,380,37240,0.31221433049201963,0.89752,0.25877787023544313,0.9195,0.5979546879768372,0.7996,0.1199,2636.556014060974
same_epochs,m_sam,512,381,37338,0.31168240040779116,0.89798,0.25582603174209595,0.91974,0.5940887150764466,0.7993,0.12043999999999999,2643.5216987133026
same_epochs,m_sam,512,382,37436,0.3074453332901001,0.89902,0.26796613021850585,0.91546,0.6135729047775269,0.7947,0.12076000000000009,2650.332880973816
same_epochs,m_sam,512,383,37534,0.31087146067619326,0.89658,0.252796141834259,0.9198,0.6021016502380371,0.7962,0.12359999999999993,2657.1740226745605
same_epochs,m_sam,512,384,37632,0.3087085237789154,0.89874,0.26009835124015807,0.91708,0.6071174410820007,0.7926,0.12448000000000004,2664.1657280921936
same_epochs,m_sam,512,385,37730,0.3065753353023529,0.89942,0.2637552785301209,0.91646,0.6093315735816955,0.7961,0.12036000000000002,2671.122992992401
same_epochs,m_sam,512,386,37828,0.30430186294555667,0.90116,0.24733175547599792,0.92414,0.5908152285575867,0.8027,0.12143999999999999,2677.9622325897217
same_epochs,m_sam,512,387,37926,0.3064396311759949,0.89856,0.2456614321231842,0.92418,0.5949522234916687,0.7976,0.12658000000000003,2684.9175810813904
same_epochs,m_sam,512,388,38024,0.3016159067058563,0.9016,0.24791261947631835,0.9215,0.5997827313423156,0.8019,0.11960000000000004,2691.930694580078
same_epochs,m_sam,512,389,38122,0.3043108376502991,0.89912,0.24514567622184755,0.92408,0.6010260104179382,0.802,0.12207999999999997,2698.8796219825745
same_epochs,m_sam,512,390,38220,0.3016309045171738,0.89996,0.25372180815696715,0.9207,0.6079753964424134,0.799,0.12169999999999992,2705.5226016044617
same_epochs,m_sam,512,391,38318,0.30223409529685974,0.90058,0.24205992094039916,0.92426,0.5927858829498291,0.8044,0.11985999999999997,2712.4045639038086
same_epochs,m_sam,512,392,38416,0.3004297793865204,0.9007,0.23577424123764038,0.9281,0.589218878364563,0.802,0.1261,2719.318205356598
same_epochs,m_sam,512,393,38514,0.2981147045326233,0.90304,0.24371649775505067,0.92278,0.599729543018341,0.8007,0.12208000000000008,2726.1847352981567
same_epochs,m_sam,512,394,38612,0.29978361413002014,0.90188,0.23934124877929688,0.92682,0.5855471587181091,0.8009,0.12592000000000003,2733.0920577049255
same_epochs,m_sam,512,395,38710,0.2979410113096237,0.90302,0.23486782674789428,0.92704,0.5908905608177185,0.8034,0.12363999999999997,2740.048118829727
same_epochs,m_sam,512,396,38808,0.29637477995872497,0.90298,0.2328343890285492,0.92768,0.596062998867035,0.8023,0.12537999999999994,2747.0604853630066
same_epochs,m_sam,512,397,38906,0.29368021220207213,0.90362,0.23663722017288208,0.9269,0.5947676823616028,0.8042,0.12269999999999992,2753.942505836487
same_epochs,m_sam,512,398,39004,0.2954465784263611,0.90428,0.23870804538726806,0.92632,0.5972716083526611,0.8019,0.12442000000000009,2760.9585452079773
same_epochs,m_sam,512,399,39102,0.29213423736572264,0.90578,0.23154890533447264,0.92866,0.5933689277648926,0.804,0.12465999999999999,2767.7900125980377
same_epochs,m_sam,512,400,39200,0.2900554249763489,0.9055,0.24120307366371155,0.92588,0.5991890539169311,0.8015,0.12438000000000005,2774.597758293152
same_epochs,m_sam,512,401,39298,0.29032265859603884,0.90518,0.23028585130691528,0.92936,0.5969022623062133,0.8013,0.12805999999999995,2781.4957954883575
same_epochs,m_sam,512,402,39396,0.2857545220375061,0.90722,0.23048735522270203,0.92918,0.5929539064407349,0.8041,0.12507999999999997,2788.381022453308
same_epochs,m_sam,512,403,39494,0.2877253059244156,0.90628,0.24470388151168823,0.9236,0.6102519682884217,0.7978,0.12580000000000002,2795.3307087421417
same_epochs,m_sam,512,404,39592,0.2854893527507782,0.90634,0.23840688752174377,0.9243,0.6046789859771728,0.8005,0.12380000000000002,2802.331392288208
same_epochs,m_sam,512,405,39690,0.28368726570129393,0.90842,0.2253242267227173,0.92996,0.5971299286842346,0.8017,0.12826000000000004,2809.3188371658325
same_epochs,m_sam,512,406,39788,0.2866272633266449,0.90688,0.22358182042121888,0.93064,0.5918604008674622,0.8031,0.12754,2816.2647035121918
same_epochs,m_sam,512,407,39886,0.28123417934417727,0.9082,0.22986022520065308,0.92936,0.6038810163497925,0.7976,0.13176,2823.2086822986603
same_epochs,m_sam,512,408,39984,0.28259591319084165,0.908,0.22559893129348754,0.92966,0.596637993812561,0.8023,0.12736000000000003,2830.094661951065
same_epochs,m_sam,512,409,40082,0.2823203625392914,0.90802,0.23515358925819396,0.92414,0.6122116602897644,0.7989,0.1252399999999999,2836.8406987190247
same_epochs,m_sam,512,410,40180,0.27960477628707886,0.9102,0.22327441512107848,0.93254,0.5945629600524902,0.8028,0.12974000000000008,2843.750059366226
same_epochs,m_sam,512,411,40278,0.28260724661827086,0.90882,0.22077977837562562,0.9338,0.5897917009353638,0.8006,0.13319999999999999,2850.687056541443
same_epochs,m_sam,512,412,40376,0.27811038237571717,0.90986,0.22014060782432557,0.93316,0.5932594462394715,0.8044,0.12875999999999999,2857.708482503891
same_epochs,m_sam,512,413,40474,0.27159367659568784,0.91318,0.22197291443824768,0.93176,0.5995691411972046,0.8009,0.1308600000000001,2864.5849771499634
same_epochs,m_sam,512,414,40572,0.27402612436294554,0.91138,0.21359542497634887,0.93538,0.5941830728530884,0.8029,0.13248000000000004,2871.5762066841125
same_epochs,m_sam,512,415,40670,0.27565473864555357,0.9111,0.215739306640625,0.93394,0.5972464016914367,0.8019,0.13204000000000005,2878.6013271808624
same_epochs,m_sam,512,416,40768,0.27367928904533384,0.91104,0.2197346395111084,0.93468,0.5921574470520019,0.8033,0.13137999999999994,2885.4934589862823
same_epochs,m_sam,512,417,40866,0.27153150683403016,0.91464,0.2150373632621765,0.93532,0.5958319865226746,0.8018,0.13352000000000008,2892.4099822044373
same_epochs,m_sam,512,418,40964,0.2712906528663635,0.91354,0.21293936438560485,0.9329,0.6002778486251831,0.8045,0.12839999999999996,2899.376848220825
same_epochs,m_sam,512,419,41062,0.26897611919403075,0.91332,0.20709960319519044,0.93778,0.5916265682220458,0.7997,0.13807999999999998,2906.318353176117
same_epochs,m_sam,512,420,41160,0.2672748715877533,0.91318,0.21162168511390686,0.93658,0.5987056216239929,0.8028,0.13378,2913.3482010364532
same_epochs,m_sam,512,421,41258,0.2708679715538025,0.91312,0.20425028779029847,0.93814,0.5913326600074768,0.8054,0.13273999999999997,2920.3794646263123
same_epochs,m_sam,512,422,41356,0.2692571714401245,0.91426,0.21188843896865844,0.93544,0.6030754318237305,0.8033,0.13214000000000004,2927.30495595932
same_epochs,m_sam,512,423,41454,0.26359939264297483,0.91552,0.2039635241508484,0.93862,0.596687079334259,0.8007,0.13792000000000004,2934.3308017253876
same_epochs,m_sam,512,424,41552,0.2651473757362366,0.9148,0.20206982484817504,0.9411,0.5807084977149963,0.8053,0.13580000000000003,2941.206927061081
same_epochs,m_sam,512,425,41650,0.2664918319606781,0.91398,0.21174621168136595,0.9374,0.5964128856658936,0.8013,0.1361,2948.1042375564575
same_epochs,m_sam,512,426,41748,0.26108857313156125,0.91582,0.20924236495018006,0.93724,0.599505371761322,0.7985,0.13873999999999997,2955.0346364974976
same_epochs,m_sam,512,427,41846,0.26145450983047486,0.91632,0.20068737182617188,0.93944,0.596138848400116,0.804,0.13544,2961.9755985736847
same_epochs,m_sam,512,428,41944,0.259194892950058,0.91756,0.20282223944664002,0.9389,0.5952950152397156,0.8024,0.13649999999999995,2968.834354877472
same_epochs,m_sam,512,429,42042,0.25756628790855407,0.91768,0.20470227959632872,0.93806,0.6089810586929322,0.7995,0.13856000000000002,2975.828211784363
same_epochs,m_sam,512,430,42140,0.2610595346927643,0.91596,0.20023588375091553,0.93876,0.5921860538482666,0.8039,0.1348600000000001,2982.7624609470367
same_epochs,m_sam,512,431,42238,0.25842588629722596,0.9172,0.2048948529624939,0.93832,0.6038603102684021,0.8024,0.13592000000000004,2989.7931413650513
same_epochs,m_sam,512,432,42336,0.2544978166675568,0.91886,0.20367930786132812,0.9391,0.601269795036316,0.7986,0.14050000000000007,2996.672151327133
same_epochs,m_sam,512,433,42434,0.2575998488330841,0.91634,0.19835038509368896,0.94264,0.5931733082771301,0.8045,0.13814000000000004,3003.705803155899
same_epochs,m_sam,512,434,42532,0.2504864985084534,0.9212,0.19685436376571655,0.94162,0.6056549944877625,0.8052,0.13641999999999999,3010.576107263565
same_epochs,m_sam,512,435,42630,0.25361456033706664,0.91832,0.19946615140914917,0.93958,0.6126758681297302,0.8031,0.13647999999999993,3017.489010810852
same_epochs,m_sam,512,436,42728,0.25078098645210267,0.91974,0.2018761081123352,0.93822,0.6090351046562195,0.8023,0.13592000000000004,3024.3502922058105
same_epochs,m_sam,512,437,42826,0.2498046898174286,0.9217,0.1956378420829773,0.94212,0.6046080513954163,0.8024,0.13971999999999996,3031.2909512519836
same_epochs,m_sam,512,438,42924,0.24831373507499696,0.92014,0.1856136627960205,0.94508,0.5962215284347534,0.8057,0.13938000000000006,3038.19429564476
same_epochs,m_sam,512,439,43022,0.24883369583129883,0.9197,0.18797062992572786,0.94394,0.5984800401687622,0.8069,0.13704000000000005,3045.193184375763
same_epochs,m_sam,512,440,43120,0.2480554132080078,0.92262,0.19061842956542968,0.94486,0.5962058477401734,0.8054,0.13946000000000003,3052.1122596263885
same_epochs,m_sam,512,441,43218,0.24398222520828247,0.92286,0.18942284591674804,0.94398,0.603697488117218,0.8032,0.14078000000000002,3059.0325005054474
same_epochs,m_sam,512,442,43316,0.24670704811096192,0.92158,0.19137184522628783,0.94478,0.6001624390602112,0.8023,0.14247999999999994,3065.980989217758
same_epochs,m_sam,512,443,43414,0.24354568152427675,0.92212,0.18784837832450868,0.94522,0.5949987621307373,0.8043,0.14091999999999993,3072.9311985969543
same_epochs,m_sam,512,444,43512,0.24246763136863708,0.92294,0.18459416145324706,0.94588,0.5988921970367431,0.8067,0.13918000000000008,3079.849643945694
same_epochs,m_sam,512,445,43610,0.24381294266700745,0.92242,0.18215325944900512,0.9482,0.5871463388442993,0.8083,0.13990000000000002,3086.6582622528076
same_epochs,m_sam,512,446,43708,0.24027443096637727,0.92298,0.19347400108337404,0.94268,0.6063094263076783,0.8033,0.13937999999999995,3093.7635703086853
same_epochs,m_sam,512,447,43806,0.2402487445497513,0.92454,0.18119765789508818,0.948,0.5984781798362732,0.8025,0.14549999999999996,3100.8012278079987
same_epochs,m_sam,512,448,43904,0.23730078220367432,0.9254,0.18118398126602173,0.94854,0.603611616897583,0.8013,0.14724000000000004,3107.7396268844604
same_epochs,m_sam,512,449,44002,0.23784870866775512,0.92506,0.1796344096660614,0.94864,0.6018725196838379,0.803,0.14564,3114.6824860572815
same_epochs,m_sam,512,450,44100,0.23795996787071227,0.92396,0.1757883833885193,0.9513,0.5982460266113281,0.8041,0.1472,3121.721982717514
same_epochs,m_sam,512,451,44198,0.23618292532920837,0.9248,0.17848111904144287,0.9492,0.6008919961929321,0.8047,0.14450000000000007,3128.601803779602
same_epochs,m_sam,512,452,44296,0.2328771644115448,0.9271,0.17751955277442932,0.94802,0.6052632780075073,0.8023,0.14571999999999996,3135.5055961608887
same_epochs,m_sam,512,453,44394,0.2309250300693512,0.92698,0.17703345079421998,0.94934,0.6064024759292602,0.8012,0.14813999999999994,3142.396206140518
same_epochs,m_sam,512,454,44492,0.2322989737033844,0.92764,0.1753087761592865,0.9499,0.6018598622322082,0.8047,0.1452,3149.236011505127
same_epochs,m_sam,512,455,44590,0.23009804767131806,0.92824,0.18196497928619385,0.9449,0.6058806674003601,0.8046,0.14029999999999998,3156.143898010254
same_epochs,m_sam,512,456,44688,0.23048417271614074,0.92734,0.18058083227157593,0.9472,0.6138695956230164,0.799,0.1482,3163.1189892292023
same_epochs,m_sam,512,457,44786,0.22999012363910676,0.92812,0.18268882612228393,0.9455,0.6212413794517517,0.799,0.14649999999999996,3170.035819530487
same_epochs,m_sam,512,458,44884,0.23005207640647887,0.9281,0.1661321553325653,0.9518,0.6022408143043518,0.8049,0.14690000000000003,3176.947733640671
same_epochs,m_sam,512,459,44982,0.22738686133384706,0.92868,0.1785540532875061,0.94824,0.6079632038116455,0.8013,0.14693999999999996,3183.884989976883
same_epochs,m_sam,512,460,45080,0.22855683470726013,0.92834,0.16911088432788848,0.9519,0.5956090599060059,0.8061,0.14579999999999993,3190.8398475646973
same_epochs,m_sam,512,461,45178,0.22549604786396027,0.92918,0.16964316383838654,0.95114,0.6024936065673828,0.8036,0.14754,3197.820049762726
same_epochs,m_sam,512,462,45276,0.2238613505220413,0.93046,0.16432761394977569,0.95254,0.6036218009948731,0.8044,0.14814000000000005,3204.857985019684
same_epochs,m_sam,512,463,45374,0.22227902881145478,0.93024,0.17353993622779845,0.94744,0.6160317193984985,0.8056,0.14183999999999997,3211.78959774971
same_epochs,m_sam,512,464,45472,0.22507265109062194,0.9296,0.1640899786043167,0.95388,0.601900689125061,0.8077,0.14617999999999998,3218.82417845726
same_epochs,m_sam,512,465,45570,0.22341393633842468,0.93066,0.16746663551807403,0.95212,0.6029048110961914,0.8055,0.14661999999999997,3225.844479560852
same_epochs,m_sam,512,466,45668,0.2227346168899536,0.93022,0.16837505619049073,0.9514,0.6015132770538331,0.8046,0.14680000000000004,3232.7866973876953
same_epochs,m_sam,512,467,45766,0.22031012583732604,0.9308,0.1734122326231003,0.94926,0.627273422241211,0.7997,0.14956000000000003,3239.665546655655
same_epochs,m_sam,512,468,45864,0.22015903669834136,0.9324,0.16019992443561554,0.95584,0.5990666334152221,0.8084,0.14744000000000002,3246.6392118930817
same_epochs,m_sam,512,469,45962,0.2140186241197586,0.93432,0.15482012875556947,0.95702,0.5925812191009522,0.8073,0.14971999999999996,3253.484210729599
same_epochs,m_sam,512,470,46060,0.2124861938428879,0.93552,0.16282018463611603,0.9533,0.6067150837898254,0.8048,0.14850000000000008,3260.3936717510223
same_epochs,m_sam,512,471,46158,0.21613755954265595,0.93222,0.15865044773578643,0.95516,0.6072552502632141,0.8079,0.14726000000000006,3267.382184743881
same_epochs,m_sam,512,472,46256,0.2139780649995804,0.93366,0.15254688903808594,0.95758,0.5969803894996643,0.8084,0.14917999999999998,3274.3539831638336
same_epochs,m_sam,512,473,46354,0.21528009411334992,0.9328,0.1551859741926193,0.95768,0.59603697681427,0.8051,0.15257999999999994,3281.263708114624
same_epochs,m_sam,512,474,46452,0.2174443115234375,0.93186,0.16254636074543,0.95438,0.6053781854629516,0.8054,0.14898,3288.274866580963
same_epochs,m_sam,512,475,46550,0.21131913179397582,0.93466,0.15382769572257995,0.95736,0.602650175857544,0.8048,0.15256000000000003,3295.233417749405
same_epochs,m_sam,512,476,46648,0.21327581782341004,0.93536,0.15131626094818115,0.95792,0.6005905836105346,0.8068,0.15112000000000003,3302.1689693927765
same_epochs,m_sam,512,477,46746,0.2156567596912384,0.93312,0.15316308606147766,0.9576,0.6016401664733887,0.8046,0.15300000000000002,3309.1349449157715
same_epochs,m_sam,512,478,46844,0.21281844405174255,0.9341,0.15814586990356444,0.95588,0.6120280951499939,0.8013,0.15457999999999994,3315.9858117103577
same_epochs,m_sam,512,479,46942,0.2081250743532181,0.936,0.14930095576286315,0.95844,0.6030764442443848,0.8067,0.15173999999999999,3322.9498374462128
same_epochs,m_sam,512,480,47040,0.20964657901763917,0.93454,0.1509070941591263,0.95818,0.6000347136497498,0.8045,0.15368000000000004,3329.9337527751923
same_epochs,m_sam,512,481,47138,0.20714188839435577,0.93534,0.15526844799995423,0.95714,0.6039533403396606,0.8042,0.15293999999999996,3336.7913534641266
same_epochs,m_sam,512,482,47236,0.20487867668151855,0.93704,0.1424394073820114,0.96166,0.6036229948043823,0.8075,0.15415999999999996,3343.783051967621
same_epochs,m_sam,512,483,47334,0.2053418762254715,0.9368,0.14281377053260802,0.96098,0.6011835132598877,0.8062,0.15477999999999992,3350.714582681656
same_epochs,m_sam,512,484,47432,0.20226420728683472,0.93768,0.1430607530260086,0.96138,0.6066359558105469,0.8071,0.15427999999999997,3357.624959230423
same_epochs,m_sam,512,485,47530,0.19796363200187683,0.9397,0.1428309740829468,0.96098,0.5994281445503234,0.8044,0.15657999999999994,3364.595584630966
same_epochs,m_sam,512,486,47628,0.19811767867565155,0.93888,0.144877136387825,0.96052,0.6074723514556885,0.8069,0.1536200000000001,3371.5618953704834
same_epochs,m_sam,512,487,47726,0.19866935378551484,0.93898,0.15261537662029268,0.95654,0.6303670874595642,0.8008,0.15574,3378.4437584877014
same_epochs,m_sam,512,488,47824,0.19800171965122224,0.93938,0.14830099556446075,0.9582,0.6218758361816407,0.8014,0.15680000000000005,3385.3369541168213
same_epochs,m_sam,512,489,47922,0.19674226399898528,0.9403,0.14420991172790526,0.9595,0.6181766852378845,0.8031,0.15639999999999998,3392.384354829788
same_epochs,m_sam,512,490,48020,0.19790462532520295,0.93992,0.13917999119758606,0.963,0.6074364743232727,0.8035,0.15949999999999998,3399.340632200241
same_epochs,m_sam,512,491,48118,0.1977681257247925,0.94018,0.14728356343269347,0.95816,0.6243712677955627,0.8033,0.15486,3406.177277803421
same_epochs,m_sam,512,492,48216,0.19689650026798247,0.93978,0.14664716421604157,0.95878,0.6199842399597167,0.8006,0.15818,3413.137228012085
same_epochs,m_sam,512,493,48314,0.19578644493579864,0.94042,0.13736504528045654,0.96294,0.6084939413070679,0.8043,0.15864,3420.1085584163666
same_epochs,m_sam,512,494,48412,0.19921714564323426,0.93912,0.14939651750087737,0.95722,0.6256289226531982,0.8003,0.15691999999999995,3427.026073694229
same_epochs,m_sam,512,495,48510,0.19328007049560547,0.9409,0.13640444856643677,0.96334,0.6107321825027466,0.8049,0.15844000000000003,3434.0527102947235
same_epochs,m_sam,512,496,48608,0.19048128935337066,0.94252,0.13944192774772643,0.96094,0.626683798122406,0.8044,0.15654,3440.949944972992
same_epochs,m_sam,512,497,48706,0.18999620602607728,0.94352,0.133077626080513,0.96432,0.604643963432312,0.8074,0.15691999999999995,3447.8963971138
same_epochs,m_sam,512,498,48804,0.18973679471969604,0.94246,0.14616860319137573,0.95792,0.6300711243629455,0.7994,0.15852,3454.781674146652
same_epochs,m_sam,512,499,48902,0.18913399564743041,0.94302,0.14644074048042297,0.95836,0.6247266184806823,0.8042,0.15415999999999996,3461.5903027057648
same_epochs,m_sam,512,500,49000,0.18996894473075868,0.94318,0.1379534949016571,0.96294,0.6113591037750244,0.8039,0.15904000000000007,3468.609967470169
same_epochs,m_sam,512,501,49098,0.18913777523517608,0.94292,0.13778733340740204,0.96322,0.6129200931549073,0.8038,0.15942,3475.5707943439484
same_epochs,m_sam,512,502,49196,0.18642203004837035,0.94444,0.13516210628986358,0.96266,0.6215549638748169,0.8031,0.15955999999999992,3482.4954953193665
same_epochs,m_sam,512,503,49294,0.18348621168613433,0.94586,0.13160280649662018,0.96474,0.6165488631248474,0.8056,0.15914000000000006,3489.4733266830444
same_epochs,m_sam,512,504,49392,0.18488740485191346,0.94458,0.1293647943162918,0.96562,0.6158620658874512,0.8057,0.15992000000000006,3496.388811826706
same_epochs,m_sam,512,505,49490,0.18370887635231017,0.94474,0.13280754745006562,0.96492,0.6156771609306335,0.8053,0.15961999999999998,3503.3056671619415
same_epochs,m_sam,512,506,49588,0.1842962269258499,0.94364,0.12326734319210053,0.96776,0.6087928159713745,0.8061,0.16165999999999991,3510.211796283722
same_epochs,m_sam,512,507,49686,0.1831694009113312,0.94552,0.12410176827907562,0.9675,0.6162185130119324,0.8061,0.1614,3517.1574828624725
same_epochs,m_sam,512,508,49784,0.1823197195148468,0.9466,0.12709189494132997,0.96624,0.6132464546203613,0.8062,0.16003999999999996,3524.115656852722
same_epochs,m_sam,512,509,49882,0.18338345155239105,0.94458,0.12790667473316192,0.9657,0.6193113910675049,0.8069,0.15880000000000005,3531.1599459648132
same_epochs,m_sam,512,510,49980,0.18243621430873871,0.94572,0.12677095759391785,0.96578,0.6116757499694824,0.8069,0.15888000000000002,3538.0484533309937
same_epochs,m_sam,512,511,50078,0.1822520760011673,0.945,0.13064522873878479,0.96484,0.6241637596130372,0.8041,0.16074,3544.9744441509247
same_epochs,m_sam,512,512,50176,0.17877066700458527,0.94718,0.13423068762302398,0.96208,0.6290744432449341,0.8027,0.15938000000000008,3551.8533687591553
same_epochs,m_sam,512,513,50274,0.18165987548351287,0.94656,0.13184338019371034,0.9647,0.6261146220207214,0.8037,0.16100000000000003,3558.7865471839905
same_epochs,m_sam,512,514,50372,0.17543592305183411,0.9482,0.12267221632003784,0.96774,0.6161077450752258,0.8076,0.16014000000000006,3565.6309292316437
same_epochs,m_sam,512,515,50470,0.17704197051525117,0.94778,0.11960920314788819,0.96908,0.6105990459442139,0.8082,0.16088000000000002,3572.4908907413483
same_epochs,m_sam,512,516,50568,0.17559836671352386,0.94842,0.12350360614299774,0.96702,0.6207955596923828,0.8059,0.16112000000000004,3579.388724088669
same_epochs,m_sam,512,517,50666,0.17272778110980988,0.94944,0.12024625777721405,0.96874,0.6152489191055298,0.8065,0.16224000000000005,3586.3996002674103
same_epochs,m_sam,512,518,50764,0.17303016788959502,0.94908,0.1283710850572586,0.96506,0.628592711353302,0.8048,0.16026000000000007,3593.414772748947
same_epochs,m_sam,512,519,50862,0.17161262132167815,0.9494,0.11916044469833374,0.96804,0.6133470359802247,0.8071,0.16093999999999997,3600.417741060257
same_epochs,m_sam,512,520,50960,0.17344335009098052,0.94866,0.11963040019989013,0.969,0.6162283469200134,0.8054,0.16359999999999997,3607.3258032798767
same_epochs,m_sam,512,521,51058,0.17075183269500732,0.94952,0.11986788997650147,0.9699,0.6115962573051452,0.8094,0.16049999999999998,3614.295533657074
same_epochs,m_sam,512,522,51156,0.17233238503932952,0.94934,0.117877840924263,0.9691,0.6110312881469726,0.8072,0.16189999999999993,3621.2750132083893
same_epochs,m_sam,512,523,51254,0.17032206191301347,0.95116,0.1208829662656784,0.96736,0.6169238401412964,0.8062,0.16115999999999997,3628.2193415164948
same_epochs,m_sam,512,524,51352,0.16666194556713104,0.95108,0.11483823786735535,0.97042,0.6214941330909729,0.8065,0.16391999999999995,3635.1845445632935
same_epochs,m_sam,512,525,51450,0.16685836146354674,0.95176,0.12731950404167175,0.96572,0.6311495079994202,0.8048,0.16092000000000006,3642.1951830387115
same_epochs,m_sam,512,526,51548,0.16937582644939422,0.95028,0.10904153365135193,0.97298,0.6098126857757569,0.8094,0.16357999999999995,3649.137256383896
same_epochs,m_sam,512,527,51646,0.1675799962282181,0.95102,0.11177886708259582,0.9711,0.6198789139747619,0.8088,0.1623,3656.0846631526947
same_epochs,m_sam,512,528,51744,0.16720154155254363,0.9503,0.11827455635547637,0.97,0.6168838413238525,0.8057,0.1643,3663.0275309085846
same_epochs,m_sam,512,529,51842,0.1652008905029297,0.95284,0.11114113735675812,0.9719,0.6160430568695069,0.8083,0.16359999999999997,3669.9615552425385
same_epochs,m_sam,512,530,51940,0.16598535231590272,0.95112,0.11187076011419296,0.97266,0.6209006258010864,0.8062,0.16645999999999994,3676.8760719299316
same_epochs,m_sam,512,531,52038,0.1604884896707535,0.9533,0.10940383714199066,0.97096,0.6274918006896972,0.8059,0.1650600000000001,3683.851596593857
same_epochs,m_sam,512,532,52136,0.15765346142292022,0.95508,0.11011383023262024,0.9715,0.624370185661316,0.8062,0.1653,3690.8548674583435
same_epochs,m_sam,512,533,52234,0.1605840291595459,0.95424,0.10889987194061279,0.97236,0.6262239912033081,0.8045,0.16786,3697.753969192505
same_epochs,m_sam,512,534,52332,0.16043082386493682,0.9539,0.11361292178153992,0.97038,0.6288056669235229,0.8067,0.16368000000000005,3704.6813292503357
same_epochs,m_sam,512,535,52430,0.15666537627220153,0.95468,0.11282913589954376,0.9703,0.6345907350540161,0.8022,0.16810000000000003,3711.5766274929047
same_epochs,m_sam,512,536,52528,0.15927053772449493,0.9542,0.11315793898105621,0.97072,0.6247830834388733,0.807,0.16371999999999998,3718.394469022751
same_epochs,m_sam,512,537,52626,0.15499746521472932,0.9544,0.10552515611886978,0.97394,0.6162927406311035,0.8067,0.16724000000000006,3725.3390855789185
same_epochs,m_sam,512,538,52724,0.15991092082977296,0.95388,0.10573803684234619,0.97318,0.615781841468811,0.8089,0.1642800000000001,3732.309944152832
same_epochs,m_sam,512,539,52822,0.1569648814678192,0.95494,0.10179436928749085,0.97626,0.6189540697097778,0.8076,0.16866000000000003,3739.2896580696106
same_epochs,m_sam,512,540,52920,0.15463440516471863,0.95414,0.10278370084285736,0.97634,0.6069198612213135,0.8083,0.16803999999999997,3746.2753171920776
same_epochs,m_sam,512,541,53018,0.15549859368801117,0.95552,0.1127138921737671,0.96884,0.6425953660011291,0.804,0.16484,3753.2466354370117
same_epochs,m_sam,512,542,53116,0.15060170285701752,0.95744,0.10142496841669082,0.9751,0.6177072486877442,0.8097,0.1654,3760.1725449562073
same_epochs,m_sam,512,543,53214,0.15233735426425934,0.957,0.10139400626659394,0.9746,0.6210909429550171,0.8083,0.1663,3767.118693113327
same_epochs,m_sam,512,544,53312,0.14970700432777403,0.95728,0.09928771212100983,0.97512,0.6216519194602966,0.8092,0.16591999999999996,3774.065905570984
same_epochs,m_sam,512,545,53410,0.15046754492282868,0.95792,0.09841315722465516,0.97624,0.6141115730285645,0.8102,0.16603999999999997,3780.923094511032
same_epochs,m_sam,512,546,53508,0.14912599957942962,0.95774,0.10034106096744537,0.9754,0.6290980212211609,0.8096,0.16580000000000006,3787.7671875953674
same_epochs,m_sam,512,547,53606,0.1487670429944992,0.95776,0.09760345281124115,0.97638,0.6248888093948364,0.811,0.16537999999999997,3794.7517251968384
same_epochs,m_sam,512,548,53704,0.14902444616317748,0.95802,0.10414920301437378,0.97426,0.6346346040725708,0.806,0.16825999999999997,3801.7740609645844
same_epochs,m_sam,512,549,53802,0.14796871275424958,0.95758,0.10102042575359345,0.97608,0.6203805130004882,0.8091,0.1669799999999999,3808.778388738632
same_epochs,m_sam,512,550,53900,0.14695127624034882,0.95812,0.09466368546962738,0.97698,0.6295341853141785,0.8113,0.16567999999999994,3815.7514452934265
same_epochs,m_sam,512,551,53998,0.14911926402568818,0.95714,0.1068380602645874,0.97266,0.636643935585022,0.805,0.16765999999999992,3822.6486382484436
same_epochs,m_sam,512,552,54096,0.14650197736263276,0.95786,0.09910446167469025,0.9761,0.6376045614242554,0.8079,0.16820000000000002,3829.5895686149597
same_epochs,m_sam,512,553,54194,0.14545446449518204,0.95976,0.0984602604341507,0.9759,0.636318978881836,0.8089,0.16700000000000004,3836.377486228943
same_epochs,m_sam,512,554,54292,0.14701181423187257,0.95828,0.09907920063972474,0.97552,0.628664814567566,0.8062,0.16932000000000003,3843.3564133644104
same_epochs,m_sam,512,555,54390,0.143505349881649,0.96046,0.09291639625310898,0.97864,0.6289661625862122,0.8075,0.17113999999999996,3850.2856137752533
same_epochs,m_sam,512,556,54488,0.14719017592430114,0.95902,0.10024807885169983,0.9755,0.6339805603981018,0.8075,0.16800000000000004,3857.194048166275
same_epochs,m_sam,512,557,54586,0.14042417026519777,0.9614,0.09073832556009293,0.97958,0.6312367274284363,0.8089,0.17068000000000005,3864.0459349155426
same_epochs,m_sam,512,558,54684,0.14105538870334625,0.96046,0.09264986312866211,0.97736,0.6293596047401429,0.8103,0.16706,3870.9055466651917
same_epochs,m_sam,512,559,54782,0.14161389561653137,0.96098,0.09400492203712463,0.97648,0.6410057405471802,0.8084,0.16808,3877.779005050659
same_epochs,m_sam,512,560,54880,0.14086000014781952,0.96104,0.09068563100337983,0.97928,0.6242584873199463,0.8095,0.16978000000000004,3884.713088274002
same_epochs,m_sam,512,561,54978,0.13743510375022888,0.9624,0.09144707979440689,0.97852,0.6343403982162475,0.8075,0.17101999999999995,3891.65984916687
same_epochs,m_sam,512,562,55076,0.13972086615085602,0.96134,0.0862296550989151,0.98008,0.6266610031127929,0.8078,0.17228,3898.5533125400543
same_epochs,m_sam,512,563,55174,0.13844174974918366,0.96126,0.09269774961709976,0.97748,0.6404838429450989,0.808,0.16947999999999996,3905.4378242492676
same_epochs,m_sam,512,564,55272,0.1351612071609497,0.96264,0.0917323250412941,0.97804,0.6278902105331421,0.8067,0.17134000000000005,3912.3874061107635
same_epochs,m_sam,512,565,55370,0.13387174304008484,0.96328,0.09172113082885743,0.97832,0.6316686962127686,0.8065,0.17181999999999997,3919.2854948043823
same_epochs,m_sam,512,566,55468,0.13595524791240693,0.96234,0.0944958384680748,0.97714,0.6367068370819092,0.8088,0.16834000000000005,3926.1809911727905
same_epochs,m_sam,512,567,55566,0.13358180095911026,0.96314,0.08678812952280045,0.97874,0.6325086877822876,0.8114,0.16734000000000004,3933.1581647396088
same_epochs,m_sam,512,568,55664,0.13174379570484163,0.96394,0.09385138577938079,0.97576,0.6397089111328125,0.8082,0.16755999999999993,3940.0493915081024
same_epochs,m_sam,512,569,55762,0.13647433636665343,0.96186,0.08059644853591919,0.9816,0.6258965232849121,0.8078,0.17380000000000007,3946.9893448352814
same_epochs,m_sam,512,570,55860,0.1348264584684372,0.96216,0.0952954878282547,0.97526,0.6444321506500245,0.8067,0.16856000000000004,3954.0406515598297
same_epochs,m_sam,512,571,55958,0.129431802611351,0.96498,0.0915719874382019,0.9781,0.6410327699661255,0.8054,0.17269999999999996,3960.9802379608154
same_epochs,m_sam,512,572,56056,0.1318513017129898,0.96406,0.08496964142084122,0.9791,0.6421517827987671,0.8079,0.17120000000000002,3967.8771879673004
same_epochs,m_sam,512,573,56154,0.13063875898361207,0.96368,0.0831645319700241,0.9803,0.62982752161026,0.8095,0.17079999999999995,3974.811333656311
same_epochs,m_sam,512,574,56252,0.13306854375839233,0.96334,0.08862890356063843,0.97818,0.6478020865440368,0.808,0.17018,3981.7795374393463
same_epochs,m_sam,512,575,56350,0.1274521536064148,0.96474,0.08100234668970108,0.98224,0.6283376841545105,0.8108,0.17144000000000004,3988.6608493328094
same_epochs,m_sam,512,576,56448,0.12868123015642166,0.96586,0.08455992039203644,0.97932,0.6401492764472961,0.8066,0.17271999999999998,3995.6323988437653
same_epochs,m_sam,512,577,56546,0.12647265489101409,0.96614,0.09137652359962463,0.97622,0.6553253299713134,0.8036,0.17262,4002.6449439525604
same_epochs,m_sam,512,578,56644,0.12840363753795625,0.96454,0.08115344223022461,0.98116,0.6385895532608032,0.8087,0.17246000000000006,4009.6304569244385
same_epochs,m_sam,512,579,56742,0.1282015833902359,0.96526,0.08162886491298675,0.98062,0.6396570495605469,0.8108,0.16982000000000008,4016.552405357361
same_epochs,m_sam,512,580,56840,0.1268267346572876,0.96666,0.0855478643655777,0.98106,0.6374069355010986,0.8084,0.17266000000000004,4023.4807369709015
same_epochs,m_sam,512,581,56938,0.12560075259685516,0.96636,0.08479212756633758,0.97904,0.650886190032959,0.8072,0.17184,4030.4599657058716
same_epochs,m_sam,512,582,57036,0.1234188735294342,0.96648,0.080854510409832,0.98156,0.6419125780105591,0.8085,0.17306,4037.397557258606
same_epochs,m_sam,512,583,57134,0.12179525888204575,0.9684,0.08294872934818268,0.98014,0.6494736464500427,0.8091,0.17103999999999997,4044.378047466278
same_epochs,m_sam,512,584,57232,0.1238207128739357,0.967,0.07778185678958893,0.98312,0.6272413292884826,0.8127,0.17042000000000002,4051.2187745571136
same_epochs,m_sam,512,585,57330,0.12586053317785262,0.96598,0.08214571502923966,0.9812,0.6392433475494385,0.8055,0.17569999999999997,4058.153146982193
same_epochs,m_sam,512,586,57428,0.1245059126853943,0.96678,0.07497464844465256,0.98414,0.6371668876647949,0.8076,0.17654000000000003,4065.1319546699524
same_epochs,m_sam,512,587,57526,0.12431397780418396,0.9671,0.0760391328549385,0.9828,0.6404802726745605,0.8078,0.17500000000000004,4072.0610015392303
same_epochs,m_sam,512,588,57624,0.1245428133559227,0.967,0.08046660791397095,0.9816,0.6365205471038818,0.8119,0.16970000000000007,4079.062294483185
same_epochs,m_sam,512,589,57722,0.12121847945213318,0.96846,0.08224355515956878,0.98146,0.6492407299995422,0.8061,0.17535999999999996,4085.9238905906677
same_epochs,m_sam,512,590,57820,0.12072652970790863,0.96818,0.07313623494625092,0.984,0.638221561050415,0.8114,0.17259999999999998,4092.7924025058746
same_epochs,m_sam,512,591,57918,0.12011581357002259,0.96874,0.07900399593353272,0.98102,0.6473743764877319,0.8082,0.17281999999999997,4099.683717250824
same_epochs,m_sam,512,592,58016,0.11870227776288986,0.96816,0.07357794233083725,0.9833,0.6370967936515808,0.8115,0.17179999999999995,4106.649273633957
same_epochs,m_sam,512,593,58114,0.1171886324930191,0.9688,0.07176061876773834,0.98458,0.6366254355430603,0.8093,0.17528,4113.645202159882
same_epochs,m_sam,512,594,58212,0.11407778206348419,0.97116,0.06791424730539322,0.98598,0.6382497902870178,0.812,0.1739799999999999,4120.64012670517
same_epochs,m_sam,512,595,58310,0.1146262215423584,0.97038,0.06920149924755097,0.98584,0.6486222002983093,0.8118,0.17404000000000008,4127.621599674225
same_epochs,m_sam,512,596,58408,0.11289062875270843,0.97072,0.07001068106174468,0.985,0.6426592115402222,0.8123,0.17269999999999996,4134.574513912201
same_epochs,m_sam,512,597,58506,0.11547120673179627,0.97028,0.0709487994003296,0.98464,0.6465783543586731,0.8085,0.17613999999999996,4141.569520235062
same_epochs,m_sam,512,598,58604,0.11285682706832886,0.97182,0.06830300230264663,0.98518,0.6553123490333557,0.8098,0.17537999999999998,4148.372227430344
same_epochs,m_sam,512,599,58702,0.11532332567453385,0.9702,0.07168274495124817,0.98464,0.6418321181297302,0.8088,0.17584,4155.3258645534515
same_epochs,m_sam,512,600,58800,0.1150807042002678,0.96976,0.07247384128332138,0.98344,0.641831682395935,0.8103,0.17313999999999996,4162.226506233215
same_epochs,m_sam,512,601,58898,0.11491165387392044,0.9702,0.07845048932790756,0.9811,0.6567235326766968,0.8067,0.1744,4169.213537931442
same_epochs,m_sam,512,602,58996,0.1118950136590004,0.97042,0.07335403049468994,0.98372,0.6528877770423889,0.812,0.17171999999999998,4176.211783409119
same_epochs,m_sam,512,603,59094,0.11358277579307556,0.97024,0.07272980416774749,0.98372,0.6499628039360046,0.809,0.17472,4183.144781589508
same_epochs,m_sam,512,604,59192,0.10959257688760757,0.9721,0.06849816488742828,0.98456,0.663280137348175,0.8089,0.17566000000000004,4190.156373500824
same_epochs,m_sam,512,605,59290,0.10892232637405395,0.9721,0.06870216166973114,0.9853,0.6550430051803589,0.8075,0.17779999999999996,4197.109772205353
same_epochs,m_sam,512,606,59388,0.11096969687700271,0.97096,0.06874470383167267,0.98542,0.6533044545173645,0.8093,0.17611999999999994,4204.061311244965
same_epochs,m_sam,512,607,59486,0.10954072386503219,0.97158,0.06613808477401734,0.98692,0.6381487852096558,0.8104,0.17652,4210.905159473419
same_epochs,m_sam,512,608,59584,0.1109826907491684,0.97182,0.06607185220956803,0.98634,0.6452672340393066,0.809,0.17733999999999994,4217.883988857269
same_epochs,m_sam,512,609,59682,0.11144004217386246,0.97182,0.06472151473522186,0.98674,0.6482804768562317,0.8091,0.1776399999999999,4224.86391544342
same_epochs,m_sam,512,610,59780,0.10812508292198181,0.97258,0.06807666880607605,0.98558,0.6517324895858765,0.8122,0.17337999999999998,4231.7580370903015
same_epochs,m_sam,512,611,59878,0.10571965507507325,0.9734,0.060734028396606445,0.98802,0.6501035729408264,0.8135,0.17452,4238.7315509319305
same_epochs,m_sam,512,612,59976,0.10663059209585189,0.97298,0.06036357673406601,0.98768,0.6427827800750733,0.8116,0.17608000000000001,4245.701837062836
same_epochs,m_sam,512,613,60074,0.1046869049167633,0.97402,0.06547293018579484,0.98574,0.6546982511520386,0.8092,0.17653999999999992,4252.641305685043
same_epochs,m_sam,512,614,60172,0.10665513228654862,0.9727,0.06510943978309632,0.98588,0.6521022514343262,0.8106,0.17528,4259.580703258514
same_epochs,m_sam,512,615,60270,0.10409968529939652,0.97406,0.06847887918710709,0.98524,0.6519127511978149,0.8088,0.17644000000000004,4266.5439710617065
same_epochs,m_sam,512,616,60368,0.10342150070667266,0.9733,0.0630254557442665,0.98666,0.6595020669937134,0.808,0.17865999999999993,4273.585071802139
same_epochs,m_sam,512,617,60466,0.10456803447723388,0.97306,0.0677872602057457,0.98516,0.6616911131858826,0.8084,0.17676000000000003,4280.411289930344
same_epochs,m_sam,512,618,60564,0.10240938363552093,0.97494,0.06518221517086029,0.98584,0.6603750062942505,0.8068,0.1790400000000001,4287.40688419342
same_epochs,m_sam,512,619,60662,0.1042923117017746,0.97376,0.06981250758647918,0.98392,0.6610798658370972,0.8091,0.17481999999999998,4294.382708787918
same_epochs,m_sam,512,620,60760,0.10278558407068253,0.9745,0.06244133102893829,0.98704,0.648136796092987,0.8109,0.17614000000000007,4301.230721473694
same_epochs,m_sam,512,621,60858,0.10076366086006165,0.97612,0.05962008487701416,0.98878,0.642366367816925,0.8107,0.17808000000000002,4308.094369888306
same_epochs,m_sam,512,622,60956,0.09997345875024796,0.9752,0.06933177189350129,0.98398,0.669488724899292,0.8084,0.17557999999999996,4314.9564752578735
same_epochs,m_sam,512,623,61054,0.1010516921043396,0.97498,0.06493774920225144,0.98632,0.6557168978691101,0.8091,0.17721999999999993,4321.904848814011
same_epochs,m_sam,512,624,61152,0.10100263384342194,0.97484,0.06486965505123138,0.98618,0.6545980402946472,0.8103,0.17587999999999993,4328.855110645294
same_epochs,m_sam,512,625,61250,0.09778679542779922,0.9763,0.06251921555280686,0.98698,0.656967129611969,0.8094,0.17757999999999996,4335.82994389534
same_epochs,m_sam,512,626,61348,0.09709641111135482,0.97612,0.05827920558452606,0.9884,0.6422424261093139,0.811,0.1773999999999999,4342.795246601105
same_epochs,m_sam,512,627,61446,0.09920943518877029,0.97556,0.061349111154079435,0.98762,0.6557016689300537,0.8089,0.1787200000000001,4349.668698549271
same_epochs,m_sam,512,628,61544,0.09550984368562698,0.97696,0.05791384537220001,0.98764,0.6574572015762329,0.8108,0.17684,4356.648144721985
same_epochs,m_sam,512,629,61642,0.09801112062215805,0.97562,0.06034164265394211,0.98824,0.6513260377883912,0.8073,0.18094,4363.531867980957
same_epochs,m_sam,512,630,61740,0.09494755105018615,0.97756,0.0586130242729187,0.98826,0.6513934754371643,0.8108,0.17746000000000006,4370.463819503784
same_epochs,m_sam,512,631,61838,0.09465369748830796,0.97626,0.05516099305272102,0.98876,0.6577209154129028,0.8109,0.17786000000000002,4377.4230971336365
same_epochs,m_sam,512,632,61936,0.09496431217670441,0.97622,0.0541746454501152,0.99038,0.6445036321640014,0.813,0.1773800000000001,4384.321441650391
same_epochs,m_sam,512,633,62034,0.09499544721364975,0.9768,0.06471430064916611,0.9859,0.6626723475456238,0.8091,0.17679999999999996,4391.236358165741
same_epochs,m_sam,512,634,62132,0.0939465803384781,0.97782,0.05786961272954941,0.98786,0.6696882383346557,0.8088,0.17906,4398.262492656708
same_epochs,m_sam,512,635,62230,0.0965969657111168,0.97628,0.06426345428943633,0.9866,0.6563985921859741,0.8099,0.17670000000000008,4405.329456567764
same_epochs,m_sam,512,636,62328,0.0944453656578064,0.97678,0.05731130005598068,0.9888,0.6605063423156738,0.8088,0.18000000000000005,4412.360305547714
same_epochs,m_sam,512,637,62426,0.09060147537231446,0.97844,0.05374492759823799,0.99046,0.6413907163619995,0.8156,0.17486000000000002,4419.4510662555695
same_epochs,m_sam,512,638,62524,0.09240251814126968,0.9779,0.056785342705249785,0.98928,0.6506242824554443,0.8118,0.17748000000000008,4426.318106412888
same_epochs,m_sam,512,639,62622,0.09118514955759048,0.9785,0.057696286525726316,0.98788,0.6641072568893432,0.8094,0.17847999999999997,4433.419530391693
same_epochs,m_sam,512,640,62720,0.09144701065063476,0.97708,0.05392601233720779,0.99012,0.6477539892196655,0.8123,0.17781999999999998,4440.48033618927
same_epochs,m_sam,512,641,62818,0.09168497204780579,0.9778,0.05724755849123001,0.98886,0.654986243724823,0.8109,0.17796,4447.637324094772
same_epochs,m_sam,512,642,62916,0.09297932023525238,0.9774,0.05988414351701737,0.9868,0.6696717062950134,0.81,0.17679999999999996,4454.555054187775
same_epochs,m_sam,512,643,63014,0.0890696295952797,0.97948,0.05229083475232124,0.99052,0.6595185445785523,0.8112,0.17931999999999992,4461.549746274948
same_epochs,m_sam,512,644,63112,0.0884035764670372,0.9795,0.0530359279358387,0.98978,0.6574731265068054,0.8127,0.17708000000000002,4468.5043025016785
same_epochs,m_sam,512,645,63210,0.09063497538089753,0.97792,0.05602415119409561,0.9896,0.6584147186279297,0.8076,0.18200000000000005,4475.6087102890015
same_epochs,m_sam,512,646,63308,0.09092830949068069,0.97858,0.05401037060499191,0.98978,0.6509205070495605,0.8116,0.17818,4482.71245598793
same_epochs,m_sam,512,647,63406,0.08963196309566498,0.97874,0.0526223091673851,0.99006,0.6654847618103027,0.8103,0.17976000000000003,4489.725306987762
same_epochs,m_sam,512,648,63504,0.08918531944513321,0.97926,0.0514743423640728,0.9909,0.6550848782539368,0.8118,0.17910000000000004,4496.873028993607
same_epochs,m_sam,512,649,63602,0.09014750673294067,0.97742,0.05072794535756111,0.99022,0.6583060855865479,0.81,0.18021999999999994,4503.967620849609
same_epochs,m_sam,512,650,63700,0.08764653985261917,0.98002,0.04920427862286568,0.99076,0.6576530961036682,0.8103,0.18045999999999995,4511.0749435424805
same_epochs,m_sam,512,651,63798,0.08682222666263581,0.98004,0.05104397470712662,0.98994,0.6617532978057862,0.8119,0.1780400000000001,4518.217650175095
same_epochs,m_sam,512,652,63896,0.08543460661172866,0.98058,0.053404233177900315,0.99008,0.6564314231872559,0.8106,0.17947999999999997,4525.291085958481
same_epochs,m_sam,512,653,63994,0.08387676758766174,0.98094,0.05273380285382271,0.9898,0.6721808424949646,0.8085,0.18130000000000002,4532.4206647872925
same_epochs,m_sam,512,654,64092,0.08774032758951188,0.9789,0.04948271968841553,0.9912,0.6579706900596619,0.8127,0.1785,4539.503477573395
same_epochs,m_sam,512,655,64190,0.08426731416225433,0.98058,0.05552914308428764,0.98898,0.668237209224701,0.8088,0.18018,4546.622010231018
same_epochs,m_sam,512,656,64288,0.0871601938533783,0.97978,0.0488295904815197,0.99098,0.6630946526527405,0.8121,0.17887999999999993,4553.95209813118
same_epochs,m_sam,512,657,64386,0.08287255753040314,0.98146,0.04898368956685066,0.99078,0.6638794425964355,0.8101,0.18067999999999995,4561.045928478241
same_epochs,m_sam,512,658,64484,0.08412153977632522,0.98118,0.05070563871622086,0.99016,0.6671227446556092,0.8117,0.17846000000000006,4568.223671197891
same_epochs,m_sam,512,659,64582,0.08209057650327682,0.98134,0.05227281311988831,0.9899,0.6692315833091735,0.8058,0.18410000000000004,4575.326737642288
same_epochs,m_sam,512,660,64680,0.08144581605672836,0.98154,0.04752872266769409,0.99176,0.6654038711547852,0.8121,0.17965999999999993,4582.462355852127
same_epochs,m_sam,512,661,64778,0.08156708028316498,0.9821,0.0487083996284008,0.99092,0.6635789823532104,0.8115,0.17942000000000002,4589.508240222931
same_epochs,m_sam,512,662,64876,0.08208546842813493,0.9815,0.05021893029093742,0.98982,0.6755362998962402,0.811,0.17881999999999998,4596.630529880524
same_epochs,m_sam,512,663,64974,0.07989775600194932,0.98228,0.047189253989458085,0.99118,0.6707229281425476,0.8123,0.17887999999999993,4603.782260656357
same_epochs,m_sam,512,664,65072,0.08071518094062805,0.98196,0.04707076906204224,0.99142,0.6782206550598144,0.808,0.18341999999999992,4610.813742637634
same_epochs,m_sam,512,665,65170,0.07871151945590973,0.98218,0.0452847157394886,0.99254,0.6624093721389771,0.8101,0.18243999999999994,4617.860928535461
same_epochs,m_sam,512,666,65268,0.0788305268239975,0.98288,0.05261079614639282,0.98892,0.6753326107978821,0.8103,0.17862,4624.90252494812
same_epochs,m_sam,512,667,65366,0.07970837121725083,0.98226,0.04750896935224533,0.99128,0.6659500867843627,0.812,0.17928,4631.876170635223
same_epochs,m_sam,512,668,65464,0.07967772154808045,0.9821,0.04674569105863571,0.99108,0.6699455993652343,0.813,0.17808000000000002,4639.123512744904
same_epochs,m_sam,512,669,65562,0.07809511411905289,0.98292,0.0450665057849884,0.9919,0.6631586985588074,0.8137,0.17820000000000003,4646.353917598724
same_epochs,m_sam,512,670,65660,0.0782038794350624,0.98288,0.04620338503599167,0.99156,0.6696956570625305,0.8121,0.17945999999999995,4653.484484910965
same_epochs,m_sam,512,671,65758,0.07911901814937591,0.98234,0.045211490762233734,0.9919,0.6689462134361267,0.8134,0.1785,4660.694035053253
same_epochs,m_sam,512,672,65856,0.07797070390939713,0.98222,0.04336471465229988,0.99258,0.6587755738258362,0.8115,0.18108000000000002,4667.808224916458
same_epochs,m_sam,512,673,65954,0.07778979551792145,0.98232,0.04257299739956856,0.99324,0.6554072294235229,0.8144,0.17884,4674.915825128555
same_epochs,m_sam,512,674,66052,0.07749022074699402,0.98266,0.04669590841293335,0.99102,0.6643156178474426,0.8135,0.17752,4681.9843146800995
same_epochs,m_sam,512,675,66150,0.07937829778432846,0.98166,0.04156611097216606,0.9936,0.6555310325622559,0.8126,0.18100000000000005,4689.0139100551605
same_epochs,m_sam,512,676,66248,0.07808880450963974,0.98256,0.044990240898132326,0.9924,0.6761785714149475,0.8088,0.18359999999999999,4695.992926836014
same_epochs,m_sam,512,677,66346,0.07630525275468826,0.98312,0.04622158347964287,0.99196,0.6585217701911926,0.812,0.1799599999999999,4703.125495433807
same_epochs,m_sam,512,678,66444,0.0751485367155075,0.98372,0.041691879862546924,0.99288,0.6605582955360413,0.8131,0.17977999999999994,4710.21324300766
same_epochs,m_sam,512,679,66542,0.07541909191608429,0.98294,0.045701958798170086,0.99126,0.6815625968933106,0.8108,0.18046000000000006,4717.589025974274
same_epochs,m_sam,512,680,66640,0.07507824349403382,0.98352,0.041633025772571566,0.99346,0.6619078577041626,0.814,0.17946000000000006,4724.94708275795
same_epochs,m_sam,512,681,66738,0.07164541659355164,0.9846,0.04163586901664734,0.99312,0.6680582946777344,0.8119,0.18122000000000005,4731.935567617416
same_epochs,m_sam,512,682,66836,0.07238287041544915,0.98526,0.04127036807179451,0.99248,0.6737122467041016,0.8126,0.17988000000000004,4738.897758722305
same_epochs,m_sam,512,683,66934,0.0726647960472107,0.98416,0.042848866937160494,0.99262,0.6692759253501892,0.8087,0.18391999999999997,4745.657628297806
same_epochs,m_sam,512,684,67032,0.07308869159936905,0.98414,0.04252930779576301,0.99304,0.6761782549858093,0.8075,0.18554000000000004,4752.405220508575
same_epochs,m_sam,512,685,67130,0.07266212519884109,0.98442,0.03991189713716507,0.99376,0.6717520147323608,0.8098,0.18396,4759.253556251526
same_epochs,m_sam,512,686,67228,0.0750334535574913,0.98326,0.043328706138134006,0.99234,0.6779624304771423,0.8094,0.18294,4766.185959815979
same_epochs,m_sam,512,687,67326,0.07033432374954224,0.98536,0.04202035039901733,0.99288,0.6734620719909667,0.8076,0.18528,4772.993332862854
same_epochs,m_sam,512,688,67424,0.07066563498020172,0.98538,0.03890762972831726,0.9939,0.6676187864303589,0.814,0.17990000000000006,4779.889618873596
same_epochs,m_sam,512,689,67522,0.07305537707805633,0.98432,0.04688108905315399,0.99106,0.6883345279693603,0.8115,0.17956000000000005,4786.758693218231
same_epochs,m_sam,512,690,67620,0.073800054833889,0.98414,0.039165926966667174,0.99374,0.6643709251403809,0.8112,0.18253999999999992,4793.572790384293
same_epochs,m_sam,512,691,67718,0.07013602782011032,0.98532,0.040211537864208224,0.99374,0.6718871160507203,0.8128,0.18094,4800.525109052658
same_epochs,m_sam,512,692,67816,0.06850040070533753,0.98618,0.04030795112490654,0.99306,0.6741767607688903,0.8133,0.17976000000000003,4807.367872238159
same_epochs,m_sam,512,693,67914,0.07019193585157395,0.98532,0.04087908646345138,0.99384,0.6660222170829773,0.8126,0.18123999999999996,4814.137526273727
same_epochs,m_sam,512,694,68012,0.06883901915073395,0.98614,0.04147227512359619,0.99262,0.6844692981719971,0.8119,0.18072,4821.034907579422
same_epochs,m_sam,512,695,68110,0.0701107785654068,0.98548,0.038501673806905744,0.99356,0.674527642250061,0.8104,0.18316,4827.874694824219
same_epochs,m_sam,512,696,68208,0.06976445966243744,0.98494,0.04340602737307549,0.99228,0.6787226447105408,0.8079,0.1843800000000001,4834.822784900665
same_epochs,m_sam,512,697,68306,0.06883088648557663,0.98616,0.04109210227966308,0.99258,0.6781284104347229,0.8087,0.18388000000000004,4841.760108709335
same_epochs,m_sam,512,698,68404,0.06732396475315094,0.98606,0.0400772035908699,0.993,0.675711057472229,0.8101,0.18289999999999995,4848.629090309143
same_epochs,m_sam,512,699,68502,0.06914776164293289,0.98584,0.04122814384460449,0.99248,0.6814330626487732,0.8126,0.17988000000000004,4855.434361696243
same_epochs,m_sam,512,700,68600,0.06831027044773101,0.98582,0.04337981121063232,0.99206,0.6870872395515442,0.8086,0.18346000000000007,4862.311013460159
same_epochs,m_sam,512,701,68698,0.06717588415145874,0.9861,0.038529543397426605,0.99352,0.674546397781372,0.8124,0.18111999999999995,4869.116641521454
same_epochs,m_sam,512,702,68796,0.06624917955636977,0.98612,0.03774051240444183,0.9942,0.6689234909057618,0.8098,0.1844,4876.060628414154
same_epochs,m_sam,512,703,68894,0.06614983396291733,0.9872,0.04441246985077858,0.9917,0.6831200450897217,0.8066,0.18510000000000004,4883.023494243622
same_epochs,m_sam,512,704,68992,0.06555907300472259,0.98576,0.03609608079195022,0.99438,0.6774466893196106,0.8107,0.18368000000000007,4889.911500930786
same_epochs,m_sam,512,705,69090,0.065496724588871,0.98662,0.038132584401369095,0.99344,0.6778915574073792,0.8114,0.18203999999999998,4896.849290132523
same_epochs,m_sam,512,706,69188,0.06522767631649971,0.9872,0.03755948527574539,0.9942,0.6761122173309326,0.809,0.18519999999999992,4903.751309394836
same_epochs,m_sam,512,707,69286,0.06490536209344865,0.98678,0.03753612537622452,0.9939,0.6852610605239868,0.811,0.18289999999999995,4910.778911828995
same_epochs,m_sam,512,708,69384,0.065219577409029,0.98676,0.035021781029701236,0.9944,0.6757885517120361,0.8127,0.18169999999999997,4917.719944477081
same_epochs,m_sam,512,709,69482,0.06476720819950103,0.98688,0.03889514805078507,0.9931,0.6911070596694946,0.811,0.18209999999999993,4924.518386125565
same_epochs,m_sam,512,710,69580,0.06300006307840347,0.98728,0.038554284160137176,0.99332,0.6817950233459472,0.8127,0.18062,4931.328300476074
same_epochs,m_sam,512,711,69678,0.06397129110574722,0.98656,0.03649103227853775,0.99394,0.6834967226028442,0.8112,0.18274,4938.1171889305115
same_epochs,m_sam,512,712,69776,0.06282450528264046,0.98776,0.03589860939025879,0.9942,0.6808954045295715,0.8152,0.17899999999999994,4945.011539697647
same_epochs,m_sam,512,713,69874,0.06149641068458557,0.98772,0.03353852491915226,0.99546,0.6644080532073975,0.8152,0.18025999999999998,4951.959846496582
same_epochs,m_sam,512,714,69972,0.062273343381881716,0.98782,0.035825754054784775,0.99486,0.6671909029960632,0.8134,0.18145999999999995,4958.854508399963
same_epochs,m_sam,512,715,70070,0.0631134454536438,0.98816,0.03424721004009247,0.99472,0.6851240432739257,0.8133,0.18142000000000003,4965.773519992828
same_epochs,m_sam,512,716,70168,0.06125295867681503,0.98818,0.03324140229344368,0.99508,0.6727186520576477,0.8142,0.18087999999999993,4972.731528759003
same_epochs,m_sam,512,717,70266,0.06362155515432358,0.98776,0.03900064757585525,0.99294,0.6954634023666382,0.8132,0.17974,4979.806318998337
same_epochs,m_sam,512,718,70364,0.060543202426433566,0.98864,0.033590042110681534,0.99524,0.670845251083374,0.8125,0.18274,4986.560946464539
same_epochs,m_sam,512,719,70462,0.06201152802705765,0.98756,0.03517360183477402,0.99502,0.6768677597045898,0.8086,0.18642000000000003,4993.363255977631
same_epochs,m_sam,512,720,70560,0.06244384326219559,0.98738,0.03533842699408531,0.99434,0.6766588916778564,0.8114,0.18294,5000.2660846710205
same_epochs,m_sam,512,721,70658,0.060103446415662766,0.98798,0.03458322913885117,0.99434,0.6803182491302491,0.8149,0.17944000000000004,5007.23974275589
same_epochs,m_sam,512,722,70756,0.06083328215837479,0.98818,0.03256916665494442,0.99504,0.6863254197120666,0.8099,0.18514000000000008,5014.198576927185
same_epochs,m_sam,512,723,70854,0.05984926021099091,0.98814,0.0337460519272089,0.9947,0.6805410015106201,0.8114,0.18330000000000002,5021.108041763306
same_epochs,m_sam,512,724,70952,0.06049564533829689,0.98804,0.03279162305474281,0.99486,0.6794983707427978,0.8139,0.18096,5028.020775794983
same_epochs,m_sam,512,725,71050,0.06086592975854874,0.9874,0.03047721734404564,0.9957,0.6699986492156983,0.8148,0.18090000000000006,5035.008184432983
same_epochs,m_sam,512,726,71148,0.05790139409303665,0.98922,0.03275832289814949,0.9948,0.6773590037345886,0.8139,0.18090000000000006,5041.962755680084
same_epochs,m_sam,512,727,71246,0.058836659214496614,0.98882,0.03215089673876762,0.99538,0.6717485211372376,0.8114,0.18398000000000003,5048.765040636063
same_epochs,m_sam,512,728,71344,0.056403786652088166,0.98916,0.035424256933927534,0.99422,0.6851723521232606,0.8107,0.18352000000000002,5055.5410714149475
same_epochs,m_sam,512,729,71442,0.05628880576848984,0.9893,0.029514458664655685,0.99624,0.6674394128799438,0.8147,0.18154000000000003,5062.514767169952
same_epochs,m_sam,512,730,71540,0.057256337302923205,0.98874,0.03325631644845009,0.99464,0.6846868006706238,0.8094,0.18523999999999996,5069.428645133972
same_epochs,m_sam,512,731,71638,0.05776938129425049,0.9888,0.031266800291538235,0.99538,0.6830864307403565,0.8125,0.18288000000000004,5076.425420284271
same_epochs,m_sam,512,732,71736,0.055783444757461546,0.99022,0.03196610147356987,0.99498,0.6871205557823181,0.8134,0.18157999999999996,5083.3929879665375
same_epochs,m_sam,512,733,71834,0.05573268372535706,0.98942,0.03247699428319931,0.99472,0.686809948348999,0.8104,0.18432000000000004,5090.26598072052
same_epochs,m_sam,512,734,71932,0.0564777059841156,0.98954,0.027627949500083925,0.99646,0.6754328569412231,0.8147,0.18176000000000003,5097.212960243225
same_epochs,m_sam,512,735,72030,0.05387761681675911,0.99026,0.029925410461425783,0.99578,0.6826518557548523,0.8118,0.18398000000000003,5104.097917556763
same_epochs,m_sam,512,736,72128,0.055921040980815885,0.98952,0.03240154940187931,0.99506,0.6890496187210083,0.8091,0.1859599999999999,5110.854722499847
same_epochs,m_sam,512,737,72226,0.05596016850471497,0.98912,0.029914082813858985,0.99572,0.682359048652649,0.8148,0.18092000000000008,5117.7751524448395
same_epochs,m_sam,512,738,72324,0.05524118400335312,0.98996,0.03254264732480049,0.99464,0.6843325312614441,0.8142,0.18043999999999993,5124.712765455246
same_epochs,m_sam,512,739,72422,0.054706683094501496,0.9902,0.03467925738334656,0.994,0.6851547852516174,0.8113,0.18269999999999997,5131.514846801758
same_epochs,m_sam,512,740,72520,0.055106933908462524,0.99002,0.029418610614538192,0.9961,0.6671218185424804,0.8156,0.1805,5138.439072132111
same_epochs,m_sam,512,741,72618,0.05457893222928047,0.9896,0.030095364172458648,0.99548,0.6749729228973389,0.8118,0.18368000000000007,5145.3553903102875
same_epochs,m_sam,512,742,72716,0.05298201649427414,0.99096,0.030617866593003272,0.99554,0.6807284456253052,0.811,0.18453999999999993,5152.2567138671875
same_epochs,m_sam,512,743,72814,0.055188473620414735,0.98988,0.030524919447898865,0.9952,0.6767445464134216,0.8143,0.18089999999999995,5159.207045555115
same_epochs,m_sam,512,744,72912,0.05407030058860779,0.99008,0.03147811875939369,0.99578,0.677307479763031,0.815,0.18078000000000005,5166.00680232048
same_epochs,m_sam,512,745,73010,0.05281351327419281,0.9903,0.030861993618011476,0.99558,0.682198172569275,0.8143,0.18128,5172.842577219009
same_epochs,m_sam,512,746,73108,0.0540047611951828,0.9894,0.03274123621225357,0.99442,0.701152688217163,0.8109,0.18352000000000002,5179.747787475586
same_epochs,m_sam,512,747,73206,0.051996431661844256,0.99036,0.029349770933389665,0.99588,0.6867417025566102,0.8127,0.18318,5186.670140743256
same_epochs,m_sam,512,748,73304,0.05329371483564377,0.99038,0.029492936451435088,0.99608,0.6753172913551331,0.8133,0.18277999999999994,5193.663301944733
same_epochs,m_sam,512,749,73402,0.05241959079623222,0.9907,0.028451736526489257,0.9965,0.6787038188934326,0.8145,0.18200000000000005,5200.596927881241
same_epochs,m_sam,512,750,73500,0.052597541122436524,0.99058,0.03089990268945694,0.99556,0.6915733638763428,0.8115,0.18406,5207.546107530594
same_epochs,m_sam,512,751,73598,0.053910646178722384,0.98978,0.03334991550683975,0.99464,0.6995335503578186,0.8096,0.18503999999999998,5214.544833660126
same_epochs,m_sam,512,752,73696,0.05334784418106079,0.99072,0.030233258703947066,0.99548,0.6908321917533875,0.8099,0.18558000000000008,5221.49289560318
same_epochs,m_sam,512,753,73794,0.050843656936883926,0.9911,0.02749067451953888,0.99624,0.6822384387016296,0.8142,0.18203999999999998,5228.261035442352
same_epochs,m_sam,512,754,73892,0.05143174067497253,0.99076,0.03190483727693558,0.99484,0.6935705854415893,0.8137,0.18113999999999997,5235.0117955207825
same_epochs,m_sam,512,755,73990,0.050748682594299314,0.9909,0.028226601754426955,0.99592,0.6862162030220031,0.8139,0.18202000000000007,5241.865891695023
same_epochs,m_sam,512,756,74088,0.052299743834733965,0.9905,0.029147817270755768,0.99574,0.691306114768982,0.8149,0.18084,5248.838987827301
same_epochs,m_sam,512,757,74186,0.0495449187874794,0.99104,0.024541651395559312,0.99652,0.6810377529144287,0.8149,0.18162,5255.686821460724
same_epochs,m_sam,512,758,74284,0.04904055655837059,0.9913,0.029102198514938355,0.9955,0.6930651401519775,0.8104,0.18510000000000004,5262.55074262619
same_epochs,m_sam,512,759,74382,0.04836845964193344,0.9917,0.027940555905103682,0.99566,0.6956017842292785,0.8122,0.18345999999999996,5269.547694206238
same_epochs,m_sam,512,760,74480,0.04935312840461731,0.9913,0.027652522188425063,0.99596,0.6826980124473572,0.8127,0.18325999999999998,5276.43475151062
same_epochs,m_sam,512,761,74578,0.04887178268909454,0.9916,0.027288299967050553,0.99584,0.6926789523124695,0.8129,0.18294,5283.163683176041
same_epochs,m_sam,512,762,74676,0.0477367609333992,0.9915,0.026942020534873008,0.99636,0.6829534740447998,0.8134,0.18296,5289.999158620834
same_epochs,m_sam,512,763,74774,0.049462861016988754,0.99126,0.028803680920600892,0.99532,0.6878870938301086,0.8121,0.18321999999999994,5296.871714830399
same_epochs,m_sam,512,764,74872,0.04865001780629158,0.99184,0.027402618113160134,0.99618,0.6843850331306458,0.8114,0.18477999999999994,5303.8414425849915
same_epochs,m_sam,512,765,74970,0.04859132201194763,0.99126,0.025272972277402876,0.99676,0.6754215317726135,0.813,0.18376000000000003,5310.847781181335
same_epochs,m_sam,512,766,75068,0.04849100818872452,0.99202,0.02708457804083824,0.99586,0.6913791786193848,0.815,0.18086000000000002,5317.608215093613
same_epochs,m_sam,512,767,75166,0.0471770741379261,0.992,0.028803518155813217,0.99546,0.6892402326583862,0.813,0.18246000000000007,5324.608971357346
same_epochs,m_sam,512,768,75264,0.04797761268138886,0.99142,0.025221347074508668,0.9969,0.6793605768203735,0.8166,0.18030000000000002,5331.5702431201935
same_epochs,m_sam,512,769,75362,0.04771402657032013,0.99222,0.02659172535061836,0.99624,0.6906796346664429,0.8139,0.18234000000000006,5338.436208486557
same_epochs,m_sam,512,770,75460,0.0462750209081173,0.99232,0.024875036296248435,0.99676,0.678749254322052,0.8163,0.18045999999999995,5345.289732694626
same_epochs,m_sam,512,771,75558,0.04649913845539093,0.99248,0.0248385680359602,0.99696,0.6804483465194702,0.8142,0.18275999999999992,5352.00986289978
same_epochs,m_sam,512,772,75656,0.04536566463172436,0.99226,0.027887804770469666,0.99566,0.69549376745224,0.8141,0.18155999999999994,5358.815902233124
same_epochs,m_sam,512,773,75754,0.04739379980802536,0.9918,0.024409333077669144,0.99676,0.6807878644943237,0.8162,0.18055999999999994,5365.751103401184
same_epochs,m_sam,512,774,75852,0.04731217171549797,0.9917,0.026681603205800056,0.99656,0.6992410692214965,0.8114,0.18516,5372.651720285416
same_epochs,m_sam,512,775,75950,0.046480339243412015,0.99222,0.024095098553299905,0.99668,0.6849026895523072,0.8136,0.18308000000000002,5379.454980611801
same_epochs,m_sam,512,776,76048,0.045844594662189486,0.99198,0.025119870886206628,0.99654,0.6845990901947021,0.8151,0.18143999999999993,5386.377848148346
same_epochs,m_sam,512,777,76146,0.04447098610401153,0.99288,0.025335010653734207,0.99624,0.6972188128471375,0.8098,0.18644000000000005,5393.3548946380615
same_epochs,m_sam,512,778,76244,0.04524150371670723,0.99236,0.025835241566896438,0.9967,0.681860753440857,0.8125,0.18420000000000003,5400.234412908554
same_epochs,m_sam,512,779,76342,0.04564530065178871,0.99238,0.023579892367124558,0.99712,0.6896198796272278,0.8161,0.18101999999999996,5406.993813037872
same_epochs,m_sam,512,780,76440,0.04399899834752083,0.99306,0.023914076421260835,0.99696,0.6821596841812134,0.8162,0.18075999999999992,5413.821574211121
same_epochs,m_sam,512,781,76538,0.04540496887922287,0.9927,0.024633408184051513,0.99712,0.6832477172851562,0.8116,0.18552000000000002,5420.736291408539
same_epochs,m_sam,512,782,76636,0.04608847800254822,0.99232,0.0260500193798542,0.99628,0.6876597639083862,0.8143,0.18198000000000003,5427.654002189636
same_epochs,m_sam,512,783,76734,0.04398403050541878,0.99264,0.024807927335500718,0.9967,0.6943018075942993,0.8153,0.1814,5434.548117637634
same_epochs,m_sam,512,784,76832,0.04388951184153557,0.99296,0.027429732422828673,0.99576,0.7034640634536743,0.8109,0.18486000000000002,5441.463821411133
same_epochs,m_sam,512,785,76930,0.04420346660256386,0.993,0.02491426179409027,0.99696,0.6919793483734131,0.8118,0.18516,5448.388025045395
same_epochs,m_sam,512,786,77028,0.04520758448719978,0.99252,0.025309792836904526,0.99654,0.6901613724708557,0.8142,0.18233999999999995,5455.3077936172485
same_epochs,m_sam,512,787,77126,0.043172660825252535,0.9929,0.02659332594037056,0.9962,0.6999315340042114,0.8104,0.18579999999999997,5462.201474428177
same_epochs,m_sam,512,788,77224,0.043502111080884934,0.99306,0.025717002704143524,0.9964,0.701579351902008,0.8128,0.18359999999999999,5469.063531637192
same_epochs,m_sam,512,789,77322,0.04267068899989128,0.99298,0.02435773999154568,0.99684,0.6951825083732605,0.8143,0.18253999999999992,5476.014062643051
same_epochs,m_sam,512,790,77420,0.04357809070110321,0.99308,0.02182753808915615,0.99774,0.6821011423110962,0.8171,0.1806399999999999,5482.812559127808
same_epochs,m_sam,512,791,77518,0.041942702028751375,0.99316,0.02463252199113369,0.99652,0.7039004495620728,0.8145,0.18201999999999996,5489.623035907745
same_epochs,m_sam,512,792,77616,0.044581840541362765,0.99278,0.02216328243613243,0.9972,0.6812011081695557,0.8158,0.1814,5496.573689222336
same_epochs,m_sam,512,793,77714,0.044280886162519455,0.99244,0.02492087775170803,0.99652,0.6987360822677612,0.8142,0.18231999999999993,5503.3907470703125
same_epochs,m_sam,512,794,77812,0.04140974720954895,0.99374,0.02278130422949791,0.9968,0.7045936260223389,0.8138,0.18300000000000005,5510.337291002274
same_epochs,m_sam,512,795,77910,0.04216398515820503,0.9931,0.023281133883595467,0.9969,0.7009640125274659,0.8129,0.18400000000000005,5517.285126447678
same_epochs,m_sam,512,796,78008,0.04066654830098152,0.99378,0.02137723758816719,0.9974,0.689034764957428,0.8152,0.18219999999999992,5524.140949487686
same_epochs,m_sam,512,797,78106,0.04243943479180336,0.99308,0.024196507502794267,0.99676,0.6923578219413757,0.811,0.18575999999999993,5530.893882513046
same_epochs,m_sam,512,798,78204,0.042308640361428264,0.993,0.021231545773148536,0.9975,0.6928602297782898,0.8161,0.1814,5537.728756904602
same_epochs,m_sam,512,799,78302,0.0412971190571785,0.99356,0.024452282313108444,0.99692,0.7041971164703369,0.8085,0.18842000000000003,5544.724712848663
same_epochs,m_sam,512,800,78400,0.041894236251115796,0.99324,0.021858098464012148,0.9972,0.6946139791488647,0.8136,0.18359999999999999,5551.624661684036
same_epochs,m_sam,512,801,78498,0.04131747568964958,0.99342,0.024676349078416825,0.99642,0.7003523723602295,0.8126,0.18381999999999998,5558.535578966141
same_epochs,m_sam,512,802,78596,0.04073454950928688,0.99352,0.02226620612502098,0.99658,0.703219126033783,0.8133,0.18328,5565.4187886714935
same_epochs,m_sam,512,803,78694,0.04119543923020363,0.99338,0.022002309533953667,0.9975,0.6856042116165161,0.8153,0.18220000000000003,5572.339987039566
same_epochs,m_sam,512,804,78792,0.04008606507182121,0.99398,0.021985367107093333,0.99722,0.6895834365844726,0.8148,0.18242000000000003,5579.241000890732
same_epochs,m_sam,512,805,78890,0.041321937665939334,0.99344,0.023508394812345505,0.99658,0.7058710090637207,0.8115,0.18508000000000002,5586.121422529221
same_epochs,m_sam,512,806,78988,0.03936256192445755,0.99428,0.022461488457918167,0.99682,0.704605211353302,0.8108,0.18602000000000007,5592.865306377411
same_epochs,m_sam,512,807,79086,0.04115811820745468,0.99346,0.022879364292621614,0.99702,0.7011111978530884,0.8138,0.18322000000000005,5599.825993537903
same_epochs,m_sam,512,808,79184,0.03989498128056526,0.99384,0.02271953495025635,0.99712,0.6936308414459228,0.8115,0.18562,5606.642869710922
same_epochs,m_sam,512,809,79282,0.03977711046099663,0.99406,0.02127161817073822,0.99746,0.6930531744003295,0.8143,0.18316,5613.499116897583
same_epochs,m_sam,512,810,79380,0.040486730822324755,0.99354,0.02523847773015499,0.99632,0.7135982298851014,0.812,0.18431999999999993,5620.4064428806305
same_epochs,m_sam,512,811,79478,0.03930142978549003,0.9941,0.0238460169506073,0.9968,0.6937117853164673,0.8123,0.1845,5627.388145208359
same_epochs,m_sam,512,812,79576,0.0391869750803709,0.99388,0.020282857271432878,0.99762,0.69486726064682,0.813,0.18462,5634.193781375885
same_epochs,m_sam,512,813,79674,0.03949147351622582,0.99404,0.02359946136534214,0.99656,0.7083532541275025,0.8119,0.18466000000000005,5641.120754480362
same_epochs,m_sam,512,814,79772,0.03921778193473816,0.99414,0.01892661074101925,0.99778,0.6924877414703369,0.8151,0.18267999999999995,5647.864515304565
same_epochs,m_sam,512,815,79870,0.038254053000211716,0.99398,0.022667050358057023,0.9971,0.6992773168563843,0.8132,0.18389999999999995,5654.656274795532
same_epochs,m_sam,512,816,79968,0.03823299902558327,0.99426,0.022178611602783203,0.9975,0.6943649024009705,0.8118,0.1857000000000001,5661.540809869766
same_epochs,m_sam,512,817,80066,0.03794057662010193,0.99412,0.020788637520074843,0.99764,0.6983468004226685,0.8148,0.18284,5668.511068820953
same_epochs,m_sam,512,818,80164,0.03695085260868072,0.99482,0.021184041256904602,0.9974,0.6956463763237,0.8127,0.18469999999999998,5675.429173231125
same_epochs,m_sam,512,819,80262,0.03879798021554947,0.99378,0.024055792232751845,0.99678,0.7090241073608399,0.8117,0.18508000000000002,5682.417542695999
same_epochs,m_sam,512,820,80360,0.03765839051604271,0.99462,0.02233590238034725,0.99706,0.6968020052909851,0.8144,0.18265999999999993,5689.328754663467
same_epochs,m_sam,512,821,80458,0.03801813007950783,0.99444,0.02089401389539242,0.9976,0.6918320145606994,0.814,0.1836000000000001,5696.239261388779
same_epochs,m_sam,512,822,80556,0.03803604785501957,0.99458,0.019519623857736586,0.99766,0.6948946885108948,0.8128,0.18486000000000002,5703.184238910675
same_epochs,m_sam,512,823,80654,0.038515692385435105,0.99398,0.020633613196611403,0.99758,0.6934712884902954,0.8142,0.18338,5709.971515893936
same_epochs,m_sam,512,824,80752,0.03742609603881836,0.99492,0.021354718179702758,0.9975,0.694504008102417,0.8158,0.18170000000000008,5716.753567695618
same_epochs,m_sam,512,825,80850,0.03780968868494034,0.99458,0.018445862889289857,0.998,0.6890837904930115,0.8161,0.18189999999999995,5723.679080724716
same_epochs,m_sam,512,826,80948,0.03708568841576576,0.99474,0.020035701808929444,0.99736,0.6988567936897278,0.8126,0.18476000000000004,5730.670393705368
same_epochs,m_sam,512,827,81046,0.036480401873588565,0.99464,0.019219472287893294,0.99786,0.6920886847496033,0.8152,0.18265999999999993,5737.644866943359
same_epochs,m_sam,512,828,81144,0.03638800478816032,0.9945,0.021316828342080117,0.99714,0.7040322293281556,0.8133,0.18384,5744.5591785907745
same_epochs,m_sam,512,829,81242,0.03686631272435188,0.99454,0.01977364557147026,0.99778,0.694721047782898,0.8157,0.18208000000000002,5751.522811174393
same_epochs,m_sam,512,830,81340,0.035295582352876664,0.99526,0.02032063505589962,0.9975,0.6973775033950805,0.8125,0.18500000000000005,5758.35925579071
same_epochs,m_sam,512,831,81438,0.035916574745178224,0.99494,0.02232786040365696,0.99698,0.7055007822036743,0.8119,0.18508000000000002,5765.228175878525
same_epochs,m_sam,512,832,81536,0.03511870745241642,0.99546,0.019019765658080577,0.99812,0.6857147046089173,0.8124,0.18572,5772.0245752334595
same_epochs,m_sam,512,833,81634,0.03566121689677239,0.99458,0.018981953752338885,0.9976,0.6995465698242187,0.8169,0.18070000000000008,5778.86021232605
same_epochs,m_sam,512,834,81732,0.035544442011117935,0.995,0.019949303191900254,0.99756,0.7047994950294495,0.8141,0.18345999999999996,5785.929034948349
same_epochs,m_sam,512,835,81830,0.03412038133382797,0.99542,0.018568698180913924,0.99774,0.7007597325325012,0.8138,0.18394,5792.884773015976
same_epochs,m_sam,512,836,81928,0.03643542461693287,0.9947,0.01697496734082699,0.99848,0.6904036399841309,0.8147,0.18378000000000005,5799.81725525856
same_epochs,m_sam,512,837,82026,0.03572338185787201,0.99502,0.020119422270059587,0.99738,0.699915130519867,0.8151,0.18228,5806.71404504776
same_epochs,m_sam,512,838,82124,0.03558216791212559,0.99498,0.018900738252401354,0.99778,0.7069644336700439,0.8144,0.18338,5813.705490350723
same_epochs,m_sam,512,839,82222,0.033707018794417384,0.99544,0.018727779630422593,0.99784,0.7063145030021667,0.813,0.18484,5820.640477895737
same_epochs,m_sam,512,840,82320,0.033790314927101134,0.99554,0.018514713691473006,0.99804,0.7025077702522278,0.8168,0.18124000000000007,5827.471926212311
same_epochs,m_sam,512,841,82418,0.03478501113772392,0.99556,0.017863927505016326,0.9981,0.6942548217773438,0.8165,0.18159999999999998,5834.286686897278
same_epochs,m_sam,512,842,82516,0.033099835201501844,0.99578,0.017723748689889907,0.99802,0.6982715934753418,0.8149,0.18312000000000006,5841.182231664658
same_epochs,m_sam,512,843,82614,0.03552701089859009,0.9952,0.018695449605584145,0.99776,0.6962528727531433,0.8155,0.18225999999999998,5848.149627685547
same_epochs,m_sam,512,844,82712,0.0348605125617981,0.9955,0.019797173672914507,0.99748,0.7114507658958436,0.8123,0.18518,5855.074091434479
same_epochs,m_sam,512,845,82810,0.03316359239399433,0.99562,0.017852710822224616,0.99826,0.6973967359542846,0.8182,0.18006,5862.006117582321
same_epochs,m_sam,512,846,82908,0.034660653846263885,0.9952,0.01902397531926632,0.9976,0.7073941884040833,0.8154,0.18220000000000003,5868.999556541443
same_epochs,m_sam,512,847,83006,0.03412913882911205,0.9949,0.01780676552593708,0.99808,0.6965590749740601,0.8162,0.18187999999999993,5875.98322725296
same_epochs,m_sam,512,848,83104,0.03385147513747215,0.99568,0.01787530294060707,0.99802,0.7004479949951172,0.8147,0.18332000000000004,5882.896559238434
same_epochs,m_sam,512,849,83202,0.03320209353208542,0.99564,0.01729216564118862,0.99844,0.6898294070243836,0.8162,0.18223999999999996,5889.704261064529
same_epochs,m_sam,512,850,83300,0.03287767030119896,0.99566,0.019971540949344634,0.99748,0.7089856724739074,0.8138,0.18368000000000007,5896.387762784958
same_epochs,m_sam,512,851,83398,0.032140771079063414,0.99556,0.018169429188370705,0.99806,0.6979071904182435,0.8167,0.18135999999999997,5903.22018289566
same_epochs,m_sam,512,852,83496,0.03168503850221634,0.99592,0.017681405307054518,0.99806,0.7015192894935608,0.8155,0.18255999999999994,5910.122988939285
same_epochs,m_sam,512,853,83594,0.03365773677945137,0.99542,0.021089883218407632,0.99766,0.7068123086929321,0.8157,0.18196,5917.026239156723
same_epochs,m_sam,512,854,83692,0.03313822023034096,0.99544,0.01775563387989998,0.99812,0.6974388233184814,0.8176,0.18052,5923.932866573334
same_epochs,m_sam,512,855,83790,0.03265450182020664,0.99516,0.017922743377685547,0.99812,0.6926911136627197,0.8153,0.18281999999999998,5930.899224758148
same_epochs,m_sam,512,856,83888,0.032285697209239,0.99552,0.016921959004700185,0.99828,0.6948171098709106,0.8159,0.18238,5937.844697237015
same_epochs,m_sam,512,857,83986,0.03265361436009407,0.9956,0.01736462445318699,0.99804,0.6991666593551635,0.8178,0.18024000000000007,5944.696007490158
same_epochs,m_sam,512,858,84084,0.03217630152344704,0.99548,0.017918162149190904,0.99804,0.6958535014152527,0.8175,0.18054000000000003,5951.440878391266
same_epochs,m_sam,512,859,84182,0.03322422991037369,0.9956,0.017747711038589478,0.99812,0.6986798358917237,0.8143,0.18381999999999998,5958.253880262375
same_epochs,m_sam,512,860,84280,0.03128625113844871,0.99614,0.016702754127681255,0.99812,0.7028319700241089,0.8176,0.18052,5965.187737703323
same_epochs,m_sam,512,861,84378,0.031156250529885292,0.99586,0.01890592448592186,0.99768,0.7140328555107117,0.8162,0.18147999999999997,5972.172476768494
same_epochs,m_sam,512,862,84476,0.03102368329524994,0.99632,0.018082846800684928,0.9981,0.699524676990509,0.8151,0.18299999999999994,5979.16232919693
same_epochs,m_sam,512,863,84574,0.03333404816269875,0.9954,0.017070288164019586,0.99808,0.6930163489341736,0.816,0.18208000000000002,5986.069580316544
same_epochs,m_sam,512,864,84672,0.03085770230293274,0.99616,0.017496626169085504,0.99824,0.7003990962982177,0.8181,0.18013999999999997,5993.027931928635
same_epochs,m_sam,512,865,84770,0.03176533293128014,0.99622,0.017215105741918087,0.99812,0.6909384135246277,0.8168,0.18132000000000004,5999.8911073207855
same_epochs,m_sam,512,866,84868,0.03114577971935272,0.9963,0.017148518490791322,0.99798,0.7040684340476989,0.8173,0.18067999999999995,6006.66642165184
same_epochs,m_sam,512,867,84966,0.03009090912461281,0.99614,0.019162219342589378,0.9975,0.713680700302124,0.8143,0.18320000000000003,6013.640574455261
same_epochs,m_sam,512,868,85064,0.03098409787774086,0.9963,0.017932354825735092,0.9981,0.6960661974906921,0.8177,0.1804,6020.44099354744
same_epochs,m_sam,512,869,85162,0.031219774811267854,0.9958,0.018662132360339166,0.99774,0.7093417125701904,0.8158,0.18194,6027.32514834404
same_epochs,m_sam,512,870,85260,0.030467115802168845,0.99614,0.017345171400904656,0.99822,0.7023403190612793,0.8163,0.18191999999999997,6034.243736505508
same_epochs,m_sam,512,871,85358,0.030685549803972246,0.99602,0.016689857722520827,0.99828,0.6994312499046326,0.814,0.18428,6041.180666208267
same_epochs,m_sam,512,872,85456,0.03053022432744503,0.99592,0.016585479540228844,0.99832,0.6961646153450012,0.8182,0.18011999999999995,6048.153799057007
same_epochs,m_sam,512,873,85554,0.03050723109602928,0.99618,0.015084806652665138,0.99854,0.7001588359832763,0.8176,0.18094,6055.063858270645
same_epochs,m_sam,512,874,85652,0.03152642003774643,0.99592,0.01531879549384117,0.9984,0.6931777490615845,0.8157,0.18269999999999997,6061.872803211212
same_epochs,m_sam,512,875,85750,0.029776720260977746,0.99606,0.01871200019836426,0.99746,0.7087733536720275,0.8144,0.18306,6068.8567707538605
same_epochs,m_sam,512,876,85848,0.02946449896812439,0.99642,0.01642561953961849,0.9984,0.6951101301193238,0.8152,0.18319999999999992,6075.736378908157
same_epochs,m_sam,512,877,85946,0.029535461698770523,0.99618,0.016797809282541275,0.9983,0.6972245318412781,0.8155,0.18279999999999996,6082.514123439789
same_epochs,m_sam,512,878,86044,0.030398952379226685,0.99618,0.016236497523188592,0.99834,0.7010502446174621,0.8164,0.18194,6089.489807128906
same_epochs,m_sam,512,879,86142,0.02951875874042511,0.99624,0.018793006100654604,0.99776,0.7169559091567993,0.8124,0.18535999999999997,6096.375793218613
same_epochs,m_sam,512,880,86240,0.029900909497737885,0.99642,0.0179132886749506,0.9978,0.707257260131836,0.814,0.18380000000000007,6103.334591627121
same_epochs,m_sam,512,881,86338,0.02916325895667076,0.99662,0.01690242781162262,0.99818,0.6998283405303956,0.8143,0.18387999999999993,6110.255294084549
same_epochs,m_sam,512,882,86436,0.030173113911151885,0.99592,0.017052095062732697,0.99784,0.715142520236969,0.815,0.18284,6117.1781170368195
same_epochs,m_sam,512,883,86534,0.02843316337287426,0.99696,0.016961808234453202,0.99816,0.7025460858345032,0.8182,0.17996,6124.085609912872
same_epochs,m_sam,512,884,86632,0.028695868354439734,0.99656,0.01651001477599144,0.99782,0.7078003408432006,0.8175,0.18032000000000004,6131.058700799942
same_epochs,m_sam,512,885,86730,0.027653852999806404,0.99666,0.015694916573762895,0.99842,0.6931722039222717,0.816,0.18242000000000003,6138.051643848419
same_epochs,m_sam,512,886,86828,0.027879801678657532,0.9971,0.01654328398168087,0.99836,0.7109437668800354,0.816,0.18236000000000008,6144.9860944747925
same_epochs,m_sam,512,887,86926,0.028819583534002303,0.99658,0.014725919524431228,0.9986,0.6944536884307861,0.8172,0.1814,6151.934451341629
same_epochs,m_sam,512,888,87024,0.029160663917064667,0.996,0.01664257026731968,0.99816,0.7074002865791321,0.8165,0.18166000000000004,6158.837641239166
same_epochs,m_sam,512,889,87122,0.0285045248067379,0.99638,0.016868505767583846,0.99786,0.7046650918960571,0.8163,0.18155999999999994,6165.770042896271
same_epochs,m_sam,512,890,87220,0.026922844232916833,0.99678,0.018025227642059327,0.99794,0.7128634766578674,0.8137,0.18424000000000007,6172.67151093483
same_epochs,m_sam,512,891,87318,0.027865721933841705,0.99672,0.016169682173728942,0.99822,0.7134492927551269,0.8157,0.18252000000000002,6179.6834099292755
same_epochs,m_sam,512,892,87416,0.02810282056093216,0.99664,0.015519048230946063,0.99824,0.6959921678543091,0.817,0.18124000000000007,6186.657334566116
same_epochs,m_sam,512,893,87514,0.02776005131840706,0.99684,0.014697328352928161,0.99886,0.6854924153327941,0.8184,0.18045999999999995,6193.627459049225
same_epochs,m_sam,512,894,87612,0.028076115628480912,0.99648,0.01683469197690487,0.99822,0.7079486869812012,0.8152,0.18301999999999996,6200.588817358017
same_epochs,m_sam,512,895,87710,0.02762912187576294,0.99696,0.015148633726835252,0.99866,0.7027721325874329,0.816,0.18266000000000004,6207.558981895447
same_epochs,m_sam,512,896,87808,0.02767509379565716,0.9969,0.014618611128926278,0.99846,0.7018403150558472,0.818,0.18046000000000006,6214.502820968628
same_epochs,m_sam,512,897,87906,0.02732107513308525,0.9968,0.015357988590598106,0.99848,0.6969019100189209,0.8165,0.18198000000000003,6221.425543546677
same_epochs,m_sam,512,898,88004,0.026964634424448013,0.99682,0.014807229990959167,0.99866,0.6960777648925781,0.8176,0.18106,6228.353103637695
same_epochs,m_sam,512,899,88102,0.028114244203567503,0.99664,0.014514369814991952,0.99842,0.7061382318496704,0.8166,0.18181999999999998,6235.148960351944
same_epochs,m_sam,512,900,88200,0.027140806691646577,0.99682,0.014698245607614516,0.99856,0.6956962105751038,0.8211,0.17745999999999995,6241.980687856674
same_epochs,m_sam,512,901,88298,0.026337654752731324,0.99724,0.015485189871191978,0.99834,0.7052728246688843,0.8155,0.18284,6248.955352306366
same_epochs,m_sam,512,902,88396,0.026704227513074875,0.99702,0.013113684108257294,0.9989,0.6910611942291259,0.8165,0.1824,6255.882795572281
same_epochs,m_sam,512,903,88494,0.026617795060873032,0.99708,0.015867377848029135,0.99826,0.7100977800369263,0.812,0.18625999999999998,6262.755010128021
same_epochs,m_sam,512,904,88592,0.027621983555555344,0.99664,0.01623630559027195,0.99834,0.7050305559158325,0.8158,0.18254000000000004,6269.706349372864
same_epochs,m_sam,512,905,88690,0.027209027957320213,0.99682,0.014948468700647354,0.99838,0.7062262384414673,0.8168,0.18158000000000007,6276.5667514801025
same_epochs,m_sam,512,906,88788,0.02619497883796692,0.9973,0.015651053346395494,0.99836,0.7067558628082276,0.8149,0.18346000000000007,6283.498190402985
same_epochs,m_sam,512,907,88886,0.026177318865060806,0.99716,0.014145477049350739,0.99888,0.6891253066062927,0.8185,0.18037999999999998,6290.434385061264
same_epochs,m_sam,512,908,88984,0.02599202048957348,0.99714,0.014774187307953834,0.99856,0.7068088874816895,0.8173,0.18125999999999998,6297.352755784988
same_epochs,m_sam,512,909,89082,0.025054344611763955,0.9972,0.013617721001505852,0.99872,0.7040620021820069,0.8167,0.18202000000000007,6304.330035448074
same_epochs,m_sam,512,910,89180,0.025948309344649315,0.9971,0.018322179575562477,0.99752,0.7287561391830444,0.81,0.1875199999999999,6311.318331003189
same_epochs,m_sam,512,911,89278,0.02706701423704624,0.99674,0.014983118342757226,0.99844,0.7157297025680542,0.8156,0.18284,6318.207657337189
same_epochs,m_sam,512,912,89376,0.02703506204664707,0.99664,0.013481308745145798,0.99888,0.6991466870307922,0.8175,0.18137999999999999,6325.198597192764
same_epochs,m_sam,512,913,89474,0.025834249286055565,0.99754,0.013984748161137104,0.9987,0.7075417199134827,0.813,0.1857000000000001,6332.137159347534
same_epochs,m_sam,512,914,89572,0.02574515166759491,0.99696,0.013286293673217297,0.99856,0.7088835632324219,0.8167,0.18186000000000002,6339.024391174316
same_epochs,m_sam,512,915,89670,0.024769133552908898,0.99746,0.01261786375015974,0.99906,0.6926415588378906,0.8161,0.1829599999999999,6346.000904798508
same_epochs,m_sam,512,916,89768,0.024120026659369468,0.99764,0.014467587011456489,0.9985,0.7067509133338928,0.8166,0.18190000000000006,6352.870010137558
same_epochs,m_sam,512,917,89866,0.025847018685936928,0.99716,0.013202989540100098,0.99892,0.6983855025291443,0.8168,0.18212000000000006,6359.827427387238
same_epochs,m_sam,512,918,89964,0.024848809967637064,0.99786,0.015215681910216808,0.99814,0.7122443787574768,0.8125,0.18564000000000003,6366.875375747681
same_epochs,m_sam,512,919,90062,0.024990875963568686,0.99738,0.014100374819636345,0.99874,0.705895964050293,0.817,0.18174,6373.830142736435
same_epochs,m_sam,512,920,90160,0.025544219870567323,0.99742,0.014618194819092751,0.99868,0.7119685970306396,0.8163,0.18238,6380.763901233673
same_epochs,m_sam,512,921,90258,0.02342649814248085,0.9976,0.014017112908065319,0.99846,0.7178809892654419,0.8164,0.18206,6387.558142900467
same_epochs,m_sam,512,922,90356,0.024815884492993354,0.99722,0.01366437530696392,0.99878,0.6988775436401368,0.8159,0.18288000000000004,6394.499942779541
same_epochs,m_sam,512,923,90454,0.02359633299946785,0.99792,0.015941660768687724,0.99824,0.7144361373901367,0.8133,0.18494,6401.340421915054
same_epochs,m_sam,512,924,90552,0.02372814213335514,0.9974,0.014369114609360694,0.99848,0.7038659052848816,0.8175,0.18098000000000003,6408.261375427246
same_epochs,m_sam,512,925,90650,0.025407217096090316,0.99728,0.014456701609492303,0.9984,0.7076893639564514,0.813,0.1854,6415.146738529205
same_epochs,m_sam,512,926,90748,0.02473113445043564,0.9974,0.01328917629212141,0.99876,0.711384453201294,0.8177,0.18106,6422.180816650391
same_epochs,m_sam,512,927,90846,0.024597548719644546,0.99716,0.013287636571526528,0.9986,0.7028268287658691,0.8162,0.1824,6429.172283172607
same_epochs,m_sam,512,928,90944,0.023812202063202857,0.9976,0.013783657928705215,0.99872,0.7036332605361938,0.818,0.1807200000000001,6436.2455813884735
same_epochs,m_sam,512,929,91042,0.024173957325220107,0.99744,0.014443431621789932,0.99864,0.7113414355278015,0.8167,0.18194,6443.225963592529
same_epochs,m_sam,512,930,91140,0.023307879528403283,0.9978,0.011977786247730255,0.99924,0.6977926579475403,0.8182,0.18103999999999998,6450.064122438431
same_epochs,m_sam,512,931,91238,0.02369610018670559,0.99752,0.012829215712547302,0.9987,0.6967682776451111,0.8169,0.18180000000000007,6457.056296110153
same_epochs,m_sam,512,932,91336,0.02443010500371456,0.99748,0.015246730366945268,0.99824,0.7201489627838135,0.8146,0.18364000000000003,6463.9759747982025
same_epochs,m_sam,512,933,91434,0.02466848128080368,0.99746,0.014326068060696124,0.99864,0.7155288723945618,0.8141,0.18453999999999993,6470.980162382126
same_epochs,m_sam,512,934,91532,0.023657046437859534,0.9976,0.012872529489398002,0.99876,0.7118355598449707,0.8145,0.18425999999999998,6477.89116692543
same_epochs,m_sam,512,935,91630,0.023424074255228043,0.9976,0.01301208304643631,0.9988,0.7083682836532593,0.8159,0.18290000000000006,6484.86164689064
same_epochs,m_sam,512,936,91728,0.02357253519356251,0.99712,0.014134514328241348,0.99854,0.7166928988456726,0.8124,0.18613999999999997,6491.788245439529
same_epochs,m_sam,512,937,91826,0.02292959668815136,0.99782,0.015325065017938615,0.9981,0.7293605557441711,0.8135,0.1846,6498.7716636657715
same_epochs,m_sam,512,938,91924,0.022784174847602843,0.99788,0.013868916116058826,0.99892,0.6988264747619629,0.8163,0.18262,6505.7607181072235
same_epochs,m_sam,512,939,92022,0.023476487661004068,0.99746,0.015161965196728706,0.99826,0.7131591740608215,0.8125,0.18576000000000004,6512.703186511993
same_epochs,m_sam,512,940,92120,0.023572112807035445,0.9976,0.012833113000392913,0.99886,0.7045458040237427,0.8157,0.18316,6519.664368629456
same_epochs,m_sam,512,941,92218,0.024153923394083978,0.99758,0.012548771740198136,0.99892,0.7161655337333679,0.8156,0.18332000000000004,6526.612508296967
same_epochs,m_sam,512,942,92316,0.023335662350058555,0.99788,0.012959542815387248,0.9988,0.7136865370750427,0.8159,0.18290000000000006,6533.520282506943
same_epochs,m_sam,512,943,92414,0.024512773551940918,0.9974,0.013517587280869483,0.9988,0.7053358372688293,0.8184,0.1804,6540.367848396301
same_epochs,m_sam,512,944,92512,0.023222258464097978,0.9979,0.011391249434947967,0.9991,0.7015268580436707,0.8181,0.18099999999999994,6547.268573284149
same_epochs,m_sam,512,945,92610,0.022444815104603767,0.99758,0.014117780724167825,0.99858,0.7147715761184692,0.8142,0.18438,6554.2544984817505
same_epochs,m_sam,512,946,92708,0.023277506655454635,0.99778,0.014459107387661934,0.99834,0.7201648672103882,0.8159,0.18244000000000005,6561.202508926392
same_epochs,m_sam,512,947,92806,0.02261516630411148,0.99778,0.013696805662810802,0.99844,0.7124596905708312,0.8159,0.18254000000000004,6568.125655889511
same_epochs,m_sam,512,948,92904,0.022078924100995063,0.9977,0.012372403568327427,0.99892,0.7098419328689575,0.8157,0.18322000000000005,6575.010605096817
same_epochs,m_sam,512,949,93002,0.022386937710046767,0.99764,0.011654732069969177,0.99914,0.6964591686248779,0.8159,0.18324000000000007,6581.9849853515625
same_epochs,m_sam,512,950,93100,0.022872518197894095,0.99764,0.01256879598647356,0.9989,0.7053155546188354,0.8156,0.18330000000000002,6588.935040712357
same_epochs,m_sam,512,951,93198,0.0213278504049778,0.99764,0.011902999670505524,0.99906,0.7070577880859376,0.8162,0.1828599999999999,6595.777590274811
same_epochs,m_sam,512,952,93296,0.021589046368598937,0.9979,0.01210884503364563,0.99902,0.7112681251525879,0.8155,0.18352000000000002,6602.702926158905
same_epochs,m_sam,512,953,93394,0.02212046886384487,0.99806,0.013339984681010246,0.9987,0.7079005010604859,0.8147,0.18400000000000005,6609.624449491501
same_epochs,m_sam,512,954,93492,0.02208155602812767,0.9979,0.01203752679526806,0.9988,0.7141109005928039,0.8159,0.18290000000000006,6616.590545654297
same_epochs,m_sam,512,955,93590,0.021868666229248046,0.99798,0.011771647357940673,0.99892,0.7084592931747437,0.8159,0.18302000000000007,6623.513030052185
same_epochs,m_sam,512,956,93688,0.020999216639697553,0.99812,0.012549266973137855,0.99886,0.7142496391296387,0.8154,0.18345999999999996,6630.378124952316
same_epochs,m_sam,512,957,93786,0.02092814525514841,0.99802,0.011464768672287464,0.99906,0.7074328831672668,0.8152,0.1838599999999999,6637.176952600479
same_epochs,m_sam,512,958,93884,0.02148756467461586,0.99784,0.013073130583167076,0.99872,0.7150541544914245,0.8169,0.1818200000000001,6644.105049133301
same_epochs,m_sam,512,959,93982,0.02144837596356869,0.99776,0.014202801277339458,0.99858,0.7079837726593018,0.8159,0.18268000000000006,6651.091516256332
same_epochs,m_sam,512,960,94080,0.020724332123994826,0.99822,0.011323934507071972,0.99914,0.7054231663703918,0.8159,0.18324000000000007,6658.0704934597015
same_epochs,m_sam,512,961,94178,0.02122454569339752,0.99802,0.011535415577292442,0.9989,0.7037463821411133,0.817,0.18190000000000006,6665.01060628891
same_epochs,m_sam,512,962,94276,0.02145101499915123,0.99802,0.011913163350820542,0.99884,0.7227331161499023,0.8151,0.1837399999999999,6671.907564401627
same_epochs,m_sam,512,963,94374,0.021236483645439147,0.99808,0.01210356146454811,0.99886,0.714253850364685,0.8171,0.18175999999999992,6678.891468524933
same_epochs,m_sam,512,964,94472,0.020979007106423378,0.99808,0.012570328283309937,0.9989,0.7122336862564087,0.8165,0.1824,6685.942820072174
same_epochs,m_sam,512,965,94570,0.02035185326218605,0.99808,0.010401203561127186,0.99918,0.6986428081512451,0.8177,0.18147999999999997,6692.831029415131
same_epochs,m_sam,512,966,94668,0.02034249599993229,0.99852,0.010803558489978313,0.99916,0.6971566106796264,0.8187,0.18046000000000006,6699.88493847847
same_epochs,m_sam,512,967,94766,0.021243799112439156,0.99798,0.011643986640274525,0.9989,0.7081147682189941,0.8173,0.18159999999999998,6706.864717245102
same_epochs,m_sam,512,968,94864,0.019812871517539025,0.99854,0.010725584645569325,0.99898,0.7046914492607117,0.8172,0.18177999999999994,6713.728157043457
same_epochs,m_sam,512,969,94962,0.020550326238870622,0.99836,0.01205906964302063,0.99902,0.7099053178787231,0.8161,0.18291999999999997,6720.727705001831
same_epochs,m_sam,512,970,95060,0.019714021264314652,0.99826,0.011643511389791965,0.9992,0.702648447227478,0.8175,0.18169999999999997,6727.693123579025
same_epochs,m_sam,512,971,95158,0.019976766342520713,0.99826,0.012352503096163273,0.99868,0.7089284986495972,0.813,0.18568000000000007,6734.635870933533
same_epochs,m_sam,512,972,95256,0.0206581876206398,0.998,0.012764929283857345,0.99892,0.7100051622390747,0.8175,0.18142000000000003,6741.509213209152
same_epochs,m_sam,512,973,95354,0.02022403420805931,0.99792,0.011569186593890191,0.99908,0.7143000673294068,0.8167,0.18238,6748.479695558548
same_epochs,m_sam,512,974,95452,0.019539944249391556,0.99854,0.01133857134282589,0.99898,0.7163145613670349,0.8148,0.18418,6755.470773935318
same_epochs,m_sam,512,975,95550,0.02033225913643837,0.99814,0.01316019645690918,0.99854,0.7196350996017457,0.8109,0.18764000000000003,6762.41589307785
same_epochs,m_sam,512,976,95648,0.019770575335621834,0.99826,0.010631571081280709,0.9992,0.7024335710525512,0.8182,0.18099999999999994,6820.3642501831055
same_epochs,m_sam,512,977,95746,0.020468268256783485,0.99808,0.012144680659472943,0.99896,0.7056558582305908,0.8163,0.18265999999999993,6827.418204784393
same_epochs,m_sam,512,978,95844,0.02010652623027563,0.99824,0.010478987295925618,0.99922,0.7141321140289306,0.8176,0.18162,6834.480673551559
same_epochs,m_sam,512,979,95942,0.019372361226677893,0.99846,0.011589671542942524,0.9991,0.7121544820785523,0.8165,0.18259999999999998,6841.422346830368
same_epochs,m_sam,512,980,96040,0.020579142231941225,0.99816,0.011250881772637368,0.99914,0.7019845262527465,0.8184,0.18074,6848.4040694236755
same_epochs,m_sam,512,981,96138,0.01970626307308674,0.99832,0.012392419682741166,0.9988,0.7153912844657898,0.8129,0.18590000000000007,6855.279506444931
same_epochs,m_sam,512,982,96236,0.01980997451066971,0.99842,0.014463642618060112,0.99834,0.719546488571167,0.8166,0.18174,6862.269800424576
same_epochs,m_sam,512,983,96334,0.02063132016658783,0.99808,0.010576538579761981,0.99924,0.7060736520767212,0.8161,0.18313999999999997,6869.228687763214
same_epochs,m_sam,512,984,96432,0.02058587256550789,0.9981,0.012723206034898758,0.99878,0.7185499032974243,0.8183,0.18047999999999997,6876.425620794296
same_epochs,m_sam,512,985,96530,0.020332573621869087,0.99822,0.011288078932464123,0.99906,0.7084421995162964,0.814,0.18506,6883.332593679428
same_epochs,m_sam,512,986,96628,0.020442039965987206,0.99806,0.012702349607944488,0.99866,0.7207777479171753,0.8141,0.18455999999999995,6890.256438732147
same_epochs,m_sam,512,987,96726,0.019743271462619304,0.99856,0.012249879135787487,0.9988,0.7124751880645752,0.8175,0.18130000000000002,6897.244035482407
same_epochs,m_sam,512,988,96824,0.019155639724731444,0.99846,0.011263179824948311,0.99894,0.7132613910675049,0.8161,0.18284,6904.21462726593
same_epochs,m_sam,512,989,96922,0.019473891165852547,0.9983,0.011211684946715832,0.99904,0.705356445980072,0.8169,0.18214000000000008,6911.259016752243
same_epochs,m_sam,512,990,97020,0.01945801571547985,0.99838,0.011582386743426322,0.99878,0.7171720982551575,0.8157,0.18308000000000002,6918.21342086792
same_epochs,m_sam,512,991,97118,0.01921423412591219,0.99834,0.013426807585954666,0.99856,0.7140889181137084,0.8135,0.18506,6925.235424041748
same_epochs,m_sam,512,992,97216,0.019786526589989663,0.99822,0.01155596333771944,0.999,0.7052421929359436,0.8167,0.18230000000000002,6932.187101840973
same_epochs,m_sam,512,993,97314,0.019552641355395316,0.99842,0.014971966545581817,0.9982,0.7335165227890015,0.8125,0.18569999999999998,6939.157625436783
same_epochs,m_sam,512,994,97412,0.019669956079125403,0.99806,0.010822800840139389,0.99912,0.7079635786056518,0.8184,0.18072,6946.071991920471
same_epochs,m_sam,512,995,97510,0.018286162446141244,0.99854,0.012225619768500328,0.99878,0.722249946975708,0.8123,0.18647999999999998,6953.151572465897
same_epochs,m_sam,512,996,97608,0.018955985946655273,0.9983,0.011083797056972981,0.99914,0.7122302688598633,0.8154,0.18374000000000001,6960.170468330383
same_epochs,m_sam,512,997,97706,0.019070767617821692,0.99848,0.010207729634940625,0.99924,0.7020006446838379,0.8171,0.18213999999999997,6967.042007684708
same_epochs,m_sam,512,998,97804,0.018482199506759642,0.99876,0.009997374956905843,0.9993,0.7087651982307434,0.8154,0.18389999999999995,6973.92694568634
same_epochs,m_sam,512,999,97902,0.018798435540795327,0.99826,0.010408883345723152,0.99922,0.7104873748779297,0.8177,0.18152000000000001,6980.831768989563
same_epochs,m_sam,512,1000,98000,0.018638728628754615,0.99852,0.011704424622654915,0.99882,0.7179499984741211,0.8172,0.18162,6987.761684894562
