comparison,method,m,epoch,update,train_loss_step,train_acc_step,train_eval_loss,train_eval_acc,test_loss,test_acc,generalization_gap,elapsed_sec
same_updates,m_sam,32,,1,2.4618184566497803,0.0625,2.457469810409546,0.10254,2.455871480178833,0.0992,0.0033400000000000096,4.278994560241699
same_updates,m_sam,32,,2,2.4759459495544434,0.0625,2.4927701712799073,0.09294,2.490566221618652,0.0956,-0.0026600000000000096,7.576531887054443
same_updates,m_sam,32,,3,2.6337833404541016,0.03125,2.473764166107178,0.0912,2.471418294143677,0.09,0.0012000000000000066,10.810566663742065
same_updates,m_sam,32,,4,2.4431886672973633,0.125,2.435627498703003,0.0929,2.4340723861694338,0.0976,-0.00470000000000001,14.146610260009766
same_updates,m_sam,32,,5,2.4981346130371094,0.0625,2.3783545079803465,0.099,2.377636658859253,0.0974,0.0016000000000000042,17.40740728378296
same_updates,m_sam,32,,6,2.3317484855651855,0.0625,2.415509232330322,0.10174,2.4152652576446534,0.1017,3.999999999999837e-05,20.638089656829834
same_updates,m_sam,32,,7,2.5467474460601807,0.0,2.4714712828826904,0.10004,2.4705080169677736,0.1,3.999999999999837e-05,24.010288953781128
same_updates,m_sam,32,,8,2.348675489425659,0.15625,2.422015525741577,0.10156,2.4214883407592773,0.1005,0.0010599999999999915,27.24824595451355
same_updates,m_sam,32,,9,2.5272161960601807,0.125,2.3595328121185304,0.13822,2.3598056144714357,0.1337,0.004519999999999996,30.462265253067017
same_updates,m_sam,32,,10,2.42824649810791,0.15625,2.3698198091888427,0.12746,2.3703609745025633,0.1284,-0.0009399999999999964,33.768160820007324
same_updates,m_sam,32,,11,2.3470635414123535,0.1875,2.4448142918395996,0.1022,2.4451641220092775,0.1021,0.00010000000000000286,37.05300188064575
same_updates,m_sam,32,,12,2.6142265796661377,0.09375,2.4161037437438964,0.13252,2.4165899684906007,0.1328,-0.00028000000000000247,40.343878746032715
same_updates,m_sam,32,,13,2.3978748321533203,0.09375,2.429352136230469,0.1,2.42993341255188,0.0999,0.00010000000000000286,43.581334352493286
same_updates,m_sam,32,,14,2.475566864013672,0.09375,2.448874152069092,0.1,2.449408306121826,0.1,0.0,46.842403411865234
same_updates,m_sam,32,,15,2.397043228149414,0.21875,2.446871138305664,0.1,2.4471116310119627,0.1,0.0,50.11953067779541
same_updates,m_sam,32,,16,2.46852970123291,0.03125,2.408627094116211,0.1048,2.408903128814697,0.1044,0.0003999999999999976,53.41187000274658
same_updates,m_sam,32,,17,2.3009071350097656,0.1875,2.4620033359527587,0.09998,2.462296112251282,0.0995,0.0004799999999999943,56.71872878074646
same_updates,m_sam,32,,18,2.525390148162842,0.03125,2.455269966812134,0.1319,2.4558334785461424,0.1338,-0.0019000000000000128,60.018592834472656
same_updates,m_sam,32,,19,2.5237815380096436,0.09375,2.470914341506958,0.15338,2.4714100704193114,0.1526,0.0007799999999999752,63.25231337547302
same_updates,m_sam,32,,20,2.5318603515625,0.125,2.4882598653411865,0.13398,2.4885025871276856,0.1332,0.0007799999999999752,66.47856163978577
same_updates,m_sam,32,,21,2.338676929473877,0.09375,2.522287466812134,0.15256,2.5221885704040528,0.1515,0.0010600000000000054,69.75860834121704
same_updates,m_sam,32,,22,2.5717804431915283,0.28125,2.5708805968475343,0.10774,2.5704650741577146,0.1094,-0.0016599999999999948,73.04234552383423
same_updates,m_sam,32,,23,2.6435341835021973,0.125,2.5846875341033937,0.10002,2.5841877922058107,0.1,1.9999999999992246e-05,76.34293341636658
same_updates,m_sam,32,,24,2.879237651824951,0.0625,2.508165323257446,0.10014,2.5077338272094725,0.1002,-5.9999999999990616e-05,79.58674955368042
same_updates,m_sam,32,,25,2.211744785308838,0.09375,2.4431505323791503,0.14276,2.4427744216918947,0.1407,0.0020600000000000063,82.84226703643799
same_updates,m_sam,32,,26,2.330277681350708,0.28125,2.4513459368896484,0.15016,2.450883943939209,0.1491,0.0010599999999999776,86.10367178916931
same_updates,m_sam,32,,27,2.468392848968506,0.125,2.465015367965698,0.1316,2.464585944747925,0.1346,-0.0030000000000000027,89.30235958099365
same_updates,m_sam,32,,28,2.562826633453369,0.09375,2.470416333618164,0.14722,2.47018320350647,0.1492,-0.0019800000000000095,92.58691024780273
same_updates,m_sam,32,,29,2.440408945083618,0.09375,2.471362667388916,0.10328,2.4712739685058596,0.1059,-0.0026199999999999973,95.84918856620789
same_updates,m_sam,32,,30,2.6765713691711426,0.0625,2.436357894439697,0.1,2.4363468437194826,0.1,0.0,99.12742733955383
same_updates,m_sam,32,,31,2.4693493843078613,0.09375,2.3772823652648927,0.10572,2.377324271392822,0.1082,-0.00248000000000001,102.40416836738586
same_updates,m_sam,32,,32,2.4983954429626465,0.03125,2.3182473649597166,0.1394,2.318097193145752,0.1375,0.001899999999999985,105.71521854400635
same_updates,m_sam,32,,33,2.393054485321045,0.09375,2.293819762878418,0.1699,2.2934777450561525,0.1716,-0.001700000000000007,108.95753335952759
same_updates,m_sam,32,,34,2.207233428955078,0.09375,2.3107583562469483,0.10072,2.3102050842285156,0.1007,2.0000000000006124e-05,112.1777982711792
same_updates,m_sam,32,,35,2.222283124923706,0.1875,2.3646020640563963,0.1,2.363975887298584,0.1,0.0,115.45033478736877
same_updates,m_sam,32,,36,2.4755029678344727,0.0625,2.370989967803955,0.1,2.370425078582764,0.1,0.0,118.69169926643372
same_updates,m_sam,32,,37,2.360109806060791,0.125,2.347954086380005,0.10766,2.347650327682495,0.1088,-0.0011399999999999882,121.97775459289551
same_updates,m_sam,32,,38,2.3199448585510254,0.09375,2.33114390625,0.1473,2.3312091957092287,0.15,-0.002700000000000008,125.21840953826904
same_updates,m_sam,32,,39,2.3546879291534424,0.09375,2.3410245774841307,0.17448,2.3412263874053956,0.1768,-0.0023200000000000165,128.49890089035034
same_updates,m_sam,32,,40,2.1862423419952393,0.3125,2.3833199424743654,0.1402,2.383575130081177,0.144,-0.003799999999999998,131.78139567375183
same_updates,m_sam,32,,41,2.3969149589538574,0.125,2.4115013886260988,0.11968,2.411680793762207,0.1217,-0.002020000000000008,135.06994938850403
same_updates,m_sam,32,,42,2.4285659790039062,0.125,2.4065839582061765,0.10132,2.406562770462036,0.1007,0.0006199999999999956,138.36671566963196
same_updates,m_sam,32,,43,2.4088337421417236,0.1875,2.3816669958496095,0.1,2.3814055046081544,0.1,0.0,141.63664150238037
same_updates,m_sam,32,,44,2.3388028144836426,0.125,2.3436517457580566,0.1,2.343152983093262,0.1,0.0,144.90930128097534
same_updates,m_sam,32,,45,2.3322691917419434,0.09375,2.311439832229614,0.1211,2.310955026245117,0.1222,-0.0011000000000000038,148.14448714256287
same_updates,m_sam,32,,46,2.2894129753112793,0.1875,2.29668588180542,0.17134,2.296046357345581,0.1734,-0.0020600000000000063,151.3940327167511
same_updates,m_sam,32,,47,2.359135866165161,0.125,2.290615274581909,0.163,2.290025408554077,0.1626,0.00040000000000001146,154.64221954345703
same_updates,m_sam,32,,48,2.242583990097046,0.125,2.2959148820495607,0.18026,2.295356130981445,0.1805,-0.00023999999999999022,157.95071411132812
same_updates,m_sam,32,,49,2.0819878578186035,0.34375,2.313323721160889,0.16588,2.3127653778076174,0.1716,-0.005720000000000003,161.25458002090454
same_updates,m_sam,32,,50,2.343416690826416,0.09375,2.320233985671997,0.16384,2.3196486198425292,0.1698,-0.005959999999999993,164.4928925037384
same_updates,m_sam,32,,51,2.460568428039551,0.09375,2.310450645904541,0.18162,2.309959114074707,0.1862,-0.004580000000000001,167.7566089630127
same_updates,m_sam,32,,52,2.3185081481933594,0.125,2.294429157104492,0.18954,2.2941268825531007,0.1896,-6.0000000000004494e-05,171.0616331100464
same_updates,m_sam,32,,53,2.298839569091797,0.1875,2.283390855560303,0.183,2.2834926948547363,0.181,0.0020000000000000018,174.38841772079468
same_updates,m_sam,32,,54,2.296947956085205,0.1875,2.281322024078369,0.15688,2.2817572952270506,0.1553,0.001579999999999998,177.62461137771606
same_updates,m_sam,32,,55,2.2167441844940186,0.125,2.2773855876159668,0.16626,2.277945684814453,0.1654,0.0008599999999999997,180.91566395759583
same_updates,m_sam,32,,56,2.2196695804595947,0.09375,2.275990264129639,0.16162,2.2764716049194336,0.1605,0.0011200000000000099,184.17123174667358
same_updates,m_sam,32,,57,2.294343948364258,0.125,2.264189845428467,0.1764,2.264404499435425,0.1757,0.0007000000000000062,187.47634959220886
same_updates,m_sam,32,,58,2.330012559890747,0.09375,2.2512337059020995,0.1982,2.2510899528503416,0.1994,-0.0012000000000000066,190.77242803573608
same_updates,m_sam,32,,59,2.3113486766815186,0.0,2.2369976122283934,0.1818,2.236465758514404,0.1794,0.0023999999999999855,194.03636074066162
same_updates,m_sam,32,,60,2.309391975402832,0.09375,2.222933101272583,0.16346,2.2218055530548098,0.163,0.0004599999999999882,197.30451893806458
same_updates,m_sam,32,,61,2.249394416809082,0.1875,2.215744002380371,0.17536,2.214075936508179,0.1778,-0.0024400000000000255,200.54902243614197
same_updates,m_sam,32,,62,2.2723209857940674,0.15625,2.2148106731414794,0.17056,2.21288148727417,0.1741,-0.0035400000000000154,203.82854461669922
same_updates,m_sam,32,,63,2.3150856494903564,0.125,2.2134360768127443,0.15294,2.2114141944885253,0.1555,-0.0025600000000000067,207.1169261932373
same_updates,m_sam,32,,64,2.1344962120056152,0.09375,2.222173849258423,0.14546,2.2201284702301027,0.1478,-0.002339999999999981,210.40039086341858
same_updates,m_sam,32,,65,2.309136390686035,0.09375,2.2238529375457765,0.13304,2.2219672088623046,0.135,-0.0019600000000000173,213.73015093803406
same_updates,m_sam,32,,66,2.2410507202148438,0.1875,2.2278835667419434,0.1385,2.226353673553467,0.1393,-0.0007999999999999952,216.9774808883667
same_updates,m_sam,32,,67,2.222520589828491,0.15625,2.225126582107544,0.14832,2.2238587593078614,0.1487,-0.00037999999999999146,220.25659370422363
same_updates,m_sam,32,,68,2.266101360321045,0.0625,2.222580178909302,0.1504,2.22162505569458,0.1532,-0.002799999999999997,223.50006532669067
same_updates,m_sam,32,,69,2.228489875793457,0.15625,2.226916781234741,0.16538,2.2262532157897947,0.1677,-0.0023199999999999887,226.7575924396515
same_updates,m_sam,32,,70,2.2541987895965576,0.125,2.22968777671814,0.1629,2.229117658996582,0.1632,-0.00030000000000002247,230.03496265411377
same_updates,m_sam,32,,71,2.1833155155181885,0.1875,2.231027841720581,0.16608,2.2303170707702638,0.1644,0.0016800000000000148,233.3138632774353
same_updates,m_sam,32,,72,2.233822822570801,0.125,2.2360249573516846,0.16896,2.23533934173584,0.1683,0.0006599999999999939,236.5610432624817
same_updates,m_sam,32,,73,2.261079788208008,0.1875,2.2347529751586914,0.1816,2.2336648387908937,0.181,0.0006000000000000172,239.7919795513153
same_updates,m_sam,32,,74,2.36006760597229,0.125,2.228169732131958,0.17244,2.226783465576172,0.1698,0.0026400000000000035,243.08711075782776
same_updates,m_sam,32,,75,2.15340518951416,0.21875,2.2262095653533938,0.15504,2.2249441017150877,0.1533,0.0017400000000000193,246.34852957725525
same_updates,m_sam,32,,76,2.2080488204956055,0.125,2.220426324310303,0.15408,2.2191361026763916,0.1526,0.0014799999999999813,249.59211826324463
same_updates,m_sam,32,,77,2.247666358947754,0.21875,2.212604555053711,0.15816,2.2114253067016603,0.1553,0.0028600000000000014,252.8043565750122
same_updates,m_sam,32,,78,2.192465305328369,0.25,2.2069719438171385,0.15728,2.2062207809448244,0.1564,0.0008799999999999919,256.09533166885376
same_updates,m_sam,32,,79,2.292024612426758,0.125,2.2042446436309815,0.1435,2.2037079849243164,0.1433,0.00019999999999997797,259.3673343658447
same_updates,m_sam,32,,80,2.2133545875549316,0.125,2.1962654876708982,0.16932,2.1955458320617676,0.1671,0.0022199999999999998,262.59054589271545
same_updates,m_sam,32,,81,2.3109841346740723,0.1875,2.1885137683105467,0.20182,2.187564134216309,0.1986,0.0032200000000000006,265.8459405899048
same_updates,m_sam,32,,82,2.14375376701355,0.1875,2.1898150065612794,0.20152,2.18839460067749,0.2011,0.0004200000000000037,269.16041684150696
same_updates,m_sam,32,,83,2.230891704559326,0.28125,2.196268112640381,0.18906,2.194494285583496,0.1925,-0.0034399999999999986,272.41564178466797
same_updates,m_sam,32,,84,2.189511775970459,0.125,2.1974876149749756,0.18008,2.195549592399597,0.1816,-0.0015200000000000213,275.62714552879333
same_updates,m_sam,32,,85,2.1474056243896484,0.3125,2.199070599365234,0.17344,2.1966955615997312,0.1743,-0.0008599999999999997,278.86166405677795
same_updates,m_sam,32,,86,2.2552530765533447,0.03125,2.1956144883728026,0.1837,2.192856591796875,0.187,-0.0032999999999999974,282.16021943092346
same_updates,m_sam,32,,87,2.202285051345825,0.15625,2.188915747756958,0.1884,2.1860205520629883,0.1933,-0.004899999999999988,285.3811881542206
same_updates,m_sam,32,,88,2.2888407707214355,0.25,2.1820933209991455,0.18574,2.1795584869384768,0.1875,-0.0017600000000000116,288.68816685676575
same_updates,m_sam,32,,89,2.220393657684326,0.09375,2.181148154220581,0.18254,2.179385206604004,0.1869,-0.004360000000000003,291.96056294441223
same_updates,m_sam,32,,90,2.3264429569244385,0.15625,2.190675163421631,0.15884,2.189687009811401,0.1624,-0.00355999999999998,295.1759178638458
same_updates,m_sam,32,,91,2.1394143104553223,0.125,2.208122051010132,0.15264,2.20788613319397,0.1548,-0.0021599999999999953,298.3881220817566
same_updates,m_sam,32,,92,2.2511134147644043,0.125,2.2162606715393065,0.15236,2.2162628730773926,0.1541,-0.0017399999999999916,301.68818068504333
same_updates,m_sam,32,,93,2.177058696746826,0.28125,2.223269829711914,0.15412,2.223391202926636,0.1557,-0.001579999999999998,304.8978838920593
same_updates,m_sam,32,,94,2.243286609649658,0.125,2.2229841619873048,0.1649,2.2230227130889895,0.166,-0.0011000000000000176,308.21161365509033
same_updates,m_sam,32,,95,2.20866060256958,0.0625,2.221985302734375,0.20392,2.2218398513793947,0.2083,-0.004380000000000023,311.4621148109436
same_updates,m_sam,32,,96,2.1135361194610596,0.3125,2.217516217651367,0.20176,2.217158139038086,0.2008,0.0009599999999999886,314.71728467941284
same_updates,m_sam,32,,97,2.2728219032287598,0.125,2.207833699798584,0.19396,2.20709217376709,0.1941,-0.00014000000000000123,318.0331151485443
same_updates,m_sam,32,,98,2.3192801475524902,0.15625,2.1945651458740234,0.19406,2.1934949634552003,0.1953,-0.0012399999999999911,321.31428623199463
same_updates,m_sam,32,,99,2.2623045444488525,0.0625,2.178742349319458,0.19988,2.1772907539367674,0.2003,-0.0004200000000000037,324.60188603401184
same_updates,m_sam,32,,100,2.1818761825561523,0.1875,2.1712745165252687,0.20292,2.1695642311096193,0.2003,0.0026199999999999835,327.87795329093933
same_updates,m_sam,32,,101,2.150264263153076,0.09375,2.1659845696258544,0.18738,2.1640402198791504,0.1862,0.0011799999999999866,331.1708085536957
same_updates,m_sam,32,,102,2.2852180004119873,0.03125,2.167895552215576,0.18386,2.165998068237305,0.1874,-0.0035400000000000154,334.4222981929779
same_updates,m_sam,32,,103,2.15378475189209,0.21875,2.1742559438323976,0.17394,2.1725352172851564,0.1755,-0.001559999999999978,337.6530792713165
same_updates,m_sam,32,,104,2.179408073425293,0.28125,2.181614793624878,0.17814,2.1800013969421386,0.1811,-0.002960000000000018,340.9129467010498
same_updates,m_sam,32,,105,2.179427146911621,0.15625,2.1818407127380373,0.183,2.1802322368621825,0.1826,0.0003999999999999837,344.2142448425293
same_updates,m_sam,32,,106,2.2956337928771973,0.09375,2.1753387504577635,0.18438,2.1738988929748535,0.1851,-0.0007199999999999984,347.518187046051
same_updates,m_sam,32,,107,2.164445161819458,0.21875,2.163193920135498,0.19168,2.1617800483703613,0.1931,-0.0014200000000000046,350.7757134437561
same_updates,m_sam,32,,108,2.157207489013672,0.1875,2.1563713665771482,0.1906,2.1548375648498537,0.1904,0.00019999999999997797,354.0792074203491
same_updates,m_sam,32,,109,2.17783784866333,0.21875,2.1488092932891845,0.17452,2.1469454345703123,0.1782,-0.003679999999999989,357.40250277519226
same_updates,m_sam,32,,110,2.078097343444824,0.3125,2.1491769590759278,0.16876,2.1471330684661867,0.1707,-0.0019399999999999973,360.6539487838745
same_updates,m_sam,32,,111,2.1298635005950928,0.25,2.1541508142089842,0.16734,2.1520498279571534,0.1706,-0.003260000000000013,363.92436695098877
same_updates,m_sam,32,,112,2.1185896396636963,0.15625,2.155343423919678,0.1696,2.153280308532715,0.1727,-0.0030999999999999917,367.1981062889099
same_updates,m_sam,32,,113,2.1979947090148926,0.21875,2.1572332941436767,0.17646,2.155706135559082,0.1791,-0.0026400000000000035,370.4623417854309
same_updates,m_sam,32,,114,2.008129358291626,0.25,2.1715840908813475,0.17934,2.1709294982910157,0.1807,-0.00136,373.69051814079285
same_updates,m_sam,32,,115,2.1134557723999023,0.125,2.1987186879730225,0.19876,2.1992191959381104,0.2011,-0.0023400000000000087,376.9135148525238
same_updates,m_sam,32,,116,2.148493766784668,0.125,2.225339499969482,0.19876,2.2265803596496583,0.198,0.0007599999999999829,380.13222885131836
same_updates,m_sam,32,,117,2.3328707218170166,0.0625,2.217219662399292,0.20388,2.2182971725463867,0.202,0.0018799999999999928,383.3670070171356
same_updates,m_sam,32,,118,2.204801559448242,0.25,2.1846714170837402,0.1968,2.184828483581543,0.1913,0.005500000000000005,386.6305663585663
same_updates,m_sam,32,,119,2.2235655784606934,0.1875,2.156866754684448,0.20864,2.156000001525879,0.2011,0.007539999999999991,389.8794937133789
same_updates,m_sam,32,,120,2.1673238277435303,0.15625,2.13460365234375,0.22972,2.1323449604034423,0.2254,0.004320000000000018,393.1477565765381
same_updates,m_sam,32,,121,2.0465714931488037,0.21875,2.1313820450592043,0.2267,2.1281292236328126,0.2275,-0.0007999999999999952,396.3827817440033
same_updates,m_sam,32,,122,2.1300272941589355,0.28125,2.1280800425720217,0.22502,2.1245513095855713,0.2244,0.0006200000000000094,399.63823890686035
same_updates,m_sam,32,,123,2.0807204246520996,0.25,2.12734466506958,0.22602,2.124176418685913,0.2263,-0.00028000000000000247,402.86297631263733
same_updates,m_sam,32,,124,2.106760025024414,0.28125,2.1304147217559812,0.22446,2.127897095489502,0.2216,0.0028600000000000014,406.1795301437378
same_updates,m_sam,32,,125,2.096003532409668,0.3125,2.1324636631774903,0.21826,2.1306224903106687,0.2161,0.002160000000000023,409.4050874710083
same_updates,m_sam,32,,126,2.0478978157043457,0.375,2.146255930328369,0.2028,2.1451163152694703,0.2023,0.0005000000000000004,412.67904686927795
same_updates,m_sam,32,,127,2.131181001663208,0.21875,2.1660571308898926,0.19374,2.165470588493347,0.1913,0.0024399999999999977,415.97669076919556
same_updates,m_sam,32,,128,2.1351070404052734,0.1875,2.1812281242370606,0.19216,2.1809944414138793,0.1893,0.0028600000000000014,419.21513271331787
same_updates,m_sam,32,,129,2.1292877197265625,0.25,2.1805652728271485,0.19426,2.180305080795288,0.1937,0.0005599999999999772,422.47527742385864
same_updates,m_sam,32,,130,2.113560676574707,0.1875,2.1744071034240724,0.2211,2.174007052230835,0.2234,-0.0022999999999999965,425.80242347717285
same_updates,m_sam,32,,131,2.124932289123535,0.25,2.1617490417480467,0.20988,2.1608528507232667,0.2145,-0.004619999999999985,429.0162446498871
same_updates,m_sam,32,,132,2.069490432739258,0.25,2.1503631423187257,0.19616,2.1489689556121827,0.1977,-0.0015399999999999858,432.28696608543396
same_updates,m_sam,32,,133,2.141590118408203,0.21875,2.1328118716430664,0.19462,2.1304290105819703,0.1964,-0.0017800000000000038,435.5497326850891
same_updates,m_sam,32,,134,2.233700752258301,0.125,2.1168433445739745,0.20026,2.112925312423706,0.2021,-0.0018400000000000083,438.7634308338165
same_updates,m_sam,32,,135,2.1239938735961914,0.15625,2.1135144519805906,0.2035,2.1086273345947264,0.2057,-0.0022000000000000075,442.0352215766907
same_updates,m_sam,32,,136,2.017913579940796,0.25,2.1156627085876463,0.2051,2.1101138370513914,0.2071,-0.0020000000000000018,445.32640409469604
same_updates,m_sam,32,,137,2.234473943710327,0.125,2.112015355682373,0.20674,2.106355458831787,0.2106,-0.0038600000000000023,448.5888047218323
same_updates,m_sam,32,,138,2.0932724475860596,0.28125,2.1053530931854247,0.21794,2.099900691986084,0.2222,-0.004260000000000014,451.81263613700867
same_updates,m_sam,32,,139,2.2188310623168945,0.09375,2.099355598297119,0.22774,2.094425015258789,0.2315,-0.0037600000000000133,455.01070618629456
same_updates,m_sam,32,,140,2.2850639820098877,0.125,2.0959516219329832,0.23234,2.091578235244751,0.237,-0.0046599999999999975,458.32835626602173
same_updates,m_sam,32,,141,2.2623019218444824,0.09375,2.0961074055480955,0.20876,2.0926830432891848,0.2134,-0.004640000000000005,461.57616996765137
same_updates,m_sam,32,,142,2.0167815685272217,0.1875,2.1044720429229735,0.21174,2.102063340950012,0.2165,-0.0047599999999999865,464.8380947113037
same_updates,m_sam,32,,143,2.1917476654052734,0.125,2.1195745903778076,0.21184,2.118043440055847,0.2182,-0.0063600000000000045,468.09385991096497
same_updates,m_sam,32,,144,2.1119487285614014,0.21875,2.133388376083374,0.22012,2.1325560829162598,0.2225,-0.0023799999999999932,471.3018431663513
same_updates,m_sam,32,,145,2.1960926055908203,0.09375,2.1470690592956543,0.21844,2.146746801376343,0.2154,0.003039999999999987,474.51164388656616
same_updates,m_sam,32,,146,2.134052276611328,0.21875,2.150640475540161,0.20888,2.1501187595367433,0.2009,0.007980000000000015,477.7772295475006
same_updates,m_sam,32,,147,2.0833425521850586,0.21875,2.1589082566833495,0.20204,2.1582749240875243,0.1927,0.009339999999999987,481.0572211742401
same_updates,m_sam,32,,148,2.1559600830078125,0.15625,2.166262392730713,0.19168,2.165416760444641,0.1873,0.004379999999999995,484.3648455142975
same_updates,m_sam,32,,149,2.1283130645751953,0.21875,2.1679041764831544,0.17362,2.166965172576904,0.1678,0.005819999999999992,487.5517010688782
same_updates,m_sam,32,,150,2.2354819774627686,0.1875,2.1565608753204346,0.1905,2.1553515632629394,0.1866,0.0039000000000000146,490.796190738678
same_updates,m_sam,32,,151,2.105959892272949,0.15625,2.1378137950897216,0.20822,2.1362930995941163,0.2093,-0.0010800000000000254,494.06925892829895
same_updates,m_sam,32,,152,2.235968589782715,0.15625,2.119727082366943,0.20352,2.117951569366455,0.2092,-0.005679999999999991,497.3465039730072
same_updates,m_sam,32,,153,2.1296191215515137,0.15625,2.1060196465301515,0.2076,2.1042290512084962,0.211,-0.0033999999999999864,500.5921015739441
same_updates,m_sam,32,,154,2.1388654708862305,0.15625,2.0967336990356444,0.20166,2.0951052333831788,0.2069,-0.005239999999999995,503.87292218208313
same_updates,m_sam,32,,155,2.157341957092285,0.125,2.0898244342041017,0.18842,2.088468758392334,0.1949,-0.006479999999999986,507.08787274360657
same_updates,m_sam,32,,156,2.048555850982666,0.15625,2.0891093238830565,0.1807,2.088090832901001,0.1804,0.0002999999999999947,510.3389973640442
same_updates,m_sam,32,,157,2.017584800720215,0.25,2.1040044606781008,0.17504,2.1038156604766844,0.1775,-0.00245999999999999,513.6097342967987
same_updates,m_sam,32,,158,2.1376988887786865,0.125,2.1155355814361574,0.18886,2.115685682487488,0.1919,-0.003039999999999987,516.9237189292908
same_updates,m_sam,32,,159,1.9977558851242065,0.1875,2.1270572802734375,0.20458,2.1274354612350463,0.2049,-0.00031999999999998696,520.2045693397522
same_updates,m_sam,32,,160,2.085956573486328,0.3125,2.1290526038360595,0.19254,2.1291158542633055,0.1924,0.00014000000000000123,523.5127301216125
same_updates,m_sam,32,,161,2.1432061195373535,0.21875,2.13033851524353,0.19412,2.129731074142456,0.1929,0.0012199999999999989,526.8263020515442
same_updates,m_sam,32,,162,2.1429340839385986,0.15625,2.127961697387695,0.1979,2.126271361160278,0.1963,0.0015999999999999903,530.0783948898315
same_updates,m_sam,32,,163,2.2269697189331055,0.3125,2.1302929586029054,0.19904,2.1273833196640015,0.1959,0.003140000000000004,533.3832440376282
same_updates,m_sam,32,,164,2.1784162521362305,0.21875,2.14017898727417,0.19874,2.13656826171875,0.1996,-0.0008599999999999997,536.6260058879852
same_updates,m_sam,32,,165,2.183068037033081,0.15625,2.1451378519439697,0.19776,2.141077561187744,0.1976,0.00015999999999999348,539.8889381885529
same_updates,m_sam,32,,166,2.2057485580444336,0.09375,2.139107791900635,0.20038,2.1348758069992066,0.201,-0.0006200000000000094,543.1590347290039
same_updates,m_sam,32,,167,2.120850086212158,0.21875,2.1228334672546385,0.20426,2.1185966724395753,0.2036,0.0006599999999999939,546.4475975036621
same_updates,m_sam,32,,168,2.1523919105529785,0.25,2.1041113161468505,0.2032,2.1000938674926757,0.2068,-0.00360000000000002,549.6532413959503
same_updates,m_sam,32,,169,2.080822706222534,0.40625,2.0912389850616453,0.1996,2.08765032081604,0.2042,-0.004599999999999993,552.9015538692474
same_updates,m_sam,32,,170,2.1162986755371094,0.3125,2.087976976852417,0.19348,2.0851192504882814,0.196,-0.0025199999999999945,556.1350622177124
same_updates,m_sam,32,,171,2.123603343963623,0.125,2.094883537750244,0.19074,2.0931064407348634,0.1898,0.0009399999999999964,559.3348426818848
same_updates,m_sam,32,,172,2.061289072036743,0.15625,2.1064447046661376,0.19008,2.1056065408706663,0.19,7.999999999999674e-05,562.6206800937653
same_updates,m_sam,32,,173,2.1018168926239014,0.25,2.1220988800811766,0.20306,2.12212618598938,0.203,5.999999999997674e-05,565.901994228363
same_updates,m_sam,32,,174,2.0570757389068604,0.21875,2.1419075679016113,0.20864,2.1425292610168456,0.2044,0.004239999999999994,569.1691510677338
same_updates,m_sam,32,,175,2.1808910369873047,0.15625,2.1476189205932616,0.20878,2.1483151195526125,0.2061,0.002679999999999988,572.418196439743
same_updates,m_sam,32,,176,2.1768481731414795,0.25,2.1470395948028567,0.2131,2.1474752231597902,0.2126,0.0005000000000000004,575.6729400157928
same_updates,m_sam,32,,177,2.1651010513305664,0.1875,2.1442093074035644,0.21242,2.1442855876922606,0.2114,0.0010199999999999931,579.0108947753906
same_updates,m_sam,32,,178,2.1003785133361816,0.125,2.134576066818237,0.17038,2.1339601459503172,0.1709,-0.0005199999999999927,582.3403661251068
same_updates,m_sam,32,,179,2.1970670223236084,0.09375,2.118442268829346,0.17118,2.1169259418487547,0.1706,0.0005799999999999972,585.5993595123291
same_updates,m_sam,32,,180,2.040555477142334,0.15625,2.1038993585968018,0.1911,2.1016382446289064,0.1914,-0.0002999999999999947,588.8462743759155
same_updates,m_sam,32,,181,2.0956385135650635,0.125,2.094220192337036,0.2154,2.091282221221924,0.2188,-0.0033999999999999864,592.0662453174591
same_updates,m_sam,32,,182,2.2012734413146973,0.25,2.0919177015686037,0.22786,2.0888961460113524,0.2334,-0.005539999999999989,595.3058485984802
same_updates,m_sam,32,,183,2.1795151233673096,0.15625,2.089844188079834,0.2125,2.0869067962646484,0.2143,-0.001799999999999996,598.5413858890533
same_updates,m_sam,32,,184,2.1158342361450195,0.09375,2.0933923920440676,0.21142,2.0904863039016726,0.2117,-0.00028000000000000247,601.7507500648499
same_updates,m_sam,32,,185,2.136000156402588,0.125,2.106154865875244,0.21114,2.1034631309509275,0.2123,-0.0011599999999999944,605.0258769989014
same_updates,m_sam,32,,186,2.1649041175842285,0.25,2.1174540965270996,0.21024,2.114807799720764,0.211,-0.0007599999999999829,608.3209764957428
same_updates,m_sam,32,,187,2.156057834625244,0.28125,2.1268819300842283,0.20814,2.124203018951416,0.2098,-0.0016599999999999948,611.5675868988037
same_updates,m_sam,32,,188,2.171604633331299,0.15625,2.131974811553955,0.20348,2.1291707687377928,0.2097,-0.006220000000000003,614.7986404895782
same_updates,m_sam,32,,189,2.1826882362365723,0.1875,2.134262112426758,0.19654,2.1315598804473876,0.2002,-0.0036599999999999966,618.0187568664551
same_updates,m_sam,32,,190,2.1475279331207275,0.25,2.1313108495330813,0.1821,2.1287222179412844,0.1846,-0.0024999999999999745,621.2782483100891
same_updates,m_sam,32,,191,2.256497383117676,0.09375,2.1192657436370848,0.18124,2.116690370941162,0.1845,-0.003259999999999985,624.5803837776184
same_updates,m_sam,32,,192,1.9939048290252686,0.21875,2.108168997116089,0.18276,2.1057273775100707,0.1831,-0.00034000000000000696,627.7751121520996
same_updates,m_sam,32,,193,2.1631743907928467,0.125,2.0992992265319823,0.18334,2.09696154384613,0.1862,-0.0028600000000000014,631.0324048995972
same_updates,m_sam,32,,194,1.9516881704330444,0.375,2.0978552001190187,0.17798,2.0959997310638427,0.1807,-0.00272,634.3447926044464
same_updates,m_sam,32,,195,2.144254446029663,0.15625,2.1003542724609376,0.18534,2.098997244262695,0.1896,-0.004259999999999986,637.5797770023346
same_updates,m_sam,32,,196,2.252960205078125,0.0625,2.09938877243042,0.19794,2.0983045738220216,0.2029,-0.004959999999999992,640.8373000621796
same_updates,m_sam,32,,197,2.2050204277038574,0.1875,2.0878659381866456,0.2083,2.086594468688965,0.2145,-0.006199999999999983,644.0650353431702
same_updates,m_sam,32,,198,2.199328899383545,0.09375,2.064182032928467,0.24072,2.0621895837783812,0.2441,-0.003380000000000022,647.2862920761108
same_updates,m_sam,32,,199,2.224104881286621,0.25,2.0504360834503172,0.22706,2.0476354108810426,0.2313,-0.004239999999999994,650.534166097641
same_updates,m_sam,32,,200,2.1834840774536133,0.1875,2.043369334640503,0.21722,2.0395258102416993,0.2203,-0.0030799999999999994,653.7955689430237
same_updates,m_sam,32,,201,1.992207407951355,0.3125,2.0486835917663573,0.20902,2.0441465370178222,0.2119,-0.0028799999999999937,657.1005635261536
same_updates,m_sam,32,,202,2.033942937850952,0.34375,2.0640853833007813,0.20284,2.0589487144470215,0.2047,-0.0018600000000000005,660.3575761318207
same_updates,m_sam,32,,203,2.1353936195373535,0.25,2.077531316604614,0.1977,2.0721817962646485,0.1987,-0.0010000000000000009,663.5995519161224
same_updates,m_sam,32,,204,2.092151641845703,0.21875,2.0888274834442138,0.19448,2.083217844772339,0.1953,-0.0008200000000000152,666.8545498847961
same_updates,m_sam,32,,205,2.081206798553467,0.25,2.08778797164917,0.19528,2.0821442909240724,0.1956,-0.00031999999999998696,670.130256652832
same_updates,m_sam,32,,206,2.189945936203003,0.125,2.0786540101623534,0.2014,2.073418914604187,0.202,-0.0006000000000000172,673.3755004405975
same_updates,m_sam,32,,207,2.099332809448242,0.25,2.070929453201294,0.2055,2.066051446533203,0.2069,-0.0014000000000000123,676.6273066997528
same_updates,m_sam,32,,208,2.1781628131866455,0.21875,2.0656936493682863,0.20828,2.061190342330933,0.2107,-0.0024200000000000055,679.8748452663422
same_updates,m_sam,32,,209,2.1910853385925293,0.125,2.0702229727935793,0.2114,2.0662479166030883,0.2095,0.0019000000000000128,683.1919107437134
same_updates,m_sam,32,,210,1.9174163341522217,0.28125,2.08340660736084,0.21638,2.0798041275024413,0.2164,-2.0000000000020002e-05,686.4791955947876
same_updates,m_sam,32,,211,2.2488033771514893,0.0625,2.0872162631988527,0.19354,2.0836939971923827,0.1946,-0.0010600000000000054,689.8019869327545
same_updates,m_sam,32,,212,2.03817081451416,0.15625,2.080286513671875,0.19148,2.0764913091659545,0.1898,0.0016800000000000148,693.052152633667
same_updates,m_sam,32,,213,2.042391300201416,0.3125,2.071568162841797,0.19184,2.067327175140381,0.1914,0.0004400000000000237,696.290602684021
same_updates,m_sam,32,,214,2.096881628036499,0.15625,2.0673690526580812,0.2056,2.0629794542312623,0.2099,-0.004299999999999998,699.5345766544342
same_updates,m_sam,32,,215,2.0794243812561035,0.15625,2.0623818298339844,0.21298,2.057932598876953,0.2161,-0.003119999999999984,702.8622205257416
same_updates,m_sam,32,,216,2.2747645378112793,0.09375,2.0548683850860594,0.21146,2.0502690093994143,0.2161,-0.0046399999999999775,706.0871148109436
same_updates,m_sam,32,,217,2.0504350662231445,0.28125,2.0494597640228274,0.20958,2.0448489637374876,0.2154,-0.00582000000000002,709.3534460067749
same_updates,m_sam,32,,218,1.992863416671753,0.1875,2.0446680811309816,0.22502,2.0400788803100585,0.2318,-0.006780000000000008,712.657155752182
same_updates,m_sam,32,,219,1.971095323562622,0.21875,2.0433918144989014,0.21242,2.039033219528198,0.2199,-0.007480000000000014,715.8873255252838
same_updates,m_sam,32,,220,2.0200142860412598,0.21875,2.045812320175171,0.2036,2.0416158767700194,0.206,-0.0023999999999999855,719.1100740432739
same_updates,m_sam,32,,221,2.0870213508605957,0.25,2.048994135055542,0.2026,2.0448988002777098,0.2051,-0.0025000000000000022,722.363927602768
same_updates,m_sam,32,,222,2.0712225437164307,0.25,2.0551408570861818,0.20152,2.051181591796875,0.2016,-7.999999999999674e-05,725.5943124294281
same_updates,m_sam,32,,223,2.183103561401367,0.1875,2.053372469024658,0.2013,2.049091104698181,0.2009,0.00040000000000001146,728.8985464572906
same_updates,m_sam,32,,224,1.9324421882629395,0.28125,2.0514500564575195,0.20256,2.046849211883545,0.2047,-0.002140000000000003,732.1401851177216
same_updates,m_sam,32,,225,2.227128744125366,0.09375,2.047931750640869,0.20958,2.042925375747681,0.2107,-0.0011200000000000099,735.4402251243591
same_updates,m_sam,32,,226,2.0736570358276367,0.21875,2.048642476196289,0.21662,2.0434213718414305,0.2179,-0.0012800000000000034,738.7291436195374
same_updates,m_sam,32,,227,1.9664907455444336,0.375,2.053866626739502,0.21628,2.048567467880249,0.2197,-0.0034200000000000064,741.970406293869
same_updates,m_sam,32,,228,2.1613640785217285,0.15625,2.055212409286499,0.20954,2.049964192199707,0.213,-0.003459999999999991,745.2370171546936
same_updates,m_sam,32,,229,2.0391225814819336,0.15625,2.0534150063323975,0.21282,2.0481515670776367,0.2169,-0.00408,748.4829125404358
same_updates,m_sam,32,,230,1.913097858428955,0.28125,2.0534517042541505,0.24394,2.04817925491333,0.2528,-0.008860000000000035,751.8046169281006
same_updates,m_sam,32,,231,2.0290873050689697,0.1875,2.0534309503936767,0.23606,2.0482104080200196,0.2456,-0.00954000000000002,755.0718190670013
same_updates,m_sam,32,,232,2.037126064300537,0.21875,2.0519124439239502,0.23318,2.0467877979278564,0.241,-0.007819999999999994,758.334760427475
same_updates,m_sam,32,,233,2.1397974491119385,0.28125,2.0495901441192625,0.2348,2.044695577430725,0.2422,-0.00739999999999999,761.615535736084
same_updates,m_sam,32,,234,2.011411190032959,0.21875,2.0480618004608155,0.2346,2.043516074180603,0.2421,-0.007500000000000007,764.9212441444397
same_updates,m_sam,32,,235,1.977843165397644,0.09375,2.0455959705352784,0.23394,2.0414511154174804,0.2389,-0.004959999999999992,768.2195453643799
same_updates,m_sam,32,,236,2.0033695697784424,0.3125,2.0427939876556396,0.23078,2.038848768615723,0.2342,-0.0034199999999999786,771.4919278621674
same_updates,m_sam,32,,237,2.1850602626800537,0.15625,2.036809833908081,0.22926,2.032724836730957,0.2328,-0.0035400000000000154,774.8341917991638
same_updates,m_sam,32,,238,2.0465478897094727,0.15625,2.029613450393677,0.2359,2.0251123054504396,0.2393,-0.003400000000000014,778.131801366806
same_updates,m_sam,32,,239,2.069411277770996,0.21875,2.021536838607788,0.22398,2.0161319566726683,0.2312,-0.0072199999999999764,781.3962581157684
same_updates,m_sam,32,,240,2.103175640106201,0.15625,2.0194573150634767,0.22742,2.013910719680786,0.235,-0.007579999999999976,784.6475265026093
same_updates,m_sam,32,,241,1.9430229663848877,0.34375,2.020948493804932,0.2294,2.0154903413772582,0.2366,-0.007200000000000012,787.8924908638
same_updates,m_sam,32,,242,1.874807357788086,0.25,2.0252488586425783,0.2222,2.019581039428711,0.2218,0.00040000000000001146,791.1655616760254
same_updates,m_sam,32,,243,2.155560255050659,0.09375,2.0286553260803224,0.23062,2.0229704843521117,0.2311,-0.0004800000000000082,794.3893761634827
same_updates,m_sam,32,,244,1.947155237197876,0.15625,2.0312787162780763,0.23596,2.025958773803711,0.2375,-0.0015399999999999858,797.6541981697083
same_updates,m_sam,32,,245,1.9153004884719849,0.3125,2.0380071717834474,0.20254,2.0333819332122802,0.2041,-0.0015600000000000058,800.8996267318726
same_updates,m_sam,32,,246,1.9696192741394043,0.28125,2.049541832885742,0.19312,2.045490298461914,0.1948,-0.001679999999999987,804.0806131362915
same_updates,m_sam,32,,247,2.14650297164917,0.09375,2.059253475189209,0.1892,2.0558677684783935,0.1908,-0.0015999999999999903,807.3389661312103
same_updates,m_sam,32,,248,2.145113945007324,0.25,2.0601727694702148,0.1893,2.056991354751587,0.1902,-0.0009000000000000119,810.6423909664154
same_updates,m_sam,32,,249,2.0584311485290527,0.125,2.0503338593292235,0.19608,2.04684749546051,0.2007,-0.004619999999999985,813.8676273822784
same_updates,m_sam,32,,250,2.249884843826294,0.15625,2.0406605488586425,0.19934,2.036903774642944,0.2051,-0.005760000000000015,817.084089756012
same_updates,m_sam,32,,251,2.1526482105255127,0.09375,2.0327973104858397,0.20048,2.0288935556411745,0.2093,-0.008820000000000022,820.3025870323181
same_updates,m_sam,32,,252,1.9392892122268677,0.34375,2.030304778213501,0.20616,2.026380828857422,0.2136,-0.007440000000000002,823.5428097248077
same_updates,m_sam,32,,253,1.8558614253997803,0.375,2.031870468292236,0.21308,2.0280386779785156,0.2227,-0.009620000000000017,826.7957706451416
same_updates,m_sam,32,,254,2.2543463706970215,0.0625,2.028608472137451,0.2234,2.0248147119522093,0.2299,-0.006500000000000006,830.0347783565521
same_updates,m_sam,32,,255,1.9190242290496826,0.25,2.0300399041748047,0.23032,2.026629969406128,0.2345,-0.004179999999999989,833.2546854019165
same_updates,m_sam,32,,256,2.132235050201416,0.15625,2.0295329836273193,0.23088,2.0261459032058715,0.2346,-0.003720000000000001,836.4982419013977
same_updates,m_sam,32,,257,1.915330171585083,0.34375,2.0330443627166748,0.23356,2.0297072616577148,0.2353,-0.0017400000000000193,839.7602875232697
same_updates,m_sam,32,,258,2.093266487121582,0.21875,2.0403474343872072,0.23522,2.037223913192749,0.236,-0.0007799999999999752,843.0753586292267
same_updates,m_sam,32,,259,2.0212857723236084,0.15625,2.0486332294464114,0.23378,2.045738207244873,0.2319,0.0018799999999999928,846.37344622612
same_updates,m_sam,32,,260,1.948197364807129,0.46875,2.0638443434906004,0.22908,2.061227752685547,0.2304,-0.0013199999999999878,849.6975393295288
same_updates,m_sam,32,,261,2.184168815612793,0.1875,2.0688594150543214,0.2246,2.0662945175170897,0.2279,-0.0032999999999999974,852.9554553031921
same_updates,m_sam,32,,262,1.9417988061904907,0.25,2.0717149243927,0.21758,2.069126961517334,0.2203,-0.00272,856.1999185085297
same_updates,m_sam,32,,263,1.976664423942566,0.21875,2.0711041413879396,0.21044,2.0685852952957156,0.2107,-0.0002600000000000102,859.5573647022247
same_updates,m_sam,32,,264,2.009446620941162,0.28125,2.070505505142212,0.2103,2.0681965364456176,0.2124,-0.0021000000000000185,862.8618137836456
same_updates,m_sam,32,,265,2.2495083808898926,0.15625,2.0648743601989747,0.21138,2.062908668136597,0.2112,0.00018000000000001348,866.1357724666595
same_updates,m_sam,32,,266,2.0963807106018066,0.125,2.05757239944458,0.22262,2.0559146518707276,0.2208,0.001820000000000016,869.4060451984406
same_updates,m_sam,32,,267,2.0129261016845703,0.21875,2.0543296406555176,0.22864,2.0530281414031983,0.2272,0.0014399999999999968,872.700258731842
same_updates,m_sam,32,,268,1.9489672183990479,0.34375,2.0448654335021974,0.22908,2.0436289443969726,0.2237,0.005379999999999996,875.9295825958252
same_updates,m_sam,32,,269,1.9890339374542236,0.25,2.0365865869903566,0.23292,2.035474566078186,0.2285,0.0044199999999999795,879.1717309951782
same_updates,m_sam,32,,270,1.9641597270965576,0.25,2.0273307595062255,0.2325,2.0261058948516846,0.2279,0.004600000000000021,882.3701772689819
same_updates,m_sam,32,,271,2.1199519634246826,0.1875,2.0126519940185545,0.24004,2.0110216606140137,0.234,0.00603999999999999,885.6546607017517
same_updates,m_sam,32,,272,1.9971667528152466,0.25,2.000259189529419,0.241,1.9981671764373778,0.2425,-0.0015000000000000013,888.9268856048584
same_updates,m_sam,32,,273,2.052414894104004,0.125,1.9937052561187745,0.24482,1.991112939453125,0.2494,-0.004580000000000001,892.2084815502167
same_updates,m_sam,32,,274,2.106588125228882,0.125,1.9936726419830322,0.24372,1.9906886737823486,0.2475,-0.0037800000000000056,895.4841957092285
same_updates,m_sam,32,,275,1.8932499885559082,0.28125,1.997349892730713,0.23254,1.9941285552978516,0.24,-0.007459999999999994,898.7517621517181
same_updates,m_sam,32,,276,2.037470817565918,0.28125,2.0001989654541017,0.21954,1.9969594841003417,0.2221,-0.002559999999999979,901.967059135437
same_updates,m_sam,32,,277,2.064122200012207,0.1875,1.9996484999084472,0.21538,1.9966221948623657,0.2151,0.0002799999999999747,905.1876966953278
same_updates,m_sam,32,,278,1.9214584827423096,0.25,2.0008840869903564,0.2132,1.9980757095336914,0.2133,-9.999999999998899e-05,908.4395833015442
same_updates,m_sam,32,,279,1.977115273475647,0.28125,2.002972459564209,0.21132,2.0004141046524047,0.2137,-0.0023799999999999932,911.7026419639587
same_updates,m_sam,32,,280,2.149224281311035,0.125,2.0091020151519774,0.21554,2.0069664024353027,0.2197,-0.004159999999999997,914.9526309967041
same_updates,m_sam,32,,281,1.9876112937927246,0.28125,2.018222328567505,0.21098,2.016519679260254,0.2153,-0.0043199999999999905,918.1862013339996
same_updates,m_sam,32,,282,2.065000057220459,0.1875,2.025882810745239,0.2107,2.024505750465393,0.2135,-0.002799999999999997,921.3958761692047
same_updates,m_sam,32,,283,2.1144895553588867,0.15625,2.0317823793029786,0.2209,2.030670649909973,0.2221,-0.0011999999999999789,924.634176492691
same_updates,m_sam,32,,284,2.026099920272827,0.125,2.0365566553497314,0.22782,2.0356305656433107,0.2369,-0.009080000000000005,927.8728339672089
same_updates,m_sam,32,,285,1.8616973161697388,0.34375,2.0305643187713622,0.23542,2.0296060361862183,0.2452,-0.009780000000000011,931.1565690040588
same_updates,m_sam,32,,286,2.1316933631896973,0.125,2.016883507232666,0.243,2.015599062728882,0.2503,-0.007300000000000029,934.4542508125305
same_updates,m_sam,32,,287,2.0435714721679688,0.09375,2.0104806211853026,0.23782,2.00879018535614,0.244,-0.006179999999999991,937.6511979103088
same_updates,m_sam,32,,288,2.0224769115448,0.1875,2.0093271958923338,0.23418,2.007337663650513,0.2383,-0.0041200000000000125,940.941645860672
same_updates,m_sam,32,,289,2.0822691917419434,0.3125,2.008249412689209,0.22988,2.0057401350021364,0.2324,-0.0025199999999999945,944.1687843799591
same_updates,m_sam,32,,290,2.0345215797424316,0.25,2.0123070629119875,0.2241,2.009586756515503,0.2263,-0.0022000000000000075,947.4886593818665
same_updates,m_sam,32,,291,2.090669631958008,0.21875,2.008999655303955,0.21558,2.005570792579651,0.2199,-0.004320000000000018,950.7502408027649
same_updates,m_sam,32,,292,2.0638554096221924,0.25,2.0074870249938965,0.21506,2.0035240966796874,0.2182,-0.003140000000000004,954.0039503574371
same_updates,m_sam,32,,293,2.2062346935272217,0.125,2.0061654280090333,0.2174,2.0022519409179687,0.2192,-0.001799999999999996,957.2800436019897
same_updates,m_sam,32,,294,2.058699369430542,0.09375,2.0035098290252686,0.22286,1.9995576286315917,0.223,-0.00014000000000000123,960.5475137233734
same_updates,m_sam,32,,295,2.0974390506744385,0.3125,2.001809386138916,0.22848,1.9978345653533935,0.2276,0.0008799999999999919,963.8192656040192
same_updates,m_sam,32,,296,2.002290725708008,0.25,2.002044101638794,0.23414,1.9984003852844239,0.2355,-0.00136,967.0615932941437
same_updates,m_sam,32,,297,2.0389418601989746,0.3125,2.006405447769165,0.2405,2.003140690994263,0.2415,-0.0010000000000000009,970.2490420341492
same_updates,m_sam,32,,298,1.8983619213104248,0.21875,2.01402111579895,0.24776,2.0112234369277955,0.2499,-0.002140000000000003,973.5462155342102
same_updates,m_sam,32,,299,2.1664791107177734,0.125,2.0188414943695068,0.25478,2.01623046913147,0.2615,-0.006720000000000004,976.7834830284119
same_updates,m_sam,32,,300,2.0043389797210693,0.375,2.0327935303497315,0.2639,2.030625672531128,0.2639,0.0,980.099532365799
same_updates,m_sam,32,,301,1.9757945537567139,0.25,2.0445148035430907,0.26928,2.0425812772750853,0.2718,-0.0025199999999999667,983.3700428009033
same_updates,m_sam,32,,302,1.988429307937622,0.3125,2.0478117529296873,0.26144,2.0459072929382325,0.2625,-0.0010600000000000054,986.6729254722595
same_updates,m_sam,32,,303,2.077470302581787,0.21875,2.0427827949523927,0.25168,2.0408137771606447,0.2493,0.002380000000000021,989.9765825271606
same_updates,m_sam,32,,304,1.8774487972259521,0.21875,2.0331468863677977,0.24042,2.0309851528167724,0.2379,0.0025199999999999945,993.2174611091614
same_updates,m_sam,32,,305,2.048264503479004,0.15625,2.0218028788757323,0.2448,2.0193680156707763,0.2414,0.0033999999999999864,996.4827899932861
same_updates,m_sam,32,,306,1.9299033880233765,0.25,2.0097653150939943,0.24916,2.0069919567108156,0.2506,-0.0014399999999999968,999.7838122844696
same_updates,m_sam,32,,307,2.0321269035339355,0.1875,2.00223804649353,0.258,1.999359508895874,0.2616,-0.003599999999999992,1003.0006899833679
same_updates,m_sam,32,,308,2.0704472064971924,0.1875,1.992823300857544,0.2666,1.9897930242538453,0.2737,-0.007099999999999995,1006.2453691959381
same_updates,m_sam,32,,309,2.078122615814209,0.28125,1.987826936187744,0.27132,1.9845094493865967,0.2759,-0.004579999999999973,1009.4425134658813
same_updates,m_sam,32,,310,2.077450752258301,0.25,1.9881596939086914,0.27266,1.9846767322540284,0.2741,-0.0014399999999999968,1012.7144820690155
same_updates,m_sam,32,,311,1.979431390762329,0.375,1.9935563524627686,0.26468,1.9898600311279298,0.2672,-0.0025199999999999667,1015.9551999568939
same_updates,m_sam,32,,312,2.098344326019287,0.15625,1.9974534105682373,0.2613,1.9934408123016358,0.2621,-0.0008000000000000229,1019.2043523788452
same_updates,m_sam,32,,313,2.1316096782684326,0.15625,2.002034269256592,0.25866,1.997866593170166,0.2615,-0.002840000000000009,1022.5259027481079
same_updates,m_sam,32,,314,2.175549030303955,0.21875,2.0065647652435303,0.2507,2.0020106338500976,0.2532,-0.0025000000000000022,1025.7900385856628
same_updates,m_sam,32,,315,1.9085413217544556,0.15625,2.0109520178985596,0.24906,2.005987844848633,0.2522,-0.003139999999999976,1029.0308620929718
same_updates,m_sam,32,,316,2.022172451019287,0.28125,2.0140829540252687,0.24426,2.008833444213867,0.2476,-0.003339999999999982,1032.2920122146606
same_updates,m_sam,32,,317,1.9437146186828613,0.1875,2.0160076025390623,0.2395,2.0105403991699218,0.2446,-0.005100000000000021,1035.592978477478
same_updates,m_sam,32,,318,1.8939108848571777,0.40625,2.0163832878112795,0.23662,2.011081077194214,0.2426,-0.005980000000000013,1038.8610599040985
same_updates,m_sam,32,,319,2.0237674713134766,0.21875,2.0157112915802,0.24138,2.01063701171875,0.2474,-0.006019999999999998,1042.1717071533203
same_updates,m_sam,32,,320,1.9428761005401611,0.25,2.014764431991577,0.24198,2.0099970281600954,0.2506,-0.008619999999999989,1045.4875881671906
same_updates,m_sam,32,,321,1.7840845584869385,0.28125,2.0155109007263183,0.23874,2.010996775054932,0.2452,-0.0064599999999999935,1048.8001370429993
same_updates,m_sam,32,,322,1.9809073209762573,0.34375,2.0187016667175293,0.22278,2.0147472692489625,0.224,-0.0012199999999999989,1052.0836215019226
same_updates,m_sam,32,,323,1.9115808010101318,0.25,2.031128057632446,0.21652,2.0279046474456788,0.2182,-0.0016800000000000148,1055.3132615089417
same_updates,m_sam,32,,324,1.9532768726348877,0.21875,2.045419663848877,0.2117,2.0428034957885743,0.2109,0.0007999999999999952,1058.571572303772
same_updates,m_sam,32,,325,1.9789013862609863,0.1875,2.0434395513153074,0.21102,2.04086425075531,0.2097,0.0013200000000000156,1061.9063725471497
same_updates,m_sam,32,,326,1.95318603515625,0.25,2.040157911300659,0.21122,2.0376326641082763,0.2123,-0.0010799999999999976,1065.1591017246246
same_updates,m_sam,32,,327,1.9362503290176392,0.25,2.031727712020874,0.21574,2.0290061359405516,0.2161,-0.0003599999999999992,1068.4219982624054
same_updates,m_sam,32,,328,2.0673110485076904,0.09375,2.016857584991455,0.23314,2.0136399711608886,0.2382,-0.005060000000000009,1071.739207983017
same_updates,m_sam,32,,329,1.9230161905288696,0.40625,2.0111606624603273,0.23386,2.0076448513031004,0.2396,-0.005739999999999995,1075.0556726455688
same_updates,m_sam,32,,330,2.0203335285186768,0.28125,2.0014624054718015,0.23056,1.9973194438934325,0.2391,-0.00854000000000002,1078.3345794677734
same_updates,m_sam,32,,331,2.112741708755493,0.1875,1.9948142333221435,0.2365,1.9902330352783204,0.2414,-0.0049000000000000155,1081.5714657306671
same_updates,m_sam,32,,332,2.0581507682800293,0.21875,1.9982606566619874,0.23936,1.9937574892044068,0.2414,-0.002040000000000014,1084.8360693454742
same_updates,m_sam,32,,333,2.1359217166900635,0.15625,1.9976760035705567,0.24622,1.9930734474182128,0.2491,-0.0028799999999999937,1088.0748145580292
same_updates,m_sam,32,,334,1.9608794450759888,0.21875,1.9946482427215577,0.25796,1.989770305633545,0.2636,-0.005639999999999978,1091.349139213562
same_updates,m_sam,32,,335,2.1452107429504395,0.1875,1.988959747619629,0.23672,1.9835652626037599,0.2422,-0.005479999999999985,1094.5783903598785
same_updates,m_sam,32,,336,1.9402382373809814,0.34375,1.9870355096435548,0.23262,1.9813251098632811,0.2419,-0.00928000000000001,1097.8403129577637
same_updates,m_sam,32,,337,2.012558698654175,0.1875,1.9862238957977294,0.23414,1.9804478269577026,0.2428,-0.008660000000000001,1101.0668499469757
same_updates,m_sam,32,,338,1.9535839557647705,0.1875,1.9871713204956054,0.23392,1.9813875745773315,0.2422,-0.00828000000000001,1104.3626000881195
same_updates,m_sam,32,,339,2.0168521404266357,0.15625,1.9873228063964843,0.22736,1.9817132806777955,0.2345,-0.00713999999999998,1107.670105934143
same_updates,m_sam,32,,340,2.018197774887085,0.25,1.9919804768371583,0.22136,1.986498861694336,0.2293,-0.007940000000000003,1110.9980063438416
same_updates,m_sam,32,,341,2.0499796867370605,0.1875,1.9935588690185546,0.22306,1.9887934213638305,0.2311,-0.008039999999999992,1114.2323777675629
same_updates,m_sam,32,,342,1.9661128520965576,0.25,1.9969877508544922,0.22612,1.9930697664260864,0.2306,-0.004480000000000012,1117.489224433899
same_updates,m_sam,32,,343,2.0182957649230957,0.28125,2.0061886238098143,0.22462,2.003070442199707,0.2281,-0.003480000000000011,1120.7217705249786
same_updates,m_sam,32,,344,2.0843214988708496,0.15625,2.011819299163818,0.23292,2.0090969703674317,0.2393,-0.0063800000000000245,1124.0021901130676
same_updates,m_sam,32,,345,2.0572879314422607,0.09375,2.0160017127990724,0.24158,2.0135896461486817,0.2465,-0.004920000000000008,1127.2373385429382
same_updates,m_sam,32,,346,2.07981014251709,0.15625,2.0191437145996094,0.242,2.0169326126098635,0.2445,-0.0025000000000000022,1130.4970943927765
same_updates,m_sam,32,,347,2.0380444526672363,0.28125,2.0164396350097658,0.24092,2.0141075496673584,0.242,-0.0010799999999999976,1133.8029913902283
same_updates,m_sam,32,,348,2.105253219604492,0.28125,2.011186489715576,0.23706,2.008670653152466,0.2386,-0.0015400000000000136,1137.0688848495483
same_updates,m_sam,32,,349,1.9711949825286865,0.34375,2.0008873596191408,0.23654,1.9979698211669923,0.2385,-0.0019599999999999895,1140.3551859855652
same_updates,m_sam,32,,350,1.7964556217193604,0.28125,1.996713334274292,0.23592,1.993582320022583,0.2336,0.0023199999999999887,1143.5969161987305
same_updates,m_sam,32,,351,1.9054423570632935,0.34375,1.9913063630676269,0.23584,1.9877757543563843,0.2386,-0.0027600000000000124,1146.9043123722076
same_updates,m_sam,32,,352,2.0161828994750977,0.25,1.984175216217041,0.2385,1.980084425163269,0.2406,-0.0021000000000000185,1150.2109375
same_updates,m_sam,32,,353,1.9156100749969482,0.25,1.9829510235595702,0.25284,1.9782740432739259,0.2546,-0.0017599999999999838,1153.5553858280182
same_updates,m_sam,32,,354,1.8534605503082275,0.34375,1.9802840794372558,0.26164,1.975406760597229,0.2647,-0.003060000000000007,1156.85431265831
same_updates,m_sam,32,,355,2.091068744659424,0.21875,1.9768930332946777,0.26434,1.9719124198913573,0.2674,-0.003060000000000007,1160.1523697376251
same_updates,m_sam,32,,356,2.07761812210083,0.15625,1.9744152210235595,0.26946,1.969494253730774,0.2743,-0.004840000000000011,1163.4584152698517
same_updates,m_sam,32,,357,1.903538703918457,0.3125,1.9708642237854004,0.2703,1.9661516311645508,0.2776,-0.007300000000000029,1166.74343085289
same_updates,m_sam,32,,358,2.003567695617676,0.34375,1.9690220892333985,0.26888,1.964747164916992,0.2759,-0.007019999999999971,1170.024474620819
same_updates,m_sam,32,,359,1.9485721588134766,0.21875,1.9676881053161621,0.26566,1.9639806308746337,0.2747,-0.009039999999999992,1173.3416225910187
same_updates,m_sam,32,,360,2.070707082748413,0.1875,1.9684121280670166,0.26626,1.9652091548919677,0.2742,-0.007940000000000003,1176.6669261455536
same_updates,m_sam,32,,361,2.0539464950561523,0.1875,1.9768060090637207,0.26226,1.9742948900222779,0.2687,-0.006440000000000001,1179.891010761261
same_updates,m_sam,32,,362,2.1044952869415283,0.1875,1.9838503483581542,0.26282,1.9816820833206177,0.271,-0.00818000000000002,1183.1738183498383
same_updates,m_sam,32,,363,1.880305290222168,0.28125,1.988581496887207,0.26216,1.9866093902587891,0.2699,-0.007739999999999969,1186.437793970108
same_updates,m_sam,32,,364,1.9513294696807861,0.25,1.9966436524963378,0.26162,1.9948510173797607,0.2652,-0.003579999999999972,1189.6673204898834
same_updates,m_sam,32,,365,2.0051307678222656,0.28125,2.0025403411102296,0.25906,2.0007600831985473,0.2586,0.00046000000000001595,1192.9710488319397
same_updates,m_sam,32,,366,1.971839189529419,0.34375,2.000719553527832,0.25754,1.9988167209625245,0.2576,-6.0000000000004494e-05,1196.280041217804
same_updates,m_sam,32,,367,1.8706048727035522,0.28125,1.9927235529327392,0.25378,1.9905600944519044,0.2552,-0.0014199999999999768,1199.558039188385
same_updates,m_sam,32,,368,1.894041895866394,0.21875,1.9930410633850097,0.24262,1.9907649150848388,0.2458,-0.0031799999999999884,1202.8299083709717
same_updates,m_sam,32,,369,2.06270170211792,0.125,1.983486594390869,0.24448,1.980886487197876,0.2491,-0.004619999999999985,1206.1065382957458
same_updates,m_sam,32,,370,2.102764844894409,0.125,1.9763406453704835,0.24094,1.9735982231140137,0.2438,-0.0028600000000000014,1209.4251890182495
same_updates,m_sam,32,,371,1.927335262298584,0.28125,1.978583486404419,0.23508,1.9759494428634643,0.2364,-0.0013199999999999878,1212.730886220932
same_updates,m_sam,32,,372,1.8319964408874512,0.34375,1.9810441938781738,0.2384,1.9784861421585083,0.2416,-0.0032000000000000084,1216.0439884662628
same_updates,m_sam,32,,373,1.7395586967468262,0.34375,1.9791578254699707,0.26156,1.9765138164520264,0.2656,-0.004039999999999988,1219.354573726654
same_updates,m_sam,32,,374,2.071392059326172,0.09375,1.9708317048645019,0.26352,1.9678652019500733,0.2652,-0.0016800000000000148,1222.6130113601685
same_updates,m_sam,32,,375,1.860803246498108,0.3125,1.9649593438720703,0.2584,1.9616259525299071,0.2599,-0.0015000000000000013,1225.9161579608917
same_updates,m_sam,32,,376,1.9795176982879639,0.21875,1.9639532188415527,0.25382,1.9601729530334473,0.2543,-0.00048000000000003595,1229.1953117847443
same_updates,m_sam,32,,377,1.9308571815490723,0.375,1.9659953344726562,0.24852,1.961615927886963,0.2467,0.0018199999999999883,1232.4416604042053
same_updates,m_sam,32,,378,2.019313335418701,0.21875,1.974086710205078,0.24734,1.9694851671218871,0.2446,0.0027399999999999924,1235.6702558994293
same_updates,m_sam,32,,379,2.011096715927124,0.21875,1.9852243351745607,0.24666,1.980804894065857,0.2449,0.0017599999999999838,1238.9719955921173
same_updates,m_sam,32,,380,2.0421276092529297,0.1875,1.9878952703857422,0.24724,1.983426964187622,0.2463,0.0009399999999999964,1242.234911441803
same_updates,m_sam,32,,381,1.9746720790863037,0.28125,1.9874250969696046,0.24854,1.983045987701416,0.2472,0.0013400000000000079,1245.497457742691
same_updates,m_sam,32,,382,1.9141199588775635,0.28125,1.9791182917785644,0.25466,1.974255446624756,0.2529,0.0017599999999999838,1248.7240209579468
same_updates,m_sam,32,,383,2.0049314498901367,0.25,1.97699820602417,0.2469,1.9718630878448486,0.2465,0.00040000000000001146,1251.9857575893402
same_updates,m_sam,32,,384,1.8553320169448853,0.1875,1.9739071027374269,0.24126,1.9683848138809203,0.2441,-0.002840000000000009,1255.2847380638123
same_updates,m_sam,32,,385,1.7694374322891235,0.28125,1.9757377478027345,0.24146,1.9700528701782227,0.248,-0.00653999999999999,1258.592366695404
same_updates,m_sam,32,,386,1.727515459060669,0.375,1.9770182025146485,0.24418,1.971293989944458,0.2481,-0.003919999999999979,1261.8678941726685
same_updates,m_sam,32,,387,2.019989490509033,0.21875,1.9748734336853027,0.24642,1.9689815036773681,0.252,-0.005580000000000002,1265.1711099147797
same_updates,m_sam,32,,388,2.0292491912841797,0.21875,1.9710705634307861,0.25012,1.9650945390701293,0.2572,-0.007079999999999975,1268.4198558330536
same_updates,m_sam,32,,389,1.988538384437561,0.25,1.9660199289703368,0.25544,1.960245619392395,0.2636,-0.00816,1271.624178647995
same_updates,m_sam,32,,390,2.003584861755371,0.28125,1.9606011521911622,0.25968,1.9551219882965087,0.2708,-0.011119999999999963,1274.9366195201874
same_updates,m_sam,32,,391,2.0260872840881348,0.15625,1.956923302383423,0.26974,1.9519274021148683,0.2762,-0.006460000000000021,1278.1923696994781
same_updates,m_sam,32,,392,1.9886709451675415,0.21875,1.9572097860717774,0.2497,1.95279882106781,0.2506,-0.0008999999999999841,1281.4854400157928
same_updates,m_sam,32,,393,2.003152847290039,0.25,1.9640443869781494,0.24966,1.9600797550201416,0.2533,-0.003640000000000032,1284.768137216568
same_updates,m_sam,32,,394,1.89615797996521,0.3125,1.977534542388916,0.24404,1.9738533853530884,0.2438,0.00024000000000001798,1288.0708525180817
same_updates,m_sam,32,,395,2.0338239669799805,0.25,1.9849644023895263,0.23904,1.9813263372421264,0.237,0.002040000000000014,1291.3634881973267
same_updates,m_sam,32,,396,2.050449848175049,0.125,1.9840535919952393,0.24524,1.9803648504257203,0.2438,0.0014400000000000246,1294.7056214809418
same_updates,m_sam,32,,397,2.1055803298950195,0.25,1.968599467315674,0.25554,1.9647821928024292,0.2564,-0.0008600000000000274,1298.0001239776611
same_updates,m_sam,32,,398,1.9709595441818237,0.25,1.9542139617919922,0.2632,1.950189476776123,0.2675,-0.004300000000000026,1301.2798738479614
same_updates,m_sam,32,,399,1.9534101486206055,0.34375,1.9522724919128418,0.25732,1.9479085863113403,0.2637,-0.006379999999999997,1304.528556585312
same_updates,m_sam,32,,400,2.105717182159424,0.21875,1.954627942352295,0.25348,1.9500743940353393,0.2593,-0.005819999999999992,1307.7548580169678
same_updates,m_sam,32,,401,2.298013210296631,0.125,1.956649687423706,0.25036,1.9518954517364502,0.2567,-0.006339999999999957,1311.010986328125
same_updates,m_sam,32,,402,2.0410337448120117,0.125,1.9554209465789796,0.26216,1.9506195085525513,0.2673,-0.005139999999999978,1314.3422570228577
same_updates,m_sam,32,,403,2.0046639442443848,0.28125,1.9529543806457519,0.2839,1.9479989555358888,0.2892,-0.005300000000000027,1317.6271841526031
same_updates,m_sam,32,,404,1.844704270362854,0.4375,1.9507954089355468,0.27374,1.9457503086090089,0.2769,-0.003159999999999996,1320.9344198703766
same_updates,m_sam,32,,405,2.0375373363494873,0.15625,1.9533979975891114,0.26912,1.9485558807373047,0.2774,-0.008279999999999954,1324.228542804718
same_updates,m_sam,32,,406,2.0214638710021973,0.125,1.959919312286377,0.2674,1.9553794706344605,0.2764,-0.008999999999999952,1327.5348346233368
same_updates,m_sam,32,,407,1.9124640226364136,0.25,1.9639944303894044,0.26674,1.9595006614685058,0.2756,-0.008860000000000035,1330.854311466217
same_updates,m_sam,32,,408,1.8404676914215088,0.34375,1.9705089169311523,0.2586,1.966170773124695,0.2632,-0.004599999999999993,1334.1188130378723
same_updates,m_sam,32,,409,2.0438060760498047,0.1875,1.9730751097869874,0.25156,1.9687408151626586,0.2543,-0.00274000000000002,1337.4221060276031
same_updates,m_sam,32,,410,1.9194399118423462,0.1875,1.9747084584045411,0.24612,1.9704011554718017,0.2495,-0.003379999999999994,1340.6979629993439
same_updates,m_sam,32,,411,2.0061912536621094,0.25,1.974585255279541,0.24444,1.9702802639007568,0.2474,-0.002960000000000018,1343.956826210022
same_updates,m_sam,32,,412,1.956038236618042,0.21875,1.97842486618042,0.23936,1.974311629486084,0.2421,-0.00274000000000002,1347.2178802490234
same_updates,m_sam,32,,413,2.009273052215576,0.15625,1.9828053681182862,0.23724,1.9789829021453857,0.2373,-6.0000000000004494e-05,1350.5059444904327
same_updates,m_sam,32,,414,1.7873375415802002,0.46875,1.983788363571167,0.23594,1.9800715566635132,0.2371,-0.0011599999999999944,1353.7920849323273
same_updates,m_sam,32,,415,1.858466625213623,0.40625,1.9844251763153076,0.23596,1.980756851196289,0.2365,-0.0005399999999999849,1357.0171203613281
same_updates,m_sam,32,,416,2.048668622970581,0.25,1.984073426513672,0.23708,1.9804989143371583,0.236,0.0010800000000000254,1360.2451329231262
same_updates,m_sam,32,,417,2.077047824859619,0.15625,1.983454663772583,0.2397,1.9799455936431885,0.2409,-0.0012000000000000066,1363.5408437252045
same_updates,m_sam,32,,418,1.9537241458892822,0.1875,1.976092660369873,0.2468,1.9723292976379394,0.2466,0.00019999999999997797,1366.809497833252
same_updates,m_sam,32,,419,2.0434463024139404,0.15625,1.961968737182617,0.25454,1.9573778213500976,0.2563,-0.0017599999999999838,1370.0089337825775
same_updates,m_sam,32,,420,1.8576633930206299,0.15625,1.95572822555542,0.26482,1.9502894546508789,0.2665,-0.0016800000000000148,1373.2415635585785
same_updates,m_sam,32,,421,2.0010294914245605,0.25,1.9515304961395263,0.27754,1.9455057815551757,0.2814,-0.0038599999999999746,1376.4667847156525
same_updates,m_sam,32,,422,2.018942356109619,0.28125,1.9505963868713379,0.28588,1.9446666305541993,0.291,-0.005119999999999958,1379.7630922794342
same_updates,m_sam,32,,423,2.2303638458251953,0.09375,1.950041604614258,0.2881,1.9442761150360108,0.2895,-0.0013999999999999568,1383.0358221530914
same_updates,m_sam,32,,424,1.8908271789550781,0.375,1.9534057957458497,0.28958,1.9482352010726929,0.2935,-0.003919999999999979,1386.2791028022766
same_updates,m_sam,32,,425,1.8251222372055054,0.34375,1.9588546293640137,0.28764,1.9542326189041137,0.2917,-0.004060000000000008,1389.5456619262695
same_updates,m_sam,32,,426,2.0313897132873535,0.1875,1.9583553284454345,0.28448,1.9538522994995118,0.2916,-0.007120000000000015,1392.8521211147308
same_updates,m_sam,32,,427,2.062938928604126,0.28125,1.9549193531799316,0.2821,1.9502703409194946,0.2912,-0.009099999999999997,1396.118846654892
same_updates,m_sam,32,,428,1.9207727909088135,0.3125,1.9505999964904785,0.28102,1.9457628313064574,0.2885,-0.007479999999999987,1399.4193608760834
same_updates,m_sam,32,,429,1.8624924421310425,0.3125,1.9495426393127442,0.27698,1.9445995401382445,0.286,-0.009019999999999972,1402.6151118278503
same_updates,m_sam,32,,430,2.111299991607666,0.15625,1.952602501296997,0.2784,1.9478065313339232,0.2814,-0.0030000000000000027,1405.9014539718628
same_updates,m_sam,32,,431,1.8880832195281982,0.28125,1.9579696843719483,0.2543,1.95330553150177,0.2581,-0.00379999999999997,1409.1566655635834
same_updates,m_sam,32,,432,2.0251364707946777,0.125,1.9605683979034423,0.23878,1.9559128679275513,0.2403,-0.0015200000000000213,1412.4464399814606
same_updates,m_sam,32,,433,2.0652523040771484,0.125,1.9637771569824218,0.23646,1.9591320400238037,0.236,0.00046000000000001595,1415.7000863552094
same_updates,m_sam,32,,434,1.949376106262207,0.21875,1.9687099025726318,0.24572,1.9641479446411132,0.2475,-0.0017800000000000038,1419.0040612220764
same_updates,m_sam,32,,435,2.121596336364746,0.21875,1.9730542456817628,0.23702,1.9684163368225098,0.2397,-0.002679999999999988,1422.2763543128967
same_updates,m_sam,32,,436,1.9146301746368408,0.21875,1.9773632306671143,0.23516,1.9728286506652832,0.2427,-0.007539999999999991,1425.5505013465881
same_updates,m_sam,32,,437,1.9206849336624146,0.28125,1.9778592408752442,0.24168,1.9734949550628662,0.2493,-0.007619999999999988,1428.8119714260101
same_updates,m_sam,32,,438,2.0515737533569336,0.21875,1.9785605444335939,0.24782,1.9744742321014404,0.2538,-0.005980000000000013,1432.0766732692719
same_updates,m_sam,32,,439,1.9713926315307617,0.1875,1.9792555909729004,0.24448,1.9755054849624634,0.2476,-0.003119999999999984,1435.3697428703308
same_updates,m_sam,32,,440,1.9937736988067627,0.21875,1.9790325258636474,0.23574,1.975567124557495,0.2373,-0.0015600000000000058,1438.6401364803314
same_updates,m_sam,32,,441,1.9364911317825317,0.28125,1.9795710124969483,0.23354,1.9761956537246703,0.2338,-0.0002600000000000102,1441.891328573227
same_updates,m_sam,32,,442,1.9268991947174072,0.25,1.9716707915496827,0.22798,1.9680893285751342,0.2284,-0.0004200000000000037,1445.2043042182922
same_updates,m_sam,32,,443,2.0593719482421875,0.15625,1.9640857111358643,0.22924,1.9603827255249024,0.2303,-0.0010600000000000054,1448.4345560073853
same_updates,m_sam,32,,444,1.934085488319397,0.125,1.9573139010620118,0.2371,1.9535851860046387,0.2384,-0.0012999999999999956,1451.6753935813904
same_updates,m_sam,32,,445,1.9154938459396362,0.25,1.953949397506714,0.2513,1.950301873588562,0.2535,-0.0021999999999999797,1454.9540815353394
same_updates,m_sam,32,,446,1.9136935472488403,0.1875,1.9436798123168946,0.2659,1.9397890163421632,0.2673,-0.0013999999999999568,1458.280723810196
same_updates,m_sam,32,,447,2.0808849334716797,0.40625,1.9325128028106688,0.27864,1.9280417488098145,0.278,0.0006399999999999739,1461.5479345321655
same_updates,m_sam,32,,448,1.8890944719314575,0.28125,1.9274974520111083,0.28548,1.9224643142700195,0.2834,0.0020800000000000263,1464.8376288414001
same_updates,m_sam,32,,449,1.9246822595596313,0.1875,1.9241271616363524,0.29232,1.918474781036377,0.2912,0.0011200000000000099,1468.0910820960999
same_updates,m_sam,32,,450,1.8041054010391235,0.28125,1.9238708065795898,0.27808,1.9178174392700196,0.2819,-0.00381999999999999,1471.3851981163025
same_updates,m_sam,32,,451,2.1006879806518555,0.25,1.9240519439697266,0.271,1.9178692012786864,0.2743,-0.0032999999999999696,1474.679983139038
same_updates,m_sam,32,,452,1.8860313892364502,0.3125,1.9254859950256347,0.27374,1.919134278488159,0.2781,-0.0043600000000000305,1477.9633102416992
same_updates,m_sam,32,,453,1.9982563257217407,0.25,1.9262162059783936,0.28198,1.9199397983551025,0.2834,-0.0014199999999999768,1481.2167520523071
same_updates,m_sam,32,,454,1.971210241317749,0.15625,1.9247866170501708,0.29874,1.9186736227035524,0.3015,-0.0027599999999999847,1484.4757628440857
same_updates,m_sam,32,,455,1.990189552307129,0.46875,1.9264482255554198,0.29262,1.920692767906189,0.2925,0.00012000000000000899,1487.7633261680603
same_updates,m_sam,32,,456,1.891329050064087,0.375,1.929626716156006,0.2818,1.9242219009399415,0.2858,-0.0040000000000000036,1491.0888783931732
same_updates,m_sam,32,,457,2.037769317626953,0.25,1.9412809452819824,0.25932,1.9364849468231202,0.2629,-0.0035800000000000276,1494.3925378322601
same_updates,m_sam,32,,458,2.0142107009887695,0.28125,1.9496020317077636,0.24606,1.9452593654632568,0.2491,-0.003039999999999987,1497.6923789978027
same_updates,m_sam,32,,459,1.9459682703018188,0.125,1.9589488397979737,0.25014,1.9549685367584229,0.252,-0.0018600000000000283,1500.9334166049957
same_updates,m_sam,32,,460,1.966416597366333,0.09375,1.9655111137390138,0.25422,1.961680011177063,0.2587,-0.004479999999999984,1504.2118573188782
same_updates,m_sam,32,,461,1.8897747993469238,0.28125,1.9612301930236817,0.26156,1.9573200889587403,0.2647,-0.003139999999999976,1507.5018756389618
same_updates,m_sam,32,,462,1.7547686100006104,0.34375,1.9527631723785401,0.26354,1.9487081428527833,0.266,-0.0024600000000000177,1510.7748310565948
same_updates,m_sam,32,,463,1.8271006345748901,0.25,1.947148023071289,0.26926,1.9429067100524902,0.2756,-0.006340000000000012,1514.0500390529633
same_updates,m_sam,32,,464,1.9369395971298218,0.25,1.9374863444519044,0.28132,1.9329429370880127,0.2887,-0.007379999999999998,1517.3227484226227
same_updates,m_sam,32,,465,1.8999563455581665,0.25,1.9299673143005371,0.29552,1.9251138912200927,0.302,-0.006479999999999986,1520.6017634868622
same_updates,m_sam,32,,466,2.0639615058898926,0.28125,1.9258054811096192,0.29652,1.9205800600051879,0.3013,-0.0047800000000000065,1523.9540193080902
same_updates,m_sam,32,,467,1.8524913787841797,0.28125,1.922511251296997,0.29184,1.9167354457855224,0.2945,-0.0026599999999999957,1527.1876096725464
same_updates,m_sam,32,,468,2.0608577728271484,0.28125,1.9267033711242676,0.28312,1.9199240896224976,0.2826,0.0005199999999999649,1530.4670717716217
same_updates,m_sam,32,,469,2.087684154510498,0.25,1.9358022644805908,0.27776,1.9282563835144042,0.2782,-0.00043999999999999595,1533.6854617595673
same_updates,m_sam,32,,470,1.9726271629333496,0.1875,1.9423278199768066,0.2734,1.9343297409057618,0.2774,-0.0040000000000000036,1536.9527661800385
same_updates,m_sam,32,,471,1.962775468826294,0.25,1.950644845123291,0.27732,1.9422086793899536,0.2794,-0.0020799999999999708,1540.1778707504272
same_updates,m_sam,32,,472,2.0060863494873047,0.25,1.9595722944641114,0.27642,1.9508669977188111,0.2775,-0.0010800000000000254,1543.431043624878
same_updates,m_sam,32,,473,2.0031473636627197,0.34375,1.9725083525848388,0.26994,1.9634345321655273,0.2721,-0.0021599999999999953,1546.6857080459595
same_updates,m_sam,32,,474,2.1920249462127686,0.125,1.9740775421905516,0.27324,1.9651322650909424,0.2765,-0.0032600000000000406,1549.9648048877716
same_updates,m_sam,32,,475,1.970291018486023,0.21875,1.9641146473693847,0.28384,1.9556112668991088,0.2858,-0.0019600000000000173,1553.2162084579468
same_updates,m_sam,32,,476,2.027559280395508,0.15625,1.9523982566833495,0.27802,1.9444812599182129,0.2801,-0.0020800000000000263,1556.4604487419128
same_updates,m_sam,32,,477,2.124154806137085,0.1875,1.9460502802276611,0.26038,1.9389850519180298,0.2622,-0.0018199999999999883,1559.724407196045
same_updates,m_sam,32,,478,1.9930731058120728,0.25,1.9450616917419434,0.26572,1.938733376121521,0.269,-0.003280000000000005,1562.9317791461945
same_updates,m_sam,32,,479,2.0195696353912354,0.15625,1.9540147621917725,0.26686,1.9486425037384034,0.2685,-0.0016400000000000303,1566.2026102542877
same_updates,m_sam,32,,480,1.9808158874511719,0.21875,1.9663231805419923,0.26324,1.9617814144134522,0.2666,-0.0033600000000000296,1569.5214431285858
same_updates,m_sam,32,,481,1.931220531463623,0.3125,1.9839237633514404,0.255,1.98018706073761,0.2558,-0.0008000000000000229,1572.7916688919067
same_updates,m_sam,32,,482,2.011129856109619,0.1875,1.9959383544158935,0.24558,1.9927367334365844,0.2464,-0.0008200000000000152,1576.0686411857605
same_updates,m_sam,32,,483,1.9259164333343506,0.34375,2.006491037902832,0.23956,2.003694393157959,0.2376,0.0019599999999999895,1579.3583002090454
same_updates,m_sam,32,,484,2.153400421142578,0.09375,2.006232563323975,0.23874,2.003593553733826,0.2362,0.0025400000000000145,1582.615569114685
same_updates,m_sam,32,,485,2.2457642555236816,0.125,1.9936031568145751,0.24652,1.99074441986084,0.2429,0.0036199999999999843,1585.8829727172852
same_updates,m_sam,32,,486,2.136806011199951,0.15625,1.9709909623718262,0.25452,1.9674748889923095,0.2554,-0.0008799999999999919,1589.1632182598114
same_updates,m_sam,32,,487,1.8802075386047363,0.5,1.9565660034942627,0.25154,1.9524418437957765,0.2541,-0.0025600000000000067,1592.427397966385
same_updates,m_sam,32,,488,1.9509479999542236,0.15625,1.9479702848815919,0.26042,1.9432204292297364,0.2564,0.004019999999999968,1595.673359155655
same_updates,m_sam,32,,489,2.1070396900177,0.21875,1.939738578338623,0.27566,1.93430037689209,0.2719,0.003760000000000041,1598.9888467788696
same_updates,m_sam,32,,490,1.9239723682403564,0.375,1.9358024402618408,0.28056,1.9295539386749267,0.2832,-0.002640000000000031,1602.2704243659973
same_updates,m_sam,32,,491,1.8919240236282349,0.375,1.9361933097839354,0.27718,1.9292164085388184,0.2825,-0.005319999999999991,1605.5676794052124
same_updates,m_sam,32,,492,1.9941633939743042,0.1875,1.9384872064208984,0.2725,1.9308391708374024,0.2788,-0.006299999999999972,1608.8275864124298
same_updates,m_sam,32,,493,2.0504236221313477,0.1875,1.9374707763671875,0.2727,1.929569831085205,0.2784,-0.005699999999999983,1612.0684015750885
same_updates,m_sam,32,,494,1.8290596008300781,0.28125,1.9324862335205077,0.27798,1.9243610847473145,0.2862,-0.008220000000000005,1615.3709106445312
same_updates,m_sam,32,,495,1.9445958137512207,0.28125,1.927591795654297,0.28458,1.91937406539917,0.2909,-0.006319999999999992,1618.680449962616
same_updates,m_sam,32,,496,1.8794670104980469,0.40625,1.9249484014129639,0.28242,1.9167315132141114,0.288,-0.005579999999999974,1621.9388284683228
same_updates,m_sam,32,,497,1.9140081405639648,0.34375,1.9239171605682373,0.27696,1.915970001220703,0.2821,-0.005140000000000033,1625.199049949646
same_updates,m_sam,32,,498,1.972016453742981,0.21875,1.9270905755615235,0.2643,1.9198646278381348,0.265,-0.0007000000000000339,1628.4408705234528
same_updates,m_sam,32,,499,1.9489707946777344,0.21875,1.9435935289001465,0.25358,1.9374120561599733,0.2544,-0.0008199999999999874,1631.7072908878326
same_updates,m_sam,32,,500,2.0847671031951904,0.28125,1.9610257838439942,0.24502,1.9554285772323607,0.2471,-0.0020799999999999985,1634.9905652999878
same_updates,m_sam,32,,501,2.0688395500183105,0.28125,1.9692436156463624,0.23982,1.9637472915649414,0.2388,0.0010199999999999931,1638.2807066440582
same_updates,m_sam,32,,502,1.8632031679153442,0.28125,1.9757529852294922,0.2365,1.970293140411377,0.235,0.0015000000000000013,1641.5525197982788
same_updates,m_sam,32,,503,1.9492919445037842,0.21875,1.9640101473236085,0.23812,1.9579532470703125,0.2372,0.0009200000000000041,1644.827478647232
same_updates,m_sam,32,,504,1.9297285079956055,0.1875,1.9522840886688233,0.24338,1.9456102153778077,0.2419,0.001480000000000009,1648.035278558731
same_updates,m_sam,32,,505,1.952398419380188,0.28125,1.9414326245880127,0.2484,1.9342875135421753,0.2477,0.0007000000000000062,1651.2703409194946
same_updates,m_sam,32,,506,1.8525233268737793,0.1875,1.9299866569519042,0.25686,1.9222622859954834,0.258,-0.0011400000000000299,1654.5142917633057
same_updates,m_sam,32,,507,2.0086421966552734,0.15625,1.922174049758911,0.26734,1.9139437828063965,0.2684,-0.0010600000000000054,1657.8033385276794
same_updates,m_sam,32,,508,1.8532333374023438,0.28125,1.9200795649719238,0.28502,1.9118454832077025,0.2898,-0.0047800000000000065,1661.1088995933533
same_updates,m_sam,32,,509,2.0022246837615967,0.28125,1.9215034685516357,0.29744,1.913503772544861,0.303,-0.005560000000000009,1664.3975024223328
same_updates,m_sam,32,,510,2.0197160243988037,0.28125,1.9230266619110108,0.27976,1.9155850605010987,0.2828,-0.003039999999999987,1667.6560354232788
same_updates,m_sam,32,,511,1.9584949016571045,0.21875,1.9256071586608887,0.2737,1.918460279083252,0.2792,-0.005500000000000005,1670.9567053318024
same_updates,m_sam,32,,512,1.9662562608718872,0.1875,1.927786759109497,0.27142,1.9207397525787353,0.2747,-0.003280000000000005,1674.260984659195
same_updates,m_sam,32,,513,1.8674861192703247,0.3125,1.9302051037597656,0.27152,1.923258514213562,0.2737,-0.0021800000000000153,1677.557691335678
same_updates,m_sam,32,,514,1.8664932250976562,0.34375,1.9335463068389893,0.27078,1.9266562734603883,0.2748,-0.004019999999999968,1680.8550624847412
same_updates,m_sam,32,,515,1.9000215530395508,0.25,1.9380230912780763,0.2707,1.9311139318466186,0.2752,-0.004500000000000004,1684.114883184433
same_updates,m_sam,32,,516,1.982242465019226,0.25,1.9401171202087402,0.26668,1.9330691696166993,0.2707,-0.0040200000000000236,1687.3985576629639
same_updates,m_sam,32,,517,1.9027822017669678,0.25,1.9416168682861328,0.26502,1.9343985673904418,0.2718,-0.006780000000000008,1690.6827580928802
same_updates,m_sam,32,,518,1.9444243907928467,0.28125,1.9461542544555663,0.26096,1.938754363822937,0.27,-0.009039999999999992,1693.9227340221405
same_updates,m_sam,32,,519,1.761789083480835,0.46875,1.9524162339019775,0.25278,1.944693805885315,0.2639,-0.011120000000000019,1697.174102306366
same_updates,m_sam,32,,520,2.0901618003845215,0.09375,1.9541556959533692,0.25232,1.9460583351135254,0.2606,-0.00828000000000001,1700.4675889015198
same_updates,m_sam,32,,521,2.131864547729492,0.28125,1.9514618064880371,0.25326,1.943183889389038,0.2626,-0.009340000000000015,1703.7637326717377
same_updates,m_sam,32,,522,1.9835333824157715,0.28125,1.946015179901123,0.25422,1.9375394956588745,0.2653,-0.011079999999999979,1707.1036460399628
same_updates,m_sam,32,,523,2.00455641746521,0.25,1.9398754119110106,0.25592,1.9312744110107423,0.2629,-0.006980000000000042,1710.3790385723114
same_updates,m_sam,32,,524,1.981675386428833,0.21875,1.936724613647461,0.25574,1.927987181854248,0.2633,-0.007559999999999956,1713.6416177749634
same_updates,m_sam,32,,525,1.9046130180358887,0.125,1.931981845550537,0.25694,1.9232866931915282,0.2651,-0.00816,1716.9005918502808
same_updates,m_sam,32,,526,2.070927143096924,0.09375,1.9262089612579345,0.26122,1.917535952949524,0.271,-0.009780000000000011,1720.161300420761
same_updates,m_sam,32,,527,1.9597513675689697,0.21875,1.9211726838684082,0.26518,1.9127185943603515,0.2757,-0.010519999999999974,1723.4154505729675
same_updates,m_sam,32,,528,2.0664305686950684,0.09375,1.917064578704834,0.27854,1.9088529180526734,0.2914,-0.012859999999999983,1726.693513393402
same_updates,m_sam,32,,529,1.9785850048065186,0.28125,1.915335157546997,0.28718,1.9075179000854492,0.2991,-0.011919999999999986,1730.002994298935
same_updates,m_sam,32,,530,2.072871446609497,0.21875,1.9147813246154786,0.2933,1.907301194381714,0.3041,-0.010799999999999976,1733.3338572978973
same_updates,m_sam,32,,531,1.9894099235534668,0.25,1.913952985687256,0.29724,1.906749743461609,0.3043,-0.007060000000000011,1736.5911145210266
same_updates,m_sam,32,,532,1.9097434282302856,0.34375,1.9152604563903808,0.2936,1.908416760635376,0.3013,-0.007699999999999985,1739.9117004871368
same_updates,m_sam,32,,533,1.8483529090881348,0.40625,1.9195922058105468,0.28948,1.9131799068450928,0.2951,-0.005619999999999958,1743.2239327430725
same_updates,m_sam,32,,534,1.873572587966919,0.3125,1.926223436279297,0.28476,1.9202212741851807,0.2876,-0.002840000000000009,1746.424784898758
same_updates,m_sam,32,,535,1.819204568862915,0.28125,1.9365071782684327,0.27618,1.9309931699752807,0.2752,0.0009799999999999809,1749.6947703361511
same_updates,m_sam,32,,536,1.896446943283081,0.3125,1.9441876887512206,0.26704,1.9389617755889892,0.2657,0.0013400000000000079,1752.958616733551
same_updates,m_sam,32,,537,1.832953929901123,0.46875,1.952839903717041,0.26456,1.9478637657165527,0.2603,0.0042600000000000415,1756.2131280899048
same_updates,m_sam,32,,538,1.8846640586853027,0.25,1.9589054345703125,0.26082,1.9540345598220825,0.2547,0.006120000000000014,1759.4545140266418
same_updates,m_sam,32,,539,1.8932826519012451,0.28125,1.9646496726989746,0.25612,1.9598925559997558,0.2499,0.006220000000000003,1762.6538474559784
same_updates,m_sam,32,,540,1.8669989109039307,0.25,1.9730337504577637,0.25828,1.9683912265777588,0.2487,0.009580000000000005,1765.9447920322418
same_updates,m_sam,32,,541,1.9266382455825806,0.40625,1.9827249174499513,0.25266,1.9782982553482056,0.2438,0.008860000000000007,1769.2676157951355
same_updates,m_sam,32,,542,1.8357657194137573,0.3125,1.9826692175292968,0.25824,1.9783025325775145,0.2497,0.00854000000000002,1772.4867310523987
same_updates,m_sam,32,,543,1.8388986587524414,0.375,1.9870849452972412,0.26156,1.9828135307312011,0.2509,0.010660000000000003,1775.7731153964996
same_updates,m_sam,32,,544,1.8551288843154907,0.375,1.9830879359436036,0.2605,1.9788175065994262,0.253,0.007500000000000007,1779.012400150299
same_updates,m_sam,32,,545,2.1650071144104004,0.125,1.9633270624542236,0.2601,1.9588459272384644,0.2578,0.0023000000000000242,1782.3121592998505
same_updates,m_sam,32,,546,1.8641419410705566,0.40625,1.9358732648468018,0.25822,1.9308719371795655,0.2603,-0.0020799999999999708,1785.5855162143707
same_updates,m_sam,32,,547,1.8268952369689941,0.34375,1.9247953386688232,0.25662,1.919348140335083,0.2596,-0.0029799999999999827,1788.8570520877838
same_updates,m_sam,32,,548,1.8680872917175293,0.34375,1.9257401177215576,0.25534,1.9202558563232421,0.2593,-0.0039599999999999635,1792.1569561958313
same_updates,m_sam,32,,549,2.1590006351470947,0.09375,1.9265424138641358,0.2585,1.9210020851135254,0.2634,-0.0049000000000000155,1795.423122882843
same_updates,m_sam,32,,550,2.0976061820983887,0.21875,1.9245851356506347,0.2662,1.918982421684265,0.269,-0.0028000000000000247,1798.7311189174652
same_updates,m_sam,32,,551,1.96614408493042,0.40625,1.9227996118927002,0.275,1.9171172235488891,0.2812,-0.006199999999999983,1801.9835453033447
same_updates,m_sam,32,,552,1.9224950075149536,0.09375,1.919256725616455,0.28546,1.91366778755188,0.291,-0.005539999999999989,1805.2327890396118
same_updates,m_sam,32,,553,1.8876879215240479,0.375,1.9127841368103027,0.29138,1.9069092487335204,0.2953,-0.003920000000000035,1808.5525131225586
same_updates,m_sam,32,,554,1.9671251773834229,0.3125,1.9048827838897706,0.28828,1.8985631282806397,0.2946,-0.006319999999999992,1811.822772026062
same_updates,m_sam,32,,555,1.7736504077911377,0.34375,1.9023107261657715,0.29226,1.8959585792541505,0.2992,-0.006940000000000002,1815.1261508464813
same_updates,m_sam,32,,556,1.8473187685012817,0.40625,1.903534474334717,0.29632,1.8973698480606078,0.3057,-0.009380000000000055,1818.3910746574402
same_updates,m_sam,32,,557,1.9856812953948975,0.4375,1.9048914379882813,0.29918,1.8986077671051025,0.307,-0.007819999999999994,1821.5764875411987
same_updates,m_sam,32,,558,2.034254789352417,0.1875,1.9066967181396484,0.29778,1.9003587306976317,0.3066,-0.008819999999999995,1824.8528468608856
same_updates,m_sam,32,,559,1.7118239402770996,0.375,1.913106302947998,0.29006,1.9068945903778076,0.2951,-0.005039999999999989,1828.0841693878174
same_updates,m_sam,32,,560,1.8993182182312012,0.3125,1.923561381149292,0.28164,1.9175886363983154,0.2849,-0.003259999999999985,1831.367237329483
same_updates,m_sam,32,,561,1.8712377548217773,0.3125,1.9343273114013673,0.27408,1.928496019744873,0.2779,-0.00381999999999999,1834.6295447349548
same_updates,m_sam,32,,562,2.044431686401367,0.25,1.9376132969665527,0.26902,1.9318369949340821,0.2702,-0.0011800000000000144,1837.9010417461395
same_updates,m_sam,32,,563,2.1004388332366943,0.125,1.9400454832458496,0.26994,1.9346644235610961,0.2702,-0.00025999999999998247,1841.1396231651306
same_updates,m_sam,32,,564,1.960022211074829,0.25,1.9461970362854004,0.2707,1.9413759994506836,0.2726,-0.0019000000000000128,1844.357794046402
same_updates,m_sam,32,,565,1.6613850593566895,0.4375,1.9497279566955565,0.27634,1.94504242477417,0.2776,-0.0012600000000000389,1847.641199350357
same_updates,m_sam,32,,566,1.985506534576416,0.28125,1.942430199661255,0.28442,1.9376089199066162,0.2883,-0.0038799999999999946,1850.911762714386
same_updates,m_sam,32,,567,1.9368805885314941,0.1875,1.9239316473388672,0.29574,1.9186956838607787,0.3007,-0.00496000000000002,1854.1903874874115
same_updates,m_sam,32,,568,2.0348732471466064,0.28125,1.9161272001647949,0.29624,1.9107650993347167,0.3013,-0.005060000000000009,1857.491315126419
same_updates,m_sam,32,,569,1.8079512119293213,0.3125,1.914813575592041,0.29066,1.9094840785980225,0.2968,-0.006140000000000034,1860.793612241745
same_updates,m_sam,32,,570,1.8821817636489868,0.25,1.9150186503601074,0.28856,1.909786040687561,0.297,-0.008440000000000003,1864.1072933673859
same_updates,m_sam,32,,571,1.9364501237869263,0.1875,1.9090237944030761,0.28902,1.9035974882125855,0.2964,-0.007379999999999998,1867.3810548782349
same_updates,m_sam,32,,572,1.8111131191253662,0.25,1.9049387943267821,0.28896,1.899366628265381,0.2985,-0.009539999999999993,1870.687072277069
same_updates,m_sam,32,,573,1.910513997077942,0.3125,1.9028429362487793,0.28652,1.8970687759399414,0.2957,-0.009180000000000021,1873.9369940757751
same_updates,m_sam,32,,574,1.9111146926879883,0.40625,1.9053288691711425,0.28024,1.8996128887176513,0.2889,-0.008660000000000001,1877.2288007736206
same_updates,m_sam,32,,575,1.9087281227111816,0.25,1.9059658555603027,0.28102,1.900281858253479,0.2875,-0.006479999999999986,1880.507364988327
same_updates,m_sam,32,,576,1.8436473608016968,0.3125,1.909674323196411,0.27866,1.9037950008392335,0.2857,-0.007039999999999991,1883.7995476722717
same_updates,m_sam,32,,577,1.8950581550598145,0.25,1.909078860168457,0.28162,1.9030196226119995,0.2905,-0.008879999999999999,1887.0498974323273
same_updates,m_sam,32,,578,1.994293212890625,0.1875,1.902914214553833,0.28734,1.896850846862793,0.2931,-0.005760000000000043,1890.3237540721893
same_updates,m_sam,32,,579,2.004610538482666,0.21875,1.9000993893432616,0.29314,1.8940435298919678,0.3014,-0.00825999999999999,1893.5740032196045
same_updates,m_sam,32,,580,1.776181936264038,0.4375,1.8979597728729247,0.29936,1.8919521800994874,0.3081,-0.00873999999999997,1896.7839124202728
same_updates,m_sam,32,,581,1.9732277393341064,0.21875,1.8963641334533692,0.29862,1.8903565647125244,0.3076,-0.008979999999999988,1900.0507085323334
same_updates,m_sam,32,,582,1.991156816482544,0.15625,1.891527863998413,0.30182,1.8855647602081298,0.3086,-0.006780000000000008,1903.355125427246
same_updates,m_sam,32,,583,1.9598588943481445,0.15625,1.887787590789795,0.30726,1.8819413204193116,0.313,-0.005740000000000023,1906.5929367542267
same_updates,m_sam,32,,584,2.059741973876953,0.15625,1.8884745006561279,0.31172,1.8826386587142945,0.3144,-0.0026800000000000157,1909.8752574920654
same_updates,m_sam,32,,585,1.7014493942260742,0.4375,1.8910265384674072,0.30902,1.885081737136841,0.3134,-0.004379999999999995,1913.1897175312042
same_updates,m_sam,32,,586,1.9026609659194946,0.28125,1.895877130355835,0.29538,1.8897946022033691,0.3018,-0.006420000000000037,1916.4661917686462
same_updates,m_sam,32,,587,1.8844752311706543,0.28125,1.9075364196014404,0.28084,1.9014010431289672,0.2864,-0.005560000000000009,1919.7603619098663
same_updates,m_sam,32,,588,1.8545844554901123,0.28125,1.9243775059509278,0.26706,1.9181161987304687,0.2713,-0.004239999999999966,1923.0568132400513
same_updates,m_sam,32,,589,1.9118403196334839,0.25,1.9498091980743408,0.25388,1.9435716732025146,0.2579,-0.0040200000000000236,1926.3245885372162
same_updates,m_sam,32,,590,1.8612028360366821,0.21875,1.9616757761383057,0.25256,1.9553253036499023,0.2533,-0.0007400000000000184,1929.5957956314087
same_updates,m_sam,32,,591,1.9163846969604492,0.28125,1.97526037651062,0.25384,1.9691097232818604,0.2511,0.00274000000000002,1932.8438489437103
same_updates,m_sam,32,,592,1.9282057285308838,0.25,1.9780796699523926,0.25694,1.9719809242248536,0.2576,-0.0006599999999999939,1936.0757949352264
same_updates,m_sam,32,,593,1.8401076793670654,0.28125,1.984859131011963,0.2503,1.9789017616271973,0.2493,0.0010000000000000286,1939.322683095932
same_updates,m_sam,32,,594,2.0077311992645264,0.3125,1.9960058283996582,0.2415,1.9905308307647704,0.2419,-0.00040000000000001146,1942.6135902404785
same_updates,m_sam,32,,595,2.1009230613708496,0.21875,2.004761958847046,0.23472,1.9996788558959961,0.2323,0.0024200000000000055,1945.867038011551
same_updates,m_sam,32,,596,1.9244343042373657,0.3125,1.9910278239440917,0.237,1.9859218921661377,0.2354,0.0015999999999999903,1949.1504685878754
same_updates,m_sam,32,,597,2.0965089797973633,0.125,1.961495516357422,0.25092,1.9560988971710205,0.2494,0.0015199999999999658,1952.4092030525208
same_updates,m_sam,32,,598,2.202425718307495,0.09375,1.9348851573181152,0.26602,1.9294155792236327,0.2688,-0.0027800000000000047,1955.7054419517517
same_updates,m_sam,32,,599,1.9068490266799927,0.28125,1.9143047498321533,0.2788,1.9087358938217163,0.2841,-0.005300000000000027,1958.9805200099945
same_updates,m_sam,32,,600,1.9426207542419434,0.3125,1.9093743751525878,0.28368,1.9039161632537842,0.2898,-0.006120000000000014,1962.2763068675995
same_updates,m_sam,32,,601,1.958937168121338,0.21875,1.9135067990112304,0.27978,1.9082038959503174,0.2889,-0.009120000000000017,1965.5058031082153
same_updates,m_sam,32,,602,2.235752820968628,0.15625,1.9191980141448974,0.27436,1.9139682353973388,0.2824,-0.008039999999999992,1968.810307264328
same_updates,m_sam,32,,603,1.9821288585662842,0.3125,1.9198567359924317,0.26856,1.914559827041626,0.277,-0.008440000000000003,1972.0094993114471
same_updates,m_sam,32,,604,1.814469575881958,0.28125,1.9239673682403564,0.2614,1.9187114566802979,0.2722,-0.010799999999999976,1975.2828705310822
same_updates,m_sam,32,,605,1.873281717300415,0.40625,1.9291192497253418,0.25594,1.9239693031311036,0.2662,-0.010259999999999991,1978.5995059013367
same_updates,m_sam,32,,606,1.8072459697723389,0.3125,1.9293152116394043,0.25456,1.9241511995315552,0.2616,-0.007039999999999991,1981.8870191574097
same_updates,m_sam,32,,607,1.9066985845565796,0.21875,1.9246402047729492,0.25936,1.919374253463745,0.2656,-0.006240000000000023,1985.1868035793304
same_updates,m_sam,32,,608,1.8226826190948486,0.4375,1.9229934803009032,0.26154,1.9176078523635864,0.2665,-0.00496000000000002,1988.4271154403687
same_updates,m_sam,32,,609,1.9378563165664673,0.15625,1.916366625213623,0.26828,1.910700721168518,0.2773,-0.009019999999999972,1991.5734150409698
same_updates,m_sam,32,,610,1.8184034824371338,0.28125,1.9117690412902832,0.27076,1.9057365478515624,0.2799,-0.009139999999999981,1994.809455871582
same_updates,m_sam,32,,611,2.13307523727417,0.28125,1.9086819733428955,0.27248,1.9024937461853026,0.2804,-0.007919999999999983,1998.1647160053253
same_updates,m_sam,32,,612,1.9344310760498047,0.28125,1.9048947673797607,0.2753,1.8986881608963013,0.282,-0.006699999999999984,2001.436543226242
same_updates,m_sam,32,,613,1.857173204421997,0.25,1.9012513206481934,0.27744,1.8948699865341188,0.2835,-0.006059999999999954,2004.6885132789612
same_updates,m_sam,32,,614,1.8616422414779663,0.28125,1.9009130433654786,0.27752,1.8945701263427734,0.2804,-0.0028799999999999937,2007.924265384674
same_updates,m_sam,32,,615,1.9504425525665283,0.21875,1.9078773433685303,0.27484,1.9018403137207032,0.2789,-0.004060000000000008,2011.1591539382935
same_updates,m_sam,32,,616,1.7590556144714355,0.3125,1.9164984873962403,0.26986,1.9106290323257447,0.2731,-0.0032400000000000206,2014.421979188919
same_updates,m_sam,32,,617,1.8267617225646973,0.34375,1.9254162574005127,0.26882,1.9195994510650636,0.2675,0.0013199999999999878,2017.6156425476074
same_updates,m_sam,32,,618,2.0157203674316406,0.21875,1.9328099001312256,0.26022,1.9269431825637817,0.2604,-0.00018000000000001348,2020.8664813041687
same_updates,m_sam,32,,619,1.8401415348052979,0.28125,1.9354735780334473,0.26434,1.929467245864868,0.2663,-0.0019599999999999618,2024.2203059196472
same_updates,m_sam,32,,620,1.9656957387924194,0.25,1.9340122229766845,0.2722,1.9278178922653197,0.2746,-0.0024000000000000132,2027.5284621715546
same_updates,m_sam,32,,621,2.084595203399658,0.25,1.9282618257141113,0.28012,1.921868034362793,0.2831,-0.002980000000000038,2030.818282842636
same_updates,m_sam,32,,622,1.82597815990448,0.34375,1.9187904307556152,0.28756,1.9120865097045898,0.2964,-0.008840000000000015,2034.1137444972992
same_updates,m_sam,32,,623,1.8013533353805542,0.28125,1.9089240032196044,0.29668,1.901976021194458,0.3045,-0.007819999999999994,2037.4456708431244
same_updates,m_sam,32,,624,1.9085392951965332,0.28125,1.8943598783111573,0.30706,1.886913946914673,0.3168,-0.009740000000000026,2040.6572329998016
same_updates,m_sam,32,,625,2.069821834564209,0.15625,1.8877125421905518,0.31174,1.8798070384979249,0.3167,-0.0049599999999999644,2043.9577720165253
same_updates,m_sam,32,,626,2.050321578979492,0.15625,1.8843839372253417,0.31104,1.8760411144256592,0.3159,-0.004860000000000031,2047.2377882003784
same_updates,m_sam,32,,627,1.9102282524108887,0.3125,1.8844002980804444,0.30524,1.8755655456542968,0.3144,-0.009160000000000001,2050.539978504181
same_updates,m_sam,32,,628,1.798557996749878,0.3125,1.8870084474945068,0.3038,1.8778899295806886,0.3092,-0.00539999999999996,2053.8267829418182
same_updates,m_sam,32,,629,1.8589575290679932,0.34375,1.8925332646179198,0.29614,1.883338899421692,0.3024,-0.006259999999999988,2057.1177158355713
same_updates,m_sam,32,,630,1.8430546522140503,0.28125,1.8997421484375,0.26988,1.890550845336914,0.2753,-0.00541999999999998,2060.3946340084076
same_updates,m_sam,32,,631,1.8266643285751343,0.4375,1.9057454243469238,0.2525,1.8968682264328003,0.2582,-0.005699999999999983,2063.659379720688
same_updates,m_sam,32,,632,1.7923064231872559,0.40625,1.910187710723877,0.2541,1.901724941253662,0.2588,-0.004699999999999982,2066.959466457367
same_updates,m_sam,32,,633,1.8923747539520264,0.21875,1.9153524601745606,0.25768,1.907495426940918,0.2598,-0.0021199999999999553,2070.271031141281
same_updates,m_sam,32,,634,2.044412136077881,0.125,1.9239750576019288,0.26222,1.9169005994796753,0.2642,-0.0019799999999999818,2073.4900979995728
same_updates,m_sam,32,,635,2.0305557250976562,0.25,1.9370729395294188,0.26868,1.9307726596832275,0.2715,-0.0028200000000000447,2076.7813987731934
same_updates,m_sam,32,,636,2.158543586730957,0.21875,1.9406587651824951,0.27346,1.9346722805023193,0.2741,-0.0006400000000000294,2080.0751774311066
same_updates,m_sam,32,,637,1.9740583896636963,0.25,1.9387316169738769,0.27952,1.9329599948883056,0.2816,-0.0020800000000000263,2083.3535866737366
same_updates,m_sam,32,,638,2.053926467895508,0.1875,1.9351114747619629,0.284,1.9294229795455933,0.2863,-0.0023000000000000242,2086.6143696308136
same_updates,m_sam,32,,639,2.0015411376953125,0.125,1.9352190853118896,0.28748,1.9296465627670287,0.288,-0.0005199999999999649,2089.864888906479
same_updates,m_sam,32,,640,1.9896036386489868,0.28125,1.9296151351165771,0.29116,1.923890753173828,0.2944,-0.0032400000000000206,2093.1199066638947
same_updates,m_sam,32,,641,2.0508947372436523,0.25,1.9164537128448487,0.29492,1.9103600830078125,0.299,-0.0040799999999999725,2096.380781888962
same_updates,m_sam,32,,642,1.7604873180389404,0.5,1.9004877140808105,0.29708,1.8937163595199584,0.3086,-0.011519999999999975,2099.6416594982147
same_updates,m_sam,32,,643,1.802567958831787,0.40625,1.8896178034973146,0.29506,1.882331067276001,0.3055,-0.010440000000000005,2102.8956072330475
same_updates,m_sam,32,,644,1.786412000656128,0.28125,1.883734517211914,0.28998,1.87593106880188,0.3008,-0.010819999999999996,2106.178433895111
same_updates,m_sam,32,,645,2.0277273654937744,0.21875,1.882942523803711,0.2852,1.874866879081726,0.2953,-0.010099999999999998,2109.5216734409332
same_updates,m_sam,32,,646,1.9799824953079224,0.25,1.8838923111724855,0.28166,1.875827699279785,0.2931,-0.011440000000000006,2112.8045630455017
same_updates,m_sam,32,,647,1.8628394603729248,0.3125,1.8869180712127684,0.28238,1.879215329360962,0.2918,-0.009419999999999984,2116.050572156906
same_updates,m_sam,32,,648,1.850830078125,0.3125,1.8909240509033203,0.28554,1.8835362190246583,0.2951,-0.009559999999999957,2119.420606613159
same_updates,m_sam,32,,649,1.866574764251709,0.28125,1.8954575952911377,0.28396,1.8884357988357543,0.2922,-0.008240000000000025,2122.691218852997
same_updates,m_sam,32,,650,1.9550098180770874,0.3125,1.8941551470947267,0.2882,1.8872675918579103,0.2971,-0.008899999999999963,2125.961150407791
same_updates,m_sam,32,,651,1.7471712827682495,0.3125,1.8897346453094483,0.29278,1.8827922994613648,0.3057,-0.012920000000000043,2129.206931114197
same_updates,m_sam,32,,652,1.8785951137542725,0.375,1.888918289794922,0.29574,1.882201167678833,0.3048,-0.009060000000000012,2132.5244455337524
same_updates,m_sam,32,,653,1.8551876544952393,0.28125,1.8895511669921874,0.2951,1.8828360054016113,0.3034,-0.00830000000000003,2135.7755324840546
same_updates,m_sam,32,,654,1.8431448936462402,0.375,1.8916142909240723,0.29016,1.8846662101745606,0.2977,-0.007540000000000047,2139.090844631195
same_updates,m_sam,32,,655,1.9913684129714966,0.1875,1.893933338546753,0.28772,1.886763676071167,0.2935,-0.005780000000000007,2142.330456495285
same_updates,m_sam,32,,656,1.7856727838516235,0.3125,1.8963975627136231,0.28386,1.889034748840332,0.2871,-0.0032400000000000206,2145.608604669571
same_updates,m_sam,32,,657,2.0779645442962646,0.125,1.8994174440765381,0.28374,1.892093017578125,0.2875,-0.0037599999999999856,2148.8846361637115
same_updates,m_sam,32,,658,1.8677177429199219,0.34375,1.8999387928771974,0.28286,1.8925425062179566,0.2862,-0.0033400000000000096,2152.18146944046
same_updates,m_sam,32,,659,2.038954257965088,0.28125,1.896668293914795,0.28504,1.8891643692016602,0.2913,-0.006259999999999988,2155.4781663417816
same_updates,m_sam,32,,660,1.9445858001708984,0.46875,1.8937535650634765,0.28906,1.8863387046813964,0.2943,-0.005240000000000022,2158.7596135139465
same_updates,m_sam,32,,661,1.995171070098877,0.1875,1.8971057263946534,0.29086,1.8901894145965576,0.2984,-0.007539999999999991,2162.0733840465546
same_updates,m_sam,32,,662,1.7952561378479004,0.25,1.9003420393371582,0.29706,1.894083018684387,0.3015,-0.0044399999999999995,2165.368257045746
same_updates,m_sam,32,,663,1.9532907009124756,0.34375,1.9032812378692627,0.30164,1.8974955129623412,0.3033,-0.0016599999999999948,2168.6596705913544
same_updates,m_sam,32,,664,1.864767074584961,0.40625,1.8993879414367676,0.30742,1.8937425022125245,0.3109,-0.003479999999999983,2171.8993117809296
same_updates,m_sam,32,,665,1.9087400436401367,0.28125,1.8932449461364746,0.31104,1.887482103729248,0.3172,-0.006159999999999999,2175.146790266037
same_updates,m_sam,32,,666,1.8520183563232422,0.34375,1.8821390754699707,0.31852,1.8758673290252685,0.3256,-0.007079999999999975,2178.3657507896423
same_updates,m_sam,32,,667,2.078911542892456,0.15625,1.873637792816162,0.32852,1.8668485485076904,0.3372,-0.008680000000000021,2181.6251776218414
same_updates,m_sam,32,,668,1.865119218826294,0.21875,1.8706931672668456,0.3328,1.8635355548858643,0.3413,-0.008500000000000008,2184.947366476059
same_updates,m_sam,32,,669,1.8403632640838623,0.25,1.8744707954406739,0.32118,1.867334116744995,0.3262,-0.005019999999999969,2188.258132457733
same_updates,m_sam,32,,670,1.7918727397918701,0.3125,1.8816270359802245,0.29248,1.8745502681732178,0.2903,0.0021800000000000153,2191.5031061172485
same_updates,m_sam,32,,671,1.8356871604919434,0.28125,1.8880099813079834,0.27066,1.8809800643920898,0.2657,0.00496000000000002,2194.788473367691
same_updates,m_sam,32,,672,2.0251412391662598,0.15625,1.8899476460266114,0.26798,1.88285857963562,0.2661,0.0018799999999999928,2198.060732126236
same_updates,m_sam,32,,673,2.205399990081787,0.0625,1.887534786529541,0.27452,1.8802852857589722,0.274,0.0005199999999999649,2201.339890241623
same_updates,m_sam,32,,674,1.78506338596344,0.375,1.8849402904510497,0.28448,1.8777005966186524,0.2842,0.00028000000000000247,2204.587087392807
same_updates,m_sam,32,,675,1.8673768043518066,0.25,1.8820476125335692,0.30034,1.8750497955322265,0.3045,-0.004159999999999997,2207.865267753601
same_updates,m_sam,32,,676,2.0238287448883057,0.28125,1.8816409786224366,0.3078,1.8749450244903565,0.3145,-0.006699999999999984,2211.0920197963715
same_updates,m_sam,32,,677,1.969436764717102,0.34375,1.8799079191589356,0.31042,1.8732149013519288,0.3173,-0.006880000000000053,2214.3234102725983
same_updates,m_sam,32,,678,1.8616907596588135,0.40625,1.8790696670532228,0.30652,1.8722442148208618,0.315,-0.008479999999999988,2217.5542738437653
same_updates,m_sam,32,,679,1.9665710926055908,0.3125,1.8824946035003662,0.30132,1.8758169610977173,0.3095,-0.00818000000000002,2220.8368010520935
same_updates,m_sam,32,,680,1.8232734203338623,0.3125,1.8841995823669433,0.29526,1.8774571889877318,0.303,-0.007739999999999969,2224.1020925045013
same_updates,m_sam,32,,681,1.7927175760269165,0.3125,1.8871733030700684,0.29322,1.8804764057159424,0.3002,-0.006980000000000042,2227.3472135066986
same_updates,m_sam,32,,682,1.725848913192749,0.4375,1.8957223057556152,0.29176,1.8893877243041992,0.2969,-0.005139999999999978,2230.6012632846832
same_updates,m_sam,32,,683,1.9344879388809204,0.28125,1.9073741820526122,0.29066,1.9013684255599976,0.2942,-0.003540000000000043,2233.927103281021
same_updates,m_sam,32,,684,1.751138687133789,0.34375,1.9240954188537598,0.286,1.9184779140472412,0.2902,-0.004200000000000037,2237.225586414337
same_updates,m_sam,32,,685,2.1213436126708984,0.125,1.9191885999298095,0.28852,1.9133050827026368,0.2905,-0.0019799999999999818,2240.468874692917
same_updates,m_sam,32,,686,1.8191474676132202,0.25,1.9006832688903808,0.2929,1.894223189163208,0.298,-0.005099999999999993,2243.7496469020844
same_updates,m_sam,32,,687,2.0456595420837402,0.25,1.8823911652374268,0.29412,1.8750838939666747,0.3026,-0.008479999999999988,2247.0717248916626
same_updates,m_sam,32,,688,1.7602434158325195,0.28125,1.8696496755599976,0.29312,1.861427935218811,0.3006,-0.007479999999999987,2250.3394186496735
same_updates,m_sam,32,,689,1.745659589767456,0.40625,1.8659089911651612,0.28736,1.8565165964126586,0.296,-0.008639999999999981,2253.6111540794373
same_updates,m_sam,32,,690,1.8420746326446533,0.3125,1.8697096002578735,0.2825,1.8596017562866212,0.2904,-0.007900000000000018,2256.919175386429
same_updates,m_sam,32,,691,1.6714346408843994,0.4375,1.8775442846679689,0.27584,1.8669970626831054,0.2848,-0.008960000000000024,2260.2354102134705
same_updates,m_sam,32,,692,2.0618228912353516,0.25,1.88068988822937,0.27454,1.870336380004883,0.2852,-0.010660000000000003,2263.5089111328125
same_updates,m_sam,32,,693,1.884332537651062,0.1875,1.8785425309753419,0.2834,1.8691882083892821,0.2917,-0.00830000000000003,2266.780633211136
same_updates,m_sam,32,,694,1.9893420934677124,0.25,1.8809385543823243,0.28872,1.8731409915924073,0.2939,-0.005180000000000018,2270.05220413208
same_updates,m_sam,32,,695,1.9670699834823608,0.25,1.8845292924499513,0.28998,1.8777584621429444,0.2962,-0.006220000000000003,2273.3635742664337
same_updates,m_sam,32,,696,1.8088772296905518,0.34375,1.8965209062957764,0.29008,1.8908517570495607,0.297,-0.006919999999999982,2276.642100572586
same_updates,m_sam,32,,697,1.765369176864624,0.25,1.9098641059875487,0.28748,1.9048818000793457,0.292,-0.0045199999999999685,2279.9036877155304
same_updates,m_sam,32,,698,1.7671525478363037,0.375,1.9271399342346192,0.28218,1.922749366569519,0.2829,-0.0007199999999999984,2283.1689682006836
same_updates,m_sam,32,,699,1.8046181201934814,0.34375,1.9363265621185304,0.26668,1.9322098552703857,0.2669,-0.00022000000000005349,2286.4305515289307
same_updates,m_sam,32,,700,2.0363991260528564,0.25,1.9296931789398193,0.26356,1.9255037700653077,0.2609,0.0026599999999999957,2289.6908600330353
same_updates,m_sam,32,,701,1.7975833415985107,0.28125,1.9175869904327392,0.27536,1.9131560609817504,0.2753,6.0000000000004494e-05,2292.95982670784
same_updates,m_sam,32,,702,2.00309681892395,0.28125,1.8975364391326903,0.29022,1.8925430435180663,0.2917,-0.0014800000000000368,2296.2586975097656
same_updates,m_sam,32,,703,2.136610746383667,0.21875,1.8767055302429199,0.30836,1.8708157676696777,0.3131,-0.0047399999999999665,2299.574344396591
same_updates,m_sam,32,,704,1.6612224578857422,0.34375,1.8689846179199219,0.31284,1.8622284317016602,0.3153,-0.0024600000000000177,2302.8748993873596
same_updates,m_sam,32,,705,1.8433647155761719,0.375,1.8707564526367189,0.31024,1.8633826147079469,0.3174,-0.00716,2306.0471110343933
same_updates,m_sam,32,,706,2.007884979248047,0.34375,1.8733356089782716,0.31102,1.8655859733581543,0.3186,-0.007579999999999976,2309.331158399582
same_updates,m_sam,32,,707,1.9382679462432861,0.28125,1.8745901182556153,0.31114,1.8665474300384521,0.3206,-0.009459999999999968,2312.617379426956
same_updates,m_sam,32,,708,1.7886255979537964,0.3125,1.8713662818908692,0.31198,1.8632129470825196,0.3212,-0.009220000000000006,2315.904228448868
same_updates,m_sam,32,,709,2.0748026371002197,0.25,1.8684299445343018,0.31426,1.8602864122390748,0.3232,-0.008940000000000003,2319.1303520202637
same_updates,m_sam,32,,710,1.969398021697998,0.3125,1.8679808875274657,0.31776,1.8597060167312622,0.3244,-0.006640000000000035,2322.4334416389465
same_updates,m_sam,32,,711,1.7688885927200317,0.3125,1.8680245336914063,0.31714,1.8599047218322753,0.3224,-0.005260000000000042,2325.706553697586
same_updates,m_sam,32,,712,1.9089701175689697,0.125,1.871720718536377,0.3145,1.864133664703369,0.3179,-0.003400000000000014,2328.9703402519226
same_updates,m_sam,32,,713,1.6645785570144653,0.40625,1.8834924098205565,0.30704,1.8764757749557495,0.3172,-0.010160000000000002,2332.192165851593
same_updates,m_sam,32,,714,2.005066394805908,0.3125,1.894297054977417,0.30316,1.8876572204589843,0.3122,-0.009039999999999992,2335.3937537670135
same_updates,m_sam,32,,715,2.136136054992676,0.125,1.902953663482666,0.30338,1.8966728790283203,0.3116,-0.008220000000000005,2338.7034752368927
same_updates,m_sam,32,,716,1.821288824081421,0.375,1.90937770111084,0.30072,1.9033309083938599,0.3112,-0.01047999999999999,2342.0051488876343
same_updates,m_sam,32,,717,1.9369797706604004,0.375,1.9057114421081542,0.3,1.899613342666626,0.3101,-0.010099999999999998,2345.2877621650696
same_updates,m_sam,32,,718,1.9323241710662842,0.25,1.8928338148498536,0.30192,1.8863293201446534,0.3085,-0.006579999999999975,2348.534205675125
same_updates,m_sam,32,,719,1.8740968704223633,0.28125,1.8840174132537841,0.2977,1.8770139110565185,0.305,-0.007299999999999973,2351.8114404678345
same_updates,m_sam,32,,720,2.0370609760284424,0.3125,1.8866133547973634,0.28924,1.8792543159484862,0.297,-0.007759999999999989,2355.0909872055054
same_updates,m_sam,32,,721,1.734787106513977,0.25,1.887762225189209,0.28392,1.8798843803405763,0.2922,-0.00828000000000001,2358.4096081256866
same_updates,m_sam,32,,722,1.8093798160552979,0.375,1.891302063369751,0.2794,1.883198471069336,0.2866,-0.00720000000000004,2361.7056090831757
same_updates,m_sam,32,,723,1.7952461242675781,0.25,1.8956096949768066,0.27664,1.8874257251739501,0.2864,-0.009759999999999991,2365.022427558899
same_updates,m_sam,32,,724,2.0702922344207764,0.25,1.8955072205352783,0.27728,1.8872998899459839,0.2845,-0.007219999999999949,2368.310220718384
same_updates,m_sam,32,,725,1.9814605712890625,0.21875,1.8920155542755126,0.27966,1.8838386304855346,0.287,-0.007339999999999958,2371.596966266632
same_updates,m_sam,32,,726,2.1057491302490234,0.1875,1.8858247830963135,0.28814,1.8776936954498291,0.2929,-0.0047599999999999865,2374.926069021225
same_updates,m_sam,32,,727,1.8252580165863037,0.34375,1.8828526453399659,0.2888,1.8746935026168823,0.2936,-0.0048000000000000265,2378.186084985733
same_updates,m_sam,32,,728,1.9230059385299683,0.21875,1.8809228256225585,0.28316,1.8727209745407105,0.2894,-0.006239999999999968,2381.415804386139
same_updates,m_sam,32,,729,1.9198589324951172,0.28125,1.8849423511505128,0.28492,1.8768249454498291,0.2917,-0.006780000000000008,2384.7061035633087
same_updates,m_sam,32,,730,1.8104588985443115,0.28125,1.8893295260620118,0.29258,1.8812324771881104,0.2984,-0.005819999999999992,2387.964499473572
same_updates,m_sam,32,,731,1.9245831966400146,0.28125,1.8911598332977295,0.30104,1.883091176223755,0.3059,-0.004860000000000031,2391.2188472747803
same_updates,m_sam,32,,732,1.7492878437042236,0.34375,1.8917790339660645,0.30754,1.8837603967666625,0.3121,-0.0045600000000000085,2394.5719816684723
same_updates,m_sam,32,,733,1.7123265266418457,0.46875,1.889218793334961,0.30912,1.8813501836776734,0.3105,-0.0013799999999999923,2397.857201576233
same_updates,m_sam,32,,734,1.940040946006775,0.28125,1.8939384763336182,0.30366,1.8863419376373292,0.303,0.0006599999999999939,2401.0990948677063
same_updates,m_sam,32,,735,1.941744327545166,0.25,1.8907023203277589,0.3032,1.8833406352996827,0.3063,-0.0030999999999999917,2404.3846979141235
same_updates,m_sam,32,,736,1.824683666229248,0.34375,1.8794810459899902,0.30738,1.8723679962158204,0.3104,-0.0030200000000000227,2407.6517601013184
same_updates,m_sam,32,,737,1.931946039199829,0.3125,1.8707650660705566,0.31164,1.863734242630005,0.3178,-0.006160000000000054,2410.9182348251343
same_updates,m_sam,32,,738,1.8617911338806152,0.375,1.860612275314331,0.31886,1.8536202756881714,0.3246,-0.005740000000000023,2414.2149119377136
same_updates,m_sam,32,,739,1.9180054664611816,0.4375,1.8589433141326905,0.31756,1.8520211097717285,0.3237,-0.006139999999999979,2417.448406934738
same_updates,m_sam,32,,740,1.8665099143981934,0.28125,1.857490692100525,0.31754,1.8506543045043946,0.3231,-0.005560000000000009,2420.7239184379578
same_updates,m_sam,32,,741,1.8445624113082886,0.40625,1.8614633069229125,0.31708,1.8548434284210205,0.3221,-0.0050200000000000244,2424.0355648994446
same_updates,m_sam,32,,742,1.960939645767212,0.28125,1.8667063192367555,0.31434,1.8602446977615357,0.3196,-0.005259999999999987,2427.3328466415405
same_updates,m_sam,32,,743,1.644735336303711,0.5,1.8762097802352906,0.30962,1.8698538795471191,0.3166,-0.006979999999999986,2430.603995323181
same_updates,m_sam,32,,744,1.7909798622131348,0.375,1.8873913414001464,0.29592,1.881157819366455,0.303,-0.007079999999999975,2433.8880796432495
same_updates,m_sam,32,,745,1.890648603439331,0.28125,1.8958700794219971,0.28474,1.8897662620544433,0.2906,-0.005860000000000032,2437.1637876033783
same_updates,m_sam,32,,746,1.958460807800293,0.1875,1.896851204071045,0.28042,1.8907630352020264,0.2832,-0.0027800000000000047,2440.4549703598022
same_updates,m_sam,32,,747,2.063300848007202,0.28125,1.891291513595581,0.27772,1.8850685985565185,0.2803,-0.002579999999999971,2443.7438735961914
same_updates,m_sam,32,,748,1.8468810319900513,0.28125,1.8873229833221437,0.27464,1.880927589035034,0.2795,-0.004860000000000031,2446.9956698417664
same_updates,m_sam,32,,749,1.8397729396820068,0.3125,1.8780823542785645,0.27512,1.8713573598861695,0.279,-0.00388000000000005,2450.2766451835632
same_updates,m_sam,32,,750,1.9786103963851929,0.25,1.874685859222412,0.27818,1.8677302604675292,0.2805,-0.0023200000000000442,2453.5431015491486
same_updates,m_sam,32,,751,2.0235233306884766,0.21875,1.8704268811798095,0.291,1.8633369203567505,0.2928,-0.0018000000000000238,2456.7835426330566
same_updates,m_sam,32,,752,1.8167333602905273,0.34375,1.8649840816879273,0.307,1.8576112812042236,0.3063,0.0006999999999999784,2460.053743124008
same_updates,m_sam,32,,753,1.9012991189956665,0.1875,1.8640560638809205,0.32256,1.8566461181640626,0.3263,-0.0037399999999999656,2463.383929014206
same_updates,m_sam,32,,754,1.9699678421020508,0.1875,1.8636608963012695,0.32968,1.8561125324249268,0.3345,-0.0048200000000000465,2466.630185365677
same_updates,m_sam,32,,755,1.949185848236084,0.3125,1.867359623069763,0.32794,1.8597587100982667,0.332,-0.004060000000000008,2469.873530626297
same_updates,m_sam,32,,756,1.9058787822723389,0.1875,1.8740804440689087,0.32494,1.8664561016082764,0.3292,-0.004259999999999986,2473.140661239624
same_updates,m_sam,32,,757,1.9286537170410156,0.28125,1.8782747144317626,0.32034,1.8706317428588868,0.3214,-0.0010600000000000054,2476.6102418899536
same_updates,m_sam,32,,758,1.9085922241210938,0.40625,1.8835548633575439,0.30976,1.8758678455352784,0.3101,-0.00034000000000000696,2479.9079508781433
same_updates,m_sam,32,,759,1.8367221355438232,0.34375,1.8940930429840088,0.29772,1.886342561340332,0.3017,-0.003980000000000039,2483.106074333191
same_updates,m_sam,32,,760,1.7841320037841797,0.3125,1.900234086151123,0.29932,1.8922227100372315,0.2983,0.0010199999999999654,2486.4682924747467
same_updates,m_sam,32,,761,1.9429137706756592,0.3125,1.90464544342041,0.29666,1.896364693260193,0.2981,-0.0014399999999999968,2489.6994383335114
same_updates,m_sam,32,,762,2.012836456298828,0.25,1.9025806388092041,0.28932,1.8940615726470946,0.293,-0.003679999999999961,2492.9772794246674
same_updates,m_sam,32,,763,1.8944146633148193,0.25,1.893528638381958,0.2875,1.8847116943359374,0.2894,-0.0019000000000000128,2496.242123365402
same_updates,m_sam,32,,764,1.8208098411560059,0.3125,1.8871198725128173,0.28658,1.878390872001648,0.2882,-0.0016200000000000103,2499.5984370708466
same_updates,m_sam,32,,765,1.9230107069015503,0.34375,1.8824947842407227,0.28292,1.8738475496292115,0.2833,-0.00037999999999999146,2502.887020587921
same_updates,m_sam,32,,766,2.0341646671295166,0.3125,1.883486243057251,0.28052,1.87547981300354,0.2806,-8.00000000000245e-05,2506.1758658885956
same_updates,m_sam,32,,767,1.9308383464813232,0.3125,1.8859470467376709,0.28324,1.8785490856170655,0.2844,-0.0011599999999999944,2509.445447206497
same_updates,m_sam,32,,768,2.083829641342163,0.25,1.886410300140381,0.29282,1.8794570749282837,0.2949,-0.0020799999999999708,2512.6797280311584
same_updates,m_sam,32,,769,1.843456506729126,0.375,1.8873615454864503,0.30416,1.880683514022827,0.3049,-0.0007400000000000184,2515.945387840271
same_updates,m_sam,32,,770,1.802950143814087,0.28125,1.885674613647461,0.31472,1.8792072534561157,0.319,-0.004280000000000006,2519.1579196453094
same_updates,m_sam,32,,771,1.8628697395324707,0.25,1.8866162171936036,0.32034,1.8802719829559327,0.3264,-0.00606000000000001,2522.384105682373
same_updates,m_sam,32,,772,1.9550938606262207,0.3125,1.8921715883636474,0.32486,1.886001587677002,0.3336,-0.008740000000000026,2525.674622297287
same_updates,m_sam,32,,773,1.982071876525879,0.3125,1.8839171926879883,0.32864,1.877701756668091,0.3387,-0.010060000000000013,2528.94188785553
same_updates,m_sam,32,,774,1.9828181266784668,0.3125,1.8764170848846435,0.32796,1.8700895839691163,0.3357,-0.007740000000000025,2532.243564605713
same_updates,m_sam,32,,775,2.0229110717773438,0.28125,1.8638501146697999,0.32624,1.8573677906036377,0.3289,-0.002660000000000051,2535.4956889152527
same_updates,m_sam,32,,776,1.8754991292953491,0.28125,1.8530449304962158,0.32512,1.8462768375396728,0.3301,-0.0049799999999999844,2538.756938457489
same_updates,m_sam,32,,777,1.8090972900390625,0.34375,1.8481537383270263,0.31724,1.84118709564209,0.3248,-0.007559999999999956,2541.947879552841
same_updates,m_sam,32,,778,1.8283963203430176,0.34375,1.846425489730835,0.30878,1.8392662380218505,0.3151,-0.006319999999999992,2545.221667766571
same_updates,m_sam,32,,779,1.8812452554702759,0.28125,1.8467951846313477,0.30178,1.839519856262207,0.3082,-0.006419999999999981,2548.5246777534485
same_updates,m_sam,32,,780,1.9478986263275146,0.28125,1.8472330841064453,0.29864,1.8398350961685181,0.3048,-0.006159999999999999,2551.7804696559906
same_updates,m_sam,32,,781,1.7668159008026123,0.3125,1.8454698565673828,0.2982,1.8380367219924927,0.3029,-0.004699999999999982,2555.0090024471283
same_updates,m_sam,32,,782,1.905956745147705,0.21875,1.8451490814971925,0.29626,1.8378265922546386,0.3026,-0.006339999999999957,2558.2596797943115
same_updates,m_sam,32,,783,1.9149065017700195,0.15625,1.8451385760879517,0.29446,1.8379593524932862,0.3006,-0.006139999999999979,2561.5495688915253
same_updates,m_sam,32,,784,1.7540677785873413,0.28125,1.8452148421478272,0.29686,1.8382528440475463,0.3047,-0.007840000000000014,2564.7307493686676
same_updates,m_sam,32,,785,1.8266913890838623,0.4375,1.846986329421997,0.29548,1.8400543563842773,0.3023,-0.006819999999999993,2568.0223348140717
same_updates,m_sam,32,,786,1.7824105024337769,0.28125,1.8473506372070312,0.29586,1.840480182647705,0.3005,-0.0046399999999999775,2571.303598165512
same_updates,m_sam,32,,787,1.9559516906738281,0.1875,1.841557910194397,0.29944,1.834482138824463,0.3038,-0.0043600000000000305,2574.6347827911377
same_updates,m_sam,32,,788,1.8716754913330078,0.25,1.8393786655426025,0.30082,1.8322344659805299,0.3072,-0.006379999999999997,2577.939103603363
same_updates,m_sam,32,,789,1.9588596820831299,0.21875,1.8360121447753905,0.3044,1.828540697669983,0.3107,-0.006299999999999972,2581.216680765152
same_updates,m_sam,32,,790,1.9270386695861816,0.1875,1.8342084515380859,0.3079,1.8265232536315918,0.313,-0.005099999999999993,2584.4966809749603
same_updates,m_sam,32,,791,1.7727627754211426,0.4375,1.8345386114501954,0.30816,1.8268844604492187,0.3143,-0.006140000000000034,2587.781353712082
same_updates,m_sam,32,,792,1.6541576385498047,0.375,1.8390333471298217,0.30434,1.8313937042236328,0.3149,-0.010560000000000014,2591.079362630844
same_updates,m_sam,32,,793,1.806697130203247,0.34375,1.843584358444214,0.30168,1.8360857345581054,0.3106,-0.008919999999999983,2594.3112502098083
same_updates,m_sam,32,,794,1.8545773029327393,0.34375,1.8547098265075683,0.2986,1.8476680313110352,0.3076,-0.009000000000000008,2597.6077647209167
same_updates,m_sam,32,,795,1.731884479522705,0.34375,1.8773447969055175,0.29306,1.8707102058410645,0.2985,-0.00544,2600.935118675232
same_updates,m_sam,32,,796,1.723609209060669,0.3125,1.9027217695617675,0.2856,1.896530965423584,0.2894,-0.00379999999999997,2604.1777651309967
same_updates,m_sam,32,,797,2.029191017150879,0.40625,1.9156247791290284,0.27918,1.9097245746612548,0.2805,-0.0013200000000000434,2607.4821441173553
same_updates,m_sam,32,,798,1.7893832921981812,0.28125,1.9164371546173096,0.27418,1.9106080921173096,0.273,0.0011799999999999589,2610.761693239212
same_updates,m_sam,32,,799,1.7851283550262451,0.25,1.8976147003936767,0.27736,1.8915140003204345,0.2761,0.0012599999999999834,2614.011119365692
same_updates,m_sam,32,,800,1.8197462558746338,0.375,1.8921543586730958,0.27982,1.8859687549591064,0.2791,0.0007199999999999984,2617.2898807525635
same_updates,m_sam,32,,801,1.910839557647705,0.34375,1.8775301081848144,0.288,1.8710554447174073,0.2874,0.0005999999999999894,2620.5784735679626
same_updates,m_sam,32,,802,1.8315503597259521,0.21875,1.859136149368286,0.29732,1.8521945037841796,0.2986,-0.0012800000000000034,2623.8819468021393
same_updates,m_sam,32,,803,1.8256336450576782,0.28125,1.845950456008911,0.30758,1.8385356718063355,0.3118,-0.0042200000000000015,2627.0624520778656
same_updates,m_sam,32,,804,1.9535853862762451,0.21875,1.8303996640014648,0.31596,1.822227068901062,0.3207,-0.0047399999999999665,2630.3447160720825
same_updates,m_sam,32,,805,1.6963891983032227,0.40625,1.822651933631897,0.32214,1.813958254814148,0.3296,-0.007460000000000022,2633.6534197330475
same_updates,m_sam,32,,806,1.730508804321289,0.3125,1.8202953118133545,0.3263,1.8111575733184815,0.3358,-0.009500000000000008,2636.9418652057648
same_updates,m_sam,32,,807,1.876368522644043,0.21875,1.8174755136108398,0.3299,1.8076206760406495,0.3406,-0.010699999999999987,2640.1661880016327
same_updates,m_sam,32,,808,1.9253640174865723,0.25,1.8163604125595092,0.33658,1.8059206691741942,0.3427,-0.006120000000000014,2643.4160776138306
same_updates,m_sam,32,,809,2.0119009017944336,0.0625,1.817026460838318,0.34454,1.806391494178772,0.3544,-0.00985999999999998,2646.694887638092
same_updates,m_sam,32,,810,1.859644889831543,0.53125,1.8152267235565185,0.34812,1.804893487739563,0.3569,-0.00878000000000001,2650.0172214508057
same_updates,m_sam,32,,811,1.7825887203216553,0.375,1.8145190441513062,0.3452,1.8047235046386718,0.3546,-0.00940000000000002,2653.2655358314514
same_updates,m_sam,32,,812,1.867012858390808,0.46875,1.8163946630477905,0.34228,1.8067460544586182,0.3512,-0.008920000000000039,2656.5483722686768
same_updates,m_sam,32,,813,1.7938270568847656,0.4375,1.8228994256973268,0.34092,1.8135011585235596,0.3501,-0.009180000000000021,2659.863498687744
same_updates,m_sam,32,,814,1.8895846605300903,0.375,1.8290791492462157,0.33902,1.8195869625091552,0.3462,-0.00718000000000002,2663.089182138443
same_updates,m_sam,32,,815,1.902463436126709,0.25,1.8362175005722046,0.33604,1.8266394954681398,0.3432,-0.00716,2666.3986077308655
same_updates,m_sam,32,,816,1.899247169494629,0.28125,1.8425800484466552,0.33428,1.8328117572784424,0.3402,-0.005919999999999981,2669.7182881832123
same_updates,m_sam,32,,817,2.0535595417022705,0.15625,1.849501830368042,0.33262,1.8397620315551757,0.3375,-0.0048799999999999955,2673.0365715026855
same_updates,m_sam,32,,818,1.8842720985412598,0.25,1.8508311029434203,0.32936,1.8413969081878663,0.3369,-0.007539999999999991,2676.3167803287506
same_updates,m_sam,32,,819,1.7813843488693237,0.375,1.8489300664520263,0.32578,1.839706056213379,0.3316,-0.005819999999999992,2679.583622455597
same_updates,m_sam,32,,820,1.7070415019989014,0.4375,1.846407032432556,0.31966,1.8373655517578125,0.3322,-0.012539999999999996,2682.8841891288757
same_updates,m_sam,32,,821,1.782804012298584,0.375,1.848448888206482,0.31418,1.8396415908813477,0.3237,-0.009519999999999973,2686.1434280872345
same_updates,m_sam,32,,822,1.8182713985443115,0.21875,1.8499584601211547,0.31332,1.8413835805892944,0.3232,-0.00988,2689.379123210907
same_updates,m_sam,32,,823,1.8680808544158936,0.34375,1.851711352996826,0.31372,1.8433450119018555,0.3234,-0.009680000000000022,2692.582943677902
same_updates,m_sam,32,,824,1.9064892530441284,0.21875,1.848076474533081,0.31872,1.8397447164535523,0.3295,-0.010780000000000012,2695.8637096881866
same_updates,m_sam,32,,825,1.6659420728683472,0.3125,1.8472928936004638,0.321,1.839098037147522,0.3307,-0.009699999999999986,2699.1203107833862
same_updates,m_sam,32,,826,2.054832696914673,0.34375,1.8464028399276733,0.32128,1.838286347579956,0.3305,-0.009220000000000006,2702.3951625823975
same_updates,m_sam,32,,827,1.9663766622543335,0.375,1.8477079950332642,0.3207,1.839660483932495,0.3279,-0.00720000000000004,2705.707253932953
same_updates,m_sam,32,,828,1.7622082233428955,0.34375,1.8486930444717407,0.32048,1.8406726655960084,0.33,-0.009520000000000028,2708.981079339981
same_updates,m_sam,32,,829,1.8645508289337158,0.25,1.8500924905776976,0.32088,1.8421184509277344,0.3277,-0.006819999999999993,2712.286769390106
same_updates,m_sam,32,,830,1.7980659008026123,0.40625,1.854275457763672,0.31576,1.8464135887145996,0.3219,-0.006140000000000034,2715.617411851883
same_updates,m_sam,32,,831,1.8600130081176758,0.25,1.8551678634643554,0.31402,1.847366859436035,0.3188,-0.004779999999999951,2718.9071695804596
same_updates,m_sam,32,,832,1.714172601699829,0.34375,1.8559597505950929,0.31216,1.8481897953033448,0.3145,-0.0023400000000000087,2722.2094209194183
same_updates,m_sam,32,,833,1.9827755689620972,0.34375,1.8463308242797851,0.31458,1.8381908855438231,0.3172,-0.0026199999999999557,2725.53231215477
same_updates,m_sam,32,,834,1.889909029006958,0.375,1.844112803993225,0.31624,1.8359522130966186,0.3181,-0.0018599999999999728,2728.835958003998
same_updates,m_sam,32,,835,1.8733413219451904,0.28125,1.845697070350647,0.31982,1.837664320755005,0.3211,-0.0012800000000000034,2732.118195772171
same_updates,m_sam,32,,836,1.696405053138733,0.53125,1.8502687606048585,0.32074,1.842389009284973,0.3217,-0.0009599999999999609,2735.370528936386
same_updates,m_sam,32,,837,1.9011776447296143,0.3125,1.8532049945449829,0.32356,1.8453156566619873,0.3243,-0.0007399999999999629,2738.698399066925
same_updates,m_sam,32,,838,1.7630842924118042,0.3125,1.8585822003555297,0.32354,1.850840386581421,0.3237,-0.00015999999999999348,2742.036680698395
same_updates,m_sam,32,,839,1.8196022510528564,0.125,1.857702056312561,0.32486,1.8498673542022706,0.3255,-0.0006400000000000294,2745.3567309379578
same_updates,m_sam,32,,840,1.717888355255127,0.28125,1.8594989852523804,0.32482,1.8518479858398438,0.3243,0.0005200000000000204,2748.5741760730743
same_updates,m_sam,32,,841,1.7317049503326416,0.5,1.8577294708251952,0.32092,1.8500122314453125,0.3212,-0.00028000000000000247,2751.8087470531464
same_updates,m_sam,32,,842,1.7667803764343262,0.40625,1.8553252453231812,0.31404,1.8474692615509034,0.315,-0.0009600000000000164,2755.0035021305084
same_updates,m_sam,32,,843,1.7681362628936768,0.40625,1.850906939125061,0.30764,1.8429830459594727,0.3112,-0.003559999999999952,2758.3022124767303
same_updates,m_sam,32,,844,1.7393308877944946,0.21875,1.850460740623474,0.30456,1.8426712291717529,0.3114,-0.006840000000000013,2761.6102290153503
same_updates,m_sam,32,,845,1.9389845132827759,0.25,1.8561483728027344,0.30194,1.8488203882217407,0.3075,-0.005560000000000009,2764.9014086723328
same_updates,m_sam,32,,846,2.0141916275024414,0.15625,1.85546373046875,0.3012,1.848345876121521,0.3085,-0.007299999999999973,2768.260089159012
same_updates,m_sam,32,,847,1.681325912475586,0.375,1.8611116052246093,0.3002,1.8543464668273926,0.3064,-0.006199999999999983,2771.57554602623
same_updates,m_sam,32,,848,1.7129963636398315,0.375,1.870381974029541,0.29678,1.8640032793045045,0.3022,-0.005420000000000036,2774.87909078598
same_updates,m_sam,32,,849,1.9118125438690186,0.1875,1.8777009926605224,0.29878,1.8716045387268065,0.3046,-0.005819999999999992,2778.1778893470764
same_updates,m_sam,32,,850,1.8809928894042969,0.25,1.8671459603881837,0.3111,1.8610004709243775,0.3182,-0.007099999999999995,2781.5244500637054
same_updates,m_sam,32,,851,1.8585374355316162,0.28125,1.84529322555542,0.32036,1.838642198562622,0.3297,-0.009340000000000015,2784.832544326782
same_updates,m_sam,32,,852,1.7848142385482788,0.40625,1.830440062866211,0.32726,1.8232416429519653,0.3367,-0.009440000000000004,2788.0712761878967
same_updates,m_sam,32,,853,1.841625690460205,0.40625,1.8201865747070312,0.33214,1.8124759273529052,0.3393,-0.00716,2791.405540704727
same_updates,m_sam,32,,854,1.7935123443603516,0.34375,1.813688989830017,0.33554,1.8055560205459595,0.344,-0.008459999999999968,2794.7209796905518
same_updates,m_sam,32,,855,2.0847206115722656,0.3125,1.810013070716858,0.33772,1.8014876934051514,0.3451,-0.007379999999999998,2798.021656036377
same_updates,m_sam,32,,856,1.8261903524398804,0.3125,1.8079180661773682,0.33712,1.7987971466064454,0.3472,-0.010080000000000033,2801.3402183055878
same_updates,m_sam,32,,857,1.9636237621307373,0.28125,1.8079860467910767,0.33808,1.7983781267166137,0.3477,-0.009620000000000017,2804.636382818222
same_updates,m_sam,32,,858,1.6518809795379639,0.375,1.8077196368408204,0.33836,1.7979255813598634,0.3481,-0.009740000000000026,2807.964355945587
same_updates,m_sam,32,,859,2.104004383087158,0.3125,1.8073380520629883,0.33836,1.7976400470733642,0.3478,-0.009440000000000004,2811.319498538971
same_updates,m_sam,32,,860,1.979649543762207,0.3125,1.8077075229263306,0.33656,1.7983629905700684,0.3452,-0.008639999999999981,2814.6740028858185
same_updates,m_sam,32,,861,1.8550753593444824,0.40625,1.8166500756454467,0.3317,1.8080817991256715,0.3382,-0.006500000000000006,2818.0009291172028
same_updates,m_sam,32,,862,2.0134987831115723,0.34375,1.8343175677108765,0.32124,1.8263100872039795,0.3276,-0.006359999999999977,2821.3079640865326
same_updates,m_sam,32,,863,1.8805876970291138,0.3125,1.8532773470687867,0.31278,1.8455085205078126,0.3183,-0.005520000000000025,2824.6087152957916
same_updates,m_sam,32,,864,1.8731083869934082,0.28125,1.885865941543579,0.30166,1.8784734281539917,0.3075,-0.005840000000000012,2827.9557032585144
same_updates,m_sam,32,,865,1.7844915390014648,0.46875,1.9005181928253174,0.29758,1.8934523012161255,0.3027,-0.005120000000000013,2831.213897228241
same_updates,m_sam,32,,866,1.6840324401855469,0.3125,1.905309835281372,0.2973,1.8985438819885254,0.3021,-0.004799999999999971,2834.4996407032013
same_updates,m_sam,32,,867,1.9602898359298706,0.1875,1.8845465729522706,0.30444,1.8778365070343017,0.3079,-0.0034600000000000186,2837.8069126605988
same_updates,m_sam,32,,868,1.8296529054641724,0.4375,1.8568226098251344,0.3142,1.8500067367553712,0.3187,-0.004500000000000004,2841.069822072983
same_updates,m_sam,32,,869,1.7344598770141602,0.3125,1.8382215448760986,0.32088,1.8313915641784668,0.3254,-0.004520000000000024,2844.330961227417
same_updates,m_sam,32,,870,1.9723091125488281,0.28125,1.8312485818099975,0.32108,1.8243608867645265,0.3264,-0.005320000000000047,2847.5771403312683
same_updates,m_sam,32,,871,2.0210719108581543,0.15625,1.8304639755630494,0.32088,1.8233668863296508,0.325,-0.0041200000000000125,2850.854068517685
same_updates,m_sam,32,,872,1.998448371887207,0.28125,1.8372944689178468,0.3178,1.8302222944259643,0.3222,-0.0043999999999999595,2854.1538076400757
same_updates,m_sam,32,,873,1.8555105924606323,0.21875,1.8395101494979857,0.31856,1.8322865076065062,0.324,-0.00544,2857.476505279541
same_updates,m_sam,32,,874,1.7866101264953613,0.1875,1.8433232733535767,0.31832,1.836199560546875,0.3264,-0.008080000000000032,2860.748153448105
same_updates,m_sam,32,,875,2.022822141647339,0.25,1.8436653784942627,0.3172,1.8365326179504395,0.3251,-0.007900000000000018,2863.983519554138
same_updates,m_sam,32,,876,1.8648664951324463,0.34375,1.8437871014022826,0.31726,1.836659300994873,0.3257,-0.008440000000000003,2867.240403175354
same_updates,m_sam,32,,877,1.7326221466064453,0.40625,1.8522298691558838,0.3134,1.8455731674194336,0.3221,-0.008699999999999986,2870.5133974552155
same_updates,m_sam,32,,878,1.9035849571228027,0.28125,1.8647760797119142,0.30698,1.8584610961914063,0.3163,-0.00932000000000005,2873.78604888916
same_updates,m_sam,32,,879,1.95833420753479,0.1875,1.8761858463287353,0.29976,1.869961325263977,0.31,-0.010239999999999971,2877.096559047699
same_updates,m_sam,32,,880,2.0422234535217285,0.21875,1.8860799166107178,0.29508,1.8799083335876465,0.2995,-0.0044199999999999795,2880.380956888199
same_updates,m_sam,32,,881,1.7952251434326172,0.34375,1.8992920890808105,0.2879,1.8929849559783936,0.2893,-0.0014000000000000123,2883.647661924362
same_updates,m_sam,32,,882,1.8470878601074219,0.3125,1.9103115977478027,0.28328,1.9037929176330566,0.2849,-0.0016200000000000103,2886.9405341148376
same_updates,m_sam,32,,883,1.762542963027954,0.34375,1.9151203465270996,0.28036,1.908256632423401,0.2807,-0.00034000000000000696,2890.2544882297516
same_updates,m_sam,32,,884,1.8851256370544434,0.34375,1.9170738391113282,0.28012,1.909924378967285,0.2822,-0.0020800000000000263,2893.542217731476
same_updates,m_sam,32,,885,1.812880516052246,0.3125,1.9135862107849122,0.28232,1.9062256301879883,0.2833,-0.0009799999999999809,2896.7925522327423
same_updates,m_sam,32,,886,1.6840927600860596,0.5,1.916219740524292,0.28178,1.9089281513214111,0.2813,0.00047999999999998044,2900.11491727829
same_updates,m_sam,32,,887,2.194457530975342,0.15625,1.9207856419372558,0.28064,1.9139359622955323,0.2797,0.0009399999999999964,2903.3341059684753
same_updates,m_sam,32,,888,2.081289291381836,0.125,1.902830615081787,0.28626,1.8958733966827392,0.2859,0.00036000000000002697,2906.6120665073395
same_updates,m_sam,32,,889,1.9876430034637451,0.375,1.8802831805801392,0.29356,1.8731065906524658,0.2952,-0.0016400000000000303,2909.8342542648315
same_updates,m_sam,32,,890,1.976311445236206,0.25,1.8580934015274049,0.3008,1.8505350835800172,0.3033,-0.0025000000000000022,2913.0479879379272
same_updates,m_sam,32,,891,1.8909492492675781,0.28125,1.8376712408065796,0.30878,1.8294819412231444,0.3153,-0.006520000000000026,2916.312164783478
same_updates,m_sam,32,,892,1.7586472034454346,0.40625,1.8329234307861328,0.31212,1.8245125289916992,0.317,-0.0048799999999999955,2919.605875015259
same_updates,m_sam,32,,893,1.7526640892028809,0.40625,1.8316046478652954,0.3121,1.822584404373169,0.3173,-0.005200000000000038,2922.9144537448883
same_updates,m_sam,32,,894,1.8336741924285889,0.28125,1.834667440185547,0.31052,1.8252601066589356,0.3182,-0.007679999999999965,2926.2224102020264
same_updates,m_sam,32,,895,1.9924380779266357,0.21875,1.843045980873108,0.308,1.8334126670837403,0.3194,-0.011400000000000021,2929.498462200165
same_updates,m_sam,32,,896,1.9761509895324707,0.1875,1.850721785545349,0.30566,1.84100185546875,0.3179,-0.012240000000000029,2932.822635412216
same_updates,m_sam,32,,897,1.9640944004058838,0.21875,1.8553586223602294,0.30534,1.8454875690460204,0.3154,-0.010060000000000013,2936.0876200199127
same_updates,m_sam,32,,898,1.953686237335205,0.25,1.8545783834075928,0.31382,1.8447007568359375,0.325,-0.011180000000000023,2939.35187292099
same_updates,m_sam,32,,899,1.9583576917648315,0.28125,1.8491999526977538,0.32294,1.8396767738342286,0.3345,-0.011560000000000015,2942.5763223171234
same_updates,m_sam,32,,900,1.9873987436294556,0.34375,1.8444852965545655,0.3262,1.835314684677124,0.3425,-0.016300000000000037,2945.8647677898407
same_updates,m_sam,32,,901,1.8183236122131348,0.375,1.8401441753768921,0.32862,1.8314293403625488,0.3413,-0.012679999999999969,2949.1005566120148
same_updates,m_sam,32,,902,1.8130288124084473,0.4375,1.8403834823989869,0.32686,1.8320029621124267,0.3387,-0.011840000000000017,2952.389320373535
same_updates,m_sam,32,,903,1.9217791557312012,0.21875,1.8469674060821533,0.32462,1.8390653078079224,0.3342,-0.009579999999999977,2955.680501461029
same_updates,m_sam,32,,904,1.9948363304138184,0.3125,1.853847293319702,0.32226,1.8462683197021483,0.3283,-0.00603999999999999,2958.983931541443
same_updates,m_sam,32,,905,1.7470948696136475,0.25,1.8638322388076782,0.32132,1.8566892402648927,0.3256,-0.004280000000000006,2962.240754365921
same_updates,m_sam,32,,906,1.932713270187378,0.3125,1.8715899035263062,0.32318,1.8648989738464354,0.3274,-0.0042200000000000015,2965.5351932048798
same_updates,m_sam,32,,907,2.013428211212158,0.28125,1.8892986790466308,0.32314,1.8832128826141357,0.3268,-0.0036599999999999966,2968.837961435318
same_updates,m_sam,32,,908,1.9304388761520386,0.3125,1.8995929122924804,0.32328,1.8939269298553467,0.3261,-0.002819999999999989,2972.131012439728
same_updates,m_sam,32,,909,1.9179351329803467,0.3125,1.9174700042724608,0.31638,1.9120599306106567,0.3212,-0.004819999999999991,2975.3705916404724
same_updates,m_sam,32,,910,1.857257604598999,0.375,1.9228795513153076,0.31336,1.9174362560272218,0.3204,-0.007039999999999991,2978.702475786209
same_updates,m_sam,32,,911,1.9062514305114746,0.21875,1.915059344329834,0.31398,1.9094895977020263,0.3198,-0.005819999999999992,2981.9718358516693
same_updates,m_sam,32,,912,1.9294533729553223,0.28125,1.9022855723571777,0.31576,1.8966745840072632,0.3233,-0.007539999999999991,2985.2283256053925
same_updates,m_sam,32,,913,1.7145354747772217,0.5,1.880446322479248,0.31854,1.874653101348877,0.3293,-0.010759999999999992,2988.478182077408
same_updates,m_sam,32,,914,1.8665684461593628,0.4375,1.8531422259902954,0.32316,1.8469086267471313,0.3322,-0.009039999999999992,2991.7854421138763
same_updates,m_sam,32,,915,1.891465187072754,0.34375,1.8354251056289672,0.32604,1.8285713821411134,0.3346,-0.008560000000000012,2995.092362165451
same_updates,m_sam,32,,916,1.8756275177001953,0.40625,1.8290234436416626,0.32694,1.8216356872558594,0.3353,-0.008359999999999979,2998.2842812538147
same_updates,m_sam,32,,917,1.991166591644287,0.34375,1.8284941371917725,0.32778,1.8208840593338014,0.3386,-0.010819999999999996,3001.5966169834137
same_updates,m_sam,32,,918,1.8521316051483154,0.21875,1.829939154624939,0.32944,1.8223903200149536,0.3364,-0.006959999999999966,3004.8900706768036
same_updates,m_sam,32,,919,1.9051328897476196,0.28125,1.8309218621444703,0.3274,1.8233301345825195,0.3328,-0.00539999999999996,3008.18230175972
same_updates,m_sam,32,,920,1.9574987888336182,0.25,1.8322296788787842,0.32542,1.8247555822372437,0.3341,-0.008680000000000021,3011.4710359573364
same_updates,m_sam,32,,921,1.9712798595428467,0.25,1.8389544878387452,0.31926,1.8317972995758056,0.3294,-0.010140000000000038,3014.7566196918488
same_updates,m_sam,32,,922,1.8695416450500488,0.3125,1.848653005065918,0.31254,1.8418235862731933,0.3243,-0.011759999999999993,3018.0879158973694
same_updates,m_sam,32,,923,1.9020966291427612,0.3125,1.8514029083633423,0.30642,1.8447654859542846,0.3168,-0.01038,3021.3137826919556
same_updates,m_sam,32,,924,1.8408446311950684,0.28125,1.854297283630371,0.30208,1.8477910556793213,0.3106,-0.008519999999999972,3024.5820655822754
same_updates,m_sam,32,,925,2.0398528575897217,0.15625,1.854831689453125,0.3019,1.8485680408477783,0.3093,-0.007400000000000018,3027.812932729721
same_updates,m_sam,32,,926,1.8459043502807617,0.25,1.849497446861267,0.30602,1.8434823308944701,0.3117,-0.005679999999999963,3031.0990583896637
same_updates,m_sam,32,,927,1.9074888229370117,0.1875,1.8421103162384034,0.31404,1.8362195129394532,0.3205,-0.006460000000000021,3034.397287607193
same_updates,m_sam,32,,928,1.9209837913513184,0.28125,1.8325183892822265,0.31536,1.8263313369750978,0.3233,-0.007940000000000003,3037.6494677066803
same_updates,m_sam,32,,929,1.780655860900879,0.34375,1.827812221031189,0.31846,1.8212867227554321,0.3206,-0.0021399999999999753,3040.8958551883698
same_updates,m_sam,32,,930,1.6184751987457275,0.375,1.8255861944198608,0.32198,1.8188468132019042,0.3233,-0.0013199999999999878,3044.228343486786
same_updates,m_sam,32,,931,1.6267575025558472,0.4375,1.8240933576202392,0.32584,1.8170703540802002,0.3277,-0.0018599999999999728,3047.5110733509064
same_updates,m_sam,32,,932,1.882385492324829,0.25,1.821591434364319,0.32732,1.8141231719970703,0.3317,-0.004379999999999995,3050.8029141426086
same_updates,m_sam,32,,933,1.7261935472488403,0.375,1.8199990502166747,0.32564,1.8121895435333253,0.3312,-0.005560000000000009,3054.0481848716736
same_updates,m_sam,32,,934,1.7460379600524902,0.3125,1.8182636017608642,0.32556,1.8102450885772705,0.3307,-0.005139999999999978,3057.29754281044
same_updates,m_sam,32,,935,1.7576637268066406,0.3125,1.8204476280975341,0.32248,1.81234506149292,0.3281,-0.005620000000000014,3060.574261188507
same_updates,m_sam,32,,936,1.9713315963745117,0.1875,1.822167758102417,0.32402,1.8138399696350098,0.3273,-0.003280000000000005,3063.8559880256653
same_updates,m_sam,32,,937,1.7720290422439575,0.34375,1.8221475689697266,0.32478,1.8132672752380372,0.3265,-0.0017199999999999993,3067.131761074066
same_updates,m_sam,32,,938,1.807926893234253,0.1875,1.8275654921722413,0.32202,1.8182573806762696,0.3223,-0.00028000000000000247,3070.368909597397
same_updates,m_sam,32,,939,1.7028257846832275,0.34375,1.8321663648223876,0.3208,1.8225800870895386,0.3211,-0.00030000000000002247,3073.67214179039
same_updates,m_sam,32,,940,1.9026541709899902,0.25,1.8383612302017212,0.31776,1.8286456800460815,0.3185,-0.0007400000000000184,3076.9158005714417
same_updates,m_sam,32,,941,1.9060392379760742,0.25,1.8415708560562134,0.31742,1.8319536811828614,0.3177,-0.00028000000000000247,3080.229330301285
same_updates,m_sam,32,,942,1.664586067199707,0.375,1.842202497253418,0.32,1.8328927131652832,0.3209,-0.0009000000000000119,3083.493208885193
same_updates,m_sam,32,,943,1.8338311910629272,0.3125,1.8430511288833618,0.32328,1.8341228401184082,0.3234,-0.00012000000000000899,3086.695417881012
same_updates,m_sam,32,,944,1.9648158550262451,0.25,1.8433223431396484,0.3244,1.8346939579010009,0.3251,-0.0006999999999999784,3089.915706396103
same_updates,m_sam,32,,945,1.8096489906311035,0.3125,1.8435105585098266,0.32464,1.835384415626526,0.3251,-0.00046000000000001595,3093.161256790161
same_updates,m_sam,32,,946,1.8290609121322632,0.28125,1.8466900635147094,0.32454,1.838886336517334,0.3261,-0.0015600000000000058,3096.4142501354218
same_updates,m_sam,32,,947,1.6196260452270508,0.5,1.8549570831680298,0.31854,1.847466309928894,0.327,-0.008460000000000023,3099.682105064392
same_updates,m_sam,32,,948,1.9125992059707642,0.25,1.8603355321884156,0.31324,1.8531962902069092,0.3234,-0.010160000000000002,3102.93634724617
same_updates,m_sam,32,,949,2.1009602546691895,0.15625,1.8545616863632202,0.31394,1.8475121786117554,0.32,-0.00606000000000001,3106.204414367676
same_updates,m_sam,32,,950,2.013788938522339,0.125,1.8500460598754882,0.3153,1.8431626375198364,0.3225,-0.007199999999999984,3109.54140996933
same_updates,m_sam,32,,951,1.9204905033111572,0.25,1.8425462176513672,0.3183,1.8358522426605224,0.324,-0.005699999999999983,3112.748018026352
same_updates,m_sam,32,,952,1.9090240001678467,0.25,1.8292477730560304,0.3235,1.8225804298400878,0.3294,-0.005900000000000016,3116.031216621399
same_updates,m_sam,32,,953,1.7397537231445312,0.28125,1.8154541512298583,0.3307,1.8087317916870118,0.3374,-0.006699999999999984,3119.275175333023
same_updates,m_sam,32,,954,1.9640425443649292,0.21875,1.8093135559082032,0.33592,1.8027900270462036,0.3447,-0.00878000000000001,3122.5503039360046
same_updates,m_sam,32,,955,1.8506101369857788,0.28125,1.8043929164886474,0.34238,1.7979955881118774,0.3499,-0.007519999999999971,3125.824699640274
same_updates,m_sam,32,,956,1.7997746467590332,0.40625,1.8035834826278687,0.345,1.79743213596344,0.3533,-0.00830000000000003,3129.126027584076
same_updates,m_sam,32,,957,1.8575116395950317,0.34375,1.8102852517318726,0.34486,1.8046837501525879,0.3508,-0.005940000000000001,3132.4303460121155
same_updates,m_sam,32,,958,1.9308878183364868,0.3125,1.8091877255249023,0.34046,1.8034787601470947,0.3477,-0.007240000000000024,3135.7340171337128
same_updates,m_sam,32,,959,1.8105764389038086,0.1875,1.8090034268569946,0.33544,1.8031162590026855,0.3418,-0.006359999999999977,3139.012608766556
same_updates,m_sam,32,,960,1.741581916809082,0.375,1.8139670038223266,0.3309,1.8081531188964843,0.3336,-0.00269999999999998,3142.2921102046967
same_updates,m_sam,32,,961,1.81790292263031,0.3125,1.8190783292388917,0.32658,1.8132851987838745,0.3295,-0.0029200000000000337,3145.5362782478333
same_updates,m_sam,32,,962,1.895328402519226,0.375,1.8244596068572998,0.32232,1.8186108921051025,0.3233,-0.0009799999999999809,3148.8556332588196
same_updates,m_sam,32,,963,1.799129605293274,0.34375,1.8335883539199829,0.32012,1.8280242929458619,0.3219,-0.0017800000000000038,3152.137110233307
same_updates,m_sam,32,,964,1.9503144025802612,0.28125,1.8403764401245117,0.31744,1.83490304145813,0.3178,-0.00036000000000002697,3155.439483642578
same_updates,m_sam,32,,965,1.8654513359069824,0.3125,1.8486774446868897,0.3122,1.8432322122573852,0.3114,0.0007999999999999674,3158.6678218841553
same_updates,m_sam,32,,966,1.862896203994751,0.1875,1.854610742149353,0.30854,1.8490252990722655,0.3087,-0.00015999999999999348,3161.9177174568176
same_updates,m_sam,32,,967,1.8458088636398315,0.25,1.8612277716445922,0.30504,1.8556301517486573,0.3038,0.0012399999999999634,3165.2141671180725
same_updates,m_sam,32,,968,1.9678747653961182,0.25,1.8623383154678346,0.30716,1.8565798151016235,0.3073,-0.000140000000000029,3168.482695579529
same_updates,m_sam,32,,969,1.9307860136032104,0.3125,1.8644732238388062,0.30978,1.8585512376785278,0.3086,0.0011800000000000144,3171.70201420784
same_updates,m_sam,32,,970,1.8116118907928467,0.25,1.8681904535293579,0.31008,1.8622431854248047,0.3098,0.00028000000000000247,3175.002916574478
same_updates,m_sam,32,,971,1.7772901058197021,0.34375,1.872672840614319,0.30768,1.8667018077850341,0.3076,8.00000000000245e-05,3178.2954573631287
same_updates,m_sam,32,,972,1.8976719379425049,0.375,1.8796002446746827,0.30628,1.8736495849609376,0.3037,0.002579999999999971,3181.577182531357
same_updates,m_sam,32,,973,1.8933838605880737,0.25,1.8840161883544921,0.30524,1.8779155361175537,0.3027,0.0025399999999999867,3184.8489968776703
same_updates,m_sam,32,,974,1.7272398471832275,0.28125,1.893095635986328,0.3014,1.8869994693756102,0.3011,0.00030000000000002247,3188.0460460186005
same_updates,m_sam,32,,975,1.958963394165039,0.3125,1.8913586578369141,0.3047,1.8854226776123046,0.3055,-0.0007999999999999674,3191.3113968372345
same_updates,m_sam,32,,976,1.930000901222229,0.375,1.8753856338882446,0.31212,1.869345121383667,0.3142,-0.0020799999999999708,3194.579622745514
same_updates,m_sam,32,,977,1.7227767705917358,0.5,1.855710983352661,0.3172,1.8495141067504883,0.3226,-0.005400000000000016,3197.86802816391
same_updates,m_sam,32,,978,1.72030508518219,0.34375,1.8391792099380493,0.3253,1.832799808883667,0.3322,-0.006900000000000017,3201.1462364196777
same_updates,m_sam,32,,979,2.0358080863952637,0.25,1.8202475482940674,0.3307,1.8132628643035889,0.3416,-0.01090000000000002,3204.443906545639
same_updates,m_sam,32,,980,1.7143149375915527,0.28125,1.8055290027236939,0.3365,1.797703447341919,0.3443,-0.007799999999999974,3207.7591853141785
same_updates,m_sam,32,,981,1.7251269817352295,0.375,1.8004383032608031,0.33852,1.7920515880584718,0.3447,-0.006180000000000019,3211.0852925777435
same_updates,m_sam,32,,982,1.905271053314209,0.15625,1.798790591392517,0.3404,1.7899748323440552,0.3451,-0.0047000000000000375,3214.4074642658234
same_updates,m_sam,32,,983,1.8254027366638184,0.3125,1.7988013238906861,0.34088,1.789745064163208,0.3473,-0.006419999999999981,3217.719568967819
same_updates,m_sam,32,,984,1.794617772102356,0.375,1.8000073810577393,0.33986,1.7908856033325196,0.3465,-0.006639999999999979,3220.985979318619
same_updates,m_sam,32,,985,1.886993408203125,0.3125,1.8010900548934936,0.33738,1.7920901344299316,0.3468,-0.009419999999999984,3224.304863214493
same_updates,m_sam,32,,986,1.7874438762664795,0.25,1.8028961801910401,0.33764,1.7938878757476806,0.3466,-0.008960000000000024,3227.605562210083
same_updates,m_sam,32,,987,1.9655723571777344,0.21875,1.8021648656463622,0.34,1.792954537010193,0.3491,-0.009099999999999997,3230.860738515854
same_updates,m_sam,32,,988,1.8966071605682373,0.28125,1.8019509674453735,0.34032,1.792170227432251,0.348,-0.007679999999999965,3234.1670157909393
same_updates,m_sam,32,,989,1.9442453384399414,0.25,1.8021152117538453,0.34166,1.7916492748260497,0.3491,-0.007440000000000002,3237.4463222026825
same_updates,m_sam,32,,990,1.8729956150054932,0.21875,1.8027487606811523,0.34018,1.791891883468628,0.3491,-0.008920000000000039,3240.751574277878
same_updates,m_sam,32,,991,1.9647961854934692,0.25,1.803671891555786,0.3383,1.7929195949554444,0.3456,-0.007300000000000029,3244.024837732315
same_updates,m_sam,32,,992,1.8324148654937744,0.34375,1.8063805661010741,0.3367,1.795844839477539,0.3424,-0.005699999999999983,3247.2204179763794
same_updates,m_sam,32,,993,1.6754281520843506,0.46875,1.8114464873504639,0.33428,1.8015319856643677,0.339,-0.004720000000000002,3250.4794907569885
same_updates,m_sam,32,,994,1.6810712814331055,0.375,1.8201679671478272,0.33298,1.8110986701965333,0.3343,-0.0013199999999999878,3253.7807257175446
same_updates,m_sam,32,,995,1.9259507656097412,0.40625,1.8304529572296142,0.32674,1.8223795986175537,0.3272,-0.00046000000000001595,3257.0673751831055
same_updates,m_sam,32,,996,1.9180347919464111,0.21875,1.8385226428604127,0.32468,1.831036957550049,0.3245,0.00018000000000001348,3260.3718161582947
same_updates,m_sam,32,,997,1.9252960681915283,0.28125,1.8400952584075927,0.32444,1.8329036069869995,0.3248,-0.00035999999999997145,3263.681455373764
same_updates,m_sam,32,,998,1.8880069255828857,0.3125,1.8380739569854736,0.3244,1.8311465068817139,0.3247,-0.00029999999999996696,3267.0274822711945
same_updates,m_sam,32,,999,1.7766978740692139,0.34375,1.8311833489608764,0.32634,1.8242388288497924,0.3246,0.0017400000000000193,3270.3437144756317
same_updates,m_sam,32,,1000,1.7978512048721313,0.28125,1.8244083740234376,0.32746,1.8175152088165283,0.3274,5.999999999994898e-05,3273.6009798049927
