comparison,method,m,epoch,update,train_loss_step,train_acc_step,train_eval_loss,train_eval_acc,test_loss,test_acc,generalization_gap,elapsed_sec
same_updates,sgd,,,1,2.487009048461914,0.09375,2.4461919035339355,0.1,2.444916912841797,0.0992,0.000800000000000009,4.210756063461304
same_updates,sgd,,,2,2.502904176712036,0.046875,2.3700559033203126,0.0905,2.368429218292236,0.092,-0.0015000000000000013,7.463080644607544
same_updates,sgd,,,3,2.368720769882202,0.1171875,2.3804342504119873,0.09622,2.3782252044677734,0.0991,-0.0028799999999999937,10.660461664199829
same_updates,sgd,,,4,2.4091923236846924,0.109375,2.397803120574951,0.09722,2.3952014350891115,0.0962,0.001020000000000007,13.846447706222534
same_updates,sgd,,,5,2.431476593017578,0.078125,2.3983154809570313,0.1061,2.395560827255249,0.1085,-0.0023999999999999994,17.065913438796997
same_updates,sgd,,,6,2.417269229888916,0.0703125,2.3879106634521485,0.09908,2.3853415370941162,0.0982,0.0008800000000000058,20.28488326072693
same_updates,sgd,,,7,2.4331672191619873,0.0703125,2.3605472930145264,0.10014,2.358626066970825,0.0999,0.0002400000000000041,23.48372769355774
same_updates,sgd,,,8,2.345879077911377,0.109375,2.323675592498779,0.11958,2.3221513160705567,0.1193,0.00028000000000000247,26.73875069618225
same_updates,sgd,,,9,2.3447084426879883,0.109375,2.28188655960083,0.14966,2.280910177612305,0.1483,0.00136,29.977294206619263
same_updates,sgd,,,10,2.3234806060791016,0.1328125,2.271499940338135,0.15224,2.2709159912109373,0.1519,0.0003399999999999792,33.22517514228821
same_updates,sgd,,,11,2.2731504440307617,0.125,2.2882387590026854,0.14248,2.2878300369262696,0.1398,0.002679999999999988,36.389678955078125
same_updates,sgd,,,12,2.2410454750061035,0.1328125,2.3197434047698975,0.15604,2.3192795959472656,0.16,-0.003959999999999991,39.59165167808533
same_updates,sgd,,,13,2.3216657638549805,0.1640625,2.327317427520752,0.17086,2.3266165954589844,0.1743,-0.0034399999999999986,42.80078935623169
same_updates,sgd,,,14,2.3541150093078613,0.1953125,2.298587701950073,0.1857,2.2975677589416503,0.1838,0.0019000000000000128,46.04362106323242
same_updates,sgd,,,15,2.308000326156616,0.171875,2.2514975897216796,0.19338,2.2492748798370363,0.1964,-0.003019999999999995,49.295825481414795
same_updates,sgd,,,16,2.285459280014038,0.1796875,2.2146079334259032,0.18328,2.211654997253418,0.1859,-0.002620000000000011,52.54634976387024
same_updates,sgd,,,17,2.2313790321350098,0.1640625,2.2009488682556153,0.17732,2.1978061759948733,0.1748,0.0025199999999999945,55.79230546951294
same_updates,sgd,,,18,2.229330062866211,0.1640625,2.2076426582336426,0.17348,2.2046889862060546,0.1731,0.00037999999999999146,59.0417594909668
same_updates,sgd,,,19,2.201547145843506,0.203125,2.2124912030029296,0.1856,2.2095952995300294,0.1822,0.0033999999999999864,62.317909479141235
same_updates,sgd,,,20,2.214874267578125,0.171875,2.2104914517211913,0.17662,2.207453341293335,0.1762,0.0004200000000000037,65.56038069725037
same_updates,sgd,,,21,2.2556724548339844,0.1796875,2.194646756515503,0.17886,2.191470713996887,0.1816,-0.00274000000000002,68.79682493209839
same_updates,sgd,,,22,2.217608690261841,0.1796875,2.1654467004394533,0.20112,2.161831952857971,0.1966,0.004519999999999996,72.03988671302795
same_updates,sgd,,,23,2.2202677726745605,0.109375,2.14744602104187,0.21786,2.144153373146057,0.2188,-0.0009399999999999964,75.22818422317505
same_updates,sgd,,,24,2.1566286087036133,0.234375,2.156860540313721,0.20358,2.1543810533523557,0.208,-0.0044199999999999795,78.48500776290894
same_updates,sgd,,,25,2.173274040222168,0.2109375,2.1849572135925293,0.17934,2.1830175868988038,0.1825,-0.003159999999999996,81.68102097511292
same_updates,sgd,,,26,2.195805072784424,0.1875,2.2171875566101074,0.16348,2.2156207511901855,0.1668,-0.0033200000000000174,84.93840742111206
same_updates,sgd,,,27,2.1831345558166504,0.1875,2.206556529083252,0.16758,2.204327350616455,0.1678,-0.00021999999999999797,88.14581441879272
same_updates,sgd,,,28,2.160825729370117,0.2578125,2.1766876667785646,0.18712,2.173025126647949,0.1875,-0.00037999999999999146,91.33722352981567
same_updates,sgd,,,29,2.1089320182800293,0.2578125,2.160934100418091,0.20632,2.1566906169891356,0.2066,-0.00028000000000000247,94.53496384620667
same_updates,sgd,,,30,2.231964588165283,0.1171875,2.137704186401367,0.21544,2.1325905551910402,0.2194,-0.003960000000000019,97.738450050354
same_updates,sgd,,,31,2.0853796005249023,0.2109375,2.1407490625,0.21284,2.1363960838317873,0.2143,-0.001459999999999989,100.98031449317932
same_updates,sgd,,,32,2.0583667755126953,0.2734375,2.1523778302001952,0.21936,2.1486339168548585,0.2177,0.0016599999999999948,104.12981224060059
same_updates,sgd,,,33,2.0847041606903076,0.2734375,2.1610409101867676,0.21544,2.157297525024414,0.2122,0.003239999999999993,107.3468267917633
same_updates,sgd,,,34,2.1723031997680664,0.2421875,2.1379270031738282,0.22394,2.132666457748413,0.2257,-0.0017600000000000116,110.43259835243225
same_updates,sgd,,,35,2.254701852798462,0.1953125,2.108539740524292,0.23848,2.102106462097168,0.2447,-0.006220000000000003,113.67559361457825
same_updates,sgd,,,36,2.1460142135620117,0.1875,2.0861389404296875,0.23226,2.079529567337036,0.2328,-0.0005400000000000127,116.82774257659912
same_updates,sgd,,,37,2.1385369300842285,0.1875,2.089390418243408,0.22684,2.083237957954407,0.2298,-0.0029599999999999904,120.0271999835968
same_updates,sgd,,,38,2.128830909729004,0.25,2.09615232925415,0.21674,2.090420079612732,0.2212,-0.0044600000000000195,123.22196912765503
same_updates,sgd,,,39,2.0939927101135254,0.203125,2.1031113262939454,0.20836,2.09765895652771,0.2124,-0.004040000000000016,126.46150517463684
same_updates,sgd,,,40,2.18430495262146,0.171875,2.0700013591766355,0.2263,2.0645883039474486,0.232,-0.005700000000000011,129.66507029533386
same_updates,sgd,,,41,2.1237523555755615,0.171875,2.0391795571899416,0.2317,2.0332913284301757,0.2392,-0.007500000000000007,132.90436816215515
same_updates,sgd,,,42,2.048642158508301,0.2734375,2.0300821715545654,0.24966,2.0234670028686526,0.2558,-0.006140000000000034,136.11166501045227
same_updates,sgd,,,43,2.049940586090088,0.2265625,2.046471558685303,0.23586,2.039436864852905,0.2367,-0.0008400000000000074,139.38491201400757
same_updates,sgd,,,44,2.0570433139801025,0.2265625,2.0771112480926512,0.2184,2.0708377990722657,0.22,-0.0015999999999999903,142.57299208641052
same_updates,sgd,,,45,2.1980981826782227,0.171875,2.0748447371673584,0.23122,2.0702958419799806,0.2335,-0.0022800000000000042,145.81882643699646
same_updates,sgd,,,46,2.173086166381836,0.203125,2.067018279953003,0.24106,2.0645258722305297,0.2397,0.00136,149.05047464370728
same_updates,sgd,,,47,2.1075491905212402,0.2578125,2.069661890716553,0.23324,2.067742919540405,0.2342,-0.0009599999999999886,152.26402473449707
same_updates,sgd,,,48,2.05204701423645,0.2265625,2.0577656428527833,0.23942,2.05529799118042,0.2428,-0.003379999999999994,155.51938152313232
same_updates,sgd,,,49,2.0436339378356934,0.234375,2.0425436100769043,0.23834,2.0395046638488767,0.2404,-0.0020600000000000063,158.75810074806213
same_updates,sgd,,,50,2.195732593536377,0.2109375,2.026200399169922,0.23918,2.021937223815918,0.2423,-0.003119999999999984,161.93046760559082
same_updates,sgd,,,51,2.153285503387451,0.1796875,2.005978206863403,0.247,2.0005792764663695,0.2535,-0.006500000000000006,165.20300149917603
same_updates,sgd,,,52,2.121706247329712,0.1796875,1.9906331413269043,0.26178,1.9843216369628907,0.2686,-0.006819999999999993,168.41113257408142
same_updates,sgd,,,53,2.0895209312438965,0.2265625,1.9886357939910888,0.25164,1.9818298555374145,0.2556,-0.003960000000000019,171.66869831085205
same_updates,sgd,,,54,2.065293073654175,0.234375,1.9965557772064209,0.24708,1.9904239990234376,0.2556,-0.00852,174.9298710823059
same_updates,sgd,,,55,1.9453155994415283,0.2421875,2.02543124420166,0.24898,2.021096390914917,0.2547,-0.005719999999999975,178.1318919658661
same_updates,sgd,,,56,2.0727715492248535,0.1640625,2.0471714543151855,0.25486,2.0442457763671875,0.262,-0.007140000000000035,181.31547689437866
same_updates,sgd,,,57,2.129077196121216,0.203125,2.0124010975646973,0.2745,2.009407405662537,0.2806,-0.006099999999999994,184.53388833999634
same_updates,sgd,,,58,2.013160228729248,0.2109375,1.970232293624878,0.28888,1.9660685918807983,0.2897,-0.0008199999999999874,187.77139902114868
same_updates,sgd,,,59,1.9078857898712158,0.3046875,1.9600000248718261,0.27498,1.9544417499542237,0.2797,-0.004720000000000002,190.95856475830078
same_updates,sgd,,,60,2.0310404300689697,0.21875,1.962618221130371,0.2657,1.9563086338043212,0.2736,-0.007900000000000018,194.10772275924683
same_updates,sgd,,,61,1.9982903003692627,0.2421875,1.9566388899230958,0.26946,1.9501456455230712,0.2792,-0.009740000000000026,197.36747121810913
same_updates,sgd,,,62,2.0242977142333984,0.2421875,1.9602976753234864,0.2578,1.9547241220474243,0.2653,-0.007500000000000007,200.5639238357544
same_updates,sgd,,,63,1.9753448963165283,0.2421875,1.9856720570373536,0.23912,1.982071455001831,0.2469,-0.007780000000000009,203.78536868095398
same_updates,sgd,,,64,2.029660701751709,0.1875,2.0041769134521483,0.24348,2.00199770526886,0.2499,-0.006420000000000009,207.04766130447388
same_updates,sgd,,,65,2.0591025352478027,0.21875,2.015349846343994,0.24346,2.0138651327133177,0.2464,-0.002939999999999998,210.28749418258667
same_updates,sgd,,,66,1.991510033607483,0.2578125,2.011231661224365,0.2542,2.008940096664429,0.2551,-0.0009000000000000119,213.48404216766357
same_updates,sgd,,,67,2.0287532806396484,0.21875,1.9858168116760253,0.27738,1.9818514352798462,0.2757,0.0016800000000000148,216.6936047077179
same_updates,sgd,,,68,1.9539755582809448,0.2734375,1.968796854019165,0.28752,1.9636214904785156,0.2891,-0.0015800000000000258,219.97056603431702
same_updates,sgd,,,69,1.9737119674682617,0.265625,1.9579356311035157,0.29448,1.9518567014694215,0.2985,-0.004019999999999968,223.13849306106567
same_updates,sgd,,,70,1.9375706911087036,0.234375,1.9469155293273925,0.30672,1.9402287204742432,0.3141,-0.007379999999999998,226.3144588470459
same_updates,sgd,,,71,2.0634448528289795,0.234375,1.9315551405334472,0.3033,1.9247091777801513,0.3106,-0.007299999999999973,229.5381326675415
same_updates,sgd,,,72,1.9372830390930176,0.234375,1.9166095231628417,0.28622,1.9100752687454223,0.2945,-0.00828000000000001,232.76857447624207
same_updates,sgd,,,73,2.039029121398926,0.2109375,1.9264038343811034,0.27114,1.9202935611724854,0.2818,-0.010660000000000003,236.0412883758545
same_updates,sgd,,,74,1.973577857017517,0.234375,1.961574969558716,0.25616,1.9559837839126586,0.2649,-0.008740000000000026,239.26858711242676
same_updates,sgd,,,75,2.0143678188323975,0.234375,1.99700950050354,0.23858,1.9920278158187865,0.2494,-0.010820000000000024,242.5143609046936
same_updates,sgd,,,76,1.9851783514022827,0.1796875,1.9680766236114502,0.2563,1.9630082187652589,0.264,-0.00770000000000004,245.74347352981567
same_updates,sgd,,,77,1.9975275993347168,0.2421875,1.9173908215332032,0.28704,1.9119519081115723,0.2961,-0.009059999999999957,248.9393219947815
same_updates,sgd,,,78,2.0495553016662598,0.2578125,1.8742732885742188,0.31298,1.8680972434997558,0.3193,-0.006319999999999992,252.1108467578888
same_updates,sgd,,,79,2.020399332046509,0.28125,1.8658718795394897,0.32294,1.8585900173187255,0.3244,-0.0014600000000000168,255.32998967170715
same_updates,sgd,,,80,1.8413082361221313,0.3125,1.8828717747497559,0.31596,1.8745923091888428,0.319,-0.003039999999999987,258.5137577056885
same_updates,sgd,,,81,1.90333890914917,0.34375,1.8929122563171388,0.31174,1.8839267623901368,0.3138,-0.0020600000000000063,261.7362983226776
same_updates,sgd,,,82,1.950981855392456,0.2578125,1.8968125401306153,0.31472,1.8876775646209716,0.32,-0.005280000000000007,265.0194938182831
same_updates,sgd,,,83,1.9943841695785522,0.3125,1.9373316801452636,0.31252,1.9294323947906493,0.3202,-0.007679999999999965,268.2012391090393
same_updates,sgd,,,84,1.9745923280715942,0.3125,1.9348553715515138,0.31218,1.9272844736099244,0.3179,-0.005720000000000003,271.3655002117157
same_updates,sgd,,,85,2.030338764190674,0.234375,1.8946056782531737,0.29694,1.885935248184204,0.3043,-0.007360000000000033,274.6055586338043
same_updates,sgd,,,86,1.9902371168136597,0.296875,1.8908005406951904,0.27348,1.8810011268615723,0.2836,-0.010120000000000018,277.8022093772888
same_updates,sgd,,,87,2.058338165283203,0.2421875,1.8844584321594238,0.27206,1.8744164962768555,0.2828,-0.010739999999999972,280.92607951164246
same_updates,sgd,,,88,1.8374446630477905,0.296875,1.8734375182342529,0.28626,1.8638673067092895,0.2984,-0.012139999999999984,284.1534216403961
same_updates,sgd,,,89,1.8817484378814697,0.375,1.8765610890197755,0.29868,1.867447018623352,0.3059,-0.007220000000000004,287.42274379730225
same_updates,sgd,,,90,1.8770486116409302,0.3203125,1.8988849824523926,0.30344,1.8901113264083862,0.3068,-0.0033600000000000296,290.6543855667114
same_updates,sgd,,,91,1.9372687339782715,0.3046875,1.9076436834716797,0.29898,1.8997487253189087,0.2967,0.0022800000000000042,293.8205692768097
same_updates,sgd,,,92,1.843477487564087,0.3125,1.901135570678711,0.3016,1.893913574028015,0.3008,0.0007999999999999674,297.0047264099121
same_updates,sgd,,,93,1.8530604839324951,0.2578125,1.8774131069183349,0.31126,1.870814418411255,0.3107,0.0005600000000000049,300.23894810676575
same_updates,sgd,,,94,1.8174830675125122,0.3515625,1.8541641095733643,0.32002,1.8470427570343018,0.3231,-0.0030799999999999716,303.45080757141113
same_updates,sgd,,,95,1.9594066143035889,0.3125,1.8257790130996705,0.3323,1.8180016342163086,0.3365,-0.004200000000000037,306.6644117832184
same_updates,sgd,,,96,1.8358697891235352,0.3125,1.8221586919403077,0.33498,1.8134006820678712,0.3398,-0.004819999999999991,309.92212438583374
same_updates,sgd,,,97,1.7232484817504883,0.4140625,1.8510603772354126,0.3293,1.8410914783477783,0.3315,-0.0022000000000000353,313.15931034088135
same_updates,sgd,,,98,1.8871781826019287,0.3203125,1.8616331457901,0.32398,1.8520392625808715,0.3317,-0.007720000000000005,316.3880431652069
same_updates,sgd,,,99,1.89363431930542,0.359375,1.858273779335022,0.32852,1.849300330543518,0.3338,-0.005280000000000007,319.6330394744873
same_updates,sgd,,,100,1.8937181234359741,0.265625,1.8572313751220704,0.32754,1.848780619239807,0.3324,-0.0048599999999999755,322.8127567768097
same_updates,sgd,,,101,1.9109128713607788,0.328125,1.8383239254760741,0.33412,1.829876235961914,0.3394,-0.005280000000000007,326.0435748100281
same_updates,sgd,,,102,1.9128382205963135,0.1875,1.8163945748901367,0.34172,1.808064514350891,0.3437,-0.0019799999999999818,329.2837507724762
same_updates,sgd,,,103,1.7791149616241455,0.28125,1.798880870285034,0.34578,1.7903401119232178,0.3485,-0.00272,332.50992226600647
same_updates,sgd,,,104,1.7951011657714844,0.3671875,1.796988741455078,0.33752,1.7873810291290284,0.3414,-0.0038799999999999946,335.76275849342346
same_updates,sgd,,,105,1.8161985874176025,0.296875,1.8021367660140992,0.33618,1.7914994157791138,0.3371,-0.0009200000000000319,338.9887065887451
same_updates,sgd,,,106,1.8578652143478394,0.296875,1.8198440380096434,0.33628,1.8107849266052245,0.335,0.0012800000000000034,342.1914703845978
same_updates,sgd,,,107,1.8080289363861084,0.3359375,1.8258802199935913,0.3366,1.817361835861206,0.3361,0.0005000000000000004,345.3574938774109
same_updates,sgd,,,108,1.9066557884216309,0.3046875,1.8331486511230468,0.32996,1.8249267456054687,0.3337,-0.003740000000000021,348.56096935272217
same_updates,sgd,,,109,1.8390905857086182,0.3984375,1.8442446222305298,0.31806,1.8363228534698486,0.3235,-0.00544,351.79559326171875
same_updates,sgd,,,110,1.8353259563446045,0.28125,1.8414133777236938,0.32242,1.8339174940109253,0.3287,-0.006280000000000008,354.97640013694763
same_updates,sgd,,,111,1.8218121528625488,0.328125,1.81448059135437,0.33826,1.806622216796875,0.3446,-0.006340000000000012,358.1905629634857
same_updates,sgd,,,112,1.883514165878296,0.3671875,1.7798689572143556,0.3548,1.7709930311203004,0.3563,-0.0015000000000000013,361.4587211608887
same_updates,sgd,,,113,1.8230149745941162,0.3359375,1.7657878783416747,0.35694,1.7555599361419678,0.361,-0.004060000000000008,364.67883706092834
same_updates,sgd,,,114,1.7468125820159912,0.3828125,1.7696052404022218,0.34748,1.7593119220733642,0.349,-0.0015199999999999658,367.9233605861664
same_updates,sgd,,,115,1.9204256534576416,0.25,1.7844881426239014,0.34028,1.7751903774261475,0.3445,-0.004219999999999946,371.1608395576477
same_updates,sgd,,,116,1.6971900463104248,0.3828125,1.8361146709823608,0.32648,1.8281230995178224,0.3293,-0.002819999999999989,374.39583945274353
same_updates,sgd,,,117,1.942765235900879,0.296875,1.8229696099853516,0.3326,1.8146849746704101,0.3327,-9.999999999998899e-05,377.6338655948639
same_updates,sgd,,,118,1.9449015855789185,0.2578125,1.772843093032837,0.34802,1.7640023681640624,0.3526,-0.0045800000000000285,380.8721194267273
same_updates,sgd,,,119,1.8514957427978516,0.328125,1.7720372924041747,0.34786,1.7620674514770507,0.351,-0.003139999999999976,384.06873869895935
same_updates,sgd,,,120,1.7924091815948486,0.2734375,1.8085836859893798,0.3194,1.7983769775390626,0.3265,-0.007099999999999995,387.29010367393494
same_updates,sgd,,,121,1.9071812629699707,0.2734375,1.80498423286438,0.3151,1.7973018592834473,0.3199,-0.0048000000000000265,390.52207803726196
same_updates,sgd,,,122,1.847297191619873,0.34375,1.8421325149536132,0.30828,1.8360361265182494,0.3138,-0.005520000000000025,393.7643539905548
same_updates,sgd,,,123,1.8602572679519653,0.25,1.8188718634033203,0.32964,1.8121447114944458,0.3356,-0.005960000000000021,397.05815982818604
same_updates,sgd,,,124,1.7937707901000977,0.2890625,1.763865993423462,0.35362,1.7548804134368896,0.3605,-0.006879999999999997,400.2363438606262
same_updates,sgd,,,125,1.8156923055648804,0.3203125,1.7421848007202148,0.35024,1.7306805404663086,0.3583,-0.008060000000000012,403.44065165519714
same_updates,sgd,,,126,1.8155169486999512,0.3046875,1.7513859363174438,0.33758,1.7392445541381836,0.3442,-0.006620000000000015,406.6600410938263
same_updates,sgd,,,127,1.7529784440994263,0.296875,1.7343252340316773,0.35414,1.7234180786132813,0.3551,-0.0009600000000000164,409.9237103462219
same_updates,sgd,,,128,1.8343099355697632,0.34375,1.730375952835083,0.36024,1.7208813512802124,0.365,-0.0047599999999999865,413.0755224227905
same_updates,sgd,,,129,1.660131812095642,0.3671875,1.7525972156143188,0.35186,1.7436046871185302,0.3579,-0.00603999999999999,416.28991293907166
same_updates,sgd,,,130,1.735710620880127,0.375,1.7752438710784912,0.35068,1.7661028358459472,0.359,-0.008319999999999994,419.48324251174927
same_updates,sgd,,,131,1.9564507007598877,0.2734375,1.7902054775238037,0.35234,1.780487244796753,0.3562,-0.00386000000000003,422.64606261253357
same_updates,sgd,,,132,1.8502988815307617,0.3125,1.790353648109436,0.35104,1.780170651435852,0.3563,-0.005259999999999987,425.8966693878174
same_updates,sgd,,,133,1.863231897354126,0.3125,1.7777861026763917,0.34922,1.767145101928711,0.3528,-0.0035800000000000276,429.1240990161896
same_updates,sgd,,,134,1.7557172775268555,0.265625,1.760797119064331,0.35674,1.7502558755874633,0.3676,-0.01085999999999998,432.32877826690674
same_updates,sgd,,,135,1.7178936004638672,0.375,1.7793808171844483,0.3572,1.7693646129608154,0.3638,-0.006599999999999995,435.46517181396484
same_updates,sgd,,,136,1.6818645000457764,0.390625,1.786931858215332,0.35272,1.7778804153442382,0.3544,-0.0016800000000000148,438.6345639228821
same_updates,sgd,,,137,1.772204041481018,0.328125,1.771574610595703,0.35112,1.763339235687256,0.3515,-0.00037999999999999146,441.8406047821045
same_updates,sgd,,,138,1.7943847179412842,0.3203125,1.7522677304458618,0.35566,1.743841215133667,0.3556,5.999999999994898e-05,445.0624496936798
same_updates,sgd,,,139,1.6422529220581055,0.3671875,1.7419927920150757,0.35632,1.732958934020996,0.357,-0.0006799999999999584,448.281884431839
same_updates,sgd,,,140,1.7242823839187622,0.3671875,1.7355362192153931,0.35972,1.7258029193878175,0.3581,0.0016200000000000103,451.471467256546
same_updates,sgd,,,141,1.8695769309997559,0.3046875,1.7272950201034545,0.36638,1.7178293371200561,0.366,0.00037999999999999146,454.6214487552643
same_updates,sgd,,,142,1.706411361694336,0.3828125,1.747736298866272,0.36748,1.7390709220886231,0.3703,-0.0028200000000000447,457.8764281272888
same_updates,sgd,,,143,1.7039315700531006,0.3671875,1.7738848778915406,0.36206,1.765039157104492,0.3614,0.0006599999999999939,461.126766204834
same_updates,sgd,,,144,1.7624682188034058,0.3671875,1.7327351913070679,0.37274,1.7222243310928345,0.3755,-0.0027599999999999847,464.3485140800476
same_updates,sgd,,,145,1.7469773292541504,0.3359375,1.7269295868682861,0.37104,1.7154791023254394,0.3753,-0.0042600000000000415,467.58250164985657
same_updates,sgd,,,146,1.8589686155319214,0.3125,1.7160889263153076,0.37488,1.704269916343689,0.3801,-0.005220000000000002,470.8149049282074
same_updates,sgd,,,147,1.821645736694336,0.3359375,1.7028790972518921,0.3774,1.690121950340271,0.3806,-0.0031999999999999806,474.04685974121094
same_updates,sgd,,,148,1.688576102256775,0.3671875,1.7912101253509523,0.35634,1.7784708961486817,0.3586,-0.0022599999999999842,477.30016827583313
same_updates,sgd,,,149,1.7188019752502441,0.3828125,1.9385723313903809,0.32232,1.9268285600662232,0.3232,-0.0008799999999999919,480.5332570075989
same_updates,sgd,,,150,1.9923068284988403,0.3046875,1.8633328411865235,0.33096,1.8534483514785767,0.3271,0.0038599999999999746,483.760760307312
same_updates,sgd,,,151,1.900183916091919,0.375,1.732593829345703,0.35872,1.7235566360473633,0.3603,-0.0015800000000000258,486.9791622161865
same_updates,sgd,,,152,1.6257753372192383,0.359375,1.7516205087280274,0.35228,1.7422409378051757,0.3505,0.0017800000000000038,490.21997261047363
same_updates,sgd,,,153,1.8806463479995728,0.3515625,1.820376046485901,0.325,1.8098270488739014,0.3264,-0.0014000000000000123,493.3656897544861
same_updates,sgd,,,154,1.9395872354507446,0.234375,1.8052625397109985,0.33274,1.7949715534210204,0.3332,-0.00046000000000001595,496.65722489356995
same_updates,sgd,,,155,1.9092414379119873,0.3046875,1.7569074236297608,0.36428,1.7476568042755127,0.367,-0.00272,499.89611554145813
same_updates,sgd,,,156,1.7979590892791748,0.3203125,1.829476616897583,0.35558,1.819597238922119,0.3601,-0.0045199999999999685,503.1395208835602
same_updates,sgd,,,157,1.803544282913208,0.3125,1.8290361142730713,0.35148,1.8179315702438354,0.3587,-0.007220000000000004,506.38249826431274
same_updates,sgd,,,158,1.6847882270812988,0.2890625,1.759622805747986,0.36612,1.7469353813171387,0.3702,-0.0040799999999999725,509.67370891571045
same_updates,sgd,,,159,1.7137887477874756,0.421875,1.733756241531372,0.37038,1.7189415740966796,0.3743,-0.003920000000000035,512.9378416538239
same_updates,sgd,,,160,1.9432709217071533,0.28125,1.7363616368865966,0.36744,1.7201317916870118,0.372,-0.0045600000000000085,516.1682822704315
same_updates,sgd,,,161,1.7909209728240967,0.3359375,1.7210645525741577,0.37402,1.7052675941467286,0.3798,-0.005780000000000007,519.3955340385437
same_updates,sgd,,,162,1.850386619567871,0.3203125,1.7111426635742188,0.37342,1.6982733779907226,0.3759,-0.0024800000000000377,522.6228702068329
same_updates,sgd,,,163,1.739345908164978,0.3046875,1.7488817385101318,0.361,1.738705754470825,0.3605,0.0005000000000000004,525.9276032447815
same_updates,sgd,,,164,1.671054482460022,0.4296875,1.788061943283081,0.35034,1.7790141326904296,0.3541,-0.003760000000000041,529.1493942737579
same_updates,sgd,,,165,1.7882080078125,0.375,1.7899945714569092,0.35078,1.780833982849121,0.3559,-0.005120000000000013,532.3976893424988
same_updates,sgd,,,166,1.713242769241333,0.3515625,1.747345305252075,0.3666,1.7370687599182129,0.3708,-0.004200000000000037,535.6362719535828
same_updates,sgd,,,167,1.8378264904022217,0.2890625,1.7030010223007201,0.3813,1.6913652267456054,0.3863,-0.0050000000000000044,538.8451640605927
same_updates,sgd,,,168,1.5872468948364258,0.4296875,1.6878983441543578,0.386,1.6755888919830322,0.3955,-0.009500000000000008,542.0370171070099
same_updates,sgd,,,169,1.8449368476867676,0.3515625,1.668147691116333,0.39402,1.6559091596603392,0.4002,-0.006180000000000019,545.2540097236633
same_updates,sgd,,,170,1.8054327964782715,0.390625,1.6661293921279907,0.39516,1.6544537616729735,0.4004,-0.005239999999999967,548.4588413238525
same_updates,sgd,,,171,1.7844181060791016,0.34375,1.7088237662506103,0.3814,1.6983592479705811,0.3837,-0.0022999999999999687,551.7401676177979
same_updates,sgd,,,172,1.7627463340759277,0.3828125,1.7474910523223877,0.373,1.737664966583252,0.3773,-0.004300000000000026,554.9861950874329
same_updates,sgd,,,173,1.6341404914855957,0.390625,1.7153778750610351,0.38654,1.7061379217147827,0.3839,0.0026399999999999757,558.2748467922211
same_updates,sgd,,,174,1.714493989944458,0.4140625,1.6729260528564454,0.3922,1.6640293979644776,0.3927,-0.0005000000000000004,561.536604642868
same_updates,sgd,,,175,1.5789613723754883,0.390625,1.6748487747955323,0.3843,1.6657375308990479,0.388,-0.0037000000000000366,564.7137274742126
same_updates,sgd,,,176,1.7266902923583984,0.3359375,1.6918536124038697,0.37304,1.6825162090301513,0.377,-0.003960000000000019,567.9397447109222
same_updates,sgd,,,177,1.6634256839752197,0.4140625,1.7069685370635985,0.36712,1.6979915466308593,0.3676,-0.00047999999999998044,571.1541609764099
same_updates,sgd,,,178,1.7916367053985596,0.34375,1.714677130355835,0.37048,1.706949275970459,0.371,-0.0005200000000000204,574.3510384559631
same_updates,sgd,,,179,1.7100160121917725,0.34375,1.761761187171936,0.36658,1.754809278678894,0.3705,-0.003919999999999979,577.5561590194702
same_updates,sgd,,,180,1.7551562786102295,0.3984375,1.7715597991561889,0.36976,1.763673878288269,0.3721,-0.0023400000000000087,580.8245623111725
same_updates,sgd,,,181,1.684046745300293,0.40625,1.723997995223999,0.38326,1.7140210227966308,0.3854,-0.0021400000000000308,584.0756950378418
same_updates,sgd,,,182,1.8088984489440918,0.3671875,1.66299220703125,0.39812,1.650793316268921,0.4009,-0.0027800000000000047,587.2918968200684
same_updates,sgd,,,183,1.8031930923461914,0.3203125,1.6612804541015624,0.3963,1.6487348693847657,0.4023,-0.006000000000000005,590.4876160621643
same_updates,sgd,,,184,1.744875431060791,0.34375,1.6859413809204102,0.3904,1.6739842624664307,0.3901,0.00030000000000002247,593.7007701396942
same_updates,sgd,,,185,1.7070094347000122,0.359375,1.7259519710540772,0.37556,1.7152915241241455,0.375,0.0005600000000000049,596.8196265697479
same_updates,sgd,,,186,1.6469175815582275,0.390625,1.754346943359375,0.36622,1.745562650680542,0.367,-0.0007800000000000029,600.0439364910126
same_updates,sgd,,,187,1.7735155820846558,0.34375,1.7390594342041015,0.36672,1.7314467058181762,0.3643,0.0024199999999999777,603.2790031433105
same_updates,sgd,,,188,1.790673851966858,0.265625,1.725439476928711,0.36716,1.7179430503845214,0.3677,-0.0005400000000000404,606.478874206543
same_updates,sgd,,,189,1.7828137874603271,0.3203125,1.7104719695663453,0.3706,1.7027522651672364,0.3719,-0.0013000000000000234,609.7154927253723
same_updates,sgd,,,190,1.7394170761108398,0.3359375,1.6985214037322998,0.37742,1.690067440032959,0.3805,-0.003080000000000027,612.861081123352
same_updates,sgd,,,191,1.7127810716629028,0.359375,1.7163944646835327,0.37072,1.706428405380249,0.3747,-0.0039799999999999836,616.0109729766846
same_updates,sgd,,,192,1.8049651384353638,0.3671875,1.7528210387420655,0.36418,1.7422520397186279,0.3727,-0.008519999999999972,619.1983709335327
same_updates,sgd,,,193,1.6181542873382568,0.40625,1.7709754248809815,0.36882,1.7600818008422852,0.3781,-0.00928000000000001,622.442312002182
same_updates,sgd,,,194,1.8071768283843994,0.3828125,1.7025020172500611,0.38656,1.6913796474456788,0.3927,-0.006139999999999979,625.6581094264984
same_updates,sgd,,,195,1.841483235359192,0.3046875,1.6415171477508546,0.39896,1.62978284034729,0.4035,-0.004540000000000044,628.9043757915497
same_updates,sgd,,,196,1.5885238647460938,0.4296875,1.6460547869110107,0.39292,1.6340159996032715,0.3938,-0.0008799999999999919,632.0798153877258
same_updates,sgd,,,197,1.8014426231384277,0.328125,1.648605177345276,0.39378,1.636747190093994,0.3946,-0.0008199999999999874,635.3212676048279
same_updates,sgd,,,198,1.723452091217041,0.328125,1.6522262688827514,0.3936,1.6413584251403808,0.3934,0.00019999999999997797,638.5903759002686
same_updates,sgd,,,199,1.528587818145752,0.4296875,1.777974462966919,0.3594,1.7676689401626586,0.3628,-0.003400000000000014,641.8165864944458
same_updates,sgd,,,200,1.6954028606414795,0.375,1.8900851957702636,0.33688,1.880564928817749,0.3379,-0.0010199999999999654,645.0205461978912
same_updates,sgd,,,201,1.9266834259033203,0.2890625,1.809889863052368,0.35514,1.8006189212799073,0.3597,-0.0045600000000000085,648.202479839325
same_updates,sgd,,,202,1.7557384967803955,0.375,1.65644245262146,0.3933,1.6461821151733398,0.3972,-0.0039000000000000146,651.4250223636627
same_updates,sgd,,,203,1.7137477397918701,0.3671875,1.6282133922576905,0.40418,1.617392023086548,0.4066,-0.0024200000000000332,654.6154491901398
same_updates,sgd,,,204,1.7578924894332886,0.34375,1.6609301849365234,0.39764,1.6496406734466553,0.3976,3.999999999998449e-05,657.86510014534
same_updates,sgd,,,205,1.8075366020202637,0.3515625,1.6644645151519775,0.39268,1.6549713130950927,0.3884,0.0042799999999999505,661.0443923473358
same_updates,sgd,,,206,1.6837517023086548,0.3828125,1.6820982580947876,0.39086,1.6748088191986084,0.3894,0.0014599999999999613,664.2674489021301
same_updates,sgd,,,207,1.7145891189575195,0.3828125,1.7857123791122436,0.36574,1.7804414573669434,0.3678,-0.0020600000000000063,667.4379193782806
same_updates,sgd,,,208,1.7224650382995605,0.3359375,1.8393413129043579,0.34996,1.8356408786773681,0.3532,-0.0032400000000000206,670.6177124977112
same_updates,sgd,,,209,1.7170684337615967,0.3515625,1.7723992574310303,0.36852,1.769040768623352,0.37,-0.0014799999999999813,673.7840032577515
same_updates,sgd,,,210,1.649605393409729,0.4453125,1.6775708294677734,0.39908,1.6730593696594238,0.4034,-0.0043199999999999905,676.9802329540253
same_updates,sgd,,,211,1.5770097970962524,0.4140625,1.6355800862884522,0.40348,1.6293996799468995,0.4052,-0.0017199999999999993,680.1936337947845
same_updates,sgd,,,212,1.6814953088760376,0.28125,1.6670715835571288,0.38884,1.660316770362854,0.3916,-0.0027599999999999847,683.44473528862
same_updates,sgd,,,213,1.8128361701965332,0.25,1.6693404986572267,0.38796,1.6626828176498414,0.393,-0.005039999999999989,686.6469149589539
same_updates,sgd,,,214,1.720004677772522,0.3828125,1.6471304808807372,0.39734,1.6405951385498048,0.401,-0.0036599999999999966,689.8672564029694
same_updates,sgd,,,215,1.8999593257904053,0.3359375,1.6254900678253175,0.40944,1.6201386068344117,0.4126,-0.003159999999999996,693.068154335022
same_updates,sgd,,,216,1.682739496231079,0.4296875,1.6579863602447509,0.39866,1.6535582061767577,0.4009,-0.0022399999999999642,696.3127300739288
same_updates,sgd,,,217,1.545339822769165,0.40625,1.6993528802490234,0.38296,1.6952244581222533,0.3856,-0.0026399999999999757,699.5251357555389
same_updates,sgd,,,218,1.837764859199524,0.34375,1.7296269287490844,0.36856,1.7263273246765136,0.3725,-0.003939999999999999,702.7487397193909
same_updates,sgd,,,219,1.8075177669525146,0.3671875,1.7128290406036377,0.37138,1.7093402786254883,0.3747,-0.0033199999999999896,705.9523193836212
same_updates,sgd,,,220,1.7318871021270752,0.34375,1.6869464765167237,0.38158,1.6830690925598144,0.3817,-0.00012000000000000899,709.1868698596954
same_updates,sgd,,,221,1.5988714694976807,0.421875,1.6573688610076904,0.39622,1.6520955448150634,0.3989,-0.00267999999999996,712.3471689224243
same_updates,sgd,,,222,1.788388729095459,0.3359375,1.6368327977752686,0.39772,1.6312134395599365,0.3985,-0.0007800000000000029,715.5403962135315
same_updates,sgd,,,223,1.617916226387024,0.4453125,1.6186751505279542,0.40384,1.6124029987335204,0.4002,0.0036399999999999766,718.7005450725555
same_updates,sgd,,,224,1.7091281414031982,0.390625,1.6261034048080445,0.39994,1.6186144441604615,0.3995,0.00043999999999999595,721.9035534858704
same_updates,sgd,,,225,1.6938806772232056,0.390625,1.6270242999649047,0.39868,1.6189036626815796,0.4025,-0.0038200000000000456,725.1296079158783
same_updates,sgd,,,226,1.6363818645477295,0.40625,1.6367727404022216,0.39948,1.6287357170104981,0.4014,-0.0019199999999999773,728.3678479194641
same_updates,sgd,,,227,1.6898093223571777,0.4140625,1.6708188791656493,0.39834,1.6630364387512206,0.4012,-0.0028599999999999737,731.60862159729
same_updates,sgd,,,228,1.6566377878189087,0.4140625,1.7608980963134766,0.38112,1.75259743976593,0.3842,-0.0030799999999999716,734.8164038658142
same_updates,sgd,,,229,1.5512981414794922,0.4609375,1.7338681998062133,0.3825,1.7252641702651978,0.385,-0.0025000000000000022,738.0613017082214
same_updates,sgd,,,230,1.7155330181121826,0.390625,1.6342356003189087,0.40686,1.6257245037078858,0.4069,-3.999999999998449e-05,741.2401247024536
same_updates,sgd,,,231,1.6635617017745972,0.4140625,1.5931197779083253,0.41788,1.5849395820617675,0.4204,-0.0025200000000000222,744.4761884212494
same_updates,sgd,,,232,1.7602362632751465,0.328125,1.5967374340438842,0.417,1.588980965423584,0.4191,-0.0020999999999999908,747.7019777297974
same_updates,sgd,,,233,1.6272735595703125,0.3671875,1.5997591815185548,0.41952,1.5932644477844238,0.4178,0.0017199999999999993,751.0245161056519
same_updates,sgd,,,234,1.7016059160232544,0.3671875,1.6680432915878296,0.4034,1.66044097366333,0.4044,-0.0010000000000000009,754.2636733055115
same_updates,sgd,,,235,1.655594825744629,0.4140625,1.8028393530273437,0.37144,1.7927329202651978,0.3754,-0.003960000000000019,757.4985461235046
same_updates,sgd,,,236,1.6761724948883057,0.4296875,1.780816664466858,0.37694,1.7695855010986328,0.3794,-0.0024600000000000177,760.6743657588959
same_updates,sgd,,,237,1.616030216217041,0.4140625,1.6888637412261962,0.39594,1.6782949193954468,0.3975,-0.0015600000000000058,763.9174616336823
same_updates,sgd,,,238,1.9359633922576904,0.2578125,1.6123670989990235,0.41166,1.6028508100509644,0.4171,-0.00544,767.097353219986
same_updates,sgd,,,239,1.6750783920288086,0.3671875,1.6168985091400145,0.41826,1.609556449699402,0.4199,-0.0016399999999999748,770.3038108348846
same_updates,sgd,,,240,1.576223373413086,0.3984375,1.7018694919586181,0.39594,1.6966165321350097,0.3979,-0.0019599999999999618,773.5425801277161
same_updates,sgd,,,241,1.60453462600708,0.453125,1.7865378986358642,0.3684,1.7816602378845214,0.372,-0.003599999999999992,776.7978920936584
same_updates,sgd,,,242,1.7012629508972168,0.3671875,1.7959572486114501,0.36454,1.7899081005096436,0.3671,-0.0025600000000000067,779.9957466125488
same_updates,sgd,,,243,1.704060435295105,0.3359375,1.7371201168823243,0.38006,1.729605855178833,0.3836,-0.0035399999999999876,783.2231268882751
same_updates,sgd,,,244,1.763305425643921,0.3671875,1.6812815287017822,0.40002,1.67261891746521,0.4018,-0.0017800000000000038,786.4309487342834
same_updates,sgd,,,245,1.6246669292449951,0.421875,1.6398008068847656,0.41164,1.6302014831542968,0.4106,0.0010399999999999854,789.6843159198761
same_updates,sgd,,,246,1.7005665302276611,0.3515625,1.6120611388397217,0.41574,1.6020299057006835,0.4127,0.003039999999999987,792.8594806194305
same_updates,sgd,,,247,1.7406120300292969,0.375,1.6073761785125733,0.41426,1.5957123821258545,0.4123,0.0019600000000000173,796.1067926883698
same_updates,sgd,,,248,1.7912100553512573,0.3125,1.6369105962753296,0.40642,1.6250767002105713,0.4058,0.0006200000000000094,799.3718042373657
same_updates,sgd,,,249,1.4826242923736572,0.4375,1.6575328478622438,0.40414,1.6466303478240967,0.406,-0.0018600000000000283,802.6084995269775
same_updates,sgd,,,250,1.634911298751831,0.3984375,1.6446419580841065,0.40468,1.6354108222961425,0.4033,0.0013799999999999923,805.8208894729614
same_updates,sgd,,,251,1.5474298000335693,0.4296875,1.6516330893707276,0.40146,1.6451889598846436,0.3976,0.0038599999999999746,809.0436682701111
same_updates,sgd,,,252,1.737501859664917,0.3671875,1.67325912815094,0.39176,1.6677501419067382,0.3874,0.004359999999999975,812.2542185783386
same_updates,sgd,,,253,1.7187917232513428,0.375,1.6695590533447267,0.38806,1.6651740921020508,0.3861,0.0019600000000000173,815.4795563220978
same_updates,sgd,,,254,1.6105738878250122,0.390625,1.6588071088027954,0.39828,1.6547535024642945,0.3982,8.00000000000245e-05,818.7510008811951
same_updates,sgd,,,255,1.7268534898757935,0.359375,1.649942329750061,0.40796,1.6453127111434938,0.4099,-0.0019399999999999973,821.9384739398956
same_updates,sgd,,,256,1.6316962242126465,0.453125,1.6328188074493408,0.41216,1.6270532913208007,0.4136,-0.0014399999999999968,825.2075915336609
same_updates,sgd,,,257,1.5798866748809814,0.421875,1.6550917803573608,0.40142,1.6478883275985718,0.408,-0.006579999999999975,828.3824787139893
same_updates,sgd,,,258,1.7322484254837036,0.3671875,1.6519513611602783,0.3958,1.6433573188781738,0.4022,-0.006400000000000017,831.7123811244965
same_updates,sgd,,,259,1.54351007938385,0.421875,1.6625830517196656,0.39732,1.6537840282440186,0.4014,-0.0040799999999999725,834.9435226917267
same_updates,sgd,,,260,1.7434628009796143,0.3828125,1.6548582401275636,0.40244,1.6466707998275756,0.4024,4.0000000000040004e-05,838.2333695888519
same_updates,sgd,,,261,1.6572321653366089,0.3515625,1.6662524554443359,0.3977,1.6601859363555909,0.4006,-0.0029000000000000137,841.5037007331848
same_updates,sgd,,,262,1.6169486045837402,0.390625,1.7659649230575563,0.37202,1.7625398893356323,0.3728,-0.0007800000000000029,844.8118710517883
same_updates,sgd,,,263,1.667931318283081,0.390625,1.760564787864685,0.37192,1.759282148361206,0.3708,0.0011199999999999544,847.9916903972626
same_updates,sgd,,,264,1.7169524431228638,0.390625,1.664599140586853,0.39146,1.6641816822052002,0.3947,-0.0032400000000000206,851.2008771896362
same_updates,sgd,,,265,1.5959702730178833,0.3515625,1.6482606688690185,0.39574,1.6447652618408204,0.4027,-0.006960000000000022,854.3969161510468
same_updates,sgd,,,266,1.8297476768493652,0.375,1.6132109350585937,0.40894,1.6084399436950683,0.4116,-0.0026599999999999957,857.6501407623291
same_updates,sgd,,,267,1.6847233772277832,0.359375,1.6834468285751343,0.40948,1.6783409534454345,0.4113,-0.0018199999999999883,860.9078562259674
same_updates,sgd,,,268,1.731008768081665,0.3828125,1.7715149663543701,0.3842,1.763966213798523,0.3897,-0.005500000000000005,864.1545655727386
same_updates,sgd,,,269,1.7654083967208862,0.3828125,1.7253172174072267,0.38768,1.7172468112945556,0.3965,-0.008819999999999995,867.3966286182404
same_updates,sgd,,,270,1.6953041553497314,0.328125,1.631362671585083,0.4014,1.6226113395690918,0.4059,-0.004500000000000004,870.5467131137848
same_updates,sgd,,,271,1.6722478866577148,0.328125,1.6235603020477294,0.39936,1.6126470943450928,0.4057,-0.006340000000000012,873.7082996368408
same_updates,sgd,,,272,1.848762035369873,0.3515625,1.6455620049285888,0.3957,1.6341185924530028,0.4021,-0.006400000000000017,876.9646072387695
same_updates,sgd,,,273,1.6754357814788818,0.3671875,1.5881179528045655,0.42222,1.577330496406555,0.4284,-0.006180000000000019,880.1833770275116
same_updates,sgd,,,274,1.6637974977493286,0.359375,1.6076476984405517,0.41804,1.5973277151107788,0.4227,-0.0046599999999999975,883.4294319152832
same_updates,sgd,,,275,1.713095784187317,0.359375,1.7115980099105834,0.39194,1.700707024383545,0.394,-0.0020600000000000063,886.650927066803
same_updates,sgd,,,276,1.7285571098327637,0.4140625,1.7348978802108765,0.3868,1.7229078601837158,0.388,-0.0012000000000000344,889.8706479072571
same_updates,sgd,,,277,1.6625614166259766,0.4140625,1.6409307250595093,0.40692,1.6280818904876708,0.4074,-0.00047999999999998044,893.1379072666168
same_updates,sgd,,,278,1.7529370784759521,0.390625,1.5779955802154542,0.4231,1.5644087882995605,0.4251,-0.0020000000000000018,896.357501745224
same_updates,sgd,,,279,1.664488434791565,0.390625,1.5611911276626587,0.42996,1.5477693574905396,0.4295,0.00046000000000001595,899.5426125526428
same_updates,sgd,,,280,1.6006771326065063,0.421875,1.5632276400375367,0.43236,1.5506111883163451,0.4323,6.0000000000004494e-05,902.8006770610809
same_updates,sgd,,,281,1.6785686016082764,0.3046875,1.5841850909042359,0.43028,1.5728889471054077,0.4335,-0.0032200000000000006,906.059942483902
same_updates,sgd,,,282,1.7257945537567139,0.3515625,1.6203919214630127,0.41916,1.6101334720611573,0.4244,-0.005240000000000022,909.2921226024628
same_updates,sgd,,,283,1.6482574939727783,0.375,1.6657032217788696,0.40356,1.656061280822754,0.4097,-0.006140000000000034,912.4925260543823
same_updates,sgd,,,284,1.5623860359191895,0.484375,1.6575772357559204,0.40486,1.6481485084533691,0.4088,-0.003939999999999999,915.7186496257782
same_updates,sgd,,,285,1.621614933013916,0.4296875,1.618315029335022,0.41738,1.608872002220154,0.4198,-0.0024200000000000332,918.9496541023254
same_updates,sgd,,,286,1.6402020454406738,0.375,1.570111957473755,0.4298,1.5598609924316407,0.4267,0.0030999999999999917,922.2237763404846
same_updates,sgd,,,287,1.653282880783081,0.3359375,1.5633064413833617,0.42976,1.552566329574585,0.4261,0.0036599999999999966,925.4599559307098
same_updates,sgd,,,288,1.6778888702392578,0.3671875,1.5792561307525634,0.42504,1.5682697002410888,0.4253,-0.000260000000000038,928.6812198162079
same_updates,sgd,,,289,1.6469223499298096,0.375,1.5812687237930299,0.41992,1.5697975650787352,0.4233,-0.003379999999999994,931.885409116745
same_updates,sgd,,,290,1.6252317428588867,0.4296875,1.5893038626098632,0.4132,1.5776165458679199,0.4165,-0.0032999999999999696,935.0905530452728
same_updates,sgd,,,291,1.6512486934661865,0.3984375,1.6454567370605468,0.4071,1.633533945465088,0.4096,-0.0025000000000000022,938.2972548007965
same_updates,sgd,,,292,1.7570511102676392,0.3515625,1.6829264294052124,0.4017,1.6714835987091063,0.4075,-0.005799999999999972,941.5039594173431
same_updates,sgd,,,293,1.7093579769134521,0.2890625,1.6598863229370118,0.4089,1.649421842765808,0.4148,-0.005900000000000016,944.7031276226044
same_updates,sgd,,,294,1.5002143383026123,0.484375,1.6310301706695556,0.41656,1.6226021083831788,0.4241,-0.007539999999999991,947.8703620433807
same_updates,sgd,,,295,1.6097755432128906,0.40625,1.6185772652435302,0.41958,1.6118259647369384,0.4242,-0.004620000000000013,951.0788929462433
same_updates,sgd,,,296,1.7384257316589355,0.40625,1.646584623374939,0.40858,1.641138991355896,0.4126,-0.0040200000000000236,954.365852355957
same_updates,sgd,,,297,1.623457908630371,0.421875,1.6648709526824952,0.4058,1.6604444595336914,0.4102,-0.004400000000000015,957.5423765182495
same_updates,sgd,,,298,1.5989165306091309,0.4296875,1.6943302532196045,0.40164,1.6915598676681518,0.4052,-0.0035600000000000076,960.8117339611053
same_updates,sgd,,,299,1.7158236503601074,0.359375,1.6679659560775757,0.40506,1.6640386566162109,0.4106,-0.005540000000000045,964.0844871997833
same_updates,sgd,,,300,1.6816635131835938,0.421875,1.6459215496444701,0.40548,1.638549580001831,0.4102,-0.004720000000000002,967.3501205444336
same_updates,sgd,,,301,1.7237216234207153,0.3359375,1.6134017507171632,0.4064,1.6038809070587159,0.4146,-0.00820000000000004,970.5395169258118
same_updates,sgd,,,302,1.6412339210510254,0.3828125,1.5877405953979493,0.4151,1.5773526618957519,0.4212,-0.006099999999999994,973.7519488334656
same_updates,sgd,,,303,1.6330854892730713,0.421875,1.5644042727279663,0.4297,1.554505373954773,0.4373,-0.007599999999999996,976.9557957649231
same_updates,sgd,,,304,1.7525769472122192,0.3203125,1.6438425630950928,0.41834,1.635878458404541,0.4275,-0.009160000000000001,980.1335682868958
same_updates,sgd,,,305,1.6487804651260376,0.390625,1.7766477214813232,0.3907,1.7706200456619263,0.3988,-0.008099999999999996,983.3972129821777
same_updates,sgd,,,306,1.6933752298355103,0.3671875,1.8060213689422608,0.38528,1.799667107963562,0.3891,-0.00381999999999999,986.5679984092712
same_updates,sgd,,,307,1.551792860031128,0.4296875,1.6581104669952393,0.41584,1.6494921058654786,0.4165,-0.0006599999999999939,989.8082990646362
same_updates,sgd,,,308,1.6272480487823486,0.375,1.5521108541488648,0.4347,1.5407167011260987,0.4373,-0.0026000000000000467,993.0591232776642
same_updates,sgd,,,309,1.508448839187622,0.4453125,1.5494933444595338,0.43598,1.5368666660308838,0.4397,-0.003720000000000001,996.2473993301392
same_updates,sgd,,,310,1.734218955039978,0.390625,1.5486634653091431,0.43414,1.5374817127227782,0.4378,-0.0036599999999999966,999.4476177692413
same_updates,sgd,,,311,1.6342607736587524,0.4140625,1.5896186124038696,0.4202,1.5811422193527223,0.4196,0.0006000000000000449,1002.6236588954926
same_updates,sgd,,,312,1.4688539505004883,0.4609375,1.6651631238555908,0.40256,1.6583750452041626,0.4037,-0.0011400000000000299,1005.8601534366608
same_updates,sgd,,,313,1.739614486694336,0.3515625,1.636719981651306,0.40494,1.6306721353530884,0.4085,-0.003559999999999952,1009.0628807544708
same_updates,sgd,,,314,1.636387586593628,0.375,1.5905470553207397,0.41512,1.584089517211914,0.4178,-0.0026800000000000157,1012.2724182605743
same_updates,sgd,,,315,1.6292873620986938,0.421875,1.5599954119873047,0.42324,1.5524061920166015,0.4287,-0.00546000000000002,1015.559389591217
same_updates,sgd,,,316,1.547730565071106,0.390625,1.5659094415283203,0.41912,1.5572542129516602,0.4255,-0.006379999999999997,1018.7482969760895
same_updates,sgd,,,317,1.4947168827056885,0.46875,1.5678323766708373,0.41808,1.5575368083953858,0.4239,-0.005819999999999992,1022.0158121585846
same_updates,sgd,,,318,1.5596823692321777,0.4453125,1.5671590410995484,0.4266,1.556308490753174,0.4289,-0.0023000000000000242,1025.2902128696442
same_updates,sgd,,,319,1.625018835067749,0.3828125,1.6166723517227173,0.41948,1.6070689626693726,0.4306,-0.011119999999999963,1028.476717710495
same_updates,sgd,,,320,1.560843586921692,0.4375,1.614181513671875,0.41866,1.605609175491333,0.4251,-0.006440000000000001,1031.6643135547638
same_updates,sgd,,,321,1.5455963611602783,0.3984375,1.5919945294189453,0.42308,1.5836874992370606,0.4258,-0.00272,1034.8832612037659
same_updates,sgd,,,322,1.5761923789978027,0.421875,1.5562307191848754,0.4325,1.5469748388290405,0.4385,-0.006000000000000005,1038.1013760566711
same_updates,sgd,,,323,1.4868507385253906,0.484375,1.546455961112976,0.4346,1.537423327255249,0.4377,-0.0030999999999999917,1041.3266611099243
same_updates,sgd,,,324,1.5440741777420044,0.4609375,1.5670615544891358,0.42464,1.5578510301589965,0.4259,-0.0012599999999999834,1044.5300850868225
same_updates,sgd,,,325,1.677250862121582,0.375,1.5875881423950196,0.41572,1.5775301666259767,0.4155,0.00021999999999999797,1047.762542963028
same_updates,sgd,,,326,1.6029448509216309,0.4375,1.5953239972686768,0.41116,1.5847375286102294,0.4113,-0.00013999999999997348,1050.9777266979218
same_updates,sgd,,,327,1.6525373458862305,0.375,1.570030713043213,0.41902,1.562369808959961,0.4231,-0.0040799999999999725,1054.2176685333252
same_updates,sgd,,,328,1.6172994375228882,0.4296875,1.558622833633423,0.42696,1.5536896507263183,0.4294,-0.0024399999999999977,1057.3740057945251
same_updates,sgd,,,329,1.582655668258667,0.4140625,1.580116632385254,0.42278,1.5761710357666017,0.4254,-0.002620000000000011,1060.6828989982605
same_updates,sgd,,,330,1.6862692832946777,0.3828125,1.5642650564575196,0.42988,1.5604240550994872,0.4323,-0.0024200000000000332,1063.837363243103
same_updates,sgd,,,331,1.708301305770874,0.3828125,1.551533465614319,0.43294,1.5451556377410889,0.4354,-0.0024600000000000177,1067.077926158905
same_updates,sgd,,,332,1.5909565687179565,0.3671875,1.5709960216522216,0.42688,1.5636329107284546,0.4296,-0.00272,1070.2990367412567
same_updates,sgd,,,333,1.5821774005889893,0.4140625,1.5828148959732056,0.42634,1.5752504096984863,0.4306,-0.004259999999999986,1073.4641046524048
same_updates,sgd,,,334,1.62032949924469,0.3828125,1.5832984353637696,0.4316,1.5762801477432251,0.4373,-0.005700000000000038,1076.6662890911102
same_updates,sgd,,,335,1.481586217880249,0.4296875,1.5828300211334227,0.4333,1.5750575429916382,0.4395,-0.006199999999999983,1079.9057621955872
same_updates,sgd,,,336,1.5078201293945312,0.4609375,1.573781802444458,0.43502,1.5659293605804443,0.4404,-0.005379999999999996,1083.1633968353271
same_updates,sgd,,,337,1.5660250186920166,0.4296875,1.5800400714492797,0.42922,1.5724799421310425,0.4308,-0.0015800000000000258,1086.3804092407227
same_updates,sgd,,,338,1.5811395645141602,0.40625,1.574602876625061,0.42712,1.5660227407455445,0.4269,0.00021999999999999797,1089.6513078212738
same_updates,sgd,,,339,1.5605995655059814,0.4296875,1.5416187404632569,0.43424,1.5319535970687865,0.4332,0.001040000000000041,1092.8427414894104
same_updates,sgd,,,340,1.475651502609253,0.4375,1.5350261159515382,0.439,1.5260681575775146,0.4386,0.00040000000000001146,1096.0465741157532
same_updates,sgd,,,341,1.5199682712554932,0.3984375,1.567319224472046,0.43348,1.5596168510437012,0.4315,0.0019799999999999818,1099.2827458381653
same_updates,sgd,,,342,1.5812101364135742,0.484375,1.6253720770645141,0.4203,1.618329102706909,0.4206,-0.00029999999999996696,1102.5354676246643
same_updates,sgd,,,343,1.4238084554672241,0.5234375,1.681929715499878,0.40916,1.67497903175354,0.4079,0.0012600000000000389,1105.770480632782
same_updates,sgd,,,344,1.75448739528656,0.34375,1.6235358962249755,0.41218,1.6153481712341309,0.4129,-0.0007199999999999984,1108.9823865890503
same_updates,sgd,,,345,1.543454647064209,0.4453125,1.5999130438995361,0.4039,1.5916603395462037,0.4097,-0.005800000000000027,1112.2373807430267
same_updates,sgd,,,346,1.7139976024627686,0.3359375,1.5746959197235106,0.4082,1.5678753536224366,0.4079,0.00030000000000002247,1115.493112564087
same_updates,sgd,,,347,1.6285698413848877,0.3984375,1.557376128501892,0.41798,1.551925891494751,0.425,-0.007019999999999971,1118.70969414711
same_updates,sgd,,,348,1.65525484085083,0.3671875,1.5971152172851562,0.41826,1.5911186902999879,0.4235,-0.005239999999999967,1121.9616549015045
same_updates,sgd,,,349,1.615250825881958,0.3515625,1.6072474237060548,0.42278,1.6005928176879882,0.4321,-0.009319999999999995,1125.1104130744934
same_updates,sgd,,,350,1.5849316120147705,0.3671875,1.5550021201324462,0.4392,1.5479384494781494,0.445,-0.005800000000000027,1128.3225011825562
same_updates,sgd,,,351,1.521763563156128,0.4921875,1.507537777671814,0.45538,1.500299776649475,0.4555,-0.00012000000000000899,1131.5442225933075
same_updates,sgd,,,352,1.5521445274353027,0.3828125,1.508752608985901,0.4528,1.5021529964447022,0.4536,-0.0008000000000000229,1134.714230298996
same_updates,sgd,,,353,1.5296761989593506,0.4453125,1.516512117652893,0.45034,1.5120652475357055,0.4501,0.00024000000000001798,1137.8621430397034
same_updates,sgd,,,354,1.5249637365341187,0.4140625,1.5462732001113892,0.44,1.5439224939346314,0.4414,-0.0014000000000000123,1141.0494356155396
same_updates,sgd,,,355,1.4987893104553223,0.4453125,1.5934585455703736,0.4277,1.5925578147888184,0.4287,-0.0010000000000000009,1144.273328781128
same_updates,sgd,,,356,1.5028775930404663,0.4140625,1.5734017895889283,0.43048,1.5722669452667237,0.4286,0.0018799999999999928,1147.4925360679626
same_updates,sgd,,,357,1.5591754913330078,0.40625,1.573294379310608,0.42814,1.5708426406860352,0.4298,-0.0016599999999999948,1150.7633984088898
same_updates,sgd,,,358,1.4519953727722168,0.453125,1.58100093044281,0.42334,1.5768076080322266,0.427,-0.0036599999999999966,1153.9560260772705
same_updates,sgd,,,359,1.5432673692703247,0.3984375,1.5627884798812866,0.4322,1.5585218322753907,0.4348,-0.0026000000000000467,1157.178696155548
same_updates,sgd,,,360,1.5624961853027344,0.390625,1.5826427038574218,0.42944,1.5782045288085937,0.4356,-0.006159999999999999,1160.3757410049438
same_updates,sgd,,,361,1.6425604820251465,0.375,1.623616989402771,0.41872,1.6167600700378417,0.4186,0.00011999999999995348,1163.6357204914093
same_updates,sgd,,,362,1.7713319063186646,0.359375,1.597562105140686,0.41992,1.588157441329956,0.4243,-0.004379999999999995,1166.8602607250214
same_updates,sgd,,,363,1.5828239917755127,0.4453125,1.5973930603027344,0.41708,1.586317776107788,0.4204,-0.0033199999999999896,1170.099061012268
same_updates,sgd,,,364,1.5955491065979004,0.3984375,1.5755799239349366,0.42518,1.5627859699249267,0.432,-0.006819999999999993,1173.310274362564
same_updates,sgd,,,365,1.7006642818450928,0.375,1.5486325569152832,0.43528,1.5348042530059816,0.4434,-0.008120000000000016,1176.4536068439484
same_updates,sgd,,,366,1.6286945343017578,0.3984375,1.5774381935501098,0.42786,1.5630276863098145,0.4341,-0.006239999999999968,1179.6948807239532
same_updates,sgd,,,367,1.4352188110351562,0.4296875,1.6160916165542603,0.41404,1.6025369588851928,0.4158,-0.0017599999999999838,1182.9222421646118
same_updates,sgd,,,368,1.621031403541565,0.3984375,1.585761859664917,0.42634,1.5743983745574952,0.427,-0.0006599999999999939,1186.1304790973663
same_updates,sgd,,,369,1.5184261798858643,0.4609375,1.5381342247390748,0.44464,1.5322897167205811,0.4452,-0.0005600000000000049,1189.4020545482635
same_updates,sgd,,,370,1.5718092918395996,0.40625,1.6026778908920287,0.4265,1.601280019378662,0.4268,-0.00030000000000002247,1192.64240026474
same_updates,sgd,,,371,1.6219680309295654,0.375,1.669834072341919,0.40766,1.670218713760376,0.4064,0.0012600000000000389,1195.892021894455
same_updates,sgd,,,372,1.7048667669296265,0.359375,1.648271669883728,0.41394,1.6495005249023438,0.4168,-0.002860000000000029,1199.0975873470306
same_updates,sgd,,,373,1.7291359901428223,0.328125,1.6263458756256104,0.41876,1.627138045501709,0.4189,-0.00013999999999997348,1202.2665939331055
same_updates,sgd,,,374,1.5464823246002197,0.4296875,1.6380724493789673,0.40594,1.6358311548233033,0.4069,-0.0009599999999999609,1205.5076365470886
same_updates,sgd,,,375,1.5926812887191772,0.4140625,1.6100416736221312,0.4118,1.6051437179565429,0.4153,-0.003500000000000003,1208.7396399974823
same_updates,sgd,,,376,1.7876919507980347,0.359375,1.5811640522003174,0.4291,1.573231972503662,0.4326,-0.003500000000000003,1211.9158267974854
same_updates,sgd,,,377,1.5989017486572266,0.3984375,1.5674582528305054,0.43598,1.554909339904785,0.4386,-0.002620000000000011,1215.1412527561188
same_updates,sgd,,,378,1.7228617668151855,0.421875,1.5465809173202514,0.43614,1.5326682214736937,0.4396,-0.003459999999999963,1218.3339788913727
same_updates,sgd,,,379,1.6960114240646362,0.359375,1.5242029047012329,0.4402,1.5126619693756103,0.445,-0.0048000000000000265,1221.606185913086
same_updates,sgd,,,380,1.7669692039489746,0.3515625,1.5160377852630615,0.44564,1.5065010814666748,0.4487,-0.003060000000000007,1224.8409450054169
same_updates,sgd,,,381,1.6012779474258423,0.328125,1.5555281628799438,0.43332,1.547186199569702,0.438,-0.0046800000000000175,1228.0769391059875
same_updates,sgd,,,382,1.7426986694335938,0.3828125,1.6230781388092042,0.41362,1.6164079288482667,0.4145,-0.0008799999999999919,1231.2964811325073
same_updates,sgd,,,383,1.6526763439178467,0.359375,1.6624591219329834,0.40512,1.6571309438705444,0.4075,-0.0023799999999999932,1234.5449135303497
same_updates,sgd,,,384,1.6477794647216797,0.453125,1.610054631881714,0.41966,1.6045955240249634,0.4207,-0.001040000000000041,1237.7025418281555
same_updates,sgd,,,385,1.6021804809570312,0.3984375,1.550872816619873,0.43508,1.544286530303955,0.4388,-0.003720000000000001,1240.924528837204
same_updates,sgd,,,386,1.5088213682174683,0.4140625,1.5212741803741454,0.44688,1.5137417205810546,0.4518,-0.00491999999999998,1244.1068351268768
same_updates,sgd,,,387,1.5242433547973633,0.4375,1.4983142742538451,0.45802,1.4915837547302246,0.4605,-0.0024800000000000377,1247.2620153427124
same_updates,sgd,,,388,1.5612387657165527,0.484375,1.5065511950302124,0.45764,1.5000568733215331,0.4587,-0.0010600000000000054,1250.5080907344818
same_updates,sgd,,,389,1.5582460165023804,0.4609375,1.5451860910034179,0.44458,1.5386384468078613,0.4457,-0.0011200000000000099,1253.7717635631561
same_updates,sgd,,,390,1.5323419570922852,0.40625,1.5556786065292358,0.44188,1.5497371557235717,0.4401,0.0017800000000000038,1256.977058649063
same_updates,sgd,,,391,1.4719765186309814,0.5125,1.5450344494247437,0.44596,1.5402418548583985,0.4469,-0.0009399999999999964,1260.2944023609161
same_updates,sgd,,,392,1.4059491157531738,0.4765625,1.5459866094589234,0.44294,1.5420149173736573,0.4447,-0.0017599999999999838,1263.4866127967834
same_updates,sgd,,,393,1.5806567668914795,0.4140625,1.529467934036255,0.44434,1.5260888160705566,0.4454,-0.0010600000000000054,1266.6802895069122
same_updates,sgd,,,394,1.5287744998931885,0.40625,1.5330894921112062,0.44388,1.5297448850631714,0.4464,-0.0025200000000000222,1269.9098081588745
same_updates,sgd,,,395,1.4571783542633057,0.4375,1.5651972509384156,0.43508,1.5614361904144287,0.4359,-0.0008199999999999874,1273.092479467392
same_updates,sgd,,,396,1.562199592590332,0.3828125,1.613921078147888,0.42354,1.6097684543609618,0.421,0.0025400000000000422,1276.2793505191803
same_updates,sgd,,,397,1.6377549171447754,0.40625,1.5895631311798095,0.42812,1.585955111503601,0.4258,0.0023199999999999887,1279.4663627147675
same_updates,sgd,,,398,1.540673851966858,0.4140625,1.5324367693710328,0.44302,1.5297575519561768,0.4438,-0.0007799999999999474,1282.6781463623047
same_updates,sgd,,,399,1.6396491527557373,0.390625,1.5068630547714232,0.45198,1.5040251037597656,0.4528,-0.0008199999999999874,1285.897721529007
same_updates,sgd,,,400,1.744834542274475,0.3125,1.5096260443115235,0.4532,1.506249719619751,0.456,-0.0028000000000000247,1289.1642925739288
same_updates,sgd,,,401,1.432849407196045,0.453125,1.52414989818573,0.4515,1.5211525260925294,0.4565,-0.0050000000000000044,1292.388867855072
same_updates,sgd,,,402,1.397567868232727,0.5234375,1.5486461743545532,0.44536,1.5456683162689209,0.4502,-0.004840000000000011,1295.6356694698334
same_updates,sgd,,,403,1.6043510437011719,0.453125,1.6128943102645874,0.4305,1.6109809257507324,0.4336,-0.0030999999999999917,1298.8715724945068
same_updates,sgd,,,404,1.5630102157592773,0.390625,1.6496960528182982,0.42046,1.6483531528472901,0.4223,-0.0018400000000000083,1302.0698912143707
same_updates,sgd,,,405,1.578447699546814,0.3359375,1.6513044452285766,0.41942,1.6491341243743896,0.4217,-0.0022800000000000042,1305.2991018295288
same_updates,sgd,,,406,1.7257282733917236,0.4140625,1.5764484182357787,0.43214,1.5717248798370362,0.4381,-0.005959999999999965,1308.4986460208893
same_updates,sgd,,,407,1.64797043800354,0.3515625,1.5258466948699951,0.44268,1.5191561250686645,0.4502,-0.007519999999999971,1311.6823692321777
same_updates,sgd,,,408,1.4112131595611572,0.53125,1.5376578198242188,0.43876,1.52970210647583,0.4433,-0.004540000000000044,1314.8487434387207
same_updates,sgd,,,409,1.6267112493515015,0.390625,1.5498845100021363,0.43164,1.5421614532470702,0.437,-0.005359999999999976,1318.091532945633
same_updates,sgd,,,410,1.49859619140625,0.453125,1.5734094495010376,0.42592,1.5665676851272583,0.4287,-0.0027800000000000047,1321.330988407135
same_updates,sgd,,,411,1.6052818298339844,0.390625,1.592685134010315,0.4236,1.5854718309402467,0.4247,-0.0011000000000000454,1324.5171329975128
same_updates,sgd,,,412,1.497058629989624,0.4765625,1.6219835459136962,0.41882,1.614355460357666,0.4203,-0.0014799999999999813,1327.7795433998108
same_updates,sgd,,,413,1.649895429611206,0.375,1.548945451927185,0.44246,1.5410258647918702,0.4417,0.0007600000000000384,1331.0154175758362
same_updates,sgd,,,414,1.6147907972335815,0.390625,1.513478741531372,0.4527,1.5054677417755127,0.4579,-0.005199999999999982,1334.2320265769958
same_updates,sgd,,,415,1.592421293258667,0.40625,1.497483321838379,0.4541,1.4889245889663696,0.4614,-0.007299999999999973,1337.3881106376648
same_updates,sgd,,,416,1.5496231317520142,0.453125,1.4953539910507203,0.45276,1.485883915901184,0.4588,-0.00603999999999999,1340.6028978824615
same_updates,sgd,,,417,1.5039925575256348,0.4296875,1.5331164011383056,0.43642,1.5212485668182374,0.4395,-0.003080000000000027,1343.8376579284668
same_updates,sgd,,,418,1.5201416015625,0.421875,1.5885732923126221,0.41882,1.5749290363311768,0.4234,-0.004579999999999973,1347.0821039676666
same_updates,sgd,,,419,1.6690270900726318,0.359375,1.6018293679046631,0.41988,1.5875707153320313,0.4255,-0.005620000000000014,1350.3253343105316
same_updates,sgd,,,420,1.4168363809585571,0.4453125,1.5840596796417237,0.43306,1.571181192970276,0.4385,-0.00544,1353.612774848938
same_updates,sgd,,,421,1.661175012588501,0.375,1.5298053602600097,0.44994,1.5184611408233644,0.4542,-0.004259999999999986,1356.788691997528
same_updates,sgd,,,422,1.4998574256896973,0.4609375,1.5137416598510742,0.45488,1.503610050201416,0.4596,-0.004720000000000002,1359.9818358421326
same_updates,sgd,,,423,1.7034145593643188,0.3203125,1.493990449256897,0.458,1.4836981884002685,0.4602,-0.0021999999999999797,1363.2359540462494
same_updates,sgd,,,424,1.5093843936920166,0.3984375,1.5042132370758057,0.45638,1.493225937271118,0.4594,-0.003019999999999967,1366.471389055252
same_updates,sgd,,,425,1.4823858737945557,0.5078125,1.521364845199585,0.4487,1.5092867685317992,0.4508,-0.0020999999999999908,1369.702389717102
same_updates,sgd,,,426,1.6603819131851196,0.3984375,1.5342239818954468,0.44152,1.5211094778060914,0.4442,-0.00267999999999996,1372.845153093338
same_updates,sgd,,,427,1.6265766620635986,0.421875,1.5303509735107421,0.44096,1.5179223598480225,0.4435,-0.0025399999999999867,1376.0272045135498
same_updates,sgd,,,428,1.565279483795166,0.4296875,1.5244226175689697,0.44258,1.5139013103485108,0.4465,-0.003920000000000035,1379.2097294330597
same_updates,sgd,,,429,1.577073335647583,0.40625,1.5037336891937256,0.45194,1.49694656791687,0.4538,-0.0018599999999999728,1382.356127500534
same_updates,sgd,,,430,1.6171839237213135,0.453125,1.5493747091293335,0.4384,1.5450998949050903,0.4384,0.0,1385.5197353363037
same_updates,sgd,,,431,1.6048533916473389,0.375,1.5839222624969482,0.43164,1.5808545413970947,0.4324,-0.0007599999999999829,1388.6845180988312
same_updates,sgd,,,432,1.6131725311279297,0.3984375,1.563016562538147,0.43966,1.5585379581451415,0.4379,0.0017599999999999838,1391.8663258552551
same_updates,sgd,,,433,1.591552734375,0.390625,1.5372374842071532,0.44268,1.5305261074066163,0.4418,0.0008799999999999919,1395.0733335018158
same_updates,sgd,,,434,1.4785282611846924,0.453125,1.5378838496780396,0.4449,1.5291345504760743,0.4451,-0.00019999999999997797,1398.2873508930206
same_updates,sgd,,,435,1.498377799987793,0.4375,1.5454604447174072,0.4482,1.5377896013259889,0.4468,0.0014000000000000123,1401.503847360611
same_updates,sgd,,,436,1.7251591682434082,0.375,1.5291668863296508,0.45408,1.5248375690460205,0.4528,0.0012800000000000034,1404.738744020462
same_updates,sgd,,,437,1.6228513717651367,0.4375,1.5460680666351319,0.44922,1.5428768350601196,0.4481,0.0011200000000000099,1407.9857709407806
same_updates,sgd,,,438,1.5748685598373413,0.4140625,1.5149983012771606,0.45816,1.511439315032959,0.4594,-0.0012399999999999634,1411.1988089084625
same_updates,sgd,,,439,1.5514745712280273,0.4140625,1.481341040763855,0.46976,1.4776338228225707,0.472,-0.0022399999999999642,1414.401237487793
same_updates,sgd,,,440,1.4431959390640259,0.484375,1.4857244248962402,0.46934,1.4832651172637938,0.4719,-0.0025600000000000067,1417.609379529953
same_updates,sgd,,,441,1.5575478076934814,0.4609375,1.514801075363159,0.45658,1.5108775129318237,0.4587,-0.0021200000000000108,1420.8401184082031
same_updates,sgd,,,442,1.527003526687622,0.5,1.5512319049835206,0.44214,1.5445982414245605,0.4467,-0.0045600000000000085,1424.0865116119385
same_updates,sgd,,,443,1.5357844829559326,0.3671875,1.5567032537460328,0.43862,1.5485553562164307,0.4408,-0.0021800000000000153,1427.2946603298187
same_updates,sgd,,,444,1.6330454349517822,0.390625,1.551416418800354,0.43736,1.543013484954834,0.4415,-0.004139999999999977,1430.5090351104736
same_updates,sgd,,,445,1.7516624927520752,0.3671875,1.4890010168075563,0.45346,1.4823611673355102,0.4525,0.0009599999999999609,1433.720731973648
same_updates,sgd,,,446,1.5529694557189941,0.4140625,1.4886411121368408,0.45326,1.4827816635131836,0.4531,0.00015999999999999348,1436.9567008018494
same_updates,sgd,,,447,1.5309536457061768,0.453125,1.5150606219100953,0.44718,1.509998364830017,0.4453,0.0018800000000000483,1440.212295293808
same_updates,sgd,,,448,1.6074721813201904,0.4453125,1.5689351898956299,0.43412,1.5638507373809813,0.4325,0.0016200000000000103,1443.4230613708496
same_updates,sgd,,,449,1.4975905418395996,0.4296875,1.570813689918518,0.43804,1.5653706859588623,0.4367,0.0013400000000000079,1446.6077976226807
same_updates,sgd,,,450,1.4372756481170654,0.484375,1.5142411654663086,0.45674,1.507935877227783,0.4538,0.002939999999999998,1449.8129885196686
same_updates,sgd,,,451,1.4616669416427612,0.4765625,1.4942924969482423,0.46354,1.4883212244033814,0.4616,0.0019399999999999973,1453.0526072978973
same_updates,sgd,,,452,1.5661664009094238,0.3984375,1.483884582748413,0.46266,1.479155683708191,0.459,0.0036599999999999966,1456.3494358062744
same_updates,sgd,,,453,1.5218329429626465,0.5078125,1.4806670537948607,0.46288,1.477912529182434,0.4618,0.0010800000000000254,1459.6070108413696
same_updates,sgd,,,454,1.6488370895385742,0.3515625,1.5067065173339844,0.45524,1.5059807680130004,0.4573,-0.0020600000000000063,1462.867856502533
same_updates,sgd,,,455,1.4209644794464111,0.4296875,1.5733518972015381,0.43796,1.5738538707733154,0.4382,-0.00023999999999996247,1466.112671136856
same_updates,sgd,,,456,1.6849135160446167,0.3125,1.6949581798934936,0.40638,1.6946615224838257,0.4064,-1.999999999996449e-05,1469.3946998119354
same_updates,sgd,,,457,1.6400800943374634,0.3984375,1.7388590621948241,0.3893,1.7368146423339843,0.3819,0.007399999999999962,1472.6672086715698
same_updates,sgd,,,458,1.5484228134155273,0.40625,1.6661928235244752,0.3962,1.6617195880889892,0.3926,0.003599999999999992,1475.8637433052063
same_updates,sgd,,,459,1.5237786769866943,0.390625,1.5726954485702516,0.41638,1.5661328002929686,0.4168,-0.00042000000000003146,1479.0600962638855
same_updates,sgd,,,460,1.670486330986023,0.3828125,1.5223488776779175,0.43342,1.5135432432174682,0.4376,-0.0041799999999999615,1482.2441277503967
same_updates,sgd,,,461,1.6460325717926025,0.40625,1.5109370665740967,0.44354,1.5003053060531617,0.4488,-0.005259999999999987,1485.5008397102356
same_updates,sgd,,,462,1.5314838886260986,0.4296875,1.5145960851669311,0.44964,1.5035377052307128,0.4533,-0.0036599999999999966,1488.7005727291107
same_updates,sgd,,,463,1.5851171016693115,0.40625,1.503170341720581,0.45524,1.4937124954223633,0.4587,-0.0034600000000000186,1491.918086528778
same_updates,sgd,,,464,1.5543806552886963,0.4453125,1.4949381085968017,0.45984,1.486592078781128,0.4632,-0.003359999999999974,1495.0970237255096
same_updates,sgd,,,465,1.6804395914077759,0.421875,1.502635298500061,0.45636,1.4949553367614745,0.4605,-0.0041400000000000325,1498.3709135055542
same_updates,sgd,,,466,1.5153913497924805,0.4453125,1.534184791946411,0.44486,1.5272522974014282,0.4437,0.0011599999999999944,1501.5460348129272
same_updates,sgd,,,467,1.4679067134857178,0.5078125,1.5501329509735107,0.44224,1.543994109916687,0.4392,0.0030400000000000427,1504.798828125
same_updates,sgd,,,468,1.604508638381958,0.40625,1.5649464585113526,0.43686,1.5585931039810181,0.4365,0.00036000000000002697,1508.0220258235931
same_updates,sgd,,,469,1.6388299465179443,0.4453125,1.5452437812042237,0.44348,1.5386591299057006,0.4432,0.00028000000000000247,1511.2138240337372
same_updates,sgd,,,470,1.7970253229141235,0.34375,1.5040276642608643,0.45568,1.4969567405700683,0.4608,-0.005120000000000013,1514.397876739502
same_updates,sgd,,,471,1.4714546203613281,0.4453125,1.4911314964294433,0.461,1.4836377029418946,0.4621,-0.0010999999999999899,1517.63623046875
same_updates,sgd,,,472,1.5368328094482422,0.453125,1.5062566110610962,0.45452,1.4989660730361938,0.457,-0.0024800000000000377,1520.849722623825
same_updates,sgd,,,473,1.501763105392456,0.421875,1.5315224087905883,0.4443,1.5260135711669922,0.4483,-0.0040000000000000036,1524.1197175979614
same_updates,sgd,,,474,1.513697862625122,0.4609375,1.6044660076522828,0.42916,1.6004599912643434,0.4333,-0.0041400000000000325,1527.30708694458
same_updates,sgd,,,475,1.6976275444030762,0.40625,1.5979277069473266,0.43546,1.594017504119873,0.4382,-0.0027399999999999647,1530.53946352005
same_updates,sgd,,,476,1.6702085733413696,0.3671875,1.489191170272827,0.46018,1.4831953147888184,0.4595,0.0006799999999999584,1533.7928013801575
same_updates,sgd,,,477,1.587904453277588,0.421875,1.5091260693740844,0.44694,1.500329697418213,0.4498,-0.0028599999999999737,1537.0163536071777
same_updates,sgd,,,478,1.7863656282424927,0.328125,1.5331982975006104,0.43316,1.5244115951538086,0.4371,-0.003939999999999999,1540.2885360717773
same_updates,sgd,,,479,1.3984969854354858,0.5,1.5579245502471923,0.42246,1.5506508422851562,0.4223,0.00015999999999999348,1543.5781474113464
same_updates,sgd,,,480,1.6524381637573242,0.3671875,1.5838320709991456,0.4208,1.5785000793457031,0.4199,0.0009000000000000119,1546.771964788437
same_updates,sgd,,,481,1.446345329284668,0.4453125,1.6037990071868897,0.43098,1.6007364570617675,0.4317,-0.0007199999999999984,1549.953432559967
same_updates,sgd,,,482,1.5685765743255615,0.4375,1.554840514755249,0.44752,1.5541165634155274,0.4437,0.00381999999999999,1553.1478126049042
same_updates,sgd,,,483,1.4787015914916992,0.4765625,1.5361946990585327,0.4484,1.536154814338684,0.4499,-0.0015000000000000013,1556.3469679355621
same_updates,sgd,,,484,1.458003044128418,0.4765625,1.524483207321167,0.4515,1.5246708711624146,0.4486,0.0029000000000000137,1559.6020984649658
same_updates,sgd,,,485,1.5550847053527832,0.4609375,1.5027558666992187,0.46058,1.5009342739105225,0.4616,-0.0010200000000000209,1562.8158593177795
same_updates,sgd,,,486,1.5934548377990723,0.40625,1.5358381121063232,0.4482,1.5320687934875488,0.4477,0.0005000000000000004,1566.0525135993958
same_updates,sgd,,,487,1.5329022407531738,0.453125,1.5601237300872803,0.43624,1.5548755973815918,0.4362,4.0000000000040004e-05,1569.3265159130096
same_updates,sgd,,,488,1.2395422458648682,0.5234375,1.5773379693984986,0.432,1.5703668195724487,0.436,-0.0040000000000000036,1572.5716903209686
same_updates,sgd,,,489,1.6244357824325562,0.421875,1.5331413177490234,0.4496,1.5284150089263917,0.4488,0.0008000000000000229,1575.8127818107605
same_updates,sgd,,,490,1.5211842060089111,0.453125,1.5028452754974366,0.4549,1.501626560974121,0.4503,0.0046000000000000485,1579.0346777439117
same_updates,sgd,,,491,1.513310194015503,0.4296875,1.5408588440322877,0.43298,1.541587854385376,0.4321,0.0008799999999999919,1582.290552854538
same_updates,sgd,,,492,1.6114544868469238,0.421875,1.5328553995132446,0.4365,1.5326249046325684,0.4373,-0.0008000000000000229,1585.5001385211945
same_updates,sgd,,,493,1.649890422821045,0.359375,1.510430742111206,0.45232,1.5083049968719482,0.4526,-0.00028000000000000247,1588.6672930717468
same_updates,sgd,,,494,1.5302481651306152,0.4375,1.4990317455673219,0.4621,1.4937144241333007,0.462,9.999999999998899e-05,1591.8031895160675
same_updates,sgd,,,495,1.4702205657958984,0.484375,1.4998018695449828,0.46168,1.4912831592559814,0.4639,-0.0022199999999999998,1595.0168089866638
same_updates,sgd,,,496,1.5158137083053589,0.4140625,1.5067428735733033,0.45556,1.4954380393981934,0.4627,-0.00713999999999998,1598.2342286109924
same_updates,sgd,,,497,1.5550940036773682,0.390625,1.5281650577545165,0.44774,1.516778565597534,0.4526,-0.0048599999999999755,1601.484251499176
same_updates,sgd,,,498,1.4269044399261475,0.4921875,1.5199778898239136,0.451,1.5089408250808716,0.4556,-0.004599999999999993,1604.7373473644257
same_updates,sgd,,,499,1.5059235095977783,0.453125,1.5236007050323486,0.45032,1.5136204036712646,0.4554,-0.005080000000000029,1607.994916677475
same_updates,sgd,,,500,1.5192896127700806,0.4296875,1.5281303490829468,0.4479,1.5204154125213623,0.4536,-0.005699999999999983,1611.2571086883545
same_updates,sgd,,,501,1.5981993675231934,0.3984375,1.5406973787689209,0.4437,1.5362730632781982,0.446,-0.0023000000000000242,1614.4600496292114
same_updates,sgd,,,502,1.5763704776763916,0.453125,1.5400261233139039,0.44464,1.5365082773208618,0.4466,-0.0019600000000000173,1617.644460439682
same_updates,sgd,,,503,1.6312755346298218,0.4296875,1.4991806594467163,0.4564,1.4935546102523805,0.4611,-0.0047000000000000375,1620.8736748695374
same_updates,sgd,,,504,1.5179661512374878,0.453125,1.4740904723358155,0.46238,1.4651040344238282,0.4665,-0.0041200000000000125,1624.027408361435
same_updates,sgd,,,505,1.4533406496047974,0.4375,1.4678726203918457,0.46136,1.4569661777496339,0.4681,-0.006740000000000024,1627.3039393424988
same_updates,sgd,,,506,1.6394530534744263,0.390625,1.467280023536682,0.46376,1.4565282207489014,0.4705,-0.006739999999999968,1630.537497997284
same_updates,sgd,,,507,1.4037439823150635,0.5,1.4999079383468628,0.45646,1.49025151348114,0.4657,-0.009240000000000026,1633.67631483078
same_updates,sgd,,,508,1.5021754503250122,0.4453125,1.559325526123047,0.4425,1.5478248533248902,0.4501,-0.007599999999999996,1636.9433636665344
same_updates,sgd,,,509,1.608872890472412,0.3984375,1.5576078213882447,0.4407,1.5458646480560303,0.4445,-0.0038000000000000256,1640.149883031845
same_updates,sgd,,,510,1.612061858177185,0.390625,1.5200093788909912,0.44596,1.5091732419967652,0.4482,-0.0022399999999999642,1643.3676295280457
same_updates,sgd,,,511,1.530599594116211,0.390625,1.5108757783126832,0.44642,1.5012095119476319,0.4538,-0.007379999999999998,1646.590202331543
same_updates,sgd,,,512,1.577406644821167,0.421875,1.5037703686904906,0.45054,1.4963799732208252,0.4573,-0.006759999999999988,1649.836834192276
same_updates,sgd,,,513,1.6007447242736816,0.40625,1.5483062255096436,0.43462,1.5419919805526734,0.4372,-0.002579999999999971,1653.0341675281525
same_updates,sgd,,,514,1.4836227893829346,0.421875,1.5897671961212159,0.42292,1.5832193675994872,0.4297,-0.006780000000000008,1656.2946989536285
same_updates,sgd,,,515,1.5472917556762695,0.421875,1.5525782067871094,0.44202,1.5456435935974122,0.4472,-0.005179999999999962,1659.536814212799
same_updates,sgd,,,516,1.5259246826171875,0.4921875,1.4798494033050538,0.46642,1.4729009086608886,0.4672,-0.0007800000000000029,1662.7404582500458
same_updates,sgd,,,517,1.4401938915252686,0.46875,1.4691183258056641,0.46776,1.4615151348114013,0.467,0.0007599999999999829,1665.9023900032043
same_updates,sgd,,,518,1.4627327919006348,0.53125,1.4713578620910646,0.46504,1.4623989475250243,0.4624,0.002640000000000031,1669.0978968143463
same_updates,sgd,,,519,1.5498297214508057,0.4453125,1.4822061529541015,0.46154,1.4721907640457152,0.4596,0.0019399999999999973,1672.337016582489
same_updates,sgd,,,520,1.36484694480896,0.4921875,1.4832491509628296,0.46548,1.4741985439300538,0.4657,-0.00021999999999999797,1675.5432713031769
same_updates,sgd,,,521,1.4822893142700195,0.46875,1.4979185269165038,0.46234,1.489617919921875,0.4639,-0.0015600000000000058,1678.762371301651
same_updates,sgd,,,522,1.665848970413208,0.390625,1.516483159675598,0.45448,1.507787467956543,0.4591,-0.004620000000000013,1681.9368846416473
same_updates,sgd,,,523,1.556563377380371,0.421875,1.5194324346160888,0.45112,1.5100670707702637,0.4576,-0.006479999999999986,1685.1072385311127
same_updates,sgd,,,524,1.654550552368164,0.3984375,1.4986100061798096,0.45354,1.4881624462127685,0.4623,-0.00875999999999999,1688.3010132312775
same_updates,sgd,,,525,1.5554054975509644,0.390625,1.4852603762435914,0.45706,1.4741995155334473,0.4647,-0.00763999999999998,1691.4808859825134
same_updates,sgd,,,526,1.450737476348877,0.453125,1.491576703453064,0.45626,1.480906135559082,0.4647,-0.008440000000000003,1694.6947174072266
same_updates,sgd,,,527,1.2968940734863281,0.5546875,1.554510051879883,0.43776,1.5439958045959472,0.4419,-0.0041400000000000325,1697.8609788417816
same_updates,sgd,,,528,1.4580111503601074,0.46875,1.607676591720581,0.42328,1.5977784786224365,0.4271,-0.00381999999999999,1701.0494091510773
same_updates,sgd,,,529,1.5256043672561646,0.4453125,1.5527249770355225,0.43594,1.5445230754852295,0.4431,-0.00716,1704.2254667282104
same_updates,sgd,,,530,1.3515220880508423,0.4921875,1.483594573097229,0.45608,1.4781303281784057,0.4583,-0.0022199999999999998,1707.4529497623444
same_updates,sgd,,,531,1.4937281608581543,0.4375,1.4553947227478028,0.46842,1.4510229351043702,0.469,-0.0005799999999999694,1710.5966591835022
same_updates,sgd,,,532,1.527929663658142,0.4375,1.445182035255432,0.47472,1.4401237022399902,0.4753,-0.0005800000000000249,1713.757776260376
same_updates,sgd,,,533,1.4033185243606567,0.4609375,1.4510829109954835,0.47888,1.4436947925567627,0.4789,-2.0000000000020002e-05,1716.985915184021
same_updates,sgd,,,534,1.469766616821289,0.453125,1.4753056145858765,0.47302,1.4665296838760375,0.4749,-0.0018799999999999928,1720.1742599010468
same_updates,sgd,,,535,1.4318286180496216,0.4921875,1.523582980079651,0.4528,1.5123716087341308,0.4586,-0.005800000000000027,1723.391930103302
same_updates,sgd,,,536,1.5689092874526978,0.4296875,1.5269631349945068,0.44256,1.5146636465072632,0.4469,-0.0043400000000000105,1726.5952517986298
same_updates,sgd,,,537,1.5780900716781616,0.3984375,1.4913257671737672,0.45148,1.4793288764953614,0.4523,-0.0008199999999999874,1729.7772278785706
same_updates,sgd,,,538,1.505549669265747,0.421875,1.4560168444061279,0.4649,1.4453237020492553,0.4647,0.00019999999999997797,1733.0023624897003
same_updates,sgd,,,539,1.5040525197982788,0.4453125,1.4970166017913817,0.45398,1.4857868629455566,0.4575,-0.003520000000000023,1736.1601071357727
same_updates,sgd,,,540,1.4249716997146606,0.46875,1.6753898682403565,0.42094,1.6606189306259156,0.4269,-0.005960000000000021,1739.4138388633728
same_updates,sgd,,,541,1.6896061897277832,0.40625,1.6552284295654296,0.43096,1.6420958208084107,0.4402,-0.00923999999999997,1742.6371026039124
same_updates,sgd,,,542,1.681086540222168,0.4375,1.5326096026229858,0.44774,1.5227381679534913,0.4504,-0.0026599999999999957,1745.8502070903778
same_updates,sgd,,,543,1.4330356121063232,0.4921875,1.4844174953842164,0.4502,1.4754266124725341,0.4536,-0.003400000000000014,1749.1023466587067
same_updates,sgd,,,544,1.6377100944519043,0.390625,1.4788204748153686,0.45222,1.469937421989441,0.4537,-0.0014799999999999813,1752.343124628067
same_updates,sgd,,,545,1.5637043714523315,0.390625,1.4775895569229125,0.4615,1.4695781787872315,0.4597,0.0018000000000000238,1755.5601835250854
same_updates,sgd,,,546,1.5269464254379272,0.4765625,1.4999922029876709,0.46318,1.4918747695922852,0.4633,-0.00012000000000000899,1758.7449791431427
same_updates,sgd,,,547,1.5730853080749512,0.4375,1.5670682574844361,0.44988,1.557193318939209,0.4555,-0.005620000000000014,1761.9693441390991
same_updates,sgd,,,548,1.4639664888381958,0.46875,1.5772433986663819,0.44214,1.5659467725753784,0.4469,-0.004760000000000042,1765.2149085998535
same_updates,sgd,,,549,1.4557580947875977,0.4609375,1.518272158241272,0.45266,1.505057349395752,0.4549,-0.0022400000000000198,1768.4358706474304
same_updates,sgd,,,550,1.4122607707977295,0.4765625,1.4770101043701171,0.46362,1.4623844142913818,0.4624,0.0012199999999999989,1771.6551551818848
same_updates,sgd,,,551,1.6781005859375,0.40625,1.4569506337356568,0.47382,1.4420014316558838,0.4729,0.0009200000000000319,1774.8439407348633
same_updates,sgd,,,552,1.4875297546386719,0.5078125,1.4424680180740357,0.47894,1.4284824535369873,0.4758,0.003139999999999976,1777.991313457489
same_updates,sgd,,,553,1.514009952545166,0.453125,1.433640864944458,0.4802,1.4221817211151122,0.4789,0.0013000000000000234,1781.1636226177216
same_updates,sgd,,,554,1.4401510953903198,0.453125,1.4684356604766846,0.46882,1.4578772706985474,0.4699,-0.0010799999999999699,1784.3966007232666
same_updates,sgd,,,555,1.442512035369873,0.46875,1.5241585318756103,0.45036,1.512677487373352,0.4521,-0.0017400000000000193,1787.5705454349518
same_updates,sgd,,,556,1.489717721939087,0.453125,1.537915874862671,0.44478,1.5251534523010253,0.4518,-0.007019999999999971,1790.7646486759186
same_updates,sgd,,,557,1.3677082061767578,0.5546875,1.5346125973510742,0.44946,1.5210634143829345,0.4567,-0.007239999999999969,1793.9143290519714
same_updates,sgd,,,558,1.5070099830627441,0.3984375,1.5102254027938842,0.45662,1.496141220855713,0.4639,-0.007279999999999953,1797.1825246810913
same_updates,sgd,,,559,1.3343925476074219,0.5078125,1.4787826927566528,0.46424,1.464720860671997,0.4736,-0.009360000000000035,1800.3431811332703
same_updates,sgd,,,560,1.5640572309494019,0.4453125,1.4458153466796875,0.47524,1.4308373226165771,0.4819,-0.006659999999999999,1803.6032085418701
same_updates,sgd,,,561,1.4813350439071655,0.4453125,1.4499880257415771,0.46978,1.4347668033599854,0.4786,-0.00882000000000005,1806.877102136612
same_updates,sgd,,,562,1.4399431943893433,0.4609375,1.5221838295745849,0.44768,1.5068499061584473,0.4529,-0.005220000000000002,1810.1250813007355
same_updates,sgd,,,563,1.4262855052947998,0.4921875,1.5615789392089843,0.43776,1.54691403465271,0.4434,-0.005640000000000034,1813.3244814872742
same_updates,sgd,,,564,1.384956955909729,0.484375,1.4974857057952882,0.46392,1.4853978425979615,0.4682,-0.004280000000000006,1816.588114976883
same_updates,sgd,,,565,1.5048006772994995,0.53125,1.431603463897705,0.484,1.4222425678253174,0.4865,-0.0025000000000000022,1819.8087058067322
same_updates,sgd,,,566,1.3545464277267456,0.546875,1.4576680057144165,0.46844,1.4511160015106201,0.4686,-0.00015999999999999348,1823.0236358642578
same_updates,sgd,,,567,1.6087698936462402,0.34375,1.487708906173706,0.45606,1.4825909149169922,0.456,6.0000000000004494e-05,1826.1728909015656
same_updates,sgd,,,568,1.433593988418579,0.484375,1.5079089456939698,0.4534,1.50010262966156,0.4502,0.003200000000000036,1829.3319020271301
same_updates,sgd,,,569,1.5787179470062256,0.421875,1.5661937530517578,0.44288,1.5549153841018677,0.4463,-0.0034199999999999786,1832.5535373687744
same_updates,sgd,,,570,1.5708842277526855,0.4296875,1.5812657537460326,0.44592,1.5701514888763428,0.4534,-0.007480000000000042,1835.76921749115
same_updates,sgd,,,571,1.6280709505081177,0.40625,1.5145680166625977,0.46086,1.5050167400360108,0.4669,-0.00603999999999999,1839.0149230957031
same_updates,sgd,,,572,1.3993680477142334,0.4453125,1.4768605558013916,0.46832,1.4679329723358154,0.4739,-0.005579999999999974,1842.1778283119202
same_updates,sgd,,,573,1.555246353149414,0.4375,1.4492409024047852,0.47656,1.438827515411377,0.4829,-0.006340000000000012,1845.414580821991
same_updates,sgd,,,574,1.5141702890396118,0.484375,1.4297930893325805,0.486,1.418229988861084,0.4912,-0.005200000000000038,1848.6461675167084
same_updates,sgd,,,575,1.4583170413970947,0.5,1.4799393831634522,0.47332,1.4677041130065918,0.4788,-0.005479999999999985,1851.8686254024506
same_updates,sgd,,,576,1.402845025062561,0.484375,1.5370196088409425,0.45626,1.525029405593872,0.4634,-0.00713999999999998,1855.0225412845612
same_updates,sgd,,,577,1.4306941032409668,0.4765625,1.528132135925293,0.45556,1.5176511690139771,0.4631,-0.007539999999999991,1858.2175586223602
same_updates,sgd,,,578,1.5787367820739746,0.421875,1.4971573218917846,0.459,1.4881328422546387,0.4657,-0.006699999999999984,1861.3717956542969
same_updates,sgd,,,579,1.5976014137268066,0.375,1.5040293617248535,0.45608,1.4954997394561769,0.4596,-0.003520000000000023,1864.5717141628265
same_updates,sgd,,,580,1.561424970626831,0.390625,1.5116177728652953,0.4544,1.5037905809402465,0.4579,-0.0034999999999999476,1867.7365112304688
same_updates,sgd,,,581,1.4886964559555054,0.5,1.5267088716888428,0.45442,1.5205295413970947,0.4549,-0.00048000000000003595,1870.9662930965424
same_updates,sgd,,,582,1.500819206237793,0.4609375,1.552951096458435,0.45136,1.5462235729217528,0.4553,-0.003939999999999999,1874.2094707489014
same_updates,sgd,,,583,1.4674443006515503,0.5078125,1.6021130516815185,0.4393,1.5944453071594238,0.4479,-0.008599999999999997,1877.408341884613
same_updates,sgd,,,584,1.3046743869781494,0.4921875,1.6100201306152344,0.43582,1.6009666458129883,0.4434,-0.007580000000000031,1880.6605064868927
same_updates,sgd,,,585,1.5784013271331787,0.4609375,1.5109472549819947,0.45638,1.50030687789917,0.4623,-0.005919999999999981,1883.9516959190369
same_updates,sgd,,,586,1.666953206062317,0.4140625,1.4381428939437866,0.47554,1.425849465560913,0.4817,-0.006159999999999999,1887.1537449359894
same_updates,sgd,,,587,1.4194244146347046,0.421875,1.4386334030914307,0.47308,1.425552075767517,0.4762,-0.0031200000000000117,1890.3400855064392
same_updates,sgd,,,588,1.476905107498169,0.421875,1.4621286309051513,0.46652,1.4493970392227173,0.47,-0.003479999999999983,1893.5382888317108
same_updates,sgd,,,589,1.3969402313232422,0.4453125,1.4679662762832641,0.46684,1.456049443435669,0.4762,-0.009360000000000035,1896.7983145713806
same_updates,sgd,,,590,1.2908250093460083,0.515625,1.5523371118164062,0.44968,1.5419617122650147,0.4506,-0.0009199999999999764,1900.0163125991821
same_updates,sgd,,,591,1.5098556280136108,0.4296875,1.6826899438858032,0.41662,1.6756441139221192,0.4205,-0.0038799999999999946,1903.2152225971222
same_updates,sgd,,,592,1.6776556968688965,0.3515625,1.6216247858047486,0.4327,1.6143717723846436,0.4341,-0.0014000000000000123,1906.4846849441528
same_updates,sgd,,,593,1.5350720882415771,0.4609375,1.464700372238159,0.47408,1.4553331756591796,0.4768,-0.00272,1909.6702222824097
same_updates,sgd,,,594,1.419759750366211,0.453125,1.4319826651382446,0.48096,1.4207872844696046,0.4834,-0.0024399999999999977,1912.9295241832733
same_updates,sgd,,,595,1.4968518018722534,0.4609375,1.4856700471115112,0.46162,1.4722872512817382,0.466,-0.0043800000000000505,1916.095540046692
same_updates,sgd,,,596,1.589258074760437,0.4609375,1.5043393001937866,0.4541,1.491342865371704,0.4555,-0.0014000000000000123,1919.2877759933472
same_updates,sgd,,,597,1.5495262145996094,0.3515625,1.4882688846588135,0.46044,1.4769958103179932,0.4674,-0.006959999999999966,1922.4546542167664
same_updates,sgd,,,598,1.519788146018982,0.4375,1.512031982192993,0.45784,1.504884860610962,0.462,-0.004159999999999997,1925.7384157180786
same_updates,sgd,,,599,1.4729509353637695,0.4296875,1.5652781641387938,0.4465,1.5629374114990235,0.4439,0.002599999999999991,1928.96320438385
same_updates,sgd,,,600,1.4796223640441895,0.4296875,1.5706829132843017,0.44212,1.5711673871994019,0.4409,0.0012199999999999989,1932.1614804267883
same_updates,sgd,,,601,1.4152554273605347,0.5078125,1.5102839682006837,0.46138,1.5091996597290038,0.4574,0.003980000000000039,1935.3758599758148
same_updates,sgd,,,602,1.4575552940368652,0.5078125,1.4841935118865968,0.4599,1.4779436130523682,0.4631,-0.003200000000000036,1938.5781619548798
same_updates,sgd,,,603,1.387529730796814,0.4453125,1.5186583333587647,0.4419,1.5087298110961913,0.4462,-0.0042999999999999705,1941.7842147350311
same_updates,sgd,,,604,1.6414892673492432,0.375,1.4771787791061401,0.45464,1.4671423511505126,0.4564,-0.0017599999999999838,1945.0325775146484
same_updates,sgd,,,605,1.496981143951416,0.46875,1.4440591900634765,0.47366,1.4347917091369629,0.4753,-0.0016399999999999748,1948.1880338191986
same_updates,sgd,,,606,1.6781296730041504,0.3671875,1.41599427028656,0.48808,1.4083005605697632,0.4945,-0.006419999999999981,1951.411841392517
same_updates,sgd,,,607,1.4747326374053955,0.5,1.435776192855835,0.48096,1.4294762180328369,0.4826,-0.0016399999999999748,1954.618643283844
same_updates,sgd,,,608,1.3264003992080688,0.53125,1.5143645022964478,0.45352,1.5084199491500854,0.4573,-0.0037800000000000056,1957.7898507118225
same_updates,sgd,,,609,1.7183222770690918,0.4296875,1.5614437640762329,0.43714,1.557263899040222,0.4382,-0.0010600000000000054,1960.9138305187225
same_updates,sgd,,,610,1.5433266162872314,0.4609375,1.5557391632843018,0.43808,1.552842120361328,0.437,0.0010800000000000254,1964.1007990837097
same_updates,sgd,,,611,1.5154722929000854,0.390625,1.5221946231079102,0.4492,1.5197794982910156,0.4442,0.0050000000000000044,1967.3255648612976
same_updates,sgd,,,612,1.3376257419586182,0.546875,1.481764153213501,0.46334,1.4781782945632935,0.4592,0.004139999999999977,1970.5172634124756
same_updates,sgd,,,613,1.536387324333191,0.4375,1.4533552386474609,0.47296,1.4491706624984741,0.4705,0.0024600000000000177,1973.713718175888
same_updates,sgd,,,614,1.4529826641082764,0.4453125,1.4343716055297853,0.48018,1.4289691152572632,0.4762,0.0039799999999999836,1976.8875896930695
same_updates,sgd,,,615,1.5647289752960205,0.453125,1.4447618173217773,0.47548,1.4374443605422973,0.4799,-0.0044199999999999795,1980.1515176296234
same_updates,sgd,,,616,1.3795952796936035,0.5,1.4617428751373291,0.46738,1.4530780961990357,0.4753,-0.007919999999999983,1983.38942527771
same_updates,sgd,,,617,1.4409048557281494,0.453125,1.4910576891326903,0.4593,1.4822075492858886,0.4607,-0.0014000000000000123,1986.568557024002
same_updates,sgd,,,618,1.540196180343628,0.4453125,1.5302131665420533,0.45136,1.5212373847961427,0.453,-0.0016400000000000303,1989.8345165252686
same_updates,sgd,,,619,1.5136001110076904,0.453125,1.5914327753448487,0.43806,1.5823663345336914,0.4402,-0.0021399999999999753,1993.0471980571747
same_updates,sgd,,,620,1.310394048690796,0.5078125,1.544014306640625,0.44838,1.5347652027130128,0.4538,-0.00541999999999998,1996.2892577648163
same_updates,sgd,,,621,1.4223003387451172,0.4765625,1.4681253954315185,0.4689,1.457917504119873,0.4726,-0.0037000000000000366,1999.4226899147034
same_updates,sgd,,,622,1.4566466808319092,0.4375,1.4325417707061767,0.47966,1.4222730485916137,0.4831,-0.0034399999999999986,2002.6891782283783
same_updates,sgd,,,623,1.593492031097412,0.4453125,1.4162303323745729,0.48838,1.407002758026123,0.4874,0.0009799999999999809,2005.941101551056
same_updates,sgd,,,624,1.343827724456787,0.5,1.4038140682983398,0.4945,1.3957450813293457,0.493,0.0015000000000000013,2009.164535522461
same_updates,sgd,,,625,1.4554524421691895,0.4453125,1.4682664923858642,0.4775,1.4581486103057861,0.4803,-0.0028000000000000247,2012.417228937149
same_updates,sgd,,,626,1.3649016618728638,0.4609375,1.5987030083465577,0.43818,1.584849673461914,0.4402,-0.0020199999999999663,2015.6235172748566
same_updates,sgd,,,627,1.4780157804489136,0.53125,1.595623232460022,0.43934,1.5810917320251465,0.4375,0.0018400000000000083,2018.7840912342072
same_updates,sgd,,,628,1.4312361478805542,0.4921875,1.5211193543243409,0.45556,1.5092356174468995,0.4614,-0.005839999999999956,2021.9956097602844
same_updates,sgd,,,629,1.8116298913955688,0.3046875,1.4327794803619385,0.47956,1.4246790264129638,0.4809,-0.0013400000000000079,2025.1983819007874
same_updates,sgd,,,630,1.4432651996612549,0.5078125,1.4249945288848878,0.48446,1.4201443984985351,0.488,-0.0035399999999999876,2028.4380276203156
same_updates,sgd,,,631,1.3469278812408447,0.4765625,1.4729324283599854,0.47508,1.4696214445114135,0.4767,-0.0016200000000000103,2031.6627216339111
same_updates,sgd,,,632,1.35049569606781,0.5234375,1.5579859534072875,0.44948,1.5535274984359742,0.4493,0.00018000000000001348,2034.9057261943817
same_updates,sgd,,,633,1.5494364500045776,0.453125,1.6086533744049072,0.43194,1.6018159637451173,0.4336,-0.0016599999999999948,2038.1161663532257
same_updates,sgd,,,634,1.4899402856826782,0.453125,1.5932619359970093,0.43452,1.5834954904556275,0.4386,-0.0040799999999999725,2041.337355852127
same_updates,sgd,,,635,1.5806324481964111,0.4453125,1.5433790505218505,0.44844,1.5322298377990722,0.4507,-0.0022599999999999842,2044.502739906311
same_updates,sgd,,,636,1.488560438156128,0.4765625,1.50081496383667,0.45838,1.4894835695266724,0.462,-0.003620000000000012,2047.7097973823547
same_updates,sgd,,,637,1.542670488357544,0.3828125,1.465739019241333,0.46882,1.4547009401321411,0.471,-0.0021799999999999597,2050.9354944229126
same_updates,sgd,,,638,1.5727012157440186,0.453125,1.4486383782958985,0.47588,1.4363731235504151,0.4768,-0.0009199999999999764,2054.1872911453247
same_updates,sgd,,,639,1.587975025177002,0.421875,1.459286738395691,0.47406,1.4467492755889892,0.4765,-0.0024399999999999977,2057.3771257400513
same_updates,sgd,,,640,1.360496163368225,0.4765625,1.5100104128265381,0.46042,1.4983365653991698,0.4605,-8.00000000000245e-05,2060.5806469917297
same_updates,sgd,,,641,1.4898796081542969,0.3984375,1.5195026276779176,0.46044,1.509783496284485,0.4604,4.0000000000040004e-05,2063.792794942856
same_updates,sgd,,,642,1.4581899642944336,0.4375,1.4851939365005493,0.4703,1.4771556940078736,0.4704,-9.999999999998899e-05,2067.0397486686707
same_updates,sgd,,,643,1.5139942169189453,0.40625,1.4561047380828858,0.47914,1.448398412322998,0.4749,0.0042400000000000215,2070.3063073158264
same_updates,sgd,,,644,1.4141714572906494,0.4296875,1.4527151236343383,0.47744,1.4461172275543213,0.4731,0.004339999999999955,2073.594922065735
same_updates,sgd,,,645,1.381060004234314,0.4921875,1.436417255821228,0.48472,1.431325094985962,0.4818,0.002919999999999978,2076.8717749118805
same_updates,sgd,,,646,1.5828946828842163,0.4296875,1.4332666692733764,0.48544,1.4301637245178223,0.4897,-0.0042600000000000415,2080.0779914855957
same_updates,sgd,,,647,1.3335775136947632,0.5,1.460487082901001,0.47864,1.4571652870178222,0.4802,-0.0015600000000000058,2083.3446083068848
same_updates,sgd,,,648,1.310532808303833,0.5390625,1.5229161700057983,0.4596,1.5179296634674073,0.4649,-0.005299999999999971,2086.609253168106
same_updates,sgd,,,649,1.5477626323699951,0.421875,1.540459776992798,0.4495,1.533746490097046,0.4518,-0.0022999999999999687,2089.8713703155518
same_updates,sgd,,,650,1.284576654434204,0.53125,1.5237417449951172,0.4519,1.515526622390747,0.4537,-0.0017999999999999683,2093.0220291614532
same_updates,sgd,,,651,1.525712013244629,0.4296875,1.4739140535736084,0.46622,1.4645616298675537,0.4679,-0.0016799999999999593,2096.243183851242
same_updates,sgd,,,652,1.4059923887252808,0.453125,1.4491729078292848,0.47572,1.440977919960022,0.4815,-0.005780000000000007,2099.440546274185
same_updates,sgd,,,653,1.4414316415786743,0.484375,1.4822371921539306,0.47194,1.4774626148223877,0.4762,-0.004259999999999986,2102.653856277466
same_updates,sgd,,,654,1.4534482955932617,0.453125,1.5197715845489501,0.46974,1.5180433471679688,0.4692,0.0005399999999999849,2105.9185230731964
same_updates,sgd,,,655,1.4451733827590942,0.4609375,1.4562212287139893,0.4821,1.4576982442855835,0.4786,0.0034999999999999476,2109.162232875824
same_updates,sgd,,,656,1.3591680526733398,0.4453125,1.4217999565887451,0.48884,1.4229181438446046,0.4856,0.0032400000000000206,2112.3897466659546
same_updates,sgd,,,657,1.495253562927246,0.5078125,1.4124247868728639,0.48978,1.4114935764312744,0.4882,0.0015799999999999703,2115.6301925182343
same_updates,sgd,,,658,1.4811623096466064,0.421875,1.4659832143783569,0.46978,1.4623483753204345,0.4717,-0.0019200000000000328,2118.771160840988
same_updates,sgd,,,659,1.4377615451812744,0.4296875,1.505306364173889,0.45346,1.498527501296997,0.4549,-0.0014400000000000523,2122.0007450580597
same_updates,sgd,,,660,1.5460779666900635,0.4375,1.4872263326263429,0.4581,1.4803743648529053,0.4608,-0.00269999999999998,2125.2651584148407
same_updates,sgd,,,661,1.4361003637313843,0.4140625,1.4560682270812988,0.47032,1.4511015426635743,0.4701,0.00021999999999999797,2128.4878985881805
same_updates,sgd,,,662,1.57149076461792,0.390625,1.420898764076233,0.48386,1.416770648574829,0.4835,0.00036000000000002697,2131.7234189510345
same_updates,sgd,,,663,1.6573092937469482,0.3828125,1.4184300607681275,0.4874,1.4145641748428344,0.4855,0.0019000000000000128,2134.9870126247406
same_updates,sgd,,,664,1.380319595336914,0.4609375,1.407778030128479,0.49358,1.404305835723877,0.4912,0.0023799999999999932,2138.249177455902
same_updates,sgd,,,665,1.5081391334533691,0.4453125,1.4153143817901612,0.49586,1.410836332321167,0.4908,0.005060000000000009,2141.4856674671173
same_updates,sgd,,,666,1.500036358833313,0.4296875,1.4781166419601441,0.47806,1.4697004188537597,0.4777,0.00035999999999997145,2144.704460144043
same_updates,sgd,,,667,1.498080849647522,0.4609375,1.5092434154129029,0.46118,1.4972078870773315,0.4621,-0.0009200000000000319,2147.991659641266
same_updates,sgd,,,668,1.4064879417419434,0.5390625,1.4655754715347291,0.47102,1.452423158454895,0.4721,-0.0010800000000000254,2151.2113106250763
same_updates,sgd,,,669,1.581559181213379,0.4609375,1.4088520178604127,0.48956,1.3968063558578492,0.4898,-0.00024000000000001798,2154.4671325683594
same_updates,sgd,,,670,1.489162802696228,0.4609375,1.3812485900878906,0.50124,1.3716218685150146,0.505,-0.0037599999999999856,2157.685927629471
same_updates,sgd,,,671,1.445859670639038,0.453125,1.3956691968917847,0.49736,1.3880795700073243,0.4986,-0.0012399999999999634,2160.9296836853027
same_updates,sgd,,,672,1.4259850978851318,0.484375,1.4169597900772095,0.49422,1.410111102294922,0.4969,-0.0026800000000000157,2164.1016552448273
same_updates,sgd,,,673,1.5892417430877686,0.3828125,1.427187980003357,0.4922,1.4193950872421264,0.4948,-0.002599999999999991,2167.3675634860992
same_updates,sgd,,,674,1.4237407445907593,0.4921875,1.4662981519317626,0.48074,1.4568831043243409,0.4832,-0.0024600000000000177,2170.6485452651978
same_updates,sgd,,,675,1.423224925994873,0.515625,1.4561297777557374,0.4794,1.446195771217346,0.4819,-0.0025000000000000022,2173.9267394542694
same_updates,sgd,,,676,1.4523649215698242,0.5,1.4159544396209718,0.48954,1.4084375450134277,0.4901,-0.0005600000000000049,2177.1619198322296
same_updates,sgd,,,677,1.4673712253570557,0.421875,1.3849634085464477,0.49748,1.3794642381668092,0.4992,-0.0017199999999999993,2180.3800637722015
same_updates,sgd,,,678,1.4511573314666748,0.4375,1.3824717436981202,0.49924,1.378174574279785,0.5037,-0.0044600000000000195,2183.544774532318
same_updates,sgd,,,679,1.4088590145111084,0.46875,1.384430693283081,0.49852,1.3792047967910768,0.5034,-0.00487999999999994,2186.756504058838
same_updates,sgd,,,680,1.3557441234588623,0.5390625,1.3930122867202759,0.4957,1.3863191772460937,0.4986,-0.0029000000000000137,2189.9937233924866
same_updates,sgd,,,681,1.4795753955841064,0.4765625,1.4144155010986328,0.48512,1.4063484804153443,0.4916,-0.006479999999999986,2193.214529275894
same_updates,sgd,,,682,1.4643093347549438,0.4140625,1.4615484282684326,0.47458,1.4526559553146363,0.477,-0.0024199999999999777,2196.371836423874
same_updates,sgd,,,683,1.5531561374664307,0.4609375,1.468900901260376,0.47424,1.4605118240356445,0.4822,-0.007960000000000023,2199.5849401950836
same_updates,sgd,,,684,1.4202704429626465,0.4765625,1.4613300875091553,0.479,1.4544759159088134,0.4844,-0.005400000000000016,2202.7794649600983
same_updates,sgd,,,685,1.2893462181091309,0.5390625,1.4636958117294312,0.47896,1.4587731201171874,0.482,-0.003039999999999987,2206.002473592758
same_updates,sgd,,,686,1.4938124418258667,0.453125,1.4485493026733398,0.48404,1.4447923460006713,0.4875,-0.003459999999999963,2209.2258455753326
same_updates,sgd,,,687,1.5755386352539062,0.421875,1.4533857088470459,0.48166,1.449572452545166,0.4849,-0.0032400000000000206,2212.4879643917084
same_updates,sgd,,,688,1.3679583072662354,0.484375,1.4618223072052001,0.4751,1.457629495048523,0.479,-0.003899999999999959,2215.756217956543
same_updates,sgd,,,689,1.4583722352981567,0.4765625,1.47728111328125,0.47158,1.4756983362197875,0.4755,-0.003919999999999979,2218.977506875992
same_updates,sgd,,,690,1.485412359237671,0.4375,1.4644914141464234,0.47546,1.4628123662948609,0.477,-0.0015399999999999858,2222.2221143245697
same_updates,sgd,,,691,1.4175004959106445,0.46875,1.450123805923462,0.48012,1.4453213081359864,0.4831,-0.0029799999999999827,2225.4112508296967
same_updates,sgd,,,692,1.3965445756912231,0.4921875,1.4204942645263672,0.48944,1.413653369140625,0.4907,-0.0012600000000000389,2228.5915451049805
same_updates,sgd,,,693,1.5044176578521729,0.453125,1.4036099097442627,0.49488,1.3948988609313966,0.4973,-0.0024200000000000332,2231.7956964969635
same_updates,sgd,,,694,1.396995186805725,0.546875,1.404199412727356,0.49322,1.3944392698287964,0.4981,-0.0048799999999999955,2234.9472024440765
same_updates,sgd,,,695,1.418694019317627,0.5234375,1.4519847965240478,0.47872,1.443044553375244,0.4803,-0.0015800000000000258,2238.11394238472
same_updates,sgd,,,696,1.4586801528930664,0.4140625,1.5640561681747436,0.45006,1.5564718687057495,0.4539,-0.00384000000000001,2241.3396904468536
same_updates,sgd,,,697,1.3988490104675293,0.4453125,1.6842399817276001,0.42586,1.6782241523742676,0.4299,-0.004039999999999988,2244.513022661209
same_updates,sgd,,,698,1.3805546760559082,0.5390625,1.5686815979766846,0.45454,1.561164571762085,0.4585,-0.003960000000000019,2247.7688059806824
same_updates,sgd,,,699,1.4680358171463013,0.453125,1.3975068365097045,0.49756,1.3884657222747803,0.501,-0.0034399999999999986,2251.008174419403
same_updates,sgd,,,700,1.284637212753296,0.5546875,1.3712652769470215,0.50694,1.3601821708679198,0.5108,-0.0038600000000000856,2254.231602191925
same_updates,sgd,,,701,1.5217548608779907,0.4765625,1.3858859963607788,0.49926,1.3742872840881348,0.5016,-0.0023400000000000643,2257.4339237213135
same_updates,sgd,,,702,1.5471111536026,0.4453125,1.3965732388305665,0.49402,1.386492533493042,0.4959,-0.0018799999999999928,2260.6163942813873
same_updates,sgd,,,703,1.3009963035583496,0.515625,1.4626862268066407,0.47618,1.4543695808410644,0.4824,-0.006220000000000003,2263.8609342575073
same_updates,sgd,,,704,1.5405664443969727,0.4375,1.4712576836395264,0.47138,1.4641510786056517,0.4788,-0.007419999999999982,2267.0438709259033
same_updates,sgd,,,705,1.466723084449768,0.4765625,1.436367692451477,0.48396,1.431582046699524,0.4928,-0.008840000000000015,2270.2599432468414
same_updates,sgd,,,706,1.4124300479888916,0.515625,1.3921943801116943,0.49656,1.3887966011047364,0.5039,-0.007340000000000013,2273.5034790039062
same_updates,sgd,,,707,1.410369634628296,0.4921875,1.3878687921905517,0.49806,1.3838818742752075,0.5006,-0.0025400000000000422,2276.7371141910553
same_updates,sgd,,,708,1.2536506652832031,0.5859375,1.398464984741211,0.48992,1.3930042346954346,0.4922,-0.0022800000000000042,2279.9153656959534
same_updates,sgd,,,709,1.3700177669525146,0.53125,1.4093902997207641,0.4829,1.4023005958557129,0.489,-0.006099999999999994,2283.077585697174
same_updates,sgd,,,710,1.46558678150177,0.4609375,1.445588768043518,0.47878,1.4390105686187744,0.4879,-0.009120000000000017,2286.27201294899
same_updates,sgd,,,711,1.3862214088439941,0.5078125,1.454530306968689,0.48218,1.4505001026153563,0.4882,-0.006020000000000025,2289.4710590839386
same_updates,sgd,,,712,1.3592572212219238,0.5078125,1.4485528536224366,0.48158,1.4455723358154298,0.4896,-0.008019999999999972,2292.6339423656464
same_updates,sgd,,,713,1.3334739208221436,0.484375,1.4339914055252074,0.48226,1.4307127876281738,0.4852,-0.002939999999999998,2295.864116191864
same_updates,sgd,,,714,1.2530136108398438,0.5625,1.3997050881576538,0.49118,1.39645864944458,0.495,-0.00381999999999999,2299.0911371707916
same_updates,sgd,,,715,1.3863614797592163,0.5078125,1.3943981763076783,0.49496,1.3916253814697266,0.4948,0.00015999999999999348,2302.2947273254395
same_updates,sgd,,,716,1.4706889390945435,0.453125,1.393436185913086,0.4955,1.388051496887207,0.4937,0.0017999999999999683,2305.5354900360107
same_updates,sgd,,,717,1.3280797004699707,0.5,1.427065362548828,0.4835,1.4182155265808105,0.4871,-0.003599999999999992,2308.7694959640503
same_updates,sgd,,,718,1.4383265972137451,0.4765625,1.4229483191680907,0.48442,1.4169585958480835,0.4894,-0.0049799999999999844,2312.0242183208466
same_updates,sgd,,,719,1.4590697288513184,0.515625,1.419354296798706,0.48792,1.417538293838501,0.4876,0.00032000000000004247,2315.266883134842
same_updates,sgd,,,720,1.3334288597106934,0.5234375,1.4337046942901612,0.48466,1.4333042505264282,0.4826,0.0020600000000000063,2318.50780582428
same_updates,sgd,,,721,1.4308921098709106,0.4765625,1.403284805908203,0.49676,1.400068622970581,0.4957,0.0010600000000000054,2321.742009162903
same_updates,sgd,,,722,1.438051462173462,0.4609375,1.4005435771560668,0.49576,1.3924689029693604,0.4989,-0.0031400000000000317,2324.9631786346436
same_updates,sgd,,,723,1.4581670761108398,0.3984375,1.4111930382537843,0.49318,1.4022668899536133,0.4959,-0.00272,2328.1885685920715
same_updates,sgd,,,724,1.4502134323120117,0.4921875,1.4062364745712281,0.49546,1.3989977336883546,0.4999,-0.0044399999999999995,2331.3464589118958
same_updates,sgd,,,725,1.4048138856887817,0.4921875,1.4228675453948976,0.494,1.4180765243530273,0.4978,-0.0038000000000000256,2334.6059143543243
same_updates,sgd,,,726,1.3306879997253418,0.5,1.419358362159729,0.49582,1.4143549013137817,0.4974,-0.0015800000000000258,2337.8128266334534
same_updates,sgd,,,727,1.449177622795105,0.4375,1.413226266708374,0.49898,1.40748365650177,0.5029,-0.003920000000000035,2341.0577178001404
same_updates,sgd,,,728,1.360368251800537,0.515625,1.4162135107803344,0.49708,1.4083407592773438,0.5002,-0.003119999999999956,2344.337439060211
same_updates,sgd,,,729,1.4269049167633057,0.5,1.407277089614868,0.49434,1.3958993093490601,0.4974,-0.003060000000000007,2347.5686960220337
same_updates,sgd,,,730,1.4662564992904663,0.5,1.386854730644226,0.50058,1.3737077308654786,0.5029,-0.0023199999999999887,2350.8101511001587
same_updates,sgd,,,731,1.312750220298767,0.4921875,1.3642517207717895,0.50676,1.3533772216796875,0.5132,-0.006440000000000001,2354.0145547389984
same_updates,sgd,,,732,1.3162891864776611,0.546875,1.3986390016937256,0.49858,1.392191032409668,0.4993,-0.0007199999999999984,2357.225241422653
same_updates,sgd,,,733,1.403923749923706,0.546875,1.5037453368377685,0.47378,1.4984037357330322,0.4746,-0.0008200000000000429,2360.383016347885
same_updates,sgd,,,734,1.2605462074279785,0.5546875,1.576857336997986,0.45678,1.5703537633895874,0.4632,-0.006419999999999981,2363.574431180954
same_updates,sgd,,,735,1.6957144737243652,0.3671875,1.4878408304214477,0.46722,1.4763403499603271,0.4774,-0.010179999999999967,2366.8424739837646
same_updates,sgd,,,736,1.3931283950805664,0.5234375,1.4954670815658568,0.44808,1.481111374092102,0.4556,-0.007520000000000027,2370.080436229706
same_updates,sgd,,,737,1.54608154296875,0.421875,1.501693353881836,0.4462,1.488795629310608,0.452,-0.005800000000000027,2373.332000732422
same_updates,sgd,,,738,1.5631860494613647,0.421875,1.43006871383667,0.47434,1.420420677947998,0.4785,-0.004159999999999997,2376.4670209884644
same_updates,sgd,,,739,1.5187249183654785,0.3984375,1.4311128102493287,0.48518,1.4247606567382813,0.492,-0.006819999999999993,2379.6920685768127
same_updates,sgd,,,740,1.3821525573730469,0.484375,1.4850571576690674,0.47994,1.4801078063964843,0.489,-0.009060000000000012,2382.960722923279
same_updates,sgd,,,741,1.385063886642456,0.5234375,1.4761002465438844,0.48366,1.4702638969421387,0.4906,-0.006940000000000002,2386.240726709366
same_updates,sgd,,,742,1.3510867357254028,0.484375,1.4310721759796143,0.49306,1.4235583759307862,0.4954,-0.0023400000000000087,2389.4567365646362
same_updates,sgd,,,743,1.4037630558013916,0.484375,1.3935485802459717,0.50032,1.3849274646759033,0.5009,-0.0005800000000000249,2392.72585439682
same_updates,sgd,,,744,1.3641760349273682,0.5,1.370059677772522,0.50754,1.3615791576385499,0.506,0.0015399999999999858,2395.9568626880646
same_updates,sgd,,,745,1.381650686264038,0.4921875,1.371253102722168,0.50712,1.3638393730163574,0.5047,0.0024199999999999777,2399.2128732204437
same_updates,sgd,,,746,1.3233108520507812,0.53125,1.4004196405029297,0.49928,1.3959296869277955,0.4998,-0.0005200000000000204,2402.475169658661
same_updates,sgd,,,747,1.2781643867492676,0.5859375,1.4460964236831666,0.48474,1.4435078033447266,0.4884,-0.0036599999999999966,2405.7063477039337
same_updates,sgd,,,748,1.3167943954467773,0.5,1.5010847354507446,0.46692,1.498413970565796,0.4725,-0.005579999999999974,2408.903413772583
same_updates,sgd,,,749,1.2468727827072144,0.5625,1.5022735119628907,0.46586,1.498415870475769,0.4684,-0.0025399999999999867,2412.100706577301
same_updates,sgd,,,750,1.3254386186599731,0.5,1.4398076167297362,0.47996,1.436353509902954,0.4864,-0.006440000000000001,2415.3595860004425
same_updates,sgd,,,751,1.3990850448608398,0.4453125,1.422075447731018,0.48476,1.421746715927124,0.4834,0.0013600000000000279,2418.590122938156
same_updates,sgd,,,752,1.579087495803833,0.40625,1.436637442932129,0.48026,1.435803950881958,0.4825,-0.0022399999999999642,2421.8113930225372
same_updates,sgd,,,753,1.5608952045440674,0.46875,1.419173584213257,0.48534,1.4152768997192382,0.4878,-0.0024600000000000177,2425.0156722068787
same_updates,sgd,,,754,1.380163550376892,0.5546875,1.4261555257415772,0.48618,1.4192151884078978,0.4887,-0.0025200000000000222,2428.274124622345
same_updates,sgd,,,755,1.4027647972106934,0.4609375,1.465934424057007,0.48182,1.4567223279953003,0.4821,-0.00027999999999994696,2431.545143842697
same_updates,sgd,,,756,1.473729133605957,0.4609375,1.4982475876617432,0.47446,1.4883018045425416,0.4778,-0.0033400000000000096,2434.751388311386
same_updates,sgd,,,757,1.3661351203918457,0.515625,1.484961059036255,0.47056,1.472832703590393,0.472,-0.0014399999999999968,2438.0187826156616
same_updates,sgd,,,758,1.3249046802520752,0.484375,1.397479122543335,0.49782,1.3845286952972413,0.5013,-0.003479999999999983,2441.2365171909332
same_updates,sgd,,,759,1.3955883979797363,0.4765625,1.3682643215942383,0.50646,1.356050824737549,0.5104,-0.0039399999999999435,2444.481662750244
same_updates,sgd,,,760,1.311282992362976,0.5703125,1.3716847373199463,0.50084,1.3632951000213622,0.5024,-0.0015600000000000058,2447.7548818588257
same_updates,sgd,,,761,1.3353664875030518,0.4765625,1.4263967172241212,0.48614,1.4232887033462525,0.4874,-0.0012599999999999834,2451.0153329372406
same_updates,sgd,,,762,1.4531879425048828,0.4453125,1.4951784826660157,0.47154,1.4954927751541138,0.4737,-0.0021599999999999953,2454.2238211631775
same_updates,sgd,,,763,1.5200650691986084,0.4375,1.5285375592041015,0.4674,1.5281296365737915,0.4706,-0.003200000000000036,2457.4434220790863
same_updates,sgd,,,764,1.5529412031173706,0.453125,1.541648129043579,0.46154,1.5386316804885865,0.4626,-0.0010600000000000054,2460.655272245407
same_updates,sgd,,,765,1.4155714511871338,0.515625,1.5162687404632569,0.46172,1.5098648630142213,0.4661,-0.004379999999999995,2463.843847990036
same_updates,sgd,,,766,1.3800532817840576,0.4375,1.4566644946289062,0.47576,1.447709913444519,0.4791,-0.0033400000000000096,2467.04212474823
same_updates,sgd,,,767,1.692685842514038,0.3984375,1.385906834640503,0.49444,1.3767576622009277,0.4969,-0.0024600000000000177,2470.2211775779724
same_updates,sgd,,,768,1.4057190418243408,0.484375,1.3854078727722168,0.49688,1.3768377681732178,0.5017,-0.0048200000000000465,2473.443872451782
same_updates,sgd,,,769,1.4985567331314087,0.4921875,1.4487227245330812,0.48002,1.4406176319122315,0.4811,-0.0010800000000000254,2476.6724495887756
same_updates,sgd,,,770,1.4589382410049438,0.4921875,1.4618807867050172,0.47772,1.454326092529297,0.4817,-0.003980000000000039,2479.9191126823425
same_updates,sgd,,,771,1.6444134712219238,0.40625,1.4242287013626098,0.48682,1.4154649793624878,0.4895,-0.0026800000000000157,2483.083757162094
same_updates,sgd,,,772,1.4279043674468994,0.4765625,1.408214309463501,0.492,1.3984606721878052,0.4958,-0.0038000000000000256,2486.333099603653
same_updates,sgd,,,773,1.5870780944824219,0.4375,1.4213608206176758,0.48682,1.4119150123596191,0.4904,-0.0035800000000000276,2489.541273832321
same_updates,sgd,,,774,1.4431315660476685,0.484375,1.4217291716003417,0.48626,1.4133267444610595,0.4918,-0.005539999999999989,2492.7516555786133
same_updates,sgd,,,775,1.4385260343551636,0.515625,1.409248946609497,0.4904,1.4017107173919678,0.4946,-0.0041999999999999815,2495.9943573474884
same_updates,sgd,,,776,1.4376933574676514,0.4921875,1.395409270324707,0.49802,1.387816569519043,0.4994,-0.0013799999999999923,2499.2370908260345
same_updates,sgd,,,777,1.338039517402649,0.5,1.3912339246368408,0.4998,1.3819858810424805,0.502,-0.0021999999999999797,2502.4159791469574
same_updates,sgd,,,778,1.2991126775741577,0.4921875,1.411352907562256,0.494,1.4009397233963012,0.4955,-0.0015000000000000013,2505.5974164009094
same_updates,sgd,,,779,1.4195377826690674,0.4921875,1.4125933419036865,0.49414,1.4020552276611329,0.4965,-0.0023599999999999732,2508.799564599991
same_updates,sgd,,,780,1.3779125213623047,0.5078125,1.4001245245742797,0.4972,1.3905502653121948,0.4984,-0.0012000000000000344,2512.061117887497
same_updates,sgd,,,781,1.3090907335281372,0.5390625,1.3807063941192628,0.50244,1.373609250831604,0.5022,0.00024000000000001798,2515.313898086548
same_updates,sgd,,,782,1.3847815990447998,0.45,1.3708256039047242,0.5062,1.3668904417037964,0.5113,-0.005099999999999993,2518.524040222168
same_updates,sgd,,,783,1.2039738893508911,0.5625,1.3838832609558105,0.50266,1.382250437927246,0.5032,-0.0005399999999999849,2521.756991624832
same_updates,sgd,,,784,1.383163332939148,0.484375,1.385070034790039,0.50256,1.3847061248779298,0.5012,0.0013600000000000279,2524.9075326919556
same_updates,sgd,,,785,1.3084297180175781,0.5390625,1.4076781911087035,0.49366,1.4069142248153685,0.492,0.0016599999999999948,2528.1562447547913
same_updates,sgd,,,786,1.295211672782898,0.515625,1.4455831757736206,0.48014,1.444414814567566,0.4819,-0.0017599999999999838,2531.347776889801
same_updates,sgd,,,787,1.41215181350708,0.4296875,1.4644332651138305,0.47512,1.4621532632827758,0.477,-0.0018799999999999928,2534.573720932007
same_updates,sgd,,,788,1.4948580265045166,0.5,1.4232383452987671,0.48654,1.4203030326843262,0.487,-0.00046000000000001595,2537.7570700645447
same_updates,sgd,,,789,1.4564578533172607,0.4609375,1.3734320746994018,0.50476,1.3706861917495727,0.5056,-0.0008400000000000629,2540.928969144821
same_updates,sgd,,,790,1.453744888305664,0.5078125,1.3559625521087646,0.51226,1.35335456199646,0.5145,-0.0022399999999999087,2544.1689739227295
same_updates,sgd,,,791,1.544508457183838,0.4765625,1.371647020072937,0.5091,1.3679911170959473,0.5126,-0.0034999999999999476,2547.3897426128387
same_updates,sgd,,,792,1.3392186164855957,0.5390625,1.3900063665390014,0.50454,1.386869464492798,0.5027,0.0018399999999999528,2550.6176285743713
same_updates,sgd,,,793,1.223958134651184,0.6171875,1.3990629664230347,0.50088,1.3969091175079347,0.5034,-0.0025199999999999667,2553.8534746170044
same_updates,sgd,,,794,1.3913257122039795,0.5,1.414689073524475,0.49776,1.4166738948822022,0.4987,-0.0009399999999999964,2557.0619440078735
same_updates,sgd,,,795,1.386035680770874,0.515625,1.424426268043518,0.49288,1.4291633155822754,0.4952,-0.0023199999999999887,2560.2625296115875
same_updates,sgd,,,796,1.3131332397460938,0.4609375,1.4432370737075806,0.49008,1.4482746147155763,0.4916,-0.0015199999999999658,2563.4785616397858
same_updates,sgd,,,797,1.4883666038513184,0.5,1.4288484201431275,0.4902,1.4301660472869873,0.4935,-0.0032999999999999696,2566.7152938842773
same_updates,sgd,,,798,1.5144860744476318,0.4375,1.388709550819397,0.49766,1.3863250383377075,0.497,0.0006599999999999939,2569.919929742813
same_updates,sgd,,,799,1.287515640258789,0.5546875,1.387890366744995,0.4972,1.3830824851989747,0.5006,-0.0034000000000000696,2573.2176208496094
same_updates,sgd,,,800,1.4731260538101196,0.4609375,1.376764455986023,0.49862,1.3723978420257568,0.5023,-0.003679999999999961,2576.4301974773407
same_updates,sgd,,,801,1.3299567699432373,0.5390625,1.3638910277557372,0.50132,1.3618040470123292,0.5013,2.0000000000020002e-05,2579.6380276679993
same_updates,sgd,,,802,1.414067268371582,0.53125,1.3957296031188964,0.49136,1.3933893802642823,0.4922,-0.0008400000000000074,2582.870346069336
same_updates,sgd,,,803,1.3552095890045166,0.515625,1.502739054260254,0.46114,1.4994401420593262,0.4643,-0.003159999999999996,2586.0861988067627
same_updates,sgd,,,804,1.5634880065917969,0.453125,1.4915703638076783,0.46904,1.489456181716919,0.4713,-0.0022599999999999842,2589.3415331840515
same_updates,sgd,,,805,1.4074773788452148,0.4453125,1.4276754884338378,0.49318,1.4273487579345703,0.4955,-0.0023199999999999887,2592.531560897827
same_updates,sgd,,,806,1.3843214511871338,0.546875,1.3628713093566895,0.51338,1.3626671562194823,0.5124,0.0009799999999999809,2595.7433145046234
same_updates,sgd,,,807,1.4253443479537964,0.5390625,1.3489374920272827,0.51546,1.3475525897979737,0.5143,0.0011600000000000499,2598.956081390381
same_updates,sgd,,,808,1.4295284748077393,0.453125,1.3675438417434693,0.50458,1.362239685821533,0.506,-0.0014199999999999768,2602.1973831653595
same_updates,sgd,,,809,1.4076695442199707,0.4453125,1.4389180507278443,0.4761,1.4297114194869995,0.4798,-0.003699999999999981,2605.3835389614105
same_updates,sgd,,,810,1.5022861957550049,0.4453125,1.4851779511642456,0.4652,1.4750715187072754,0.4723,-0.007099999999999995,2608.6562581062317
same_updates,sgd,,,811,1.2217915058135986,0.546875,1.4986003030395507,0.46974,1.4910886863708497,0.4749,-0.005159999999999998,2611.899649620056
same_updates,sgd,,,812,1.5048679113388062,0.4609375,1.4231481467437743,0.49656,1.4191343894958497,0.4969,-0.00034000000000000696,2615.1063361167908
same_updates,sgd,,,813,1.2965857982635498,0.5078125,1.405559605293274,0.50384,1.4034580486297608,0.5024,0.0014399999999999968,2618.4040200710297
same_updates,sgd,,,814,1.5023080110549927,0.4140625,1.376793553314209,0.51036,1.3725653999328613,0.5102,0.000160000000000049,2621.6391308307648
same_updates,sgd,,,815,1.3872780799865723,0.546875,1.37731462310791,0.50826,1.3695460849761962,0.5114,-0.0031399999999999206,2624.9043684005737
same_updates,sgd,,,816,1.3568165302276611,0.515625,1.4052855389404297,0.4934,1.3929891956329346,0.4991,-0.005699999999999983,2628.0919563770294
same_updates,sgd,,,817,1.38945734500885,0.5234375,1.4460495715713502,0.47792,1.4310934986114503,0.4824,-0.004479999999999984,2631.3120296001434
same_updates,sgd,,,818,1.4513728618621826,0.5,1.4243064766693114,0.48562,1.4114708168029786,0.4892,-0.0035800000000000276,2634.490411758423
same_updates,sgd,,,819,1.3800002336502075,0.5,1.4068531484222413,0.48912,1.3975771919250488,0.4882,0.0009199999999999764,2637.735859155655
same_updates,sgd,,,820,1.4506785869598389,0.4609375,1.3845024167633058,0.49788,1.3804487621307373,0.4957,0.0021800000000000153,2640.9529881477356
same_updates,sgd,,,821,1.4456297159194946,0.4921875,1.408959719314575,0.49394,1.4080339555740355,0.4933,0.0006399999999999739,2644.1521830558777
same_updates,sgd,,,822,1.4369049072265625,0.4765625,1.4384045923233033,0.4895,1.438997971725464,0.4903,-0.0008000000000000229,2647.344187259674
same_updates,sgd,,,823,1.4728785753250122,0.4375,1.464760475769043,0.4836,1.463482398223877,0.4856,-0.0020000000000000018,2650.50160241127
same_updates,sgd,,,824,1.4504835605621338,0.4765625,1.4226838998413085,0.49316,1.4179131799697875,0.4967,-0.0035399999999999876,2653.7433907985687
same_updates,sgd,,,825,1.3183283805847168,0.5546875,1.3623441834259034,0.51184,1.3568556201934814,0.5099,0.0019399999999999418,2656.994040966034
same_updates,sgd,,,826,1.3538548946380615,0.5,1.3574579442977905,0.51658,1.3541494689941407,0.5134,0.0031800000000000717,2660.251522541046
same_updates,sgd,,,827,1.534350872039795,0.453125,1.3562630965805054,0.51808,1.3557946647644044,0.5164,0.0016800000000000148,2663.475892305374
same_updates,sgd,,,828,1.4390389919281006,0.4609375,1.4020853426742554,0.5029,1.399941185760498,0.5035,-0.0005999999999999339,2666.7126445770264
same_updates,sgd,,,829,1.4365551471710205,0.515625,1.4160053760528564,0.4966,1.411635062789917,0.4967,-9.999999999998899e-05,2669.918687105179
same_updates,sgd,,,830,1.3960037231445312,0.515625,1.3654557917022705,0.51152,1.3615225124359132,0.5075,0.0040200000000000236,2673.141093969345
same_updates,sgd,,,831,1.2060810327529907,0.6015625,1.339238875808716,0.52134,1.3370258420944214,0.5175,0.0038400000000000656,2676.3061339855194
same_updates,sgd,,,832,1.3116586208343506,0.53125,1.3658167578887939,0.51264,1.3633141828536988,0.5082,0.0044399999999999995,2679.490973711014
same_updates,sgd,,,833,1.341507077217102,0.5546875,1.4043961838531493,0.5003,1.40143940448761,0.4974,0.002899999999999958,2682.686147928238
same_updates,sgd,,,834,1.4093248844146729,0.4140625,1.4271119373321532,0.49202,1.4237541732788086,0.4923,-0.00028000000000000247,2685.882194042206
same_updates,sgd,,,835,1.4430797100067139,0.4609375,1.427365952682495,0.49188,1.4234159801483155,0.4913,0.0005799999999999694,2689.107378721237
same_updates,sgd,,,836,1.592327356338501,0.4609375,1.3523745959472657,0.51486,1.3484868362426758,0.5106,0.0042599999999999305,2692.3591499328613
same_updates,sgd,,,837,1.3868117332458496,0.5,1.357637498474121,0.5126,1.3523816238403321,0.5106,0.0019999999999998908,2695.593477010727
same_updates,sgd,,,838,1.361311912536621,0.53125,1.3898940571212768,0.49992,1.382881912612915,0.5014,-0.0014799999999999813,2698.7979698181152
same_updates,sgd,,,839,1.4838628768920898,0.453125,1.4061907737350463,0.49392,1.3984400514602662,0.4935,0.00042000000000003146,2702.0434560775757
same_updates,sgd,,,840,1.3379942178726196,0.4765625,1.4006965380096434,0.49596,1.392502299118042,0.4966,-0.0006399999999999739,2705.296138048172
same_updates,sgd,,,841,1.312664270401001,0.5,1.3704825149536133,0.50706,1.3629882022857667,0.5096,-0.0025400000000000977,2708.554585456848
same_updates,sgd,,,842,1.2577388286590576,0.53125,1.374386906967163,0.5066,1.367925238609314,0.5094,-0.0027999999999999137,2711.7420904636383
same_updates,sgd,,,843,1.3669323921203613,0.4765625,1.3793771968078614,0.50854,1.374705816268921,0.5106,-0.0020600000000000618,2715.01153922081
same_updates,sgd,,,844,1.3937897682189941,0.4765625,1.3604351522064209,0.51784,1.358242903137207,0.5143,0.0035399999999999876,2718.222326040268
same_updates,sgd,,,845,1.5007736682891846,0.4140625,1.3803930852508546,0.51244,1.379447822380066,0.5105,0.0019400000000000528,2721.3974533081055
same_updates,sgd,,,846,1.243693470954895,0.4921875,1.4628766780471802,0.48516,1.4601759033203126,0.4859,-0.0007400000000000184,2724.6689052581787
same_updates,sgd,,,847,1.5257281064987183,0.4296875,1.5581767908477784,0.45722,1.5531875434875488,0.4627,-0.005479999999999985,2727.8899540901184
same_updates,sgd,,,848,1.5701652765274048,0.4375,1.5302931453704833,0.463,1.5239554790496825,0.4666,-0.003599999999999992,2731.0972723960876
same_updates,sgd,,,849,1.4131534099578857,0.4375,1.4531049285125732,0.47858,1.4461387830734254,0.4847,-0.006120000000000014,2734.2839436531067
same_updates,sgd,,,850,1.3739378452301025,0.4609375,1.420581140060425,0.48428,1.4141138463974,0.4878,-0.003520000000000023,2737.5256712436676
same_updates,sgd,,,851,1.530937671661377,0.453125,1.4225165326309204,0.48074,1.4139778450012208,0.4865,-0.005759999999999987,2740.732850790024
same_updates,sgd,,,852,1.441831350326538,0.4765625,1.4273839224624634,0.4825,1.4163712772369386,0.4844,-0.0019000000000000128,2743.9258160591125
same_updates,sgd,,,853,1.403341293334961,0.46875,1.4131406637191772,0.49362,1.4001626693725586,0.4994,-0.005780000000000007,2747.157015800476
same_updates,sgd,,,854,1.4064148664474487,0.5234375,1.3977823580551147,0.49948,1.3847613204956055,0.5019,-0.0024200000000000332,2750.3656973838806
same_updates,sgd,,,855,1.4212435483932495,0.5234375,1.3753090805053712,0.50668,1.364376420211792,0.5102,-0.0035199999999999676,2753.5801498889923
same_updates,sgd,,,856,1.500258445739746,0.484375,1.373278878288269,0.50904,1.3653923877716065,0.5115,-0.0024599999999999067,2756.8212971687317
same_updates,sgd,,,857,1.3922407627105713,0.453125,1.4076679709243773,0.50038,1.4015244388580321,0.4985,0.0018800000000000483,2760.0082437992096
same_updates,sgd,,,858,1.358239769935608,0.53125,1.434145001220703,0.49346,1.4284831768035888,0.4955,-0.0020399999999999863,2763.188542842865
same_updates,sgd,,,859,1.5197992324829102,0.453125,1.43526575050354,0.49288,1.4275723375320435,0.4978,-0.0049200000000000355,2766.3609490394592
same_updates,sgd,,,860,1.4531307220458984,0.484375,1.4121416054916383,0.49678,1.4047249586105346,0.495,0.0017800000000000038,2769.5574605464935
same_updates,sgd,,,861,1.6294673681259155,0.40625,1.3997020289993287,0.4956,1.393170975112915,0.4936,0.0020000000000000018,2772.730073451996
same_updates,sgd,,,862,1.2913954257965088,0.5546875,1.4031302361679077,0.49266,1.397969525527954,0.497,-0.0043400000000000105,2775.9748871326447
same_updates,sgd,,,863,1.483994722366333,0.4375,1.392959069519043,0.49968,1.3894691570281983,0.5013,-0.0016199999999999548,2779.232583761215
same_updates,sgd,,,864,1.3398112058639526,0.46875,1.4052897585678101,0.50356,1.403922755241394,0.5056,-0.0020400000000000418,2782.4403052330017
same_updates,sgd,,,865,1.2739665508270264,0.53125,1.5258258160781861,0.47938,1.5244675472259521,0.4821,-0.00272,2785.685478210449
same_updates,sgd,,,866,1.5487254858016968,0.484375,1.5551816541290284,0.47154,1.5519466780662536,0.4737,-0.0021599999999999953,2788.8774218559265
same_updates,sgd,,,867,1.5520461797714233,0.3984375,1.4026018900299073,0.5011,1.396866999053955,0.5049,-0.0038000000000000256,2792.0539627075195
same_updates,sgd,,,868,1.4338206052780151,0.4375,1.376185241279602,0.505,1.36771411819458,0.506,-0.0010000000000000009,2795.2505729198456
same_updates,sgd,,,869,1.6799286603927612,0.3828125,1.3938606717681885,0.49846,1.3849428432464599,0.4997,-0.0012399999999999634,2798.489195585251
same_updates,sgd,,,870,1.266337275505066,0.5234375,1.4066206232070924,0.49526,1.3990482498168946,0.496,-0.0007400000000000184,2801.736009120941
same_updates,sgd,,,871,1.492701768875122,0.4609375,1.427064224319458,0.49094,1.4217896106719972,0.4896,0.0013400000000000079,2804.968930244446
same_updates,sgd,,,872,1.2237355709075928,0.546875,1.5046264699554444,0.47362,1.5007366401672364,0.4789,-0.005280000000000007,2808.2188217639923
same_updates,sgd,,,873,1.43927001953125,0.4375,1.532708392982483,0.46848,1.5303008543014527,0.4717,-0.0032200000000000006,2811.4465746879578
same_updates,sgd,,,874,1.3876876831054688,0.53125,1.5108752257919311,0.47548,1.5109907392501831,0.4772,-0.0017199999999999993,2814.5846824645996
same_updates,sgd,,,875,1.3391470909118652,0.5078125,1.4709393868637084,0.48532,1.473363077545166,0.4876,-0.0022800000000000042,2817.8118591308594
same_updates,sgd,,,876,1.3732150793075562,0.53125,1.4228941912460327,0.4999,1.4237720830917358,0.4992,0.0007000000000000339,2821.016078710556
same_updates,sgd,,,877,1.3803110122680664,0.4765625,1.4103769778442383,0.50048,1.409138286972046,0.4971,0.0033800000000000496,2824.1733894348145
same_updates,sgd,,,878,1.3174257278442383,0.5,1.4259983306884765,0.48934,1.4219069366455077,0.4907,-0.0013600000000000279,2827.430209875107
same_updates,sgd,,,879,1.0784622430801392,0.6015625,1.4426508947753907,0.4836,1.4363371948242187,0.4845,-0.0009000000000000119,2830.6113991737366
same_updates,sgd,,,880,1.483041524887085,0.5,1.3787466283416747,0.50718,1.3745781089782714,0.5071,7.999999999996898e-05,2833.863622188568
same_updates,sgd,,,881,1.3680427074432373,0.5078125,1.3516877152252198,0.51398,1.3507816911697388,0.5103,0.0036800000000000166,2837.0863947868347
same_updates,sgd,,,882,1.3325731754302979,0.5078125,1.408243155517578,0.48912,1.4084013914108275,0.4856,0.003520000000000023,2840.294642686844
same_updates,sgd,,,883,1.358778953552246,0.515625,1.4212767516708373,0.48518,1.419296042251587,0.4835,0.0016800000000000148,2843.5070157051086
same_updates,sgd,,,884,1.5076740980148315,0.4609375,1.403207886657715,0.4932,1.398934225845337,0.4963,-0.0030999999999999917,2846.694584131241
same_updates,sgd,,,885,1.3857853412628174,0.46875,1.3992820446777343,0.49914,1.3922990615844726,0.5029,-0.003760000000000041,2849.850660085678
same_updates,sgd,,,886,1.3093721866607666,0.53125,1.4205898767852783,0.49524,1.411542444229126,0.4995,-0.004259999999999986,2853.1279163360596
same_updates,sgd,,,887,1.420392632484436,0.4921875,1.4107487244415282,0.49356,1.400741932296753,0.4976,-0.004039999999999988,2856.3818969726562
same_updates,sgd,,,888,1.4604239463806152,0.4140625,1.3457240539932251,0.51584,1.337685189628601,0.5171,-0.0012600000000000389,2859.5971274375916
same_updates,sgd,,,889,1.2891740798950195,0.5,1.3142528081130982,0.52554,1.3075680675506591,0.5254,0.000140000000000029,2862.792469024658
same_updates,sgd,,,890,1.3721963167190552,0.53125,1.3200545095825196,0.52346,1.3128060161590576,0.5222,0.0012600000000000389,2865.972663640976
same_updates,sgd,,,891,1.3051891326904297,0.5234375,1.3495671045684814,0.51516,1.3412278163909912,0.5177,-0.0025400000000000977,2869.1520154476166
same_updates,sgd,,,892,1.3892555236816406,0.484375,1.3895887645721436,0.50674,1.3814730611801147,0.5088,-0.0020600000000000618,2872.411875963211
same_updates,sgd,,,893,1.388411283493042,0.5234375,1.4144252420806884,0.49962,1.4051020372390748,0.4999,-0.00028000000000000247,2875.6046783924103
same_updates,sgd,,,894,1.3995256423950195,0.5234375,1.3843795938873291,0.50408,1.373771858406067,0.5062,-0.0021200000000000108,2878.804428577423
same_updates,sgd,,,895,1.4097895622253418,0.46875,1.3220082154083252,0.52014,1.3130606563568115,0.5186,0.0015400000000000968,2882.0154943466187
same_updates,sgd,,,896,1.2670950889587402,0.4921875,1.3234726705169677,0.51684,1.3153802724838257,0.5159,0.0009399999999999409,2885.18648314476
same_updates,sgd,,,897,1.487216830253601,0.46875,1.3127338215255737,0.52078,1.3056703273773194,0.5214,-0.0006199999999999539,2888.3919792175293
same_updates,sgd,,,898,1.326361060142517,0.5,1.3573182343673706,0.51456,1.3487997714996338,0.5148,-0.00024000000000001798,2891.5797514915466
same_updates,sgd,,,899,1.3719241619110107,0.5,1.4980007397842408,0.47898,1.4848181518554688,0.4854,-0.006419999999999981,2894.7641685009003
same_updates,sgd,,,900,1.4562158584594727,0.4921875,1.522304714012146,0.47086,1.5082458480834962,0.4772,-0.006340000000000012,2897.8820831775665
same_updates,sgd,,,901,1.6014955043792725,0.4453125,1.3719787786483764,0.50642,1.3614359760284425,0.5066,-0.000180000000000069,2901.0344998836517
same_updates,sgd,,,902,1.3779585361480713,0.46875,1.3337857214355469,0.51348,1.3265840942382812,0.5112,0.0022800000000000598,2904.2606332302094
same_updates,sgd,,,903,1.431434154510498,0.4765625,1.352796533126831,0.5096,1.3492244094848633,0.508,0.0016000000000000458,2907.4840400218964
same_updates,sgd,,,904,1.5084465742111206,0.4453125,1.3480867167663575,0.51164,1.345276002883911,0.5075,0.0041400000000000325,2910.654917240143
same_updates,sgd,,,905,1.3738330602645874,0.515625,1.3833751012039184,0.50204,1.3791620992660523,0.5013,0.0007400000000000739,2913.8896112442017
same_updates,sgd,,,906,1.3829314708709717,0.4609375,1.409978586997986,0.49708,1.4075107793807984,0.4946,0.0024800000000000377,2917.0708298683167
same_updates,sgd,,,907,1.3924946784973145,0.5234375,1.4058512004852295,0.4991,1.4052446369171143,0.4964,0.00269999999999998,2920.2752120494843
same_updates,sgd,,,908,1.3129386901855469,0.5078125,1.4009660320663453,0.49856,1.4000406675338746,0.4973,0.0012599999999999834,2923.436507463455
same_updates,sgd,,,909,1.3946585655212402,0.5234375,1.3532830130386353,0.51222,1.3519983724594116,0.5106,0.0016199999999999548,2926.628560066223
same_updates,sgd,,,910,1.3948220014572144,0.5,1.3415495058822633,0.51676,1.3379240663528442,0.5143,0.0024600000000000177,2929.8678674697876
same_updates,sgd,,,911,1.2394756078720093,0.578125,1.3556520544815063,0.51334,1.350767028427124,0.5125,0.0008400000000000629,2933.101620197296
same_updates,sgd,,,912,1.3011789321899414,0.5625,1.3872444103622437,0.50244,1.3817492992401124,0.5003,0.0021400000000000308,2936.3361344337463
same_updates,sgd,,,913,1.6487157344818115,0.3828125,1.388702342453003,0.49962,1.3828467979431152,0.4978,0.0018199999999999883,2939.5469150543213
same_updates,sgd,,,914,1.4450833797454834,0.4765625,1.3986706105804443,0.49568,1.3934915100097656,0.4931,0.0025800000000000267,2942.7962222099304
same_updates,sgd,,,915,1.524244785308838,0.4296875,1.439181088027954,0.4799,1.434516096019745,0.4802,-0.00030000000000002247,2946.016206741333
same_updates,sgd,,,916,1.4562489986419678,0.46875,1.4615020611572265,0.4761,1.45633711309433,0.4729,0.003200000000000036,2949.2211678028107
same_updates,sgd,,,917,1.3740448951721191,0.4609375,1.4271613720703125,0.4913,1.4225773077964783,0.492,-0.0006999999999999784,2952.4541687965393
same_updates,sgd,,,918,1.167384386062622,0.578125,1.4203411125183105,0.49234,1.415930690383911,0.4937,-0.0013600000000000279,2955.6959240436554
same_updates,sgd,,,919,1.331944465637207,0.4921875,1.412088258895874,0.48818,1.4089148601531982,0.4878,0.00037999999999999146,2958.930591106415
same_updates,sgd,,,920,1.3099524974822998,0.515625,1.3843830746078492,0.49214,1.3843534957885741,0.4901,0.0020400000000000418,2962.087411403656
same_updates,sgd,,,921,1.1856924295425415,0.546875,1.3765742916870116,0.49472,1.3793139249801636,0.4924,0.0023199999999999887,2965.230003595352
same_updates,sgd,,,922,1.389169692993164,0.46875,1.3803404397201537,0.49966,1.3843636184692383,0.4958,0.0038599999999999746,2968.461791753769
same_updates,sgd,,,923,1.4248783588409424,0.4765625,1.3544287908172608,0.51376,1.3587587692260743,0.5119,0.0018599999999999728,2971.665837287903
same_updates,sgd,,,924,1.2854976654052734,0.4765625,1.3364327392578126,0.52648,1.3386933261871339,0.5231,0.0033799999999999386,2974.9014971256256
same_updates,sgd,,,925,1.2488616704940796,0.515625,1.3421397733306886,0.52274,1.3423714077949525,0.5191,0.0036399999999999766,2978.0879125595093
same_updates,sgd,,,926,1.3049403429031372,0.5390625,1.3831151082611084,0.50148,1.3786199346542358,0.5012,0.000280000000000058,2981.2413079738617
same_updates,sgd,,,927,1.401282787322998,0.515625,1.4216971436691284,0.48428,1.413774528503418,0.489,-0.004720000000000002,2984.4571664333344
same_updates,sgd,,,928,1.5102803707122803,0.4453125,1.391991591720581,0.49218,1.3848645935058594,0.4927,-0.0005200000000000204,2987.6110146045685
same_updates,sgd,,,929,1.4068725109100342,0.4453125,1.3595038957977295,0.5047,1.3548144905090331,0.4985,0.006200000000000039,2990.8410823345184
same_updates,sgd,,,930,1.4397637844085693,0.46875,1.387162682495117,0.4928,1.3827491344451903,0.4893,0.003500000000000003,2994.0235900878906
same_updates,sgd,,,931,1.3791048526763916,0.4765625,1.4656724964141845,0.47748,1.4604578140258788,0.4783,-0.0008199999999999874,2997.247428417206
same_updates,sgd,,,932,1.4677820205688477,0.53125,1.459562074356079,0.49058,1.454984614944458,0.4882,0.0023799999999999932,3000.4407744407654
same_updates,sgd,,,933,1.4338102340698242,0.5078125,1.425023655281067,0.4989,1.419969861984253,0.4971,0.0018000000000000238,3003.5641787052155
same_updates,sgd,,,934,1.3280997276306152,0.5078125,1.3826302529525756,0.50068,1.3771295333862306,0.4956,0.005080000000000029,3006.768681049347
same_updates,sgd,,,935,1.4768028259277344,0.421875,1.3503236800384522,0.5042,1.345068285369873,0.5053,-0.0010999999999999899,3009.9802434444427
same_updates,sgd,,,936,1.4725555181503296,0.4453125,1.3422587424087524,0.50986,1.3392333087921142,0.5102,-0.00034000000000000696,3013.2269196510315
same_updates,sgd,,,937,1.397641897201538,0.4921875,1.353653073158264,0.51182,1.3508401069641114,0.5138,-0.0019799999999999818,3016.3439378738403
same_updates,sgd,,,938,1.4262685775756836,0.46875,1.3738532442855835,0.51196,1.368578384780884,0.516,-0.0040400000000000436,3019.572156906128
same_updates,sgd,,,939,1.2373042106628418,0.5546875,1.4160587644577027,0.5,1.4082738084793092,0.5063,-0.006299999999999972,3022.7689578533173
same_updates,sgd,,,940,1.3707079887390137,0.453125,1.437033463973999,0.48804,1.4260032152175903,0.4912,-0.0031600000000000517,3025.9665932655334
same_updates,sgd,,,941,1.2480268478393555,0.5078125,1.4103810764312743,0.494,1.3986640193939208,0.4956,-0.0015999999999999903,3029.223396539688
same_updates,sgd,,,942,1.506406545639038,0.453125,1.3396761637115477,0.51756,1.3292431552886963,0.5142,0.0033600000000000296,3032.4141833782196
same_updates,sgd,,,943,1.2653887271881104,0.6171875,1.313655083656311,0.53038,1.30465039768219,0.5269,0.0034799999999999276,3035.645740509033
same_updates,sgd,,,944,1.3745613098144531,0.46875,1.3257456378173829,0.52602,1.319224783706665,0.524,0.0020200000000000218,3038.826411485672
same_updates,sgd,,,945,1.355454444885254,0.5390625,1.305900717124939,0.5339,1.3026396766662598,0.5266,0.007300000000000084,3042.008687734604
same_updates,sgd,,,946,1.34714674949646,0.5234375,1.3261981627655028,0.52642,1.324378589630127,0.5203,0.006120000000000014,3045.2516870498657
same_updates,sgd,,,947,1.3287744522094727,0.5078125,1.4092095542144776,0.50304,1.4067038291931153,0.5019,0.0011400000000000299,3048.489180803299
same_updates,sgd,,,948,1.198599934577942,0.578125,1.4988126709747314,0.47994,1.4942782419204712,0.4787,0.0012399999999999634,3051.6790311336517
same_updates,sgd,,,949,1.4091806411743164,0.4453125,1.4633266098022462,0.48902,1.4575573156356811,0.489,2.0000000000020002e-05,3054.9475083351135
same_updates,sgd,,,950,1.2554652690887451,0.546875,1.3700235946655273,0.50954,1.36417607421875,0.5136,-0.0040599999999999525,3058.1949219703674
same_updates,sgd,,,951,1.4274675846099854,0.4609375,1.343928056755066,0.51386,1.3383926239013673,0.5177,-0.0038400000000000656,3061.3629133701324
same_updates,sgd,,,952,1.3525667190551758,0.53125,1.3425371961212158,0.51568,1.338303099822998,0.5172,-0.0015199999999999658,3064.5234756469727
same_updates,sgd,,,953,1.394389033317566,0.546875,1.322513423538208,0.52382,1.318400590133667,0.5231,0.0007199999999999429,3067.731597661972
same_updates,sgd,,,954,1.3245844841003418,0.5390625,1.353798038635254,0.51626,1.3487755180358887,0.5184,-0.0021399999999999197,3070.9316687583923
same_updates,sgd,,,955,1.1505614519119263,0.546875,1.4272572375488282,0.49942,1.4231719503402709,0.5013,-0.0018799999999999928,3074.156415462494
same_updates,sgd,,,956,1.3510609865188599,0.5390625,1.4288855548858643,0.50018,1.4277868238449096,0.4999,0.00027999999999994696,3077.3509612083435
same_updates,sgd,,,957,1.2351977825164795,0.5703125,1.4188176232147216,0.50108,1.4211225147247315,0.4986,0.0024799999999999822,3080.5166339874268
same_updates,sgd,,,958,1.4191498756408691,0.453125,1.3755546084976196,0.5065,1.3787660890579223,0.5022,0.0042999999999999705,3083.6993782520294
same_updates,sgd,,,959,1.3663737773895264,0.5,1.3671553006362915,0.50622,1.3680543663024902,0.5026,0.0036199999999999566,3086.929426431656
same_updates,sgd,,,960,1.479032039642334,0.4609375,1.3561436641693114,0.51294,1.3545446252822877,0.5094,0.0035399999999999876,3090.1945538520813
same_updates,sgd,,,961,1.3580840826034546,0.484375,1.3415759699630738,0.52002,1.339747138595581,0.5174,0.0026200000000000667,3093.450951576233
same_updates,sgd,,,962,1.4297555685043335,0.4765625,1.3589263090133668,0.51492,1.3567419021606446,0.514,0.0009200000000000319,3096.6503114700317
same_updates,sgd,,,963,1.269126057624817,0.453125,1.3991859523391723,0.50282,1.3962472196578979,0.5046,-0.0017800000000000038,3099.905796289444
same_updates,sgd,,,964,1.3414430618286133,0.4765625,1.4179694758224488,0.49992,1.4131393489837647,0.4995,0.00041999999999997595,3103.200273513794
same_updates,sgd,,,965,1.2443875074386597,0.5625,1.4016195923614503,0.50374,1.3949539316177368,0.5056,-0.0018600000000000838,3106.484094142914
same_updates,sgd,,,966,1.3269522190093994,0.5625,1.3596298498535155,0.51776,1.353304387664795,0.5171,0.0006599999999999939,3109.695827484131
same_updates,sgd,,,967,1.2986040115356445,0.53125,1.3348392624282837,0.52526,1.330103322982788,0.5257,-0.00043999999999999595,3112.9031522274017
same_updates,sgd,,,968,1.2554607391357422,0.53125,1.3385048557281494,0.52354,1.3340357055664063,0.5244,-0.0008599999999999719,3116.1276557445526
same_updates,sgd,,,969,1.3941848278045654,0.515625,1.342869534111023,0.5211,1.3378096338272094,0.5259,-0.0048000000000000265,3119.3634748458862
same_updates,sgd,,,970,1.449305534362793,0.4296875,1.354357608718872,0.51538,1.349243879699707,0.525,-0.009620000000000073,3122.5885994434357
same_updates,sgd,,,971,1.3583520650863647,0.4921875,1.3746375206756591,0.51194,1.3705878513336183,0.5152,-0.0032600000000000406,3125.856389760971
same_updates,sgd,,,972,1.3331804275512695,0.515625,1.3951604308319092,0.50846,1.393044086074829,0.511,-0.0025399999999999867,3129.1123847961426
same_updates,sgd,,,973,1.3281751871109009,0.5234375,1.4021161785888672,0.50438,1.4000795669555663,0.5049,-0.0005199999999999649,3132.3764865398407
same_updates,sgd,,,974,1.3748801946640015,0.484375,1.4091501815032959,0.50154,1.4078865007400512,0.4982,0.0033400000000000096,3135.6591255664825
same_updates,sgd,,,975,1.1869145631790161,0.5546875,1.4211182870101928,0.49956,1.4198409633636475,0.4966,0.002960000000000018,3138.9467446804047
same_updates,sgd,,,976,1.389037847518921,0.5,1.3839875463104248,0.5068,1.381868063545227,0.5083,-0.0014999999999999458,3142.1503150463104
same_updates,sgd,,,977,1.500407338142395,0.46875,1.3372020204162598,0.51994,1.3345269201278687,0.5205,-0.0005600000000000049,3145.4012825489044
same_updates,sgd,,,978,1.2962068319320679,0.484375,1.3162889722442628,0.5247,1.312224063873291,0.5245,0.000200000000000089,3148.6566848754883
same_updates,sgd,,,979,1.3366575241088867,0.53125,1.3190955993652345,0.52546,1.3148809690475465,0.5238,0.0016599999999999948,3151.854898452759
same_updates,sgd,,,980,1.176593542098999,0.515625,1.319264031715393,0.52854,1.316638684463501,0.5236,0.0049400000000000555,3155.0781602859497
same_updates,sgd,,,981,1.1659151315689087,0.6171875,1.3278426609039307,0.52886,1.3276449254989624,0.5278,0.0010599999999999499,3158.34610247612
same_updates,sgd,,,982,1.3000164031982422,0.5,1.4236001796722413,0.50078,1.4254382141113282,0.4988,0.0019799999999999818,3161.539132118225
same_updates,sgd,,,983,1.4333291053771973,0.4453125,1.4730402048110962,0.48698,1.474746944618225,0.4887,-0.0017199999999999993,3164.780945777893
same_updates,sgd,,,984,1.3121633529663086,0.484375,1.4320274395751953,0.50016,1.4315096424102782,0.4999,0.000260000000000038,3168.002039670944
same_updates,sgd,,,985,1.3374617099761963,0.5078125,1.3526087856292726,0.52148,1.3488617179870606,0.5203,0.0011800000000000699,3171.226151704788
same_updates,sgd,,,986,1.3079779148101807,0.5234375,1.3437964715576172,0.52046,1.3368547063827514,0.5228,-0.0023400000000000087,3174.412598133087
same_updates,sgd,,,987,1.3607673645019531,0.5234375,1.3634476071166992,0.50954,1.3558022148132325,0.5151,-0.005560000000000009,3177.587614774704
same_updates,sgd,,,988,1.4151082038879395,0.4296875,1.3458501225280761,0.51292,1.338810475730896,0.5158,-0.0028799999999999937,3180.855288505554
same_updates,sgd,,,989,1.3760865926742554,0.5234375,1.316423257713318,0.52578,1.3127326522827147,0.5288,-0.0030200000000000227,3184.0566074848175
same_updates,sgd,,,990,1.3164560794830322,0.484375,1.3471728319931031,0.5223,1.3501566612243652,0.5177,0.0045999999999999375,3187.2706303596497
same_updates,sgd,,,991,1.2808563709259033,0.53125,1.4234635931015014,0.504,1.4307381636619567,0.4989,0.005099999999999993,3190.4727971553802
same_updates,sgd,,,992,1.2621041536331177,0.578125,1.4543639545440674,0.5009,1.460274199771881,0.4969,0.0040000000000000036,3193.7367973327637
same_updates,sgd,,,993,1.3456405401229858,0.484375,1.4415454627227784,0.49758,1.4424789360046386,0.4974,0.00018000000000001348,3196.9864358901978
same_updates,sgd,,,994,1.271390438079834,0.546875,1.3837257509613037,0.5041,1.382393942260742,0.5008,0.0032999999999999696,3200.2041888237
same_updates,sgd,,,995,1.4200676679611206,0.5,1.3359248471450806,0.51668,1.3330699588775634,0.513,0.0036800000000000166,3203.400863647461
same_updates,sgd,,,996,1.356705904006958,0.5078125,1.3474911512374879,0.51672,1.3431808887481689,0.5161,0.0006199999999999539,3206.6241705417633
same_updates,sgd,,,997,1.5643188953399658,0.4453125,1.3236995502471924,0.52824,1.32005285987854,0.5295,-0.0012599999999999278,3209.812907934189
same_updates,sgd,,,998,1.389703631401062,0.5390625,1.2797316806793213,0.54342,1.2789416107177733,0.5366,0.006820000000000048,3213.0638852119446
same_updates,sgd,,,999,1.1938374042510986,0.5859375,1.3536386949920653,0.51858,1.35634263381958,0.5127,0.005879999999999996,3216.2409818172455
same_updates,sgd,,,1000,1.4943323135375977,0.4453125,1.5094651192855835,0.4694,1.517149849319458,0.464,0.00539999999999996,3219.4642465114594
